split,piece_id,md5,piece_sha256,family_id,bars,track_count,relation_stratum
treated,treated:40d68db4ce42232c61f061fc5f21c4d05c6db63eaa405be0f4a61e2e10564e32,273665210fad3c83b4b53bddea816bce,98938743aef5827c6937877fb501657bddd12e830bf0e7023bd75f6e1430b2dc,40d68db4ce42232c61f061fc5f21c4d05c6db63eaa405be0f4a61e2e10564e32,37,6,structurally_nonexact
treated,treated:bfe135ca77404390fed2be59fc93cba7dd1daf0a90d2e2fb7620709dc94d653d,0ed076c57098d8caae18ce7aca772273,72a3e126a64e4e378fe0fa6512e6d6e197ac9f0cfe1fb319fddabbccf7b3e473,bfe135ca77404390fed2be59fc93cba7dd1daf0a90d2e2fb7620709dc94d653d,32,12,structurally_nonexact
treated,treated:e6fa9ed4b17a31b97fcea1bf6758ca27c7554e19734fb93663bfe5f1bc7d7f57,4c46b8a847007083b17620635e487e1c,4b027a30a948baf104fe785f27d7c3eaa89b0d1beeb08b131dd8c4efb001f079,e6fa9ed4b17a31b97fcea1bf6758ca27c7554e19734fb93663bfe5f1bc7d7f57,92,1,structurally_nonexact
treated,treated:aa3e65ac70be3353e68fc0a3ef226974c48a9c9f8f4f64ac859cdb364ab78af9,eb11949c144a5ff80ff32d6649cc748b,9e96a3d46cb257a8fbe9dd793eb2f49a372cb35f6d867d218b165c01f54d775f,aa3e65ac70be3353e68fc0a3ef226974c48a9c9f8f4f64ac859cdb364ab78af9,53,1,structurally_nonexact
treated,treated:597eec63cd1de591414ebd22e6cf2a3d528a58e7559f245fb2165080c438a85b,88b52e887e34c320e6d425941adf21ab,d609434ee5e40116f521bbe96fb21d6a02f5d69ec531849750f7dfb35856b795,597eec63cd1de591414ebd22e6cf2a3d528a58e7559f245fb2165080c438a85b,61,9,structurally_nonexact
treated,treated:1aaed6223b191e49a69a1ab142b1a6e068379c34aef17a65010eced0c67923cd,bea934891184c8d389bebf4e5b578d4b,761fa65157a2d484d017cce5310cbd50ef66c85d84b00eb39f44263f3467d82b,1aaed6223b191e49a69a1ab142b1a6e068379c34aef17a65010eced0c67923cd,147,1,structurally_nonexact
treated,treated:cc0ac25d040e3116acb5939ac7b25d1317aa36ee518d7e1637f7b8102edd61f3,491e843988f6f001557053027ed117c6,46952d7dbc3f61a1fa28cdc36e2eca285225799dd8e65881abce50de6c523dee,cc0ac25d040e3116acb5939ac7b25d1317aa36ee518d7e1637f7b8102edd61f3,96,20,structurally_nonexact
treated,treated:595e761e11ebf9bc2f6f8585604635f8d569d31a1f502d503aac73139d732861,2613cca5c83e82a53f8202351d0d2d19,a029dc0eae4eaaea9518caff8212cc9d9a188451ad1b1bf347f3aee0bb2fed28,595e761e11ebf9bc2f6f8585604635f8d569d31a1f502d503aac73139d732861,65,7,canonical_event_exact
treated,treated:e59df3020d1de921e652b54d32dc615449c9e77ef7fbbe6dfd685c143a6152f2,e27838c78c0e748edbb12e43df52d106,7937b8448acd83c813550041d0f9366ea57c1ad01e854a39d99b45a6e607d2aa,e59df3020d1de921e652b54d32dc615449c9e77ef7fbbe6dfd685c143a6152f2,90,9,structurally_nonexact
treated,treated:6bc06ef919b1c370f8528eba074b22163035dcc6b540d9e631f00b7ed0a026a4,c22db05321a473400907b2fbbfb015a9,3c08e5a3951368f2074ac63845d1a7b89871aeacff42302b96a652108bb889ee,6bc06ef919b1c370f8528eba074b22163035dcc6b540d9e631f00b7ed0a026a4,143,1,structurally_nonexact
treated,treated:5cb8dbbbdfe237fd23a76991fb4b16dc6b7870542b51a8b99e1fc2e1bd70b40e,9a7434f30cbc817e424f2785fbff5009,5ebb1f988ee7b2aea2c3335cb431b89321a7a65493184cc708d6c25c8d40dc84,5cb8dbbbdfe237fd23a76991fb4b16dc6b7870542b51a8b99e1fc2e1bd70b40e,46,14,structurally_nonexact
treated,treated:72df01fd51869fb7d61fcb1b08279357683665f4820f46cf1e8d39f0c51a10d2,56f0f4ba28d43dec2554716f5768a7d8,6419a90904ce1f4a24bb18e46a8b0114b3e9d26bff51eae97fd8c4da76ae219e,72df01fd51869fb7d61fcb1b08279357683665f4820f46cf1e8d39f0c51a10d2,39,8,structurally_nonexact
treated,treated:af80c96b67bac694871e2ee137e34474eae51f20da705dd91c1c7e4f81d8a239,0775ab92a8696370925528761743c8c8,35dd89684f5303303e37a0ae79513e8819a5c29812719a543c8da0623a0af3d6,af80c96b67bac694871e2ee137e34474eae51f20da705dd91c1c7e4f81d8a239,96,9,canonical_event_exact
treated,treated:d028afe54ee02ea9f16784ccfa6fc2aef5c4052aa9989bbff9f54b91fdeccf75,1263a863cd06ef80d54b5fb21061b803,17cdb062bc06f278928845fd93de050135af98fb286b45000fb4ce19a63d1b1d,d028afe54ee02ea9f16784ccfa6fc2aef5c4052aa9989bbff9f54b91fdeccf75,88,11,structurally_nonexact
treated,treated:50736ba4afca3efae5d447165294e05f40f2ecfd4c8d701e94a6f160688b7371,2d614eb9f23483e269207ff8918902a8,4202584d96c85f00ae03d86aa54426951c2c6a6ebae40ecb89af386b5d934886,50736ba4afca3efae5d447165294e05f40f2ecfd4c8d701e94a6f160688b7371,21,3,structurally_nonexact
treated,treated:64eed8ee7d9de87c21539bac85f4c220a8fa9712140e3f197c2eca5bf250b365,898b8fb8f6dc28754f3a8c8a08db6f9a,01b3e96844411305989389a7125334c8d68d4d7d033e3a5b5fe176cebbbc4194,64eed8ee7d9de87c21539bac85f4c220a8fa9712140e3f197c2eca5bf250b365,76,1,structurally_nonexact
treated,treated:858553f3e83296f334d9fbdddcef5a84d9be43bce884c883cf703073447b69c7,0dd1cf706e435a0eb73849d4fc9545dc,20af89e625139caa575deee62f12e8b63338bb9fdca776d10a64695be76d46b5,858553f3e83296f334d9fbdddcef5a84d9be43bce884c883cf703073447b69c7,45,1,structurally_nonexact
treated,treated:8ed9eeb073270d68232ce12bcb09db4b30d7a0a1f785abfde5b0f843f71493fd,b4d6faaf9045e33465362fa527edb093,7a5da06b1220f5ac76b8bd13d7157d9e5b0707aab2272d2f83925238099567cc,8ed9eeb073270d68232ce12bcb09db4b30d7a0a1f785abfde5b0f843f71493fd,63,13,structurally_nonexact
treated,treated:d77e7d504aa1f336a671cad2962d71beae861b5be90fead008ad9b5aa5d430d5,d771005d0c3546bb08872cc0e807e819,00172769a15e4626b358b85eb23dac2f519aab40ce750a26ecd4464d02441e94,d77e7d504aa1f336a671cad2962d71beae861b5be90fead008ad9b5aa5d430d5,83,9,structurally_nonexact
treated,treated:f3a1fc268cb37f3186221532477ff5732ba50ba0d475577bbe4da327c6169645,8802b14bf446e133c709f4834f0b2103,072a5212313049a996f5f6b1902d77b53e187b817c440cee4e20e83a975aecb0,f3a1fc268cb37f3186221532477ff5732ba50ba0d475577bbe4da327c6169645,17,5,structurally_nonexact
treated,treated:236aec5a6209466c2f70ed48d2b5a17fb66a34be40ed444a3218642013fdfcc0,679f2638775256da00b8568135cc44be,25783f90a696f00d276ab02a11845ed1d0f108178777528d760dd08bf3229ffd,236aec5a6209466c2f70ed48d2b5a17fb66a34be40ed444a3218642013fdfcc0,109,23,structurally_nonexact
treated,treated:01f842cb9712f8a080fede99079022752a4fd370fe30490be165ccbf5c3d02bf,40114f00606830e2c3f0da5e2767deec,3a0086735381609750e1eb3f531841d806851cc3bb22b273daa470d6a934c546,01f842cb9712f8a080fede99079022752a4fd370fe30490be165ccbf5c3d02bf,54,6,structurally_nonexact
treated,treated:9070dd7721a144a4c4337c3dc5e31df424489a0b76ebb254aa3380e42670c614,ded8d95e9c0073adbff668d2999c6e91,dc47fb60b2734a58fedefb14265015b21ffd2772d195f927459e4881c0e52068,9070dd7721a144a4c4337c3dc5e31df424489a0b76ebb254aa3380e42670c614,124,14,structurally_nonexact
treated,treated:7671e3ff2ac4524dc6a9b9912b6861564301e47e30ea4c312fe9b762eb576151,93baba33e96c5f6f702fa16d3db65f35,4887f5a69e2104e60f438c1361c3098050e86c30f96d2b0418f8036e046dfa2c,7671e3ff2ac4524dc6a9b9912b6861564301e47e30ea4c312fe9b762eb576151,150,12,canonical_event_exact
treated,treated:e48a5a16bc1fab01a2f4717e3fe1f1c935f08477a03ac4838e8353e959115443,67551a9c37c6fe61c3daa3b1c8b73d64,2f9ee15d05efdce3c0935f67a4d28703a8e9ab11dd546db47321ff10845211da,e48a5a16bc1fab01a2f4717e3fe1f1c935f08477a03ac4838e8353e959115443,158,23,structurally_nonexact
treated,treated:9337c3f1927a543a7ca7947d5613305c27142ddc2bb6800fe532eda55126e713,681efc0ee7e41714c359c7a123d98396,068b0006b567ff6c37ae92920ae3ca1d80e8b794714280c9f85327940ac01ba1,9337c3f1927a543a7ca7947d5613305c27142ddc2bb6800fe532eda55126e713,112,26,structurally_nonexact
treated,treated:fa428c094715701545c06901e4ac98cefef6c17eaa41a5539c9bfd112a74fa07,affbacddc795ea294eaebb9daf3d37db,5db84852ded6665c31ade4704636d356064c4f9d5265c61ee6b54fd11e4469f5,fa428c094715701545c06901e4ac98cefef6c17eaa41a5539c9bfd112a74fa07,310,26,structurally_nonexact
treated,treated:804b36b05ed2b38e6e1580fb7e03d86a18aa140686b36d02ec7ac9f4cbb999b1,3556a5eb0a8ef6171a907614d03a8a80,0830e0ea9c3f0638d9a5d18c80834872157822c7453290181c35f90e000557ad,804b36b05ed2b38e6e1580fb7e03d86a18aa140686b36d02ec7ac9f4cbb999b1,175,12,structurally_nonexact
treated,treated:5d1069dd174ee46ac665d340357ca53a0342bfbd4fea65135048de6ab3c285c2,76b8e1663a99fed195f5f110c3fa2363,8170434f30e915826858d806c4d4652f3c17a58496ade9e3b73e9e0e3e163c85,5d1069dd174ee46ac665d340357ca53a0342bfbd4fea65135048de6ab3c285c2,180,23,structurally_nonexact
treated,treated:6e2e607b52ee3a1fb075b8cbfafc52a43ea52d3c50a40092566f246425793305,8d773d62404c258fa69b5aba5cf719a2,201b7760b1024077257f712c589b28c5c10011ae2f2d75f1ab4b5b264f199af3,6e2e607b52ee3a1fb075b8cbfafc52a43ea52d3c50a40092566f246425793305,64,16,structurally_nonexact
treated,treated:30f0d98f967d959af63b073307500629635051e8760bf19f5ce7e3e942efd6e4,67b7b023580754ebeb42baa877f36277,26bd8823e7e24da39e07107805ec401230eca503d637ef555901c8fe92aa3712,30f0d98f967d959af63b073307500629635051e8760bf19f5ce7e3e942efd6e4,93,41,structurally_nonexact
treated,treated:bde9b3af1aaee5fdac30ddccb617383526c2399a4dbe53ba932124d65e8af549,06aa56a2a776e3ff49c32961898e9630,4ff7080e9a053cbaa0c6cdd71ccb35370951e8768f28e060ac298f48a6aab881,bde9b3af1aaee5fdac30ddccb617383526c2399a4dbe53ba932124d65e8af549,189,1,structurally_nonexact
treated,treated:f558368b4af30e27eab2fc171669043c2441ce898f17e9b89dfe425ede2e2a3e,9b2f1593ce0f7ff1da8d4e1fa8ad34d3,52602ab038d1da71c09b0b3845fd2d95ce395b6bf43ada0d0fb20b8749acd256,f558368b4af30e27eab2fc171669043c2441ce898f17e9b89dfe425ede2e2a3e,89,6,structurally_nonexact
treated,treated:e1c6dd3d2817b0404dea1d80cb10a59df9d09ea53326cbad4935d1d3c467f6bf,74ff74a2ecc66c4dbbab01d18bb005c5,74072372da4de09aba8f576fff4fababe36d636a29c72cf1d2de7a577f084348,e1c6dd3d2817b0404dea1d80cb10a59df9d09ea53326cbad4935d1d3c467f6bf,69,9,structurally_nonexact
treated,treated:8e31ab10ae50bfcf8f8785865fb3fa9d384894de7cc377abda1ee55c3bf651f4,ac27562c768031294cf36270dbdf6c8a,41c83a43957e178801db4d5db9e9274fc6e41d81393bc1cb50159effc86e4d87,8e31ab10ae50bfcf8f8785865fb3fa9d384894de7cc377abda1ee55c3bf651f4,33,5,structurally_nonexact
treated,treated:fa0b1eed9164c6320d5933030c9123d45f20f2a4ba717eb7d1d914deca3eea3b,23a1b64eb20ba3d5e33305360b7c869b,55b2fd54497fc288e597bdb933e36bd16d0ccee306aff9c512846ea15ea5ebb1,fa0b1eed9164c6320d5933030c9123d45f20f2a4ba717eb7d1d914deca3eea3b,75,10,structurally_nonexact
treated,treated:e92052b775183b8d482bcc470c40305e5c9be771a94ba15e17dceb8914bce953,77a1430bdf52a327e717167a1cadb235,5a882903d1f20e9458614f40245f5efd424c0e9d8a86db1b5442dbf300d15ef2,e92052b775183b8d482bcc470c40305e5c9be771a94ba15e17dceb8914bce953,70,15,structurally_nonexact
treated,treated:aea0c5e4cb592d173efa5a85ca3899cd201e954923867ab53d5309027097c9d2,92166753660fcd621b719ac0884f07b0,1f2efc0d5f93f1acff2e04b44fb242ddedd9b54fc7a7fae4eddb251b7f0ca30d,aea0c5e4cb592d173efa5a85ca3899cd201e954923867ab53d5309027097c9d2,121,12,structurally_nonexact
treated,treated:5e9a2ee057c6f01b08dda6a99586b00d8c6c892c26b22503aeaf7d683a5b2aed,a5bb10af05031a67d03c8336b5d415da,34e8c846526d7b2869e1dcff2419e3706f2c14c14b320b3e2d24dd23e71c878b,5e9a2ee057c6f01b08dda6a99586b00d8c6c892c26b22503aeaf7d683a5b2aed,124,1,structurally_nonexact
treated,treated:7b05d323b45f2bfc0777fb558c55b2fd7ae10100e145827ca2eba84fe471e992,7562e2118300c0626f85c2e4aee62e5b,3f0adc8cb37bdf082da63678e89092f34f3f0c096013b55a91a2cbfc7eceec97,7b05d323b45f2bfc0777fb558c55b2fd7ae10100e145827ca2eba84fe471e992,46,12,structurally_nonexact
treated,treated:e02cb7e8dd51cae906a51eae9b7d809564d7f748eecf79d971f4a25cfcad6e4d,6f5454c9609649a43879e3f70a14c8b6,8dc7bf2b1fbe4e79118b8ed9c60913f20bd90ae16c960fb6471282b952c6fa56,e02cb7e8dd51cae906a51eae9b7d809564d7f748eecf79d971f4a25cfcad6e4d,83,7,structurally_nonexact
treated,treated:fbdb731b38873b995ca18dfd3000a2d9977df47b37237a4f860467ea878240b7,7e4982a94d9fd1ef91004050de2e9748,2e653d65dd9f591d1e35cf1973feff73659b76cb6d444345008fc9715135751c,fbdb731b38873b995ca18dfd3000a2d9977df47b37237a4f860467ea878240b7,103,1,structurally_nonexact
treated,treated:2cc925953d71a6d8f395e1414db08d38d37e5c82f4e12f80b1e9ca2261c13180,42e80df40a97133527bdee5d5225a200,461fee6f1c157395ed88ec3153d58a391e1f4273f13db885c36488af0ff8998a,2cc925953d71a6d8f395e1414db08d38d37e5c82f4e12f80b1e9ca2261c13180,87,9,structurally_nonexact
treated,treated:9f54d8ee6fcb78ea4ffe23d98a8f26228f50127ed0fd0af91b7f3c67884251fb,607e60e48cf920f198c66096fb4afa91,5e615e637b44cbea4b27d40bc3df00c7afe16b7d119574c2926eee18230a4afe,9f54d8ee6fcb78ea4ffe23d98a8f26228f50127ed0fd0af91b7f3c67884251fb,70,1,structurally_nonexact
treated,treated:fd4f07d115ce303885fc9e5670f3f499efac51ea48f062c4cf69300a44c89aad,6a907abcfb243de54f0e6f8d02e98b31,07124de7d2aa39148c0831ab6a7a96aaa28bacf15a328bb35936a2cdf48e2d62,fd4f07d115ce303885fc9e5670f3f499efac51ea48f062c4cf69300a44c89aad,19,1,structurally_nonexact
treated,treated:1357ea9a1040a4b4085ee17c87e3908e240b8242447b5014b3f1ee75f3998bd0,c7a44e9fdab7755524df322e2ef91dcb,3b371e5d78520fcadf5a6b47a6a80153c0f2d85148e08a6715885ab2ef930110,1357ea9a1040a4b4085ee17c87e3908e240b8242447b5014b3f1ee75f3998bd0,129,2,structurally_nonexact
treated,treated:2384b6ccdf19829600903c6125fa0ceb71d16bc9b61e2d0231f8361c9da8ea89,dca145bffdb2d6718776db7f43542325,b1edc8d44cc5cb37bfdb081177c98a0642ccd2913dfed51a2180fb6e4ab77188,2384b6ccdf19829600903c6125fa0ceb71d16bc9b61e2d0231f8361c9da8ea89,83,10,structurally_nonexact
treated,treated:bd1247b45419400f97eece56f684ff0f5bd10e45d606787a00cad79151cb1e58,2fdc7437ac8f0bb1978a324632bc4aa3,593488bbff3da55bd133c12e51463008523a117150d0eef1dbbcd9a0b2960b2b,bd1247b45419400f97eece56f684ff0f5bd10e45d606787a00cad79151cb1e58,93,17,structurally_nonexact
treated,treated:98cbf55df4be33e39fc7da772ee6dcf19cd4e98fe2f656a20f25125a98361987,b16089783149cd5ee7e1acc8b4b54c42,b8ae9e1c6e4c385738c0b2b00c01b08791947cd726319e2b80a2b02f7b3d9113,98cbf55df4be33e39fc7da772ee6dcf19cd4e98fe2f656a20f25125a98361987,196,1,structurally_nonexact
treated,treated:c29be418a6a3ee010bab403bd1aa35e8ccce534ff537e21bc8af7ea9801332f3,5d46426d3c5d632a958e40aa5fc06184,712379fa10abf76f4caf7c8112d8090e2b670ab680abccb7c24da5bb5e1c53a0,c29be418a6a3ee010bab403bd1aa35e8ccce534ff537e21bc8af7ea9801332f3,55,17,structurally_nonexact
treated,treated:3c26dcede2a40445966314dc2084b16e942fc1f68951b73734d399f04b565027,4ec389205dfa73817c24c70a1a603e93,0576dd2c581991b13a9e9e2e41091f01e68ade4cda68c5521394d1e498fe5aa8,3c26dcede2a40445966314dc2084b16e942fc1f68951b73734d399f04b565027,52,1,structurally_nonexact
treated,treated:7ea995b095017e43fabe199f14959c43b173a50515ede32c6b958f6bb78e0616,521fa520498ef8bccbb4086b856f233e,2e2fffc5345fc6243ab4646ae9c14a0acc0516f8966418ae6c0a5e73e75e8102,7ea995b095017e43fabe199f14959c43b173a50515ede32c6b958f6bb78e0616,81,1,structurally_nonexact
treated,treated:aa2d890d7cf196c8f4431e74be13d4a4ed14283d0bdd65a4340a963bc1156f5b,92f258cf435d0b5d6cfaa530f57dd8f9,b9920f54423da376cbcb295b7b64b30a8b751056e53b27f5dccea7a733e8adc6,aa2d890d7cf196c8f4431e74be13d4a4ed14283d0bdd65a4340a963bc1156f5b,246,1,structurally_nonexact
treated,treated:95530f7bad51c881fbaccddd0fd02f311879522f75b829d0e59ad6639f6ffee3,4590d9ca71a8475d29761b541c3bf8d9,97b967bae9d0699d2549ddffc269c002a10e8d20696e8cefa0a2bda7531fefff,95530f7bad51c881fbaccddd0fd02f311879522f75b829d0e59ad6639f6ffee3,91,10,structurally_nonexact
treated,treated:a89ff9071ea08ec791408479837cdbc4aa7f701dceb9134003552b11aa5197f0,2a73f1674165a092b19aa518d2467338,22615243d421f42e11dfdbd977c34610e1658b48c4001fc2095983b75a52c9ed,a89ff9071ea08ec791408479837cdbc4aa7f701dceb9134003552b11aa5197f0,105,1,structurally_nonexact
treated,treated:017a270f101f2928a2877fc9d93c351f0470ad14d1916ad6b86aa84d4b39ddc9,340316c5dfe87b620eb66545bbbc0f8b,6a21fafdcb13db6e9202c81a30bf44cc3b28564656ad20de94eca342fa1dfdfc,017a270f101f2928a2877fc9d93c351f0470ad14d1916ad6b86aa84d4b39ddc9,89,7,structurally_nonexact
treated,treated:26349d65cef404e37a324dece36750c6898c4b06f359a399922a5824b31880b7,e2894306238f9e6934596a232cd45290,1f77d1d4cd5ba36527a86eb13bdbe79959f966cac8fd2caf280df2ea2e205f7f,26349d65cef404e37a324dece36750c6898c4b06f359a399922a5824b31880b7,99,18,structurally_nonexact
treated,treated:2b3ccdcf4f13c152c6c2dbbe841c1f72186bd9b61a25e415ea9a4aeed390cecb,d06a3874e74fc91c8aaec429cca0b753,999a335bafec3433e79e67adc97c89543b000b3e58287f0a03d7cb6d18dbe63e,2b3ccdcf4f13c152c6c2dbbe841c1f72186bd9b61a25e415ea9a4aeed390cecb,219,19,structurally_nonexact
treated,treated:f3b1c8080892e933b587adf15b8fc2e0c8d70ec791c93c71ad549b783f2025a2,7386d91917998a1910394d9e23a76b12,13eb5e763764dbae6f6424eaee448eca60be3803c959ce394e092cc6c5d5bcef,f3b1c8080892e933b587adf15b8fc2e0c8d70ec791c93c71ad549b783f2025a2,124,1,structurally_nonexact
treated,treated:d386aff23a904a462e70e06b6c62637e3b63cf4435da4729331ea5a0ef416813,25bf0f1ee10db1d5c70bd41cbfcb5d9a,4cff3b00966964c8b1e7936afaba05cc1b212ce1efcbb9290bd994fc93c2e173,d386aff23a904a462e70e06b6c62637e3b63cf4435da4729331ea5a0ef416813,387,8,structurally_nonexact
treated,treated:010dcbe8bf554c1ec3d2fce0de60e1f061c671b254513f4a68215baa5beb7174,7435270d9d3fe6ec927c88ed9da44765,4b16172301de04c47e513ed46c043f6f8d08df6dcd119cd76e69165c6cfc4439,010dcbe8bf554c1ec3d2fce0de60e1f061c671b254513f4a68215baa5beb7174,57,16,structurally_nonexact
treated,treated:52821d5fb017c6069aa7f1940ae4c4249beea7c7a1be4605dbfb868be0064a04,d266798f4c494d0ec9c6bb70196ab9fe,10fa08603ffd5f857a76ff65c0f800392584daf44b8779c77a45d75ae682d9c6,52821d5fb017c6069aa7f1940ae4c4249beea7c7a1be4605dbfb868be0064a04,67,26,structurally_nonexact
treated,treated:938df85bb838103a942cdf8c1b62a9933593ba1507febb836905d3022740ddec,6a067af03b9a79a2aef57d27ba101d62,40b4120b891de292cb0db85c38849f961314428a1b629a5aa5f82bef2880cf81,938df85bb838103a942cdf8c1b62a9933593ba1507febb836905d3022740ddec,26,6,structurally_nonexact
treated,treated:5f0da363de5869f37a6555b0cda428b6af2c24eed6b5b5251a10f7fc27a098c1,a3dfc229f243095db6826e45b6265ff8,2e54bb3dc9d0c44be684fca93d4311aa06c0d37efc841afc9daa79cf675f9958,5f0da363de5869f37a6555b0cda428b6af2c24eed6b5b5251a10f7fc27a098c1,59,19,structurally_nonexact
treated,treated:43715b51a8c3693f2e33b9020f55805ae005f6a902af70264726141e42ef7ac9,fbed4ad29028af558aa16c9bced3ee6d,734c13ea6e637463d6f948903cb6c6120b29cda014a1ec5d7d3153a7c42f0118,43715b51a8c3693f2e33b9020f55805ae005f6a902af70264726141e42ef7ac9,70,20,structurally_nonexact
treated,treated:bd22dc8cb233e5101371756516c555b093fa03d1fc0d40d92135a946ed86eb79,3f9009b70f10bf4eee35367b66f1468a,066579a97b6fb8d2bfb568b69c164da75f7445d43fa9124f3bd5d612ad59e64e,bd22dc8cb233e5101371756516c555b093fa03d1fc0d40d92135a946ed86eb79,102,1,structurally_nonexact
treated,treated:64bcafc35e94764ef1e6d9ec645629af3086b1fff29eceb9f29adaac87829765,45c1d72cc80a311d2d966064eebf3d95,5de496f1e247939154c4578ab94d59e7149c16cad805dce2452205eb50045b07,64bcafc35e94764ef1e6d9ec645629af3086b1fff29eceb9f29adaac87829765,106,1,structurally_nonexact
treated,treated:b13ecb2003fb39cfd2874bcfa33d8f5f90c1453153e2a35d24f6c484ad4b10ac,385239fd7a03062819d05a48650cbf89,528d0674a83143cf4ca531eb88892b94dfadd2e063fa15fc17bbcb646b98d52d,b13ecb2003fb39cfd2874bcfa33d8f5f90c1453153e2a35d24f6c484ad4b10ac,28,1,structurally_nonexact
treated,treated:51b83d0e9d94f7af490cbf775e424dd7dc59287bd981adb1d7c02f52d86e9895,ee032c0c37581d43e026cba219e2af75,7c1bbaee137a595aba63a5c8303af1f7e993bef44b55c6e0eb5fe11fef901c88,51b83d0e9d94f7af490cbf775e424dd7dc59287bd981adb1d7c02f52d86e9895,87,17,structurally_nonexact
treated,treated:018dbb20a14f36b41f9eb7a0f98a9bfb65989df649822696cf13391d590838ba,083d35e56977bee94a4a9a54bf40245e,4d2992bfb0d324a9c02bf7d38410d0ae30933e974d8e2912e8e56691da48f414,018dbb20a14f36b41f9eb7a0f98a9bfb65989df649822696cf13391d590838ba,127,1,canonical_event_exact
treated,treated:8df56d4695b87de5b4768e4e89c7f0efa12c65a61a382563dc5906a56766a0a3,4dc8d5c4a28c316c11bda8955069b2bb,0f6c92a84ac1f03c7d0b5dc381df0928560c808eea6605f0d2f9b6762118de21,8df56d4695b87de5b4768e4e89c7f0efa12c65a61a382563dc5906a56766a0a3,79,9,structurally_nonexact
treated,treated:8485e8e11adbf0b553058691f4bb140170c0360abbf5effba49b270de9089867,826d5801ea405c7c98e3184b606095ec,0ef1c8a1588a0bc01b65fa1ceb737e5be104628ef071381997fb2684cc565aa1,8485e8e11adbf0b553058691f4bb140170c0360abbf5effba49b270de9089867,117,29,structurally_nonexact
treated,treated:f940e58eaaacf99e1b2d0ebfdb8ddb3c7b2ee4d2905d5876327d931f5275ea83,e776a2010e3dca154cae93983bae562f,1c54bf4a8f7473e782a317d0fdb9bebdb94e3973beb8db99c26a41dea2387ead,f940e58eaaacf99e1b2d0ebfdb8ddb3c7b2ee4d2905d5876327d931f5275ea83,100,15,structurally_nonexact
treated,treated:5bce6379ba3d353c05125221faefebdf5414bb228dae09e1357a1325b9e80b68,6b4cb2e7158c4dc7236b46390eaff739,51edeb2ce8e44c3bfb94e4124e5d82f806d7ee48477a482d633c7209864290c8,5bce6379ba3d353c05125221faefebdf5414bb228dae09e1357a1325b9e80b68,92,17,structurally_nonexact
treated,treated:281ee65123a7b870af7f30e827a6ad8f08184cf5803c58adfdeda12b5951d8fd,1c0d759c0fc7c45cb9eec4417b3c0147,588cc53fb66f48f706964f065a750c83db048e2a2134179d2c94af8ee3372070,281ee65123a7b870af7f30e827a6ad8f08184cf5803c58adfdeda12b5951d8fd,81,11,structurally_nonexact
treated,treated:1eea4d28d3edae2fea5c5b84b779d7db438d64222632144892b3d6dd7c4a8d3b,8d55923997c49f30a1e34a78f6b9c50c,1419a2adb694ef082853e384fca89e50fd42d9293e25482202233ea55b460c77,1eea4d28d3edae2fea5c5b84b779d7db438d64222632144892b3d6dd7c4a8d3b,78,1,structurally_nonexact
treated,treated:659040279d72c7544b21d3cc34ec216b948da79d2fab4dafb36b1974ccbcc8ea,44436eb3bd802686017e293ad06469e4,0785b9b5426a837e6b3de13bb9ca5918628d7777e7d9d955da852c9314de65d2,659040279d72c7544b21d3cc34ec216b948da79d2fab4dafb36b1974ccbcc8ea,143,6,structurally_nonexact
treated,treated:627f34af01bb391ee32e2ab95f017982527a2f808a4153138bb65bd87e174474,2fedd382209e2597bb35b2e71da085b3,1f39b7d040202cd66d7852f682558a82c93d2b51368f701a0eb5336c90bb5152,627f34af01bb391ee32e2ab95f017982527a2f808a4153138bb65bd87e174474,164,1,structurally_nonexact
treated,treated:053f896e4f57d5dd99d8df3fd955474d03fee7a45f88831b85adbcb2274981ba,ca5a059e5dc85690a2f2a4d2a6fe88c2,0639bfed0c90305d1ee9da428a197a6c03562ecfa9c816bbf60c4b2229c75d64,053f896e4f57d5dd99d8df3fd955474d03fee7a45f88831b85adbcb2274981ba,79,8,structurally_nonexact
treated,treated:85b761fb601f92dad6ab35d5245eef78e856e6800d1568315d3668ee9e798e30,b5b8d29c055df56cd67e1289bd91c988,171e090845d93c63eda761e5e67bfc7131fd0ea09a8636c6de66e35876aefcb0,85b761fb601f92dad6ab35d5245eef78e856e6800d1568315d3668ee9e798e30,48,18,structurally_nonexact
treated,treated:f43dcc273ee9fb623e6b0aa65ec1e5c6f4ae25ae74fd6c4f84762c9327344361,b99a6ccc16a4639315dafdd02e4b9a21,33544f8763a229b8be4b7931e255204dae69215b89af784b5e9903ecce40caef,f43dcc273ee9fb623e6b0aa65ec1e5c6f4ae25ae74fd6c4f84762c9327344361,114,1,structurally_nonexact
treated,treated:cd76f4c6e1108833050a430b168b39feab96ed6b0b7bf428841886d0de5faf07,fbf567d39dc7c46b4988af4b4fbd42d2,8e072b94a591f9874597acb87b4cbfb72ebb546c9a6e077a898df57c4554fec5,cd76f4c6e1108833050a430b168b39feab96ed6b0b7bf428841886d0de5faf07,126,10,structurally_nonexact
treated,treated:a3faf18f69e2706c301e714931c082326c748fcad77c02337cc7332bea3a0773,b893a1be973110abab3294de333e5b54,54aa917ccc9fe1d09e61b0a5ac9a160c4f40259edf19e05441d697baa0a1f05f,a3faf18f69e2706c301e714931c082326c748fcad77c02337cc7332bea3a0773,83,11,structurally_nonexact
treated,treated:5c531e23907116f426aa1b9630d2d61730804db14862530e7fe53cf62b485ced,03c998f65d8dcfa48d4cc6865ba341ff,5cb07fe21d13bb415e654d8a4cbe8de52c09e755522c01208ea27e899efce71f,5c531e23907116f426aa1b9630d2d61730804db14862530e7fe53cf62b485ced,130,18,structurally_nonexact
treated,treated:0b0fefe867f87183e0b6b7851670a27baf9bd37628991ac9a5430bf8eae3c5f0,76dedd65e193756510abf80e685a04ae,3a9f81fbd136771386626459a94a6d25093c922d4f653e579cfe6e5b890be48e,0b0fefe867f87183e0b6b7851670a27baf9bd37628991ac9a5430bf8eae3c5f0,89,9,structurally_nonexact
treated,treated:c4e2252dd852b32185e026b29974703cea5f770051326c0280f583c8372ae6fd,24aa2e278cc2396d1c28f10b2bdf044b,547c8e709320b8d68e484993924231e92783bdb3eb218ef8a10adb5ca6410695,c4e2252dd852b32185e026b29974703cea5f770051326c0280f583c8372ae6fd,89,14,structurally_nonexact
treated,treated:08f79a9a3ae49e339bbbf2a54ca2c6d31134178d980a877c0b7e49d7014b7e1f,67f52b90e05fb5a67df93d6ace39f9a5,66c05f48ff3f4c36ec1cbbee3fe2a3ecc6374b3d18f0b7a41716e26abcb613d6,08f79a9a3ae49e339bbbf2a54ca2c6d31134178d980a877c0b7e49d7014b7e1f,113,12,structurally_nonexact
treated,treated:fc093a64e5d15d2f0425e5f041540ad5e3dc073743cfe0531ad1cd540ec0af56,b1febfab899aaaa4dd189ef9893022ca,1e8e3c1ca72763514a51a2d2d17148f6b3f5b545d1e87dcd3039f38fa4b165e6,fc093a64e5d15d2f0425e5f041540ad5e3dc073743cfe0531ad1cd540ec0af56,104,17,structurally_nonexact
treated,treated:add18cdd2a99aecae07d754de3dc309c07c163012eb6eb0ef18d241b2e5151dd,0fd49ec7e86919a8af70615ff121762f,9f4dd3d1326d7674c55f97bf1fe841ab31daacf86779954b1819339f40b6a2dd,add18cdd2a99aecae07d754de3dc309c07c163012eb6eb0ef18d241b2e5151dd,90,24,structurally_nonexact
treated,treated:133e16a6b96c2a2a33c7f4da435106ecfb69241e905f0e0add36d6e5e1eee929,17c08558a43c530686bbe5f7a294cab7,8d64e2cfc85ae5904b1c3b17b36db0683682aa867b05580665561a840300f667,133e16a6b96c2a2a33c7f4da435106ecfb69241e905f0e0add36d6e5e1eee929,73,15,structurally_nonexact
treated,treated:5f903043994124850e07aa8fba14ee03b5f461ea5bb51462e194e48844094707,7bb73a535791eaaa56179117d2053726,12a2b3cdeb7a73253cd2a38678b80d71ed984b95fbb4a202ca5008d99dcbfcea,5f903043994124850e07aa8fba14ee03b5f461ea5bb51462e194e48844094707,120,1,structurally_nonexact
treated,treated:b9ce66b31af8e5df4fccc977b45bc30deb031b95c778051de14ca353fba03460,724bc4384760195034993d58a8c07f86,32684874a8ba21083c499b33ef9396315e8501d9ce070202ec2139fdc7c1da26,b9ce66b31af8e5df4fccc977b45bc30deb031b95c778051de14ca353fba03460,68,1,structurally_nonexact
treated,treated:d110c0567d2d5f042780d837d87c2b2496e168a83d68003fbd63114091a2b0eb,cf793a18df12e15bb460758f538b320b,29613a2553a11adfc8401a13baf91520250b4e02a46a916079d037a081465450,d110c0567d2d5f042780d837d87c2b2496e168a83d68003fbd63114091a2b0eb,41,5,structurally_nonexact
treated,treated:bbd87f7aee983eb45105329f7b917aa2fa854395267ae37776895040bcfa8508,558bcf3ac776b10cf956aa671d460e80,17cd4e0dae45b4dfceb56b360b5add7f358a5e8c5bed1a702d232058ae22eab4,bbd87f7aee983eb45105329f7b917aa2fa854395267ae37776895040bcfa8508,111,18,structurally_nonexact
treated,treated:70b9deb83477b5bafac0d53b098fe29aebcc8d20c88f4cd85f3c3ca367e13a01,bbbefcbd18035a5f0f5ee432abb32d86,418482f70934e60a6e679273ab3a66c44278aae397546b3d3bacf4065438d253,70b9deb83477b5bafac0d53b098fe29aebcc8d20c88f4cd85f3c3ca367e13a01,23,1,canonical_event_exact
treated,treated:71c8256e52c2e8090c1e3568855d10da9505077081081b56ff8b67db7e257a25,39d158e9aa43f9126d81e332b67bf178,68b8c176b480c923f2414c82e325429f824b742c230494576c3525b01e2f110f,71c8256e52c2e8090c1e3568855d10da9505077081081b56ff8b67db7e257a25,34,3,structurally_nonexact
treated,treated:e46cdb9a00cd7b2451e98b95b8922fc531b5c8c9a6f705edf8f3f1c2ac49f719,60be2e585af4fe9b112c6a0f5c1fea60,3636b92f6d140e2d0ecaba35831faabc402f1301587bca0ebc054f813c2a1cba,e46cdb9a00cd7b2451e98b95b8922fc531b5c8c9a6f705edf8f3f1c2ac49f719,54,15,structurally_nonexact
treated,treated:acc41dd73b814af125c3fa1b20e07e54d5a44eb22f86b446a4e5f7a4f0f9b258,2f580ce5eeddf0e0ca6c6850317a3950,34414c05b73b201dc025a8032eebe9afe7b9029ac532b5329c49e2ea5f053588,acc41dd73b814af125c3fa1b20e07e54d5a44eb22f86b446a4e5f7a4f0f9b258,200,1,structurally_nonexact
treated,treated:79b50ccafa61fabf33f4c170a80126c6b9bafd7f33f8190cb7b92f416174f658,793cdfad5937537fd0a666d70b4bdc11,b99d07766d0406f06f9bf4e517f7a4c9da774a148f5a5977ba315171a4e2ddb1,79b50ccafa61fabf33f4c170a80126c6b9bafd7f33f8190cb7b92f416174f658,73,13,structurally_nonexact
treated,treated:a4da5924405630c6c705b757ea31dd327381a1d01f201a8fff2fce84816b55bb,fc752aeda99e89dffb14ecd7a5f5427b,3261f7b8e9c095004ad320362f322ed1549d288dc2e68f985c88e83cf1ed62ca,a4da5924405630c6c705b757ea31dd327381a1d01f201a8fff2fce84816b55bb,103,19,structurally_nonexact
control,control:5309f73009a504c68fd28821fab5369b83c8c91dedb51c8cc32305debd8aaf38,e0f2a3f83048fd2358c7275f45b49433,1baa8dafdca2ef819ddb47283360f4b21c58bc7a43f75e9dedbff836932204ef,5309f73009a504c68fd28821fab5369b83c8c91dedb51c8cc32305debd8aaf38,157,1,
control,control:0c1ddd0c4a08a2406027f238d60eebfbce60333632615cd65aea0db35fa46dfe,0c5e3ccdd8c9185ffd46adcbfc748f23,0c21e14c81c567dcdb329001704d71efe4180ff026f620a5179b0119656bbc70,0c1ddd0c4a08a2406027f238d60eebfbce60333632615cd65aea0db35fa46dfe,122,20,
control,control:2bf401014171fb8f1af6591ae0e983b2bc5cbb3a511b828d273fd2e01883369d,73441b5a11b1d8991373e229c379a08e,fcc158d45b9386880eefac6716ec5b0c97d5bba800c8ee6bc61a590f50fbd890,2bf401014171fb8f1af6591ae0e983b2bc5cbb3a511b828d273fd2e01883369d,99,13,
control,control:1add6fb1c622a5daf8a616bf1468473ea0b3d3349ad16d62c6d818ad7d30f037,c68c07d1b496d1b89576f38b982baeac,c4cb40291b51f86ed6c7396b527d37fec2f8bdc52a548ca96d6945c4a25362f6,1add6fb1c622a5daf8a616bf1468473ea0b3d3349ad16d62c6d818ad7d30f037,120,23,
control,control:60a86f92aefba3b8838c599e9d2948589df05b77a64e5b108a598b24e89db0ec,3660257ace2d3f460aaed8e08880613e,7f6e314b33b81619a7c08d976ef423d1c645be99385c773484f1002ecf2f3279,60a86f92aefba3b8838c599e9d2948589df05b77a64e5b108a598b24e89db0ec,54,11,
control,control:bfa55728c323b1502a12d546f21fbd2c584e36bab44966e258cc3676b415e0a4,fc4f73cef28f3f0b4980cf564e6b5592,290fc2e87873ae59e93a2fcaa7afcd53ea38da50bcfe41cca4713f440b2bd070,bfa55728c323b1502a12d546f21fbd2c584e36bab44966e258cc3676b415e0a4,144,1,
control,control:27399250c1d5a201d550292b459046f28f6a9e409bf000bd73b7142f195c05d7,8f71b1df3dd0a7321133a4814acda2e0,92f3b1cbcaa3e70604172fad752c87f0570da444af241d4c864e8c6999f4934e,27399250c1d5a201d550292b459046f28f6a9e409bf000bd73b7142f195c05d7,178,5,
control,control:0559c02f562ff17fcd1654796d03ed3b78d89d2a8d0a86970d8320e03bf05e56,07c98d8ad598395817b18bf6b26719d3,58cc9b57690bad0d64cb2a625fcd628e93a8884a8cf4b9b70a9e23bc3e7358a7,0559c02f562ff17fcd1654796d03ed3b78d89d2a8d0a86970d8320e03bf05e56,51,2,
control,control:6f2c1466c5868ad09b405b2b60c61756b5199d5daf4e6c1d32ce366c2f80a289,ce1c8bbfa0219cd2a58f25a86b0e6ec9,461455235d5b07789d781268231111bd94d188d913552b0f218cf5c1e8cfff6c,6f2c1466c5868ad09b405b2b60c61756b5199d5daf4e6c1d32ce366c2f80a289,238,2,
control,control:d39810fe6cccaf38f2f0a07d9427f27eb11019da987cf16febba9c74feb98e02,bc81f0ff2c2f4522c51c91dae43cd51d,3f2b3aabda86934f55b8b5c54825f1f29111021cc2fae4b3982fe4abe9c8b832,d39810fe6cccaf38f2f0a07d9427f27eb11019da987cf16febba9c74feb98e02,66,33,
control,control:ad399dd993f60a35440ff2705f3e811841741577e6a5b123cc82241267dbe2b1,b32d58dcea744f6b513e98aa4d125d3a,00dd173d0a3b8f84a75d5a34a9dae7ff75014f17c28662e4a790a5a9760245a1,ad399dd993f60a35440ff2705f3e811841741577e6a5b123cc82241267dbe2b1,75,11,
control,control:c1e20242bad09cd8b0c742447b4513f6a19f26ab3633f067259404ce1ec2ce70,0c3c971eec8b714b3f56c392b3759b56,7013adf2b860a237e36a410f6c47e097700d8417003eed199d5e623f30cd9e55,c1e20242bad09cd8b0c742447b4513f6a19f26ab3633f067259404ce1ec2ce70,218,2,
control,control:a7a64bc48c8efd9bd2f14885507d1603b23bfe32027217ed0552cbbd0f219b7d,3056fbf036b94f3495a35af6739e8a96,64985bc70ba3c1a4f94e7ddd2e3f48ea7789e0e6bc134d6e74291559232d16c3,a7a64bc48c8efd9bd2f14885507d1603b23bfe32027217ed0552cbbd0f219b7d,26,1,
control,control:f89507fe51e3a1d1597926a6bc5719d1ae7576a2f4a8703240f4acd0b6e6b3fe,d332a6628524d2ea0043af5c3ea2043b,6b487354f978b6fabe8b9853a7f7b2d912f63b2a3dad86cf26a03ebc0e4339dc,f89507fe51e3a1d1597926a6bc5719d1ae7576a2f4a8703240f4acd0b6e6b3fe,96,1,
control,control:182f5b1035e374834883e9bd67a90f92ff6a86a2d8ebf80d6ab38f06351bb3b0,72eaed8434630050229c53c7c41cd95d,51c96e444badd18091d91333cb6364aafffa75468f3c445939acda2ae484679c,182f5b1035e374834883e9bd67a90f92ff6a86a2d8ebf80d6ab38f06351bb3b0,92,17,
control,control:0c41e81cbbfc05013e0d5ae786ef25caab4a68cbecede3116a2bd5e20f07b624,00f1425075e58bc4cf4b41c6ddf64182,3bc100be8c12c4bd36d14c86b97b9549502b68d1107fed5570650e99e26c9e30,0c41e81cbbfc05013e0d5ae786ef25caab4a68cbecede3116a2bd5e20f07b624,118,16,
control,control:95f50160d36e25eb0acf0c5cf1fccd9f747c25d54bf896afb614ce305ced8374,3e13b3ee2706be8338d23569fe3224b4,0794f3a39fe850263e905f8d1e110ea1c155e543f9bab3ac5d6bec911408ac64,95f50160d36e25eb0acf0c5cf1fccd9f747c25d54bf896afb614ce305ced8374,121,1,
control,control:af7bf71e2655d47a0eaf2d1b883a96db0bdebf7a36de68a5c6f0ca8e63568b31,a54a8e71c75dc32a6261f7db94a60f63,0c09c0c9fc9708179eb0147cf27002022474e1ef893993eee1ce984097d6aec9,af7bf71e2655d47a0eaf2d1b883a96db0bdebf7a36de68a5c6f0ca8e63568b31,121,11,
control,control:a33a3a674ebcf2dade1144ecf26cc0e28783c7dd964a709ae084ad609e42a6d0,57331616a5c64dbfa6cfd8dafd4388a7,4b480f37628af3d743d75caba6c730065124895676878bedcc02fb6f4eefb2da,a33a3a674ebcf2dade1144ecf26cc0e28783c7dd964a709ae084ad609e42a6d0,102,26,
control,control:0c05294f668280d6e84cc60667de9fc121b515e42242432f0fe375de5be397a0,dcde42d6c794b8cdfe75235d4b13d625,8a0701d6905209e22e64ea66560e085469322193965ff07b8b3cc68b9541df22,0c05294f668280d6e84cc60667de9fc121b515e42242432f0fe375de5be397a0,89,3,
control,control:577de4f846be1279a5c68855dd4092f0555fcc60dfc12d3e61938842da419316,3237f9f3a3a614daca6a268cc3d33a54,2f4eb4a2ee86303ea754dd1cf0cc034398891eabbc59d741fb3ccf2f312cfdf2,577de4f846be1279a5c68855dd4092f0555fcc60dfc12d3e61938842da419316,146,6,
control,control:3e8843770d3233ed320dbd166a45c69d59797ca28a9d758610a62d159db6e4b3,488acd496aae7a1db33343628c0ef45f,1ababd03bf5f428dda5344e8a7fe0d30d6cd0223be0caff04477f20f5d47768c,3e8843770d3233ed320dbd166a45c69d59797ca28a9d758610a62d159db6e4b3,122,18,
control,control:5a296c7127d0f6fb84736bd2b534a01ccdb6874021d519bff9459c752f752fff,ebbbc8ce7bd3bb98d431c848793dc046,7303e46912733c11f88c85210396e60c7d042bda75d13fbd0e4c34d017149e1f,5a296c7127d0f6fb84736bd2b534a01ccdb6874021d519bff9459c752f752fff,124,2,
control,control:424edf263a347a18a57ef50606629ed87c1c291d44adb62c3c7b7146a4a6a8d5,ed07cb98e97ced90a291dfc16cbde60e,bc31a5216bc4c0404d31fd8176bbf8ac2ce166e60d27e6daa1575bcb0a275f37,424edf263a347a18a57ef50606629ed87c1c291d44adb62c3c7b7146a4a6a8d5,85,1,
control,control:fddb75de5f61ef88d3282bd0f0977ebd0bc02b1ce183cb01226f19ec5599e706,2a5f89122facea15f9ace14585b9fcf7,9463574ad2abad2aa17278160e85762dcf66e5a88c339d62a3e913708ec63702,fddb75de5f61ef88d3282bd0f0977ebd0bc02b1ce183cb01226f19ec5599e706,41,1,
control,control:9e9ec47b768595755365bc599f6d4c6b460efc41512e92abb4ffef6ad405c5a1,fbcbd7ee1d54784db552998228cac665,5ff2503d87246d15793390817cd3e95f5d49698f79b7c46dcf9fe1d1ef86da69,9e9ec47b768595755365bc599f6d4c6b460efc41512e92abb4ffef6ad405c5a1,128,1,
control,control:8eaea48799f23894c810eaafe5a51b584c8f36d6144545363d75f521a3046b6f,82901d43dadf8ea8e5d57ab7f8e16a47,18f2652ade4c13b9c0fe74420b4a71055acedde6ce04d8821ce1996bdad6489c,8eaea48799f23894c810eaafe5a51b584c8f36d6144545363d75f521a3046b6f,48,12,
control,control:0af5dd03ba956a9c69a7ad5e322c76823a8e1153cac93686b072cd6d55ee4b36,73114b10beea687e0833c3f9541e7d31,490028b1da1b567e60b9d90a4d276e5bd72bf964aa5e0f59018435d8ffa27025,0af5dd03ba956a9c69a7ad5e322c76823a8e1153cac93686b072cd6d55ee4b36,81,18,
control,control:c0b5d57e1186c8751ab67e8254883b1ebf5306048df1ce9cfc19636216faaae7,405161481fd3c00724603237de4f9727,8d8f2dbe86335bd3486634a9af91300f6951c077c3b8d403a626e8b33e59d617,c0b5d57e1186c8751ab67e8254883b1ebf5306048df1ce9cfc19636216faaae7,47,13,
control,control:900faea509fe8932fa3f6885fb9b0d8d8f1886397c8896138d7deeedf7f4f2c6,02eab4ed1693b2b4e241354367e1cbe0,bfec3916d5d69260119f384f42e4294bec2409d86b3c07c26f62b7c8d338fcec,900faea509fe8932fa3f6885fb9b0d8d8f1886397c8896138d7deeedf7f4f2c6,133,13,
control,control:ff36114903dfe68aa3d5cb564060565ab58f4887c7475bd02b69d2f2e7f58ce1,7763f45ac59d3c5346dc7d6bb4b0d0fe,13a87bd90f638d19f3a89a2a9a33985ba173ef226a9e135705d5e3177f54be82,ff36114903dfe68aa3d5cb564060565ab58f4887c7475bd02b69d2f2e7f58ce1,52,3,
control,control:62d6cc82cd2456da9c076f7cd908e8a52b07031b662f64df8c858bf45fd42498,d61f1b645f16ab8aeadef91ceaf9abcf,4b54bc8d1848d001586611019ebeae7bd0f58bf3129f456fbcd711a6d25e7449,62d6cc82cd2456da9c076f7cd908e8a52b07031b662f64df8c858bf45fd42498,82,11,
control,control:2b68353e7048b131b1a608fcbbaefa4c39a481232f6f617304b43902b910413d,5dadb4b914472bd3f30f604c14d4c355,741a2961a0514fed52e45ade5f349ba47ed46c4e455419f8942dd7712c8ced9a,2b68353e7048b131b1a608fcbbaefa4c39a481232f6f617304b43902b910413d,102,11,
control,control:0449ebd6ecade309c77e98412cb2f2909bad0057c99b69dade50f641578e7c01,49edbe39fbd8650a6ecf1b3b3003bd7b,0913bcf593b5cb7f5183eb6a1809b80c08bbcc53751acb87cb0e3bed7577c091,0449ebd6ecade309c77e98412cb2f2909bad0057c99b69dade50f641578e7c01,47,12,
control,control:5eae4e00077dd3a939a9a02816b853b8a4a5bcb2d34ea13154fcee34d236808e,147d76daf5ed123cba71644fbd5cd717,2ddc8ed3800f511c2ddc812e09b4171fdfaf64856a0fc8f3ac3a516a4b899598,5eae4e00077dd3a939a9a02816b853b8a4a5bcb2d34ea13154fcee34d236808e,52,20,
control,control:883f7ffff7b23295dfcb9b67444ccbbba176d3d31dbe121da03ff0a3f292dc24,af8e64abd4c54cd9b3c00d2f248a976e,a4cf9e1d6f3052904d2b7c601bba32a68718f004a88930a0c3def9a366cb82a3,883f7ffff7b23295dfcb9b67444ccbbba176d3d31dbe121da03ff0a3f292dc24,99,14,
control,control:bdce0af7dfd6b2d187b5cdf45ff6bd2972ce3e6a52d173647ee88b728af2ea80,312e3189256a51a2eb31b19a0dca432a,0a77c02787e532d031bb6d662df7666eaaa8388a3a2a1ce708db1e64f9f299f1,bdce0af7dfd6b2d187b5cdf45ff6bd2972ce3e6a52d173647ee88b728af2ea80,64,1,
control,control:b38b3866aa9ed1c7680a04246937efb0d08c58fbdbef975f0f8f973ef969cf12,de6c688a401fed8636660394f9d75c37,5a61cbb4d02de64377a99dc63c349a67a56be271d77c40a95d8df0c53258eb12,b38b3866aa9ed1c7680a04246937efb0d08c58fbdbef975f0f8f973ef969cf12,90,26,
control,control:8de7f95fc8148f8f9316a402201755d0ec4f1111a70e1b3cea03b80876952dbe,5705e993f33f25629ed0de3eab063b06,78304ac19d38148e1eac3fe1262898e2b6479c89644b5b649928a05d08d2457f,8de7f95fc8148f8f9316a402201755d0ec4f1111a70e1b3cea03b80876952dbe,89,8,
control,control:338ce3409113ee3104701bd8ec51b30d4498cd76a9f5f243a747efd7150bfef1,14894e46aebca360dd56767349e27879,93a0595be01afb5b574b5cc543ed3c34ae59eccfb8221eddc50fe8bc67d9d7fc,338ce3409113ee3104701bd8ec51b30d4498cd76a9f5f243a747efd7150bfef1,64,1,
control,control:cf0a3a617a2fb0536777c2bd2b421715d9546090ae61aa08832438aaa28c8cbd,beeb3ebda12e3eef392886d5a6109ecb,39a0f98b0c77717da794ea0b9ef261634e7d28985d2b0d5801f5eba09df78f95,cf0a3a617a2fb0536777c2bd2b421715d9546090ae61aa08832438aaa28c8cbd,71,30,
control,control:bea14227c8da998bd0df3b9677f74c62e29984786a29ffb26230adb931f0f456,f7133dcc129a447ced9de8849d2d23fd,2d022c283e8ba22aea5d2b78938f1a2ac7dc9b8d4367a6ad4694c3ecc7d7f2b9,bea14227c8da998bd0df3b9677f74c62e29984786a29ffb26230adb931f0f456,142,16,
control,control:415ea9fd4cc23625c964016dcf8e701ba4eae55199c2dd6831880841e8e64ba1,6111de99d23c6c5e3ca1bd89dcceee6b,2629c9973440bafda54f4b316cc0f3ae99c0f5376f6bb4497cc9332776ce54f1,415ea9fd4cc23625c964016dcf8e701ba4eae55199c2dd6831880841e8e64ba1,147,15,
control,control:5d06c46f30bf26505a694ea4452848738546811880f95c4340bd1bf4856471f1,96a7a5a5ccf6c51aceee2c73887af2f1,2a84d056f0c7828e47f79588ea97cb6104e53cbd2491bcd9ee6ee641f7374e5a,5d06c46f30bf26505a694ea4452848738546811880f95c4340bd1bf4856471f1,74,3,
control,control:e691f418ddfa3f196e6d625c37c1074e68d891fd75101a81a665eb87be813ad6,226c5ea3ae8eadd254a8c67623329b34,c35cb2b282567023c1337fe24438d7b55bb54583caae16b748de8206246cc6fe,e691f418ddfa3f196e6d625c37c1074e68d891fd75101a81a665eb87be813ad6,150,15,
control,control:4ce1aa727d91e55809ba1278f05250c092aa5a994e516cf4b446d313e63ad150,7d7195f877223c41618c97432e0973fa,35b1d57097fd52604c43fe1293de88786809931ebfa6a62afa79d4dfd73a1218,4ce1aa727d91e55809ba1278f05250c092aa5a994e516cf4b446d313e63ad150,127,25,
control,control:18433677ba80f8db022de46c43b3bbfe2a71aea52f81bc0342d8b6e6f63011ad,700d70582c16afe46773c46968fc82cd,897fab36d5152b3946da96676212d7391eadf81d7a94ddef9220f6bc5afbffb3,18433677ba80f8db022de46c43b3bbfe2a71aea52f81bc0342d8b6e6f63011ad,78,13,
control,control:059c0bfcc728743d0e1592c4c000a31268d492689785747d25d3264e9a70478a,dc0af520e7091dc0736b1955e7980e85,ca922d93e14facee7b01d487e4682056f3df3ef8ec5605846574af356cdcd4a9,059c0bfcc728743d0e1592c4c000a31268d492689785747d25d3264e9a70478a,103,14,
control,control:2b7a886158ec162560370260d93cb8df5a886c2c5a95aa9506fe4fa6b08e18ef,d8eedba9c60b0f4b6389a01cdde06dcb,0917dda7032e2cf23542d9a74ec2eff44fcaaf491531f90e47c632947741cc0b,2b7a886158ec162560370260d93cb8df5a886c2c5a95aa9506fe4fa6b08e18ef,154,14,
control,control:2fd0bc016c8a4852e3051c114ab409d6804450314c2bfd97ee4fa9518fcb4f3f,e179819c9ba771287fe2bf42b8e52c6e,1b69009b41104c9352ae9d7825573c429c87c361ad256650c0274a8120766b38,2fd0bc016c8a4852e3051c114ab409d6804450314c2bfd97ee4fa9518fcb4f3f,83,10,
control,control:92fbd389504e3c350843439bbf983d9f3ea9598bf3295e3f00cb4c3a6b6cc663,a79dabce98066e876196664b5f122565,0d4709ba8c177d7a2a2f8170ff87e59d09ae430b0f455bf5cbc3ce37e06d14a2,92fbd389504e3c350843439bbf983d9f3ea9598bf3295e3f00cb4c3a6b6cc663,114,16,
control,control:98787eb5c38b41e2c0fdd62124664615c079299e36393ea1aa61a30e1ebdf4c8,61893fe4ab091c4f684edc906d95c22b,5e09a387306bea89b47ec060c1c2cbe37169d2c4ee2265ff80acecc2c8d51bf2,98787eb5c38b41e2c0fdd62124664615c079299e36393ea1aa61a30e1ebdf4c8,16,5,
control,control:5f232127a7ad3feb19ee7cec4eec865c5852f52dc651f4d527ad5f8b1091f740,637771950f3c5a988a307a44c514c96c,0d7891ec9819af4f2bb3dfc918ab1e218af1c8658362b5c82a5da341a43c5012,5f232127a7ad3feb19ee7cec4eec865c5852f52dc651f4d527ad5f8b1091f740,134,13,
control,control:1e6e047db4813fc20b85ad13169d1edcdc20b3440417480dac9568a2dba4b3e8,309a1a00a0115b7045602c9b8f1bef1b,96495e933e5d084a7163a7f79f7cc1df20517a3b8f66f6731964935f4598084e,1e6e047db4813fc20b85ad13169d1edcdc20b3440417480dac9568a2dba4b3e8,62,11,
control,control:35d6d976fc2d22139bcf469af9fe491764d233ac24543a7c5b5428b4f5b47ddf,4a5e4cafb1aa8fece9e70438e49dedd6,2f7503ba3cf9cbf8898a0c1d03673695240d2b2d89ab382174c6eda4f9c81e7c,35d6d976fc2d22139bcf469af9fe491764d233ac24543a7c5b5428b4f5b47ddf,124,13,
control,control:f009cc190af0f5650304d4a08a52c935e9825b5587f15cb26ba432359140bf6e,4dfc09d77e1a74bf06c0e1d063301df8,2f348d60b4cc5a3719e5addd6e860c5f2283e6ad545df69d1447322116edf998,f009cc190af0f5650304d4a08a52c935e9825b5587f15cb26ba432359140bf6e,126,1,
control,control:c56579f9b3f09d1262dfbe0bac3e1f1e1fe177131d685c22cc659ce4ac7f6b33,759913d4ff82f6740be37a528b5f0b07,80e75003f946e4c35eeac5500177160cd8eafc70ef659bddfcca87b51419f9c3,c56579f9b3f09d1262dfbe0bac3e1f1e1fe177131d685c22cc659ce4ac7f6b33,120,10,
control,control:acc7aa72e06277c92d457cd9a32f832c5e306a29e19ba06384d06bc388d9d462,3384eed5bfd8c48b76374a9f649e72ba,0eb460c08bd215e17eaa136bf92308bc8ee7c88a6061301b11d2a91fe8c1429c,acc7aa72e06277c92d457cd9a32f832c5e306a29e19ba06384d06bc388d9d462,135,14,
control,control:a951bea729b20c3b0d30ade6fb3e854baa9eece3c6034e847b01ead0ebc10739,d7f3f7204183ea9ef9e00e78b67931d6,b53e3e0e5eacffde953f5f0bc30ed3c9dc47faa617d0097d65ec377ecd643790,a951bea729b20c3b0d30ade6fb3e854baa9eece3c6034e847b01ead0ebc10739,172,17,
control,control:b34af77b843c5da8de97e12be22cd178921f9aa34c793011092bb8f2b8249b3e,05fb2a5dbcc7c9fd1f5b062d11b7c2d8,b814df7c7369087e9e92076ac55821d4a44fe202a4ce58aee90bbe83eb7ce688,b34af77b843c5da8de97e12be22cd178921f9aa34c793011092bb8f2b8249b3e,175,1,
control,control:6a941934b0dd93dec4a78c5f8980f75cb77240d25616eadf01f80069c66057ee,51c36961f5d4914f9af4a08324bc2b39,87cfd5ce5cb8648abddce977fdb16327109eb4384aea8f8a6a19b94ac74d3636,6a941934b0dd93dec4a78c5f8980f75cb77240d25616eadf01f80069c66057ee,86,23,
control,control:d4c7974ada29e9a14bff5813e87d6738c34cd0cc29ca3c17c831e9dc6989b3de,6ed9bad1b44ce115e2268894538eaca7,6fc441f2005d2fcbcb74b4a4a559956ca8936a6c34dbf971f3b8ccb1f24fc3b2,d4c7974ada29e9a14bff5813e87d6738c34cd0cc29ca3c17c831e9dc6989b3de,132,11,
control,control:78135ef65cd14aa73dbc21c0057e5a15d8670cace03079cbda213377c9204e9f,67543aede110fc9367fe3c392d575453,481ffe191bba68c9373789305a7b590d899a7c971b3de8c9da835d87c13ad4c1,78135ef65cd14aa73dbc21c0057e5a15d8670cace03079cbda213377c9204e9f,85,25,
control,control:be718af8327fb6c9278c3c34f5fd9f1b0692a4677e740fde31310d780776ffea,a1cfa0dc0db4015974a7966ce71d99d6,85c1a4d02f95f9bd8e18eae43253fcdc81b17831b14130f308f3337982ba3539,be718af8327fb6c9278c3c34f5fd9f1b0692a4677e740fde31310d780776ffea,266,16,
control,control:dad679501f208ea17086cdff3664879f721660132decc821477f1ad21b34662c,314b763ec19493dcb403234eb5ba7326,20868fe8d6bfaeb4980c9169d49ae69bd6689850e7cd18dbd1892e7a091cc5b9,dad679501f208ea17086cdff3664879f721660132decc821477f1ad21b34662c,57,19,
control,control:f8079d0889fe926485506016ab8f6c382117d2bf5bc2d19341dc7efbd81a89fd,2e9835cc1f2ec8519a830024374ef57e,e3f5460ef67c2939c15a66403779ad55ec9e964e24159e4547b19bd79b50076c,f8079d0889fe926485506016ab8f6c382117d2bf5bc2d19341dc7efbd81a89fd,114,1,
control,control:78ef35dd5aa3b905c24a0d7b4cb1236acbf5f611a70afb1260e0e4982561957d,b5b234b5006ac85764c4f363fe87ce24,db9cc60e27b9ae2c291cd6301d3485b6fe3f201b2f2a20ce7bb60e8997431288,78ef35dd5aa3b905c24a0d7b4cb1236acbf5f611a70afb1260e0e4982561957d,102,1,
control,control:463a7ef2edae9d2421d5a4f73340942e6e3ad65bf27c76c23b82a007a57cc0cc,0219fc8c1954c77e554bd7f306cd8712,38f651cab7d98e07109d3ad29b484cbf5bb5113ffc907dabb86164fd221555e7,463a7ef2edae9d2421d5a4f73340942e6e3ad65bf27c76c23b82a007a57cc0cc,57,19,
control,control:7df023f81ace5050c1f33013d8f71186cf8a77a11cd6e214a339e4887e030eed,3b8a215c1afc3bfae4ad06cb2cfb4380,729276b8895a2d3fc426f6fb7d7ab7f6b3a22383c769a8c613ae8983c45c7848,7df023f81ace5050c1f33013d8f71186cf8a77a11cd6e214a339e4887e030eed,107,15,
control,control:51e3f35c950c58c2e37adf6df9ed92d3d087db2dd18a83981e36fbed5ee52094,b46faddce1a2070afd7382bbceaae82e,036fd152661b05ef666163e900c71606dda955c6da14eb8272816c4f2b5cd2c0,51e3f35c950c58c2e37adf6df9ed92d3d087db2dd18a83981e36fbed5ee52094,116,1,
control,control:8d78cff6e0228d6d29302e4507a0cba4ce3f3e387070699f0a6b3907f3a1ebaf,d19272164dd72fd180ed65a244ed9e7f,057c6ce09a77778869886eb8961a27cef4b4e865ba3c18a19f38ea92c5953130,8d78cff6e0228d6d29302e4507a0cba4ce3f3e387070699f0a6b3907f3a1ebaf,128,1,
control,control:dc627286673b925498c9672f6582769280c7e15c87861405d86e6381842083f7,0f777c4c3e62ca8876c3762c158c8da4,08b54ce034eb3e3ec36179d60ff5e69f2cda2b3d080ec748bc57c86c57a9079a,dc627286673b925498c9672f6582769280c7e15c87861405d86e6381842083f7,20,3,
control,control:3fedeebd5ff81df04041544335a09a9cb4cc0995780839e7eaa0a03f835eb5fe,1a3153088ba0ee8581f586b63393cd08,3891eadfbd67c452c0ee2a89ae551ffd7d0138f54335123abfd711f5f8a8fc15,3fedeebd5ff81df04041544335a09a9cb4cc0995780839e7eaa0a03f835eb5fe,106,1,
control,control:3a906b642ddb6efb33764f5adaf65d5ffef3fe7778dbd10f1d38d341dc6d2971,4a3a3f4efaf92b8b84c303f6dc45e220,ae66874a55d2f3995a1453ada37e302c3927b4f4db5900bd479c1e9752d20404,3a906b642ddb6efb33764f5adaf65d5ffef3fe7778dbd10f1d38d341dc6d2971,94,1,
control,control:fa9c4a40f0e6663f017c547766a2d7d1bf678a5cc15b7ca672466cad4bc2d17e,3a8830ad1b6407078dc491fa982ee4b0,019d141ad784f086ead2210bb505dcfe626de9d27e5cc1056af39f2c2f6e4538,fa9c4a40f0e6663f017c547766a2d7d1bf678a5cc15b7ca672466cad4bc2d17e,89,1,
control,control:29072b52d341b8eeed4fec58897891f291c0676d06ad2185bdba5ec788bd4c78,60e2abea73eebffc131879907cecf211,1265fe51e1979e9eabcf7ca6b58fd6d22292d900ad268ce7a392b4856e3a09bd,29072b52d341b8eeed4fec58897891f291c0676d06ad2185bdba5ec788bd4c78,125,11,
control,control:058ab5a805b98fc3d40b17280d762d5f0a524699c26aa051416c975cbf33689f,b6b4e6a1e92560a94b5c82f5805beea3,59f8664327c66e2566ea725387904caf61b96f1b1436ac5d33991f0d62eac60b,058ab5a805b98fc3d40b17280d762d5f0a524699c26aa051416c975cbf33689f,90,8,
control,control:6af0bdf55d3e25474d75b1c91cd88047a02bd672e8d69107fb86d70a329de3c6,ccadca776cb1299d23e842ba2264a560,8c25612551b70da8def76fe90c20eb36ab3200256e1be797cde6739f7cedcc92,6af0bdf55d3e25474d75b1c91cd88047a02bd672e8d69107fb86d70a329de3c6,198,17,
control,control:c69cb3b3fd03e2db2e3e2cd59467681dd9223171f19ced7c9840b622e3f9a468,0d736bf35f5ed6a43e19e298c93691bd,495591b26e5220b4ea6ff8e5eea099f30f105d00c25a0d36d6b2e917ca9fe0ab,c69cb3b3fd03e2db2e3e2cd59467681dd9223171f19ced7c9840b622e3f9a468,23,1,
control,control:41ada0fbfc6549041d984cfa36e231c57aa4355ee47157bd13e32b73e7c2bea0,1cca9058c15e16ff4332122482c36dac,9cc928406300be6b2c3c2bc9a963a86d841bd088ae4b94c27887d6e22fab9cc2,41ada0fbfc6549041d984cfa36e231c57aa4355ee47157bd13e32b73e7c2bea0,39,3,
control,control:8a8c5e58ce88fb71efb8d60c5104518dbd11a8fcb74ad519f72f148b4c49f4e2,9febe2c910735af7ffa9636a73560ec6,0da8322ceab36b036682b5ece0c315193f7b701a3340a0ca5a523b107c6f428d,8a8c5e58ce88fb71efb8d60c5104518dbd11a8fcb74ad519f72f148b4c49f4e2,217,25,
control,control:64d56d7eddd65ad4a6af1229c814228890937bbfeff8326f16579c09ce22dd6a,df863e161eb6e0f27260235e89ab93d0,16811b6ed77b7a67669cb53138fc2e688ea4be7b41e673bb7e731fb12083d28e,64d56d7eddd65ad4a6af1229c814228890937bbfeff8326f16579c09ce22dd6a,64,11,
control,control:f39359912b5a55611c529f5b1246ad2601afe6cb5f698bb30c91436c80797564,b88ce802194a666ab63abab2844cb065,8e39a8c597607c3542ced5fda710e96cd01c3d4491c01cdae743dfbc8e8ff966,f39359912b5a55611c529f5b1246ad2601afe6cb5f698bb30c91436c80797564,202,15,
control,control:b03872c6614d1aae7f40a1945f4281a5363519bc2dfbae3261cdda1662ac3d45,eeffec786ec97fa31e906c40d9f8e03f,831388e57d4cbffdc5d0628be872eae01417526975851f5961128533732906d0,b03872c6614d1aae7f40a1945f4281a5363519bc2dfbae3261cdda1662ac3d45,86,22,
control,control:4996c2b2ca6fc001f9de530cca9b4e95a2abe2defec4a459f5268ad9e7b113f7,6232e5a07666e20962856750a21224a5,1c85ebc0524bebc25069de410c50d91e43fa077364f52abe5b771338e0660a32,4996c2b2ca6fc001f9de530cca9b4e95a2abe2defec4a459f5268ad9e7b113f7,108,26,
control,control:daa43fc0150148bfa4b0eb28b0a0dc463831c1e515c8a6e2399c19d6f206ea72,569cc0927cf16e409385921812bad420,1f3f0e98c9282d5e19b2483599fb8cbd1cc6119752a6f6688f11a7198990b7d9,daa43fc0150148bfa4b0eb28b0a0dc463831c1e515c8a6e2399c19d6f206ea72,105,14,
control,control:53139b5bcdc2985e46f3c491f2130cc63c4d085ad5f8748d79f8742098972693,c5ef46b666c386fc6eb91c8809eccf11,33f94a490272ce19a1a8476cdaf22e2d39cce2c95d1a689cbfdb9fbf4140abb4,53139b5bcdc2985e46f3c491f2130cc63c4d085ad5f8748d79f8742098972693,117,17,
control,control:5552730b0896883a291af0a9274025939e63114a301a400ea443f2c7fbcb3558,d51532631c9052b7ec443b8ab59d0b4b,3ac191a62202bee58905690a6f24607a513054695950b9218b43f1df5355e516,5552730b0896883a291af0a9274025939e63114a301a400ea443f2c7fbcb3558,185,13,
control,control:978f693acceb02e6e4629b939aaf9039c46b756491a2c2dcc67cad790b2e0e36,759c5d04155e350bdf68a961152d22f6,01dc3437a70b1f3098fa11fa0ca13514585d6596516918eeff344dc4fb3ccb80,978f693acceb02e6e4629b939aaf9039c46b756491a2c2dcc67cad790b2e0e36,64,12,
control,control:a12a990013e2443eddaba01caa2ddac1a754bfb88bbbbc9c39b08fd679d68e55,c5447dcaba74589a92db48fc775aa502,0abf4a6d57d1c1451d3ca3bebdd8f185108804efcbabb6f1fa6d4c84b24ebfcd,a12a990013e2443eddaba01caa2ddac1a754bfb88bbbbc9c39b08fd679d68e55,64,1,
control,control:b4849f292349d2efff484e982109a33a02096ae6224dbb8a748caa52798ac816,57bb2c4f3bf20b2bfe42323b62fd0d4e,443d6c7df44c2285cb461d0a47a41477be18c7af986645e9f3c23d3e2af6e151,b4849f292349d2efff484e982109a33a02096ae6224dbb8a748caa52798ac816,36,10,
control,control:bae15077349ac088135943d65098a7f57b8be492ce26d1a705ff5898b39efb87,1388e66b8b76e5d465fb5a60a5a233cc,063d1da704ce5ee4361663c0c2297d76a06d63e4d9494facc0bbcd3d6ceb2a3a,bae15077349ac088135943d65098a7f57b8be492ce26d1a705ff5898b39efb87,108,31,
control,control:ed32417ce061260ad232e5e04415895a9704761a0afdd08b2fc478a17b80a033,c4c90de8bee4da65ac3865fd75c88158,32cfaf044dbfa27c4d34fd29059d0ae9e90c18c9715d55879a702a540179f08a,ed32417ce061260ad232e5e04415895a9704761a0afdd08b2fc478a17b80a033,138,1,
control,control:050f22f5a84057ff82c54d8c7534526cef23461ef39964af9506c767fabf13a6,c398d033527fca09883fc8a30f9ece61,0eeef8d9ea9abf3070c82ed5d5b7161c6c831ae43aaf33f7382332c218524fdc,050f22f5a84057ff82c54d8c7534526cef23461ef39964af9506c767fabf13a6,61,1,
control,control:29d7e99190b08b9fdb299caaebb7fe5790011648f2b7a0888b06ce6e454e3b80,2bd6c0524ea790d2480ce3e7df8c68b4,05d7e1e939c4e0966402c28d3e0349f0f5b2fedad12ef3fca21307a7ed1758dd,29d7e99190b08b9fdb299caaebb7fe5790011648f2b7a0888b06ce6e454e3b80,142,1,
control,control:8d52e0276b9dd963e932f1438876583b9ef7050ecd5762fda8a59e58638cee6d,635f05ce3d4c1acc830b28666a887bfe,a28da6831a3a39b4e667ee31187a9132fd75f8c40f2e263ca356a32bbb8a0e90,8d52e0276b9dd963e932f1438876583b9ef7050ecd5762fda8a59e58638cee6d,131,12,
control,control:6bc4f5972068b75cdb4ebb604ca6e213f6802c01fd36428f81d962f575c80f3d,2c425b60bf51273d5296c9cc4ad9b34b,0ba85b2f93567676d32356427be728129740333da59e7550ad0edc57be7e14f4,6bc4f5972068b75cdb4ebb604ca6e213f6802c01fd36428f81d962f575c80f3d,135,15,
control,control:3a3886088f1bc853dcf9896301e81d31daaef4b83311395e007df1fb06937391,e80291180ad3e7e1b2ea32935929387d,9b2d13b1970b1785dc2878554788d6c7bf83aa851610b34a6b4c6aef66e264ba,3a3886088f1bc853dcf9896301e81d31daaef4b83311395e007df1fb06937391,157,16,
control,control:1a86b2bdf03ee93db101542dc3f024141db551eed676e0672c83c06defc9f1fd,0f3a4905884394d9b21f0397821ee449,08df8fbdfcbe8d0bdbf474b448865850035131e209af0068394f558dd87e6e7c,1a86b2bdf03ee93db101542dc3f024141db551eed676e0672c83c06defc9f1fd,106,13,
control,control:d8bca515c7d2b7bb031ffbe94b98d24cc5e6b08326582e5daea2dbb5f5b40ec8,7501c77d2ac04d891c4d05f4544d0a74,2e537591c6be91c878808e0b68b4d429ba077de406e32bb829fa9825b3e2cd98,d8bca515c7d2b7bb031ffbe94b98d24cc5e6b08326582e5daea2dbb5f5b40ec8,76,15,
control,control:b372acb9e44cf4a20add7503bbd4c6e4842f12c3ce1e26268b038b083f02b42c,d46c3e5acba10a229bbd737fd958426f,435f149fc8ee8bc0de7b936d29ff06696e39e7fe03de29f90c64799107114c01,b372acb9e44cf4a20add7503bbd4c6e4842f12c3ce1e26268b038b083f02b42c,202,20,
control,control:dd17c5286885f2c37cb0e448ab415803925e3c94f399ad676fa115fa20bfdd4a,6fda4c4fd7b83090a3b31dc96b2a9db7,384068e8fa8ef8bec2e36e9ef2d2908a166f7a7e2ce8c8fbc38bac067bcf2a82,dd17c5286885f2c37cb0e448ab415803925e3c94f399ad676fa115fa20bfdd4a,79,11,
control,control:caf719860b3e2a58db9be19dca819d06993dc3bf9e09a04b5eb9240a8e8312de,e712116fe6a1c35bd26bf815c70d0b22,46b40a27205e337013a45c5fdeef9c955ddf20e887c5d70a433916181c576568,caf719860b3e2a58db9be19dca819d06993dc3bf9e09a04b5eb9240a8e8312de,85,13,
control,control:e0b34bd45918778b1f7472e3a6bdd7f7242beabf667323fd7e91f45a7fef4254,4d9e541b840d3c04bac8225f2d5e7bf7,110084eb37670da231d997c2c2f68345ce9a9cce96bfd8f8a04d67e2c3add3d4,e0b34bd45918778b1f7472e3a6bdd7f7242beabf667323fd7e91f45a7fef4254,146,16,
control,control:9d4509654fd8cecea84e6168fda228864b1cf5c7c12259c193962387696c219a,80f82c3cce6ea0622256539bb7ade146,3e3f8d8b6b9d0fc231b0f0c33b59798c02ab101a4abefc1b7985e9b596041b2f,9d4509654fd8cecea84e6168fda228864b1cf5c7c12259c193962387696c219a,109,1,
control,control:e03e5d1fd783bc004f906fef3279aa2eebf90ddefc0418a617a70707c1122c27,962246421170a5fa44c0c418b997b66b,ae057b7e52b3cd1f850842dc41529dd0eb0052bb57301a2a0cf222f505a6d568,e03e5d1fd783bc004f906fef3279aa2eebf90ddefc0418a617a70707c1122c27,78,11,
control,control:d09eb191841cbb20710494673cc16d117b6c519111d4d2ab0db0b74f5c55c0da,f7c0b076b0f68e13e163edde8244cca0,5f49c6b381283d9fef70b825348a4fb605ce1e6fcf0fa487fb924fb13e20178f,d09eb191841cbb20710494673cc16d117b6c519111d4d2ab0db0b74f5c55c0da,73,6,
control,control:22afbc604df7bef4eca06f02ddba34717297e07cb75d886c65d5a3eda593eb1d,acfc63a6b4eb1d03a0b21ac4ab2f4220,57ab85e5d7552e320da7a3b3269343a43c7267ca3fb3bdbb98e63fff3047c88e,22afbc604df7bef4eca06f02ddba34717297e07cb75d886c65d5a3eda593eb1d,104,27,
control,control:a938f0d25c1217b1581daa187334cb3617f734e1bfa173bde51da5081f92c8bb,9765303ef49cb6abf043935a11970290,7b9f290b2dd93aa82964a3cc2c488e170cab8dfeeb481cc4a5d3d2395a0d18a6,a938f0d25c1217b1581daa187334cb3617f734e1bfa173bde51da5081f92c8bb,80,15,
control,control:af3b079d9a3f79df73efaa43088b9cca0ab537c32771dd1201d38c769b27cec0,929f6b33502acca156b2330bf3ace73f,64e6847efc192f4f177d89e197639fe5dbb8cb824e5158780e6ea6db1565ce2e,af3b079d9a3f79df73efaa43088b9cca0ab537c32771dd1201d38c769b27cec0,138,13,
control,control:60563cc0bc87da360f672afe15a500204847168cf00e7e1463d07327338db4f5,5b58b25d06bdd1ab619b3455af366c6c,06e79ec3d89869595f4fb6b6c3c26771ce423abdb0b5aab5162fed3bf64bd5b1,60563cc0bc87da360f672afe15a500204847168cf00e7e1463d07327338db4f5,122,1,
control,control:1ded3f81d4829bd710d8af542e0bf87c02078099d73efd968b5a0b024f50236f,f4b610a142b5dd10e517d9bfe8d2fc8b,3f0d17b00edf4bcce5beb9d6c48de46d76ece1e5ed3434a82a20bb1282ebee87,1ded3f81d4829bd710d8af542e0bf87c02078099d73efd968b5a0b024f50236f,102,12,
control,control:962407fe76affb6df21aa50daab961642244b45794d275a4a2f08b4fb828b031,b873bf4797dd4f5684a6b100ebb1b165,07017081699d99202acdfae3bf899641ad0429f61c319a050ff90af2250fc2c8,962407fe76affb6df21aa50daab961642244b45794d275a4a2f08b4fb828b031,16,1,
control,control:2dfa90cab098516c78c9edb6ced39c9d3f079f9b978feee2f22eeeb33f6e17e9,545e06a926e8f5e906644939feebdd7a,52e015cda586963037b4b6350c92519a62ca5385e762c0e66aa731d4dccfc049,2dfa90cab098516c78c9edb6ced39c9d3f079f9b978feee2f22eeeb33f6e17e9,35,4,
control,control:c9a3eccd9ab7a8e7f8fe2f19746a7bf7b971a4e965da31482c7394435fa2329f,15a5c5df01be34f8ff691578a3f0b87a,9909046e1b63593dee1f3be5386acde6697827447bfee99ea12d762beadd96e7,c9a3eccd9ab7a8e7f8fe2f19746a7bf7b971a4e965da31482c7394435fa2329f,154,1,
control,control:facef706b2eb826dde2affa847927edc8b3794efaf4039b15cf6903e3a690a1b,35030f35479ebfe2416d6657ec73275d,b4da1290d3ec58a2e9f5486b6365cdb7cb2942f7f115bf798659467290aa97b3,facef706b2eb826dde2affa847927edc8b3794efaf4039b15cf6903e3a690a1b,74,6,
control,control:23ddedda8741f9cbcf3bf4593b33723f3f3e2def1684b5909958083092c5efc7,53aff717d73899a76b0b1f7f63aaa0ba,1c0af101c68c5d2ec9d001331b92cf37bef82a78fc7f56bb9dbea3634ee8f883,23ddedda8741f9cbcf3bf4593b33723f3f3e2def1684b5909958083092c5efc7,131,4,
control,control:125e9c64a0af0640db940357acd1bf0526be991568d2a79d0e1e278d571cb3ad,fcf27ccf1cea6f0fc3b3d0baf5cdcc67,3b88ee3e81457147545f5db3d65102ad996daac6d75323bbc45040e5a397e9a7,125e9c64a0af0640db940357acd1bf0526be991568d2a79d0e1e278d571cb3ad,93,2,
control,control:09598cb4a86bf35ad7749f4cddd5ffa36e129f2f97034d37688ed499ff2b1710,5f90d822c8d24b03dfe43edf84e5ceac,2ac43cc43e54314aa7aa0b475883322d04ac57adbacba0a93b82602e3466ff94,09598cb4a86bf35ad7749f4cddd5ffa36e129f2f97034d37688ed499ff2b1710,185,7,
control,control:578b70033ed15d9d2a36e097ff1e169c401164708ddaa1a246349973f419cadb,e9e73edd8a7a3a1205d420de081d1dbc,82a63d3242a876b7b6172df15c186e56af43bd44172279da5ff71e15a22cb51b,578b70033ed15d9d2a36e097ff1e169c401164708ddaa1a246349973f419cadb,25,1,
control,control:68c60342ba0b33a4fefc778c00841ffb6ed102c2bdd66a6a31478a337d22e9a6,140d168afde8c5b7a9afe46fcbe4fc38,694e59f6ffbbe59d35294ff0cee4ebf0f4bdc62a87de1eb9bf7f7689b6e61a8d,68c60342ba0b33a4fefc778c00841ffb6ed102c2bdd66a6a31478a337d22e9a6,90,9,
control,control:c1d68443751c1fece64c7b2d3c412c1cf407af5f1388909cb9b33a46a6fb63d2,473e7f323e8597892bd917fd78650970,0ad35995cf8d2702ac468f9886efc3166ad13b7c8f62c3c59ed4a3f9889c7145,c1d68443751c1fece64c7b2d3c412c1cf407af5f1388909cb9b33a46a6fb63d2,70,9,
control,control:3fe51bfafbb259fa63dbae767b76648cc2fa601f5c04ac8e2aad4722798badfb,5fd12f4e0698af143aaf78caa436b7f1,4732605be13744fa60ea6b8a2c1dde517f399e18e38759e74d529d9472d7b355,3fe51bfafbb259fa63dbae767b76648cc2fa601f5c04ac8e2aad4722798badfb,88,7,
control,control:9a24dad6747dcdc24248ddf05b5375eb3ffe03ab29630e59d909a302cad016df,e89d05a70a5d11dbbc2d4c8c8974c37a,63b5ca23e2a448ce472215bdf943047b02b035ff9dbac053c9ffc1b1dddbb757,9a24dad6747dcdc24248ddf05b5375eb3ffe03ab29630e59d909a302cad016df,93,1,
control,control:29627c6044aa26b44e3531ae0a8b0a66668751d5c126b2fe0fd2f99219357222,610c455106b7d30c2746e42b5b1f7202,198ec75ed07039a4b197058f7a80b38b27bb78ab8fdbe9afb914533b4f1081e5,29627c6044aa26b44e3531ae0a8b0a66668751d5c126b2fe0fd2f99219357222,81,1,
control,control:c39504726878e8e15c3b7ef5621b7c7c7ea71e964f05403ca86d89a9434d40ba,b49445d64a05818deb5a69db1a415ac5,4c9d60873fa686337829a65989e2923e9cccb6f594351c69c7005b9b28e5bb9e,c39504726878e8e15c3b7ef5621b7c7c7ea71e964f05403ca86d89a9434d40ba,106,1,
control,control:2e862961caa0159c46a6aa11e039103e4fa2277add4d7f5b521b165a3a0b63e5,92d2aad6eda8fc48a5c2db3b9777de2c,57fc3aed751ab77f6a407173da37b616d21f3cc78a6a0056430a6c21a30ad731,2e862961caa0159c46a6aa11e039103e4fa2277add4d7f5b521b165a3a0b63e5,130,3,
control,control:c303819c28ca31e458276cf5c0fe7d1a65a43cf4508e89d1dfdd4122570527d6,69d5e221f49a2d8a6ab75731296581ba,63ee673e20172d9cc882aefac5b702e73be0370974fcd408d016b800b695975f,c303819c28ca31e458276cf5c0fe7d1a65a43cf4508e89d1dfdd4122570527d6,100,12,
control,control:fec9b7c4618332b16798e51adc21fd0fcbcffdc05872b25dc86bbbcde0bbe309,0250273845fc849313679199284ed210,d38e42e708eb98ce2d7fb8f6a7574fbdc4209b8ada2419bc716dce9ed96c28cb,fec9b7c4618332b16798e51adc21fd0fcbcffdc05872b25dc86bbbcde0bbe309,103,10,
control,control:568ee2bfc168acdb741fec5d3abc496dda07475f129fe8bfda187820e3418aae,f14a860c91e708dd73ddfd60bf1a9163,3543dd010e2ca344263f412c5bdd3e0182ad857f2a97b299c0b27d6227bf25b5,568ee2bfc168acdb741fec5d3abc496dda07475f129fe8bfda187820e3418aae,41,10,
control,control:dbd4c072010ea332d22e826416feb604133a9fa4cd96afd1bfcee6c6d1cfb4cc,1268a8c9ff81f06e19b7a197352c0186,4ca46189405dbc32f7eb14415f3fe0f15304dda853cff7e92534c3d0b2d5a493,dbd4c072010ea332d22e826416feb604133a9fa4cd96afd1bfcee6c6d1cfb4cc,106,1,
control,control:7f3693c4bb824397502ebc75282e6c0480e6137e56dc302dbe66716c0c105b47,adc130fd43fce99fe9fcf49591aaf397,17bdbb9bfd63a6be9e2410408f5b0a348355e8811567f875a4c5b20acb19d5a2,7f3693c4bb824397502ebc75282e6c0480e6137e56dc302dbe66716c0c105b47,71,4,
control,control:1bc8f0e8d61b87757b893c68eb02d59ce7728961ad8c6be3c8b1cbede92cb7be,9c2a34e139b22df680a977ce44cdee82,13774e56d9efe10af64705b430f7ca307d709c5462f04519e0754f9fcda17a50,1bc8f0e8d61b87757b893c68eb02d59ce7728961ad8c6be3c8b1cbede92cb7be,154,20,
control,control:36d16ddaeb3d6805a7b3c86e7167b510511a78a3fe3fc8cea3de790071bc9847,53d8cab8edaad90e1e5ef7f05de5de45,ae786a7875b7d1003075b40c7faf1f46699585c293b20c8f57f2e56c3bef931d,36d16ddaeb3d6805a7b3c86e7167b510511a78a3fe3fc8cea3de790071bc9847,94,17,
control,control:a436a298c6161372fe143cc62e66a8d892f24ec4689d1c5d9a80b9defec0061a,beea7c760beee2c27558ae90587f3f91,43695442473408db363b01fa3eda9d014daf0da2a9701b8c02ef82cf7fc9b839,a436a298c6161372fe143cc62e66a8d892f24ec4689d1c5d9a80b9defec0061a,184,32,
control,control:8891b9a4e2a403de04431ab82fdba5e7b45d6acfffc6ae5f82f34497424edb5d,b0819a5480029f15e01308748ba33b28,082616a761dd044326ae79b93e9056e703bb10e44fbe4a80e2f37da0683ec8f1,8891b9a4e2a403de04431ab82fdba5e7b45d6acfffc6ae5f82f34497424edb5d,89,1,
control,control:61ea5cade323fbe3ea68c2b925afe311b4b97cc958ed913ce2247994336988cf,8bd20bea3d112ae4c49acbbbae2d2146,8054b8161aff0711efa1e8200aa5beed41d8360ad51e5c8bc4e7d56161dcbbbd,61ea5cade323fbe3ea68c2b925afe311b4b97cc958ed913ce2247994336988cf,149,14,
control,control:5a853582452feab102dd0483b4efbd94749a8900dcf388b38a32141fe829c149,432aa21fd074b3fcfbe5df9434238f03,eb9f675d0d3f031696e88f1acfd28f6ab96c8ff75c4d231524c3156cdaa2a44a,5a853582452feab102dd0483b4efbd94749a8900dcf388b38a32141fe829c149,110,12,
control,control:0f03fcd9da59c195c02aa2372d774ca4ce9dacf571aea21ba72e7021599db13e,2e29b675bde5aa76bb60977dfa0d0180,4f033adeb8024bbea28a7159d08ad6fc29bc43f1d70afd663b006d1137f607ea,0f03fcd9da59c195c02aa2372d774ca4ce9dacf571aea21ba72e7021599db13e,95,1,
control,control:102fc27b041a400fd47cd06fcaffec6e356538bd5b7bd90182097b6ac4001c6f,f7b891db78da4e6766a4e4b161b46381,0c1817b363e22a412eee3e2ebae8eddab87cd14dfdadca7743ff8268e2e1fad0,102fc27b041a400fd47cd06fcaffec6e356538bd5b7bd90182097b6ac4001c6f,96,17,
control,control:0c8a36fcd40d1c385c95f797bb2dc29d7aea7f03d284b258d43dd2c0c394c97f,b3d7f2f358d5cea19843fe601adc415d,1c68122f0e0ea55d7b7f5bc12cc07dfb41d906f54259335892bea1684fa5985c,0c8a36fcd40d1c385c95f797bb2dc29d7aea7f03d284b258d43dd2c0c394c97f,175,13,
control,control:6cbbaade69f0c08f6018fa341f9065092ac1198ec8148ba402af0480a5625786,82a25c55757eaf905b370322eb31de52,01616f5ab1004d3005cd1e3da43cde95784b46cbc7cb0851ba37bb86cd451954,6cbbaade69f0c08f6018fa341f9065092ac1198ec8148ba402af0480a5625786,448,5,
control,control:b9ade9669c041981d7ae11884d0dbbb357f3df41142647fcca0570b3f8a96568,1ea197574fccc0e60132291d4e9bff8f,09efe7c39aa4bbb9890a4326ba500db18ff01cb35219bf5e60eccbc4ed43bbe6,b9ade9669c041981d7ae11884d0dbbb357f3df41142647fcca0570b3f8a96568,22,1,
control,control:18bc0e09dff4fe424c678527e369c70f11eb6b00377efda0f7d616dd3c026727,f27869179404dbd262cde11ca7d45ca9,25d63df529943781596bd61ace97dde9640fdc88d5059478db917237fafc5fc6,18bc0e09dff4fe424c678527e369c70f11eb6b00377efda0f7d616dd3c026727,117,14,
control,control:15939c40597a5ff18d3b240f0faf3cee3ae7b36756cfb8a18031cb07cdfca2ce,c453168fc53350c403a12cdfb1afdfbc,23bdb55a3faf346f22979dbc1b1fbd8851a6320d6322c9e3fe4d453f522f2fd1,15939c40597a5ff18d3b240f0faf3cee3ae7b36756cfb8a18031cb07cdfca2ce,16,10,
control,control:7db4dd26bd4a8d639b5e069dbe1b0c70acf06ec61f629634d643f459f550fd9f,4bea5e00d51e6fa92a3a1dc255c269c9,021b8f196dfd8881c87efa4f6617ee2fc871809a0a0c6e8f988767c87018637e,7db4dd26bd4a8d639b5e069dbe1b0c70acf06ec61f629634d643f459f550fd9f,77,33,
control,control:199b65eeacabcb2334efdc61ced9e18ad7d69c5b521e43fe5f5df28819e31948,a2732de3bb63490ade7a10e34c5f5604,3efbd8390c1d8fbc06e4459319a9a0168152d1166d9ed2fbd8b2a442d9a00722,199b65eeacabcb2334efdc61ced9e18ad7d69c5b521e43fe5f5df28819e31948,126,1,
control,control:500a2f46c16a2c377eb593612de68517031392681ac14cf924202a17887c96d2,29c6762e7a863dfd5de20b823301f6dd,78f0cb6402e767674c81f618801baee941f305ea8c9f600118c424769be1fdc8,500a2f46c16a2c377eb593612de68517031392681ac14cf924202a17887c96d2,107,7,
control,control:08b18c3d7cc8f16153bf711144641c3c7bd74b93e5c6e1df417acb57cd0e2170,202a56e65786f48a9746aefa1406dfb2,044e937215e03bd9c1aab6b5d85aac047e296a89655a987128122225dab8e1a2,08b18c3d7cc8f16153bf711144641c3c7bd74b93e5c6e1df417acb57cd0e2170,74,10,
control,control:221dd0a890fc6b80c03f688ecf848017f6cb9c3f79a7cd732742f270968a525a,b2fc4555a582675b70f15afacc1fe6f5,49212b2a90ea30a6021c32a7040a6263a3f8d41c0832d148dd055e9d6a07e175,221dd0a890fc6b80c03f688ecf848017f6cb9c3f79a7cd732742f270968a525a,94,1,
control,control:ca8a0319605e49427e6432f9eefcb7a879eddc74a442adfe1644e2ec380767bc,1558e90d57e9d7d04911efd98c6bf743,ae65a0395a0646fba508b501099de5876057830bd47e8f546a7a4f76b7c0cf8b,ca8a0319605e49427e6432f9eefcb7a879eddc74a442adfe1644e2ec380767bc,87,13,
control,control:09d0a8b73e3a31cad9973972cfe0a60c215f28a6fb6a182c7bb8bf2ede92d2da,23e75da734ec52f0fa0498f5db2b34c4,387741463dfa48829514298931320d0e896626740d624328b58817142843c585,09d0a8b73e3a31cad9973972cfe0a60c215f28a6fb6a182c7bb8bf2ede92d2da,142,11,
control,control:f59ea3bb8bd6e9134f6e18119fe3dc66c9d010ebcf52ae7c09b5110ef054121d,d209b846933e4dd7f4b027f847feb187,5116c84b26745f86ee6d4771f9c53548fae5a125bced10d3085bcfddd59d55c9,f59ea3bb8bd6e9134f6e18119fe3dc66c9d010ebcf52ae7c09b5110ef054121d,162,24,
control,control:f773dce05e324ebf2a4c1aa1346a9ff85c06d1285fb2ebf40dbc44e548cab6fe,ef47c7f41dcf91412ab4ed53038ea16f,0e5d9bd0492fe466388f7e414dc3d840418d1e188b0f0c55f79c3f8f4e823593,f773dce05e324ebf2a4c1aa1346a9ff85c06d1285fb2ebf40dbc44e548cab6fe,134,11,
control,control:94dada74b400b029f681e68b0dbed1fa74b1551299b4780978c30803009b8d0a,52f4fff3c2b650994f59c96f21bd3b89,9bc0fb5bcb6652e3c5bffc59fd6e86820160473a9b8d0a078b2ab15e7d729e44,94dada74b400b029f681e68b0dbed1fa74b1551299b4780978c30803009b8d0a,102,7,
control,control:dc730d305caad4a77086cd20d474e7982909fac176a3a79fc3db58900c85916c,e2bcc51d758ca239e2b8ea0bff2581f2,ebbdc92249453516705825947d58cd976b13a4320e2dfac895ca8dc2c0882708,dc730d305caad4a77086cd20d474e7982909fac176a3a79fc3db58900c85916c,77,13,
control,control:a90991a8f8199a7e01874c96639a091bbb226775ee858604f13337ad0265f101,350069cd25ec417b68564393215216fd,ea806168240f47220124389fc82ba5e57b07ac5b3ecdb6898bffcc1fd747803b,a90991a8f8199a7e01874c96639a091bbb226775ee858604f13337ad0265f101,95,1,
control,control:c3419eeedcbe2a15e63a46dfb8574ca72a2033fc8fe5b4c8abfe5054b525d01e,f794e971a6ea2920b09272b90a363e6e,24b11f22b40c4d9eaf362cdeb0cd9aefc212775b1537c41963a515a6ffd0fde5,c3419eeedcbe2a15e63a46dfb8574ca72a2033fc8fe5b4c8abfe5054b525d01e,166,14,
control,control:bb9bc5a8976dd1ee5d84cccda88fc5ab8ca1ff72f9ded4cb7b2be6a508c341ae,68da09acf485456d57dee8185ce84861,06bb90d1b815f3523c094562a2b6fd3432477162e8074cd04cc6d8479a758561,bb9bc5a8976dd1ee5d84cccda88fc5ab8ca1ff72f9ded4cb7b2be6a508c341ae,100,1,
control,control:2d3c5c96465138544312b3cf8d6b1ef06194466ff40c7e88d7e098a95e8bf044,3b60b66e42481db91cd3475689e2a218,2666aadcea07e44afb5c2c0d4f0e0fb4d5908d9e746915357bda3d3fe23d3a38,2d3c5c96465138544312b3cf8d6b1ef06194466ff40c7e88d7e098a95e8bf044,69,11,
control,control:24332fe6439c70fa35b2d6e0c0ea7fa14a6f466c0d241157aff4218d2e30a335,724f0b58ada5588abc1871b1ad6b874e,9771f8dd269ec3154ed5903f2d18884194e9363a6352c02bfa7d41982499f1fe,24332fe6439c70fa35b2d6e0c0ea7fa14a6f466c0d241157aff4218d2e30a335,60,1,
control,control:45d8ee864232f8653f3916dc503fcc5809fd6f96bdf7982a6286a0b26aa5130d,3b18102eb87078e3491af7b5a822abe1,30a3a74b18ae50deeb5edb0dc1fe62ca17418f43bf3bfd580508cff466be9be6,45d8ee864232f8653f3916dc503fcc5809fd6f96bdf7982a6286a0b26aa5130d,109,1,
control,control:d0c5730da9481735900c26ff293f5cff88f111a22fb11e6c7c6610dc4a2b2e32,3bbc7c0ca730d78ef384082f75c90294,30415e082dcdad884207d3204c8bf5ffc400f1a4d30a9a7fcc751965c9a3b7fb,d0c5730da9481735900c26ff293f5cff88f111a22fb11e6c7c6610dc4a2b2e32,86,15,
control,control:02a653e3a7fafe7113be36bf30e1c252335ec9f74e364287801e849a2eb09ac8,9b38c0c881716881d1fed30d93d414ed,0a38c716832297f43b0d3524fa8924ba1441453b23bbbfc7a87704ddde0f9bb8,02a653e3a7fafe7113be36bf30e1c252335ec9f74e364287801e849a2eb09ac8,305,4,
control,control:3e28b5f9a7fcf9d037b8a930de06c81688f933cb38ce6d5bc989d9978db5b751,b6f042579073b7213f57bd456a766de8,b192a1f7c4a180efdb9196e8db73ab93bc6fb21fb3e57eb4bb368f88f7635604,3e28b5f9a7fcf9d037b8a930de06c81688f933cb38ce6d5bc989d9978db5b751,115,11,
control,control:c8bb84e6f4760466d3134c61f75c79200fb4e74d8a02862fa435622f4148c46d,565b9373ecbeedd02df3d99147e38cbf,0a65891453ac5c936d73c33271f4118a6d984feb2585824930c910cf0a6a83ee,c8bb84e6f4760466d3134c61f75c79200fb4e74d8a02862fa435622f4148c46d,115,17,
control,control:01d12b9ddf6599a12be427bd0072c58fd373d3b658b48d69c5c9a8083e44df64,e65c08e9abb5df17b09e83303fcbf7b5,56bc2f2754ac90db7c29960bec89a99ae7d2c142d6738817a78e88889ed974bb,01d12b9ddf6599a12be427bd0072c58fd373d3b658b48d69c5c9a8083e44df64,67,11,
control,control:86c9872085a357234b857b809bef69637645f2cbf7f10728df9e34bc7e1fa91c,674609a26126e58371c54a393bf5ba13,5c7f78181a8ebe661a668378aab0d952afd6b674a644f320f4c2247c0e12e2a2,86c9872085a357234b857b809bef69637645f2cbf7f10728df9e34bc7e1fa91c,57,12,
control,control:4b82580f35dca8b9091ff481d4e9cee245bc02f6c21a222a2084869a206ffbc5,a737cc3aba3f2139a2d64c7c5a87bb7a,a915e5f239296b176bca766b118c9e452da8a6cba49e905fd6b1ac4a4af21677,4b82580f35dca8b9091ff481d4e9cee245bc02f6c21a222a2084869a206ffbc5,95,13,
control,control:d1405785e44b08efccae47b97cf07ce833137c2aca4efe5668997221da19980f,ff9c3aed95630e752f0ff73ab4a9cc26,c2a9061e71666f3afabe3ce22132cf7decc80c8db84ccd9d56b54f21e889d471,d1405785e44b08efccae47b97cf07ce833137c2aca4efe5668997221da19980f,118,15,
control,control:e5b8a40ac754cbe67feb72ff8013e3bc75ca1e15a89e8cafea2fd2f69c420d3a,47008fcf8e72cff6642b6887791f12de,6fe52482b59e8cfbbbd42cbd6496d6a360a69f7fa832dd7aac59ada35a362969,e5b8a40ac754cbe67feb72ff8013e3bc75ca1e15a89e8cafea2fd2f69c420d3a,34,32,
control,control:19c50406d3ec1047c5fbfde60cd072a2f067efdeeb106eeab742b727ed44d9db,dd08ac70d83f501650fa78e8e7a024c3,2dc7a25d5ee492c50a5e479a165f310ac00e987bafba56023c16f0544bb39348,19c50406d3ec1047c5fbfde60cd072a2f067efdeeb106eeab742b727ed44d9db,96,25,
control,control:126c8e93c5563431ea8fa8ed8d3e5a8c54da003b52ae82a4d661a3385fb9ce4e,06bd5b6a22e9973482245204ff9ead55,339e82b66d22d063143c8e115548df0fe04ee1880e787f89153fc04484bafa79,126c8e93c5563431ea8fa8ed8d3e5a8c54da003b52ae82a4d661a3385fb9ce4e,361,11,
control,control:5753bd05aa8c4f10f0da0153d1cc44e2f17aed253190617055dffe18da89245e,218f8b5ef2711f6047b8390dcb829518,a61f20fd4c98680e61c876671e1c9677fc65d2e61b7f337ca481f1d819712138,5753bd05aa8c4f10f0da0153d1cc44e2f17aed253190617055dffe18da89245e,85,17,
control,control:2265f34dbe5e238f5fc864930c2452ebf43572cb3b2c6195ce52d0f3fa2e918f,44d97f444c64768a429b7d14c0b5e126,767568388a397371d0df1d4cbec0560450e939a040ec98cdf6941f28b42a9ae7,2265f34dbe5e238f5fc864930c2452ebf43572cb3b2c6195ce52d0f3fa2e918f,85,1,
control,control:f87ae2a367c71f0f8a37cfb1efdfe9d2ac1a91968153c2158f12440d96f85599,646437c233787d7ac7854de29590f523,56cbc11996469b2d36a60e2b30544a343eb5171df68ae566886f362a2d9b7b51,f87ae2a367c71f0f8a37cfb1efdfe9d2ac1a91968153c2158f12440d96f85599,66,11,
control,control:2fd321de4607879e53189b0aac992cd2741ec53e92c9e26ebfa7862d8ca96ebd,6967aedbb124e1f4ed27b369953de635,16133048f3fedc0bf85681f5bf4466600fe964add05f32ab72d5b915942159bc,2fd321de4607879e53189b0aac992cd2741ec53e92c9e26ebfa7862d8ca96ebd,241,5,
control,control:631841319e16e8683c603a3812899f2692ea97b50d4504d8c26008ac6c6b1ab8,fe90484ac81227e69d52eb1f564145b3,3272741362bef469c2689feef8a0ee2b044f4da02fd173e6c39514dd19f8977b,631841319e16e8683c603a3812899f2692ea97b50d4504d8c26008ac6c6b1ab8,81,18,
control,control:e6820fcaf2855960ce93003e29d2a84d4c92a137a23d6677bfaf51981305281b,6814cbda342d1725e80e3afc98c6bfa6,a6824d5c1efe656c535b55c5a98babcfcb08d20d0abf0406f6130901e56c23c4,e6820fcaf2855960ce93003e29d2a84d4c92a137a23d6677bfaf51981305281b,113,9,
control,control:dd60e5de8b04816584bfb2fe1f2814470bc7191ab3904acbf52e9a134d6282c4,aeff1bc2e0a06abad67e06be5dd5cf3e,4f4353d8b4ea723d311872f793ce21dc91d492f066443b4511bdbcc00445e300,dd60e5de8b04816584bfb2fe1f2814470bc7191ab3904acbf52e9a134d6282c4,64,11,
control,control:02c59f93c68ca2664628f7981cc08af702c21df50634f49268fb81abdb7ea105,e1f31e9c5e2e53de23a5f5d7b5963fb5,598923e8321a75e1af83e5c75fe7b764dd81d206264e4542ec265fe5cab8110d,02c59f93c68ca2664628f7981cc08af702c21df50634f49268fb81abdb7ea105,139,9,
control,control:6171280d3010acc10a5cee423e519b92aa885cedcd0276ddbb981ea6e35a4abd,01036ebee61e77be3050bac469681f16,1fb2d8b068355dc21db850c87e9f8a5cd96799a01638a217e401bc058d0fdfee,6171280d3010acc10a5cee423e519b92aa885cedcd0276ddbb981ea6e35a4abd,87,1,
control,control:281856ef8879a35aaf92a928bd8c429238b3eb359ac254def5315e1657e4695a,359ea2799a9512a7b5e4b5645d39d426,8e6a7e128db8b204d88623c95b9b0a2e0ff59dc5fa8ec6aa59608c314ffb4c7e,281856ef8879a35aaf92a928bd8c429238b3eb359ac254def5315e1657e4695a,80,14,
control,control:704f221a703d54bb84849dfef068b97ce9d2b6d7ec794f9d20590937f06e7057,bfe3e73e2e4c96d341cbe13dfe00401e,d638bfb4ccda27f2a294cda6ab22439d0e8be1cd26255ed055bf8b8f9bd4ae2a,704f221a703d54bb84849dfef068b97ce9d2b6d7ec794f9d20590937f06e7057,71,5,
control,control:ce0e25c4bbe57ded26d245b65b13bd3f082464a8e362fb5dbdae1f2d100cd91c,1177b871fee5986946f04f1619dc452f,74a59a7566e19eedb8ec59d19b47e852496edc1991d403e82a98eeded522c5f3,ce0e25c4bbe57ded26d245b65b13bd3f082464a8e362fb5dbdae1f2d100cd91c,118,18,
control,control:1f8965a5e6b7793d2017c8e72d12bb5ab6122306063eeafaa70d196b91fbcf7e,cb7095196e2fe5b8a899ce1e3d6261cd,6b8d0fa6f66bbd678ab9ada8f321cfab70c11907fc1c40f95080ec6382f86a3a,1f8965a5e6b7793d2017c8e72d12bb5ab6122306063eeafaa70d196b91fbcf7e,117,11,
control,control:bd19d053367f7c613ef087859a5af3637a2b360a71ba9f606f8452e5f6f9aac2,fa0ddbc57efbcbdee3c652e0fa74a11d,6b0dd8a4d0293e53159f1c078c79d6e28502507fdbb79af37caae8b7e6c62863,bd19d053367f7c613ef087859a5af3637a2b360a71ba9f606f8452e5f6f9aac2,142,11,
control,control:5c45767077f1fbd4ae860c5255f81005ebf17ed382340b4a2a8df524cd2bb2bc,96306e3e194ce347051a2e3a15ae243e,70593f2cc04704dc54689ba888683837626c8e33fa45f4344b58481345916e7b,5c45767077f1fbd4ae860c5255f81005ebf17ed382340b4a2a8df524cd2bb2bc,65,1,
control,control:f97ec79539b41c841010ace3262a259c6a2b35d075e9e14b724bae57ca240781,171c85e80fcf75ebfbd9c57a0594c757,7b3bc3cc55ad751143bcc4fa3d3c393a14901e30a9a8a69498bb808c44d40b21,f97ec79539b41c841010ace3262a259c6a2b35d075e9e14b724bae57ca240781,18,17,
control,control:4ddce15e38e2e0a125a728de1be425c07d1075084ffa677c08c4c4e862a236a7,de15b32137406ff03648f40d280af1d1,771497ce14f193986049ae1c9f3fd6b927d964f22b7a74c8f7912f8740b5d3d7,4ddce15e38e2e0a125a728de1be425c07d1075084ffa677c08c4c4e862a236a7,140,17,
control,control:19582b28c9f0015d6f62e1df322db4f5fe4b86533414ad913879a3d03e28296b,33910c395d38f15d8e78e20fa2808ff9,4d995ec82f8bff836082edf4d58e0d94e350e555e375dda3e2913879031d73e2,19582b28c9f0015d6f62e1df322db4f5fe4b86533414ad913879a3d03e28296b,110,20,
control,control:4a7568b45cd8ab7b12925c5fa7e5e01a653cd2cb55e52730c3b331ca571e6dbf,118cdab82d1ff7560cf2004f822389a8,487d8816062c248a3dd2e03a0b0b90395697aae3f57d55fa7256930f8e23de00,4a7568b45cd8ab7b12925c5fa7e5e01a653cd2cb55e52730c3b331ca571e6dbf,85,7,
control,control:0e53114afc719f7cd33f8566760565b34aec686f6adc2d83696cf07134637b3f,1874ae0222d9cbfc8bfa48e89145e5c1,3e74eb0ae09a2de4e15605f43aca9a1dd827243047f192691034932c57089434,0e53114afc719f7cd33f8566760565b34aec686f6adc2d83696cf07134637b3f,74,1,
control,control:294f98603fb226b1cbf9d01e153d0308688413121bd290cdae1cbc59bce00395,0b72ea112c8e618897c9c0d96454b974,5dcca043502dc121d43c7b6054071a8baca94005eb3161f372729da02b83cb0e,294f98603fb226b1cbf9d01e153d0308688413121bd290cdae1cbc59bce00395,91,23,
control,control:159245a51d31b2fd21794bb5339dfedd9220e32a6648bf9c82ec4980e31e5c1d,9970f73e9b24f543d0c8e11d6a6bfddb,39e7a04b79010ed2a5c78761cbd5b87dbbf5ff95a5fd333ca3915d6dd5c93ca4,159245a51d31b2fd21794bb5339dfedd9220e32a6648bf9c82ec4980e31e5c1d,28,5,
control,control:f2ba8661d1fd0f420f44f1ff57017adcbb5975486ff9c1e92bb0d1c05dced1fb,2acbc43068c3bb3ab69e186f60d4d5f2,3ae62bf9341b6e08c5d0103ee0feb8d3e0eb1666c04efd1939b2a17f19bf8bfb,f2ba8661d1fd0f420f44f1ff57017adcbb5975486ff9c1e92bb0d1c05dced1fb,100,9,
control,control:7e2de2a71bb10b4ad854b664c442b9eb9649b0078dc7495bfb43d728863c520f,778167073a6ee930b6d783dcfa2841e9,16f32933aadc0bdab584a54fe652b6f1cb4c429da94969149a4d026048ca568d,7e2de2a71bb10b4ad854b664c442b9eb9649b0078dc7495bfb43d728863c520f,39,1,
control,control:6da59f228a29afade16c63923ac7d4d2dd583e065b1434c5726ae998a9aed955,25b7f96142aad395b4b132e47514fc5e,14418a6fc16c44f17ddf7672b68cacbb6c66bed6912cc687fcaa2222799adbe9,6da59f228a29afade16c63923ac7d4d2dd583e065b1434c5726ae998a9aed955,149,13,
control,control:81340a57ffe8a4c8bcf21e0b9e3b90c2d7b585d9e3b2ef129ba1bd98be81b081,4385131e5c9f3bf7cf59d4dbc0131b96,74f0696d49dd806c25b95c5911a5b27bc63af96efd12850280a95194dc2ec762,81340a57ffe8a4c8bcf21e0b9e3b90c2d7b585d9e3b2ef129ba1bd98be81b081,137,18,
control,control:c9efb97d915bc570c7d7b2c9e929c349a7852a372fa1df64425e51a7456b4d6c,e2f2ba579244cdc2da363b45ae0fc317,1a37b190366ddb8408214025dae7ea7a7cac1ca2c5b710e4f2370ba37de5efeb,c9efb97d915bc570c7d7b2c9e929c349a7852a372fa1df64425e51a7456b4d6c,88,8,
control,control:53b428393c8977b6cc37d52734b291dfe87a8b4644d57f7c4dea8ada76dbdcfc,47d77daae09807cb39940d5a8d92f2f1,14f04b8a6459727763d4232b2c3118b1909742381bee5b1b2adbae35fef4af7f,53b428393c8977b6cc37d52734b291dfe87a8b4644d57f7c4dea8ada76dbdcfc,153,12,
control,control:9b43fdca1b7b5db5bf59111bd3053a77af43d78d838616fc4c513b12471c0b0d,6f397ad1c6e08373b4cb743333355555,3529d1fa0e18eb9626ef5393459e0ed714389f1229242cdeae7216909dfb339a,9b43fdca1b7b5db5bf59111bd3053a77af43d78d838616fc4c513b12471c0b0d,133,11,
control,control:24d1747747711ea5fc14da152d17038283e9ac0c02ee468a7f58661561aeede8,3df9dc9199267c93c5c6885ea3646859,d6ba4721b5e02b618c73a98c4d7470e7a00f664b61b6a2f1ea0b0a76ce54f7c5,24d1747747711ea5fc14da152d17038283e9ac0c02ee468a7f58661561aeede8,40,1,
control,control:70b30cb4c3add2ee5737ca2e486d5f252c628d66e9cc764350cee2df1a2d6375,d1c51c3927310de45719639d047367a0,006628ba6bf5228204cc5c178e146eaf59993e16cf593adf1ef271c1928dc8dd,70b30cb4c3add2ee5737ca2e486d5f252c628d66e9cc764350cee2df1a2d6375,74,1,
control,control:0b55b94ae6bb5ef2cc3e3f01b19c8c322b766d47d5871ed0509316f43285c8dd,d9540171ac2596820cba2660bb7042fa,2e03a295f872dfe8531c9573c937c134794588170d44d3e440f0a9363c667dcd,0b55b94ae6bb5ef2cc3e3f01b19c8c322b766d47d5871ed0509316f43285c8dd,98,19,
control,control:741b7162c77764334e9be61ef75b4b714b32bdf1e513376af61b6f3e339f5692,2a978aafb79a3ad498219da4301e2053,ae3861bea817e5a2c67998e7d786dd40e3fc7dcd689bba5f2b3f1c07d35dedac,741b7162c77764334e9be61ef75b4b714b32bdf1e513376af61b6f3e339f5692,101,1,
control,control:7ff5999ffd932514b9ff8a7842e89a375906347d9cb4f7bebb5308d7d56b4474,1f4512ce395610d5a6b12b56b5b5447d,4c2d82b1791507f80b4601e90c223a80009f17e1115d996488e8944e8f23db83,7ff5999ffd932514b9ff8a7842e89a375906347d9cb4f7bebb5308d7d56b4474,55,6,
control,control:889095a8640643842761da87a5b2d50a78b5221572e353c8c79ccce6c5cc881b,9e10b49aec2f15b6f280ce78b86f8ff0,1da16448e3c8cc3b65ad14b2102a9d79dd1665a3ffb78b5c118036d78878e7d3,889095a8640643842761da87a5b2d50a78b5221572e353c8c79ccce6c5cc881b,52,8,
control,control:6bf0986ee518a44aba25f73925465789457c7097b9539cd9dd487c53ff5c2580,1a768d6a81fb9d71987490003d1ddf6f,bb252cc75d138c8ee363a56a2c13b9906cc17bd927426c533d51481c19cfea33,6bf0986ee518a44aba25f73925465789457c7097b9539cd9dd487c53ff5c2580,96,11,
control,control:8823e592be346e9a4c18ff67e1a9426a49d88b15d5e9069a88658e795fff9bc4,d4eba1c6867b0b2ae04fc6601d0bd3a2,412fdd9681e141fe5bdb0d90dee7874f9ae1e0ccd326ecad79c4ea400979c147,8823e592be346e9a4c18ff67e1a9426a49d88b15d5e9069a88658e795fff9bc4,145,1,
control,control:dad44a211fddac04961813d0971911780c7fcb66537174890a902957f281ae99,8bb1985da421a68d4602d58c258947ba,1541bfef3c3bdbd70aee7e3cc55a4cde7d3511896419053ef222c3c41a7012a6,dad44a211fddac04961813d0971911780c7fcb66537174890a902957f281ae99,135,1,
control,control:fb3b2c7fb108dc47501065ccfa4510cddad4a592c1ac09c1766920d327faa7b2,66002820c04328afd04678fcdd962af9,bc92d188dad10cfa817d357abe78600701a3e9d5b77e4b87e61b14fbb2fc709f,fb3b2c7fb108dc47501065ccfa4510cddad4a592c1ac09c1766920d327faa7b2,141,1,
control,control:fd20ed24381f4e31a65f6d4f4204797e1e1486294fddc3e1524f91d19bd8de46,cb597da6e503a5e307842120293796cc,2037c43fd32f8229a4ebb46b79b86517d83a3976885546d389c963377160ebc5,fd20ed24381f4e31a65f6d4f4204797e1e1486294fddc3e1524f91d19bd8de46,111,14,
control,control:3642a760e3579100ae34c24ae9c512150834c2aca3e74d09e5c8561e5be8a84a,c480cbb116d3f3580b0b01fa1ce3e970,34ee665c59a847e7f0361624f08ae31835cfb9a4aa802e3acec41ca9ea95ddc8,3642a760e3579100ae34c24ae9c512150834c2aca3e74d09e5c8561e5be8a84a,177,14,
control,control:5542040b69c0342526843912768b46256c2af38de49002e834d4a8414b4b78d6,d2f35a3a7331c6f1acbce46601d9e51d,313740ed2a1d2eb15bde199921bc78d56c7436781d151951e58dc68720083631,5542040b69c0342526843912768b46256c2af38de49002e834d4a8414b4b78d6,84,24,
control,control:8d9754320403aad3c3d6aad43f5a281dbcbff0f688db006c456b7b73329e0696,b787ddaaa8218c15b1b8378a63fbac45,73e740afc752821efd8e5a1ce40d258cde40332dc2f508352b952ecdbec3cbc8,8d9754320403aad3c3d6aad43f5a281dbcbff0f688db006c456b7b73329e0696,214,1,
control,control:a06fb44dcf6749f767d00246a9162b3ecbe35aa585564eb6bf5a911cd8a493ee,1f16a70673ac66d2a7de613f741ce5d3,02f6a7c5d779153225a93ff6241eabe4603ce31e6a20e1452291cfbde6dbb459,a06fb44dcf6749f767d00246a9162b3ecbe35aa585564eb6bf5a911cd8a493ee,127,11,
control,control:5f6b74911c12eb7cb82ab951d846d12f63c5225dd093777ddeabdab35264d589,7a20a96a1cbf820c8c1a3f94694568a6,8570588928e092d3cdf59f3bce77bf3c99ee8aa06bcaebe17eb90f1eb5cd15bf,5f6b74911c12eb7cb82ab951d846d12f63c5225dd093777ddeabdab35264d589,144,17,
control,control:06a38f2e26580d72dc9ce274f1dfc21f2f5be328c58ba40d79a5e2312d80e085,26201ed83d9035bf2d1bfa6ee44432de,110f4e9bbab308b555e6f9710c6664f5c2ec2803c278611dfc9dd0a4c07d429b,06a38f2e26580d72dc9ce274f1dfc21f2f5be328c58ba40d79a5e2312d80e085,98,10,
control,control:513e75aa016387e0196a72613861e6cc99114a6b7e2b51c56cf9bae81a2813a0,f191827581168445627b74ecbac3bd40,3291a6602f7cd6b83ce0a68f1964f9d441bb385247c75cb1f0a0e358c7fa2397,513e75aa016387e0196a72613861e6cc99114a6b7e2b51c56cf9bae81a2813a0,158,1,
control,control:cd9ce2bb61e8914a4b1a72ff394dfd080ab59443bbae45d4123396aa5cd05873,7d46419136d5ebd94e1c2a92f89c8b66,7302527270718b2777186a055810b788e1cb492149d3428387a8e060a95b5dc0,cd9ce2bb61e8914a4b1a72ff394dfd080ab59443bbae45d4123396aa5cd05873,113,14,
control,control:d67110b9b5f6acc07e9e87c716926e915a4945750c480a54b22e3b8b9320b2db,91a22b4ad6a89bab765e3dbedc2eaa73,146170226b811bd3968c9eb3cbb18444bf8ce1425a2578eeb035c95ad554d80c,d67110b9b5f6acc07e9e87c716926e915a4945750c480a54b22e3b8b9320b2db,91,19,
control,control:101de391b68a65ed64ab2f4e714aab35fd3172c3bca6a6e99586131340ae5046,0ed00f38a6c82f959e944579d4b5114a,46e81df700fd12246a6e50be09c9ed8e9a0c723b645e7e4874966104bab3b1d4,101de391b68a65ed64ab2f4e714aab35fd3172c3bca6a6e99586131340ae5046,124,12,
control,control:4cf1bc4083b16a1a4192f2e9a27e5818ee8df89021b449192a921a8b85c9c1b6,20015ee0ea1d36ceabb184a432e6672a,751716afa2d80e29b1f9ae9ab693e2e97d1a6b049b1e6acc7ab41da550c9e1de,4cf1bc4083b16a1a4192f2e9a27e5818ee8df89021b449192a921a8b85c9c1b6,125,22,
control,control:37c5789a55d4d414a8b6e014ac0fa7d7d78306198f1e2dbcaa138523d69862dd,22247789173eb314e156b509ed6d8876,41edf23cb29c4e3927d253c4ea4611119c20e89be160dbdef8ba8ee092040f73,37c5789a55d4d414a8b6e014ac0fa7d7d78306198f1e2dbcaa138523d69862dd,49,1,
control,control:84c41b12e28d1fff5f9640e73c636b0fdf9610f6edf2d7b0b88c0f67086067bb,cb956108dd00f40e556da282d73f8d10,f2083593c9911ce81cea66e0a2a4bf7b8cc22772fa0ef68356e24dea6137f513,84c41b12e28d1fff5f9640e73c636b0fdf9610f6edf2d7b0b88c0f67086067bb,75,14,
control,control:f7215ab3a5a48f3d6bf39a4f303207faea3a005851c8d38c827f2e03d62e89f4,bed9a219e14cf86f067db6c0bacc37b5,23e59b95d78a302d05fc85ce6e0db096c658fb59a4dea8586ca4c1a1cf2b6d22,f7215ab3a5a48f3d6bf39a4f303207faea3a005851c8d38c827f2e03d62e89f4,124,30,
control,control:e2234bbaddb419aa2d5f3b9925054b032589723ed490cf36433e39d4abcd6bfe,f5af5d5925fceaf429c26d65b5605403,1298c8001ab441ffc5d643886da874ede20dd4a1d034ba6e86e1566b98da195b,e2234bbaddb419aa2d5f3b9925054b032589723ed490cf36433e39d4abcd6bfe,55,16,
control,control:0e8de4ad87934ac0a05472e26ba0fcaaaeb6971554e88016d6efae7fc4cfce3a,508b14102c0ce357258bdaadeceb80bd,adc46442f5c767729df2904cd4122df5def93a7e6c4869e872755fe742c1d8c9,0e8de4ad87934ac0a05472e26ba0fcaaaeb6971554e88016d6efae7fc4cfce3a,73,13,
control,control:12676d8c77613e65691822ada97a86f277ed441ce8c2873ba1925a47f13ed5bd,223978cf0166f463276bf0b9a82709b5,0f23404160c662bd2acf78ed07e9532e01144c2cebb44324ba7a9e67e14ed1b1,12676d8c77613e65691822ada97a86f277ed441ce8c2873ba1925a47f13ed5bd,122,13,
control,control:d6e7fdb33586fcfeab32ebca366afacbb3647c5a7b2d75e5a8d1b4194561e6c2,524559ca1c5010ce520168b051c79c5a,3eb260e725cb80dd1c3080595034b9c3b868a5b1bab1975e4de19ad4b686b954,d6e7fdb33586fcfeab32ebca366afacbb3647c5a7b2d75e5a8d1b4194561e6c2,134,1,
control,control:2834d95da852ce1b4fc0894c18151a2852a5ee6b3db16ba68363511b0c41ea88,2b4df91cb077c9ef27630bab803e4b4c,31f4b248c3b52524d891f4de3cd7447e769059f757660f0aa2682f1d47339772,2834d95da852ce1b4fc0894c18151a2852a5ee6b3db16ba68363511b0c41ea88,77,2,
control,control:b8e650ae7112ab2fa0a50e9f3120dbaac0132bd20163fb3fa793b7d0b833987c,93d47a91aeb3b21f4a2a587218918a53,02379cbe659102962834f2a928bd55b0b65d7b67a455ba57e870d5e92274a89e,b8e650ae7112ab2fa0a50e9f3120dbaac0132bd20163fb3fa793b7d0b833987c,98,14,
control,control:d72bf209056de01df13abe18082ff32efd4a019d0d8f73994181718cc3edbb62,de342a79857c6a2fc594a7aa71815eb6,083b73b61f9ee93a865ee398b6f52039ff6a6aef924dd5fb5beda1a887d7fc08,d72bf209056de01df13abe18082ff32efd4a019d0d8f73994181718cc3edbb62,112,11,
control,control:d25472062ad3aa5aada67b15b51c753d6b243be577fb122bb3fa9bfbfc831de1,dd5ed88a1c576302b67a1e29a1f3d049,4d29beaf1f1026ff98b8d80b3f103f315dc3b7cea2a78c67d011c47daf4d7ea0,d25472062ad3aa5aada67b15b51c753d6b243be577fb122bb3fa9bfbfc831de1,138,1,
control,control:01eb16c628ce4d0e82be0a8ac3a85121fe977c14e735e21fbfe80594c22707ba,7c6f32ac0299c9ae2fdbb5f3c8ee8a35,3a0fab02dfa3a8188935ba69fd38f5da5b31d58751e876b1e8ba53f0a261a34a,01eb16c628ce4d0e82be0a8ac3a85121fe977c14e735e21fbfe80594c22707ba,136,17,
control,control:a07285449ca4ddbe41d55a3064ce13be1f0b96ee297f17b3e057e71128d0c88d,12fb06d300af29edec310c175ee65fdc,4088499faf8b912d22f7a79f1f8a34c9862e6a060283461d3363f2d1301519eb,a07285449ca4ddbe41d55a3064ce13be1f0b96ee297f17b3e057e71128d0c88d,88,1,
control,control:29a914d0cfaa9c05f79b395a4e56e13d566f03d585210c47a5d349045e0b8b49,6e02d64c3d6bd67efd72b0a94e1ddf22,4433c9c439a76d08a53d0227648f425b7925ad3f314e2bda4d17660cb9f04d31,29a914d0cfaa9c05f79b395a4e56e13d566f03d585210c47a5d349045e0b8b49,100,1,
control,control:449f888414d0008f0049d5c51f0d216c17d0ae0a102ed29f0bab6b0dcf0abd20,295e3ac9640d36f18a318d28e7a6cf37,96fe0ad9beb83463512e21fcc865578bcc4ddb9784fb7ef9ae3210dd7ffdadac,449f888414d0008f0049d5c51f0d216c17d0ae0a102ed29f0bab6b0dcf0abd20,113,25,
control,control:1aca13f5bb9412fc1c24d224c6dd33acec6f2cd41dd27d2af97b85017a19e305,f1e8fd58fdf28251017abb57f0767784,42836f87519bef61ee40d2f961490ac883c0f663e0a8438f6096393e69a6ac71,1aca13f5bb9412fc1c24d224c6dd33acec6f2cd41dd27d2af97b85017a19e305,81,16,
control,control:2568cfa57270c6f4758afa601008df02c87453b7de7ccd1e0033c8994dddc9f9,86cb8a07e4cd928c0ed8321f9e31061b,12e56f55d400cfe32f5d568deefbe9d612d13fd5df785a1d734eb2e9bce8cfa6,2568cfa57270c6f4758afa601008df02c87453b7de7ccd1e0033c8994dddc9f9,142,1,
control,control:483599ba07db60847d3f458dd82bb5b09ae7912f9a9c630e37edeb27081dc0b2,0bc860097ab7b12b33a66dae020c8b29,993f58e02ce33751f422332431e338e86f19bbefd43116638617e23657b78a65,483599ba07db60847d3f458dd82bb5b09ae7912f9a9c630e37edeb27081dc0b2,100,22,
control,control:f9a99251cd2c54982d894518fae59cabc007d401501b5264665eb99abaac7e2c,1ebff477df5ecbdebae2f2de232ecff5,71f1c8d391a428ae470e239c61c5c833599e8fe2141c70e6c2156d72eb6982d8,f9a99251cd2c54982d894518fae59cabc007d401501b5264665eb99abaac7e2c,69,11,
control,control:17b65b7f5ee92b173945acd0c607685ac39086b7e3f195a02784d0bc77651f46,3438a2bb21df0feb2f656eb582e4e0d5,9459e1d5414c5efa8d0b498f55783c19aed8f215b2acf6ce0f0c3132fa3a8d5a,17b65b7f5ee92b173945acd0c607685ac39086b7e3f195a02784d0bc77651f46,157,15,
control,control:09aa40f1ae2494e4774762e20f3477a9a550767b7248105a5bed89722400092e,71c1a8b47bc459add0af6f39da399700,d18c31551ccb94e0de9198087ff3a470f249153255df3222340278560ce98e9b,09aa40f1ae2494e4774762e20f3477a9a550767b7248105a5bed89722400092e,107,1,
control,control:92f73a9f2501f35186af49a3e8a8e016beeadf80756090407f0a307b5ea7cbae,1f9794aa4cc5c5da624307989b48a7f9,253fc5accad7842d6cf6b255dbc6eece020f0aad3143094a2ffd1c37fd214dd6,92f73a9f2501f35186af49a3e8a8e016beeadf80756090407f0a307b5ea7cbae,95,12,
control,control:83b2da2c1ffdf8914ee4dbc03cd91cc889fa37bf820c04c9f1d355f7eadea2f4,d8325db0ffcb76a5c55802609e9e68df,222e99f5e1a5d395c83083c7dc19ffc847358b294cda4203ddca659fbe402951,83b2da2c1ffdf8914ee4dbc03cd91cc889fa37bf820c04c9f1d355f7eadea2f4,96,9,
control,control:c9321024b5c1732496deb0f66b399acc005f3be30b7067e97c34fc1b7578d788,e181c27ab8a6294d8fdc346cfeaa8903,29f3e2f84ec98d1ba07a7b6674dd8a3117c4bd41518c76e564c8cb0fa058648b,c9321024b5c1732496deb0f66b399acc005f3be30b7067e97c34fc1b7578d788,151,17,
control,control:edbefc3d038abda3e4a7c7d6ff69e798cc9183cf250503948efe6b4d5cb58d6e,ae86feb78343eb3860be7052f9162140,aee1cb9603853d9c5fae528d4d3a52762a350900516fc2d0466b4f1e934c6e36,edbefc3d038abda3e4a7c7d6ff69e798cc9183cf250503948efe6b4d5cb58d6e,142,2,
control,control:bd44885429cb66d66631733ff04b49f00399f287b8782ac5a67b8dc006b5fbb1,1a0e5d07c2d6dbcebfc813726f83ab5a,08862717266a46b02e3c7fd8b92ced436b8d11ec80ae2c2560d30c98d265829b,bd44885429cb66d66631733ff04b49f00399f287b8782ac5a67b8dc006b5fbb1,209,17,
control,control:5420edf0a8597a518b73272fbe11b78a86606d71826d51410f9c95f41b23a000,f6f3a4c4d6a57a39a93470fe1637bbd6,41e409ff7d6e7f8df4e25d533d40590d780d04b443f1637f2f84add1f7c2c841,5420edf0a8597a518b73272fbe11b78a86606d71826d51410f9c95f41b23a000,124,21,
control,control:c3c6e6dcc89c216dbed61cd0401d7488868f10439a22d7c906e5b0e6725da059,273e221025d19e53d25157366323f45f,9a61ecd3abeb98e5c3e5a1bb9205f7006644f6aaa86475c88973258b5c663329,c3c6e6dcc89c216dbed61cd0401d7488868f10439a22d7c906e5b0e6725da059,93,12,
control,control:78c26a300b071c96a6c6365a9b48710783c0aae4552effaa47d997565b784bde,71f97e8716b2e238c76ac4bc5a994d42,5e36f3eb554a6e66e92f72c491456fe684fd2f003e0604a23945f597f2abbad1,78c26a300b071c96a6c6365a9b48710783c0aae4552effaa47d997565b784bde,53,8,
control,control:50e082f5c7ee48beaa6f9381b7855a7a7426589f97580c5abf7dd750bc0d4840,aa5e7e6d9ba1b5f1bf8303161c00f2bb,74b2792e71be162a42615c88d44c42324459b72965c1b44239b68a12a66e1c62,50e082f5c7ee48beaa6f9381b7855a7a7426589f97580c5abf7dd750bc0d4840,104,16,
control,control:088e36dfe2666dede80b6e8774f64a3bd7a64af7e5f70fca5040e746639e332a,04be6529c04b5be8bbcd42d51e30d826,075886768a4dede4bc76dacbd20ef3c9906a5bd5f6625d649a845e2c621683b6,088e36dfe2666dede80b6e8774f64a3bd7a64af7e5f70fca5040e746639e332a,27,1,
control,control:49d04857ce5ece3362cf6f7e847e8dc4bc625fa8254f3f090470cc564302e0e7,8e4d3e95bbf39cdd52d4da8b81387d32,2068bba25d65f3efa5b9f35e8e970bc7dd0dbf9c360c459f78f57580c4042176,49d04857ce5ece3362cf6f7e847e8dc4bc625fa8254f3f090470cc564302e0e7,134,1,
control,control:7c227922d9e2d01e8e6bf5a412973200b37ccc27fcadcca16df6c8dd76519636,6ed3acea8eb3d6325f14ba4862833aa5,24e52f1c08c3817ee07f5133e66277c076e21bfff8a983fd0cf210f6714f2efa,7c227922d9e2d01e8e6bf5a412973200b37ccc27fcadcca16df6c8dd76519636,90,12,
control,control:a32ec52cad0b606b5e53ca0d545731d74696ad6ff3a2d32adf1a6d90f87a9023,8ac70c72cb434125c3f2ee04450093b4,1415444b56eb64e8c9a81cf5e7a9134e3055426cac8bb907c909e55e0dc8464b,a32ec52cad0b606b5e53ca0d545731d74696ad6ff3a2d32adf1a6d90f87a9023,74,12,
control,control:23a1d4d4d10baff1d074077f89a74f93778cc3d8bc6bae4c8cdfb6bfdab9a835,7ecec73991d1871302026e1121304de5,69f4b9261e4de90ca1be8561d219f8176a2ac4fa2fc02c53a547f27f52e0a513,23a1d4d4d10baff1d074077f89a74f93778cc3d8bc6bae4c8cdfb6bfdab9a835,93,9,
control,control:76570bfa1dc97923b026f24c312164fd342c2da0f2f5fec5e2fc57a5b26a8e85,6495bba4982ada7601c9b2413e0c48d9,3c1b5dc78e18a9de18d0b20d4a63b4a4e9a420a91552fc903da85120f6a31d86,76570bfa1dc97923b026f24c312164fd342c2da0f2f5fec5e2fc57a5b26a8e85,35,2,
control,control:46b50e38e8b9121275c11d9a1cb6ef5f13c0d03af0a0809d6a71ce1cd807e403,f1aae57e4936fd319f531e1a7970da92,0f92a76ca82fff79a9a05f8ccf2df2bc93405e5102378aca657d7fd332a2d9e8,46b50e38e8b9121275c11d9a1cb6ef5f13c0d03af0a0809d6a71ce1cd807e403,73,1,
control,control:8a1733227b3b0085b62e087852460346536748c89bfb180a28143353a81321d3,87e40bf0a034289af80dff2970b6c455,426b235b5f21fab5796d219d40512c8e6ebcb70c79fbf8d08c54185ba15ef245,8a1733227b3b0085b62e087852460346536748c89bfb180a28143353a81321d3,123,1,
control,control:a18790d1ab6d5d77591ba025e99c5712006d46c2362cdd517119203b904fdc88,314b42b83cd5fcf58d52ac3efef24f3d,0fa38b5b02956404d18bda65d3bc620f211bd77ebb741df8fe4d36b17f69e388,a18790d1ab6d5d77591ba025e99c5712006d46c2362cdd517119203b904fdc88,52,17,
control,control:fc037dcb08de22586215113a4cbf210db90f1866f8254651d08a7069b4a96422,3396a62d767d4d6692542e9efba8fead,3d554034fa03114f62831b062e1e050b1ed6373aa3bb859ae114e68ae559f1ed,fc037dcb08de22586215113a4cbf210db90f1866f8254651d08a7069b4a96422,60,9,
control,control:305fdf65b7450ebcce8b3c1eed2c68c8a738610a27482c1b8e361c5c3f287c4d,44ce02c76fdf7202588aa325c65742c3,55494361324bba24763f4ed28b7cc349cbe37c47daf71a230c2ca29d2a0a85d1,305fdf65b7450ebcce8b3c1eed2c68c8a738610a27482c1b8e361c5c3f287c4d,300,12,
control,control:c6ae237c7f4e39f806141177c65b6ce177d23cf07fcd60c56cf7658166b6e5ef,40d14ce7e71a0bf2f25300f23d7adf1f,8facc586d378a0c44c0f846f21cff08bcd8f08e39f4894bcbea67e1da620a8d9,c6ae237c7f4e39f806141177c65b6ce177d23cf07fcd60c56cf7658166b6e5ef,125,10,
control,control:7b3db2f82bbe3cd645ba1bdce72536cb5852e1211da50d2cb28522c60b19c08b,38912266447b4ab0c43ce03d902af2eb,1b4252d9c1726319c3adaaf5d665622d8106bfa0d571a801df9bf6b2f93893fc,7b3db2f82bbe3cd645ba1bdce72536cb5852e1211da50d2cb28522c60b19c08b,62,1,
control,control:682aef6fe67e551a933c6fee0d6450cedc3eb077c27ebdd2d8f80cd07252ba3f,e963ca6eec53dd837bcb23484064f27f,aa1178ceee82406e96dc3154341a032d1b132cb9a19949202e96a9241facd924,682aef6fe67e551a933c6fee0d6450cedc3eb077c27ebdd2d8f80cd07252ba3f,61,10,
control,control:13079a67cac74ddff79ee2be99aa171cb476d7ae4809610b293fe74ad2329e15,8bc0bd0df14ab8728824b1975706eb12,039213de16fbb498b3ed5e7b43e2971b3681c1b6be56c0400fc926dfdd5005ac,13079a67cac74ddff79ee2be99aa171cb476d7ae4809610b293fe74ad2329e15,72,10,
control,control:8bc8b4979d80ccd77bf88001871de5cd23c483de9d60d5303ddc54bf324f3b83,deafda608518851ebbda8806a0220532,0935725fe23998293bc34435e6f18d40873ae1f68234854fbfbe45342f6e6a56,8bc8b4979d80ccd77bf88001871de5cd23c483de9d60d5303ddc54bf324f3b83,101,1,
control,control:417a33c8b994d579ce498cc7ca04e9913526fcdb77dae030f7bb889502891377,7eceee30979968a9b10ced13b42c93df,2bfd1378b6ff00333f920e435f218ffb7c856e86cbddbd35f7e836d3529bd491,417a33c8b994d579ce498cc7ca04e9913526fcdb77dae030f7bb889502891377,87,19,
control,control:f9dec738221ebbb2485c54d12b3f5c47fe768c79fe110a21b926b4d3e340cca7,a33634afde948d1e4ac0ca6efc248f38,3ff6aac1253912f904fced5060ab34e9dbc714dc759a64b15a8bf0615612a492,f9dec738221ebbb2485c54d12b3f5c47fe768c79fe110a21b926b4d3e340cca7,112,1,
control,control:7559044f0a72c6dd1e52a5959d528d181b21b87f67094129b2f186bb7c09338d,d9f60104a7366d6f28410f6b341a88ee,24c6cbe58132013cee8f2b3e53e75353fff8a1adbfac7949f26807bf613c72fc,7559044f0a72c6dd1e52a5959d528d181b21b87f67094129b2f186bb7c09338d,94,12,
control,control:5a70777d732e66703ce9ab632cb4f18586b8b74fbbf4d84fdb95d25cad3bb8f6,5e81e829ef90f0b4dfc9aedadcfd7710,778478ea19b160fb2b9a9d903924cdbcf6cbb121c7667438778a81f6caa3acc1,5a70777d732e66703ce9ab632cb4f18586b8b74fbbf4d84fdb95d25cad3bb8f6,137,18,
control,control:c55b9287439fa8f53a1f86cedd835a2d0ef83dd84c66e4524ad8dda06d84dd93,22d8ec316c38d354cedbb1d27b890fc7,105619ddd1323a09650fca8b493d73c4fa5881f1b4287a8787421cb21992914c,c55b9287439fa8f53a1f86cedd835a2d0ef83dd84c66e4524ad8dda06d84dd93,40,1,
control,control:a125a0ff7175f75d32f124a48b929301372cc9e566a93d61e68705da3c6b8bf0,dc4da68ca6764a2001027ce18fafd421,2f7c27dfb930492d022b986adae868dfc81ba6802c1f72eab25251282cd7764e,a125a0ff7175f75d32f124a48b929301372cc9e566a93d61e68705da3c6b8bf0,155,14,
control,control:cc1bd447a8339a4e2501af9cc434df2983e2bcdda48fb2eea34cf498382fa3ba,0c833370c7f7e6dfe3aa1a0f84bbe96a,02c9a964f38279f10f4caf95fd6d132931ddf66d18a5b483b04cbe018a6f2fed,cc1bd447a8339a4e2501af9cc434df2983e2bcdda48fb2eea34cf498382fa3ba,148,20,
control,control:b685e3088d45f081921d29b3d57f6809fd9c2f38d63332f9ca93d27906fbb2ba,5c252a57aaac2e0a2c56746e02699b9c,865038ca165d1ae5351aeebda07569153babaccedcd7cc677e9fe6eee2cec0a1,b685e3088d45f081921d29b3d57f6809fd9c2f38d63332f9ca93d27906fbb2ba,110,1,
control,control:c78fc612e91e0286e9705b0c49666d59dde1eb8e05cbfeee9c4989dd93270e35,eb1f2049884eb89341bfd19f7f1d3981,6e11c2e296d51ec3f7cc183348ff4a3222102502f4738f9450c770be8a94d5d9,c78fc612e91e0286e9705b0c49666d59dde1eb8e05cbfeee9c4989dd93270e35,79,1,
control,control:7fb1ff0bebdccea881cd5bea9c3868b604dfe9862a9af7ac27ca977822b5479e,a654cdbecfb3b5f235a0f552a53be79c,4334b5e718fd9d680c635c29527cc6391fb560e1d03a28a1da031df82b007484,7fb1ff0bebdccea881cd5bea9c3868b604dfe9862a9af7ac27ca977822b5479e,138,10,
control,control:60bce9fee48f437c1b3c1591d8ccf45b5a69eea77f28695e0d78d821c97fb390,f5e0fc4a6222e70c1221a4520e6d7f5a,40429d06b1f31410b62978da7ebb0e791162e343b6efecfb0b8dcb20f5ad5d0b,60bce9fee48f437c1b3c1591d8ccf45b5a69eea77f28695e0d78d821c97fb390,150,19,
control,control:d1731fce2f622ce97646931eaaf63a40a46551b55b769183822f238bfcaf58a1,03d702e11d65983d11ebfc5d3498c882,04be2e271b33655c1a1011c2b4ae2d5a18a3ff923e4b8074d271fab58fdd436c,d1731fce2f622ce97646931eaaf63a40a46551b55b769183822f238bfcaf58a1,75,1,
control,control:31e0aee5d5790c3065342c5bf4fee503d9de7f0a2fde8f4f2f43098707d7d8a1,ab41127740064d507f208e8fa791c0aa,474e73cd4c42f9d46ea374b896e3ddec561bd2868d0f13ffc71d8df8b417d399,31e0aee5d5790c3065342c5bf4fee503d9de7f0a2fde8f4f2f43098707d7d8a1,131,13,
control,control:82baafd66aae1e61dd79914a483dc44123d5d7e60e8e981e84f146de9fe917dd,1da1dbcbc39435b0f724da2d9974c813,44ba190f5d145185ab5d0ff117e34af10d722a92c79097285f6ea8917dd5910d,82baafd66aae1e61dd79914a483dc44123d5d7e60e8e981e84f146de9fe917dd,127,1,
control,control:8ff6efcffa3c90fe1ec8e8fab0f5b5c0c1e5350ff64bd761ff9ebc35ae5ef563,8bd0ee82efbe5e2472914798106cc470,1dbb3accc915dbaa4082a222058d03367bb811f6bb6687d334adda0329e2b190,8ff6efcffa3c90fe1ec8e8fab0f5b5c0c1e5350ff64bd761ff9ebc35ae5ef563,65,17,
control,control:3fbc54dbbe1a75401a03ec272325209656b029f7b8ae7214040b371eecc8dde5,6f0aa7515941927111b838bfbbcd6f8a,24fdf4b4ecdbb3c4c67aef701fdbf8d2d84fca46e66b605a52c1f3ce60aefa06,3fbc54dbbe1a75401a03ec272325209656b029f7b8ae7214040b371eecc8dde5,35,1,
control,control:368abf5f2350537923053236f6a807f756b279002a95d686937f56a12ed250f7,0e782914f3b763240e9bd973977eeac0,03762f79515b0366e525647fd86effeae2ac9ac31fb3ffc3bd1d100370264538,368abf5f2350537923053236f6a807f756b279002a95d686937f56a12ed250f7,25,15,
control,control:f2e11ae29759391b36a764a4a4e01ea6cee7855c52e101acab234f5a088fca2f,78d8794e50e227e1f941f8978b5bcf07,142ad547eef6f5d9ed30dc875e380f916daab480501000e99ec3cb27ef8f5886,f2e11ae29759391b36a764a4a4e01ea6cee7855c52e101acab234f5a088fca2f,72,13,
control,control:c552d6c5a4c814f9841326506b2f7ea7bb4d43627be74dcd3394c57637eda5c0,e5d5d0cc08bb69c448f504d1f704e45e,39743f4cedd0b56aad8a852982d7290f2e6a4c0576d245a77206ab45b5490a85,c552d6c5a4c814f9841326506b2f7ea7bb4d43627be74dcd3394c57637eda5c0,176,19,
control,control:7dec1a52bae99e2497095c005cce616b759d4428fb3ebe2f12e04ff776a4de6d,ef0865f287f7d8ee78605f029596b1a6,4a5851734faedeb28e83ab6f605c0180b4a47683bc4c9035d47e32413b09f9a4,7dec1a52bae99e2497095c005cce616b759d4428fb3ebe2f12e04ff776a4de6d,74,12,
control,control:f9665f7a1b3e13779179815c4a835a93fecb3d055d4d2d697eb367386a53eca9,89e16ed7513496153d354c64f62ec255,028cc5ccd48b490afcec92e9e77050396deac2fc31583eb953ed3b1c251c5fcc,f9665f7a1b3e13779179815c4a835a93fecb3d055d4d2d697eb367386a53eca9,133,16,
control,control:51a158e233e3d8498dbeb77035c7ce752c3939848099b19bf0fe939c62276205,4d5738410d3a6ed129a24a9dc77d5136,16fbcff48bed0cf8f2b210adbee175a53079d7652d12cd43eefbf4fd4975a3c2,51a158e233e3d8498dbeb77035c7ce752c3939848099b19bf0fe939c62276205,118,1,
control,control:48b70b3fa269203df0d09ccc0316d5aac555f5d62ab1e4f262c4ccb2ae54fc2e,5fd2acb524d6dabbc4c20b4d28181cde,6f5e76ba96b7c98550c383211e66311d7f8dc5a4d47570df54a73164cd478219,48b70b3fa269203df0d09ccc0316d5aac555f5d62ab1e4f262c4ccb2ae54fc2e,27,3,
control,control:6f9184a51764d56207c02ab67569397d2f2de8beca67ac58a39344a55993c50b,5408c845459e78398cfaf3d6548463b1,000d4f4d761d6926feaf39d6033120f48ab3392a5687441977c6a8b79de0dc07,6f9184a51764d56207c02ab67569397d2f2de8beca67ac58a39344a55993c50b,94,38,
control,control:d35cf656f24e387e5f2ba77229be058e699845a647b994bc24b3dad4c3e41275,06c54f55669039fb7d70475b6d6afe47,8e80aca4a431e401ccf1dc455933e44d50af5f5a4ded513a35bac3d2bf6232eb,d35cf656f24e387e5f2ba77229be058e699845a647b994bc24b3dad4c3e41275,110,8,
control,control:80332898f174df76037ee2b64a9b4911a16ce997ba18a92a302716204e8da05b,b9ac5d435518ea8cf59c10777ad3cd53,3b54aec5744281c8b0c255746247e0f1fb373a452030925c2ad777d0ed6c78c0,80332898f174df76037ee2b64a9b4911a16ce997ba18a92a302716204e8da05b,119,1,
control,control:b6c2116284d9de6ae9ac52ebd44a97dcfa1735fa207f6e8f12a2e9d48f53a026,a95f2c9c01bb9db6fe6edf03f2637ce2,282978fae712ac3f37cec6019781f15986e76bb13ebc08368ef58ada7d144c35,b6c2116284d9de6ae9ac52ebd44a97dcfa1735fa207f6e8f12a2e9d48f53a026,109,8,
control,control:7e9ca5e669453e3f9fc4ff6110e5738a5d55607aef5d6332f3eefd15fc7a517e,e9d288af68bb7226d56a929333e81a83,3ccc3d66e6041b296274c2ecf380acbf9decb475b3c633f9fa7c74473fb9c689,7e9ca5e669453e3f9fc4ff6110e5738a5d55607aef5d6332f3eefd15fc7a517e,48,5,
control,control:8a0dcfce6c0048f4a3c9b4edf8ba4ddb9d1f56ef71555588dc47f89d911694b0,906e7b93214e28b023562379bf5d79ea,5c14118a5627463a94818cd0873b73b1ecd1e5a49fe267f384fed9c0a2725b2a,8a0dcfce6c0048f4a3c9b4edf8ba4ddb9d1f56ef71555588dc47f89d911694b0,92,1,
control,control:50e57c4fa778f4ef0fc259f658c529c41b18e7373ae6b237bb60fc002c9a8bd1,bd1831cc4512f6715a0095b9367e9932,3b1f7d88030ab4f643ba56dd2481993a5ebf88a716cac2be663885b82c4b809a,50e57c4fa778f4ef0fc259f658c529c41b18e7373ae6b237bb60fc002c9a8bd1,131,1,
clean_validation,clean_validation:7045f69114f6cf369a150a54da89b23c9bb19454165338378341e1092117d037,f822c930065a0b5c920f169a91747d18,b8e3a6ecd0154b734ead2d5973a362251208554f1b24bee8fc8596b9d9d9b6a9,7045f69114f6cf369a150a54da89b23c9bb19454165338378341e1092117d037,96,1,
clean_validation,clean_validation:cc7097961592a474b9205c07103e71432c25df5bee9a1f2fe3e21b2b304afae2,1386e854a7d6a58015cea337ae948db6,b28809dfd384715e4f8ff0569bad99a9395993375b2f2e2d15adc744a496e237,cc7097961592a474b9205c07103e71432c25df5bee9a1f2fe3e21b2b304afae2,86,9,
clean_validation,clean_validation:86f653c8cd499249d41bba3ad3cc897b421ff03c4d5e20e92e197bf7e0e1a047,4c4a10bb461fa2eb0e81aa29ff4211fc,7f33205f0d0c0f77e5b4ef49df913269e1c89f96ddbfe70c381b97e64b82db86,86f653c8cd499249d41bba3ad3cc897b421ff03c4d5e20e92e197bf7e0e1a047,117,1,
clean_validation,clean_validation:c8140da054142bc2e25506e7a2c60698390dd3500be8f233040fb5ad5c99a56b,8070354cb1cf5dadb9ef83c561ac9165,b400509fadf261903c9212a725c90e67a43caf86f6bb287bd2b88e05d284fd86,c8140da054142bc2e25506e7a2c60698390dd3500be8f233040fb5ad5c99a56b,41,5,
clean_validation,clean_validation:15d28e5334b8ab8ecb519135d177f86e4af583e650c0f9ddce46957b57cebfc1,565937b9af226877b78434a4058d436c,19a74981e495c7a14c4de771468c989aace23f52749667efbd6f323882b769e1,15d28e5334b8ab8ecb519135d177f86e4af583e650c0f9ddce46957b57cebfc1,98,15,
clean_validation,clean_validation:e4f6125b248ab3555d6541f1d95917357b67804211c74e799d767d556f99d1e6,df1eab66bf90e113e263852cc00e266b,0d4ebea061dc9df6d586f998049c16f9c79bb90b4fb0edccb0d3b3fc02def5f6,e4f6125b248ab3555d6541f1d95917357b67804211c74e799d767d556f99d1e6,83,14,
clean_validation,clean_validation:692bbed034650f2ca38c10788c1d32848f7bbfe683acc21e9b351bda5db7c34e,7e8c175043a4503d61f02b3a1f09d131,682fcf4547da97e7d16ef14a0705253c47d01354348614e96aa5d156025741ff,692bbed034650f2ca38c10788c1d32848f7bbfe683acc21e9b351bda5db7c34e,77,6,
clean_validation,clean_validation:c21a5e01f2243c00656e9dad6378714be2173dbaf1f6ec7f67f8a42cc8eb26f5,c2b93423e17db19e4b79f610d872536e,68402f6b1442aeee80ccc3bf3069f8bd0bd39caa15c4e14fbc26ab14b62a92c0,c21a5e01f2243c00656e9dad6378714be2173dbaf1f6ec7f67f8a42cc8eb26f5,89,1,
clean_validation,clean_validation:009575e611db0f0b49bc76d6ceb3ccacccf876c9b9bb18a96188c5fa87debe89,4e82e0837ef2b5e4a638e4f7919e5eeb,06e59c75bf242fb44ceb22e6995ff927b153be4ee6bb8969140ac8b234c5b502,009575e611db0f0b49bc76d6ceb3ccacccf876c9b9bb18a96188c5fa87debe89,196,17,
clean_validation,clean_validation:1aaec0bbbd05bb4125fb3617ba93c7603dad22ce5a30082870266e3a2aaedc91,ce116922c599137e86db4cd6cca3ca88,0420252e4defb46f36ff30526713fef9fbe5aa2e5ae1413ed5d6e36dbf4867e6,1aaec0bbbd05bb4125fb3617ba93c7603dad22ce5a30082870266e3a2aaedc91,27,13,
clean_validation,clean_validation:a323abaf1116216954f1e8dedb30ed90658a1e774bd210d95c30817a2cd70c4d,fa3587b77be99d69d3f592fccc9fb62a,00fb4e5fe8fa5827583ac443b1ac51dc9f204aa8da508b3ea10f00f0d9c92e41,a323abaf1116216954f1e8dedb30ed90658a1e774bd210d95c30817a2cd70c4d,96,14,
clean_validation,clean_validation:a87ba7de4b6149984438403bb8ef07350e853ec4ac069265c4fb65421fc28a12,7f733ba675c7f292ecd22f950b28d6c1,2ec813f162fb00dd9d5ee69eaedc046ccb9bd8951f7c1a09e64b40b295e55db3,a87ba7de4b6149984438403bb8ef07350e853ec4ac069265c4fb65421fc28a12,34,1,
clean_validation,clean_validation:a64f0e6b264a9dfa03fd3c98886482d692ce38f639a7c73e9cd480e82449a2f5,30317f176d3976bd3bfd4a13302c6233,21ae3062863eaeda26ecb7d0beb5d40df0b79cb9d448fd9ff89f4c30ff300314,a64f0e6b264a9dfa03fd3c98886482d692ce38f639a7c73e9cd480e82449a2f5,136,16,
clean_validation,clean_validation:33ab362439332187a212002d364a975c939cc48c24d74d8bccc06c9d9b08c0fa,5d00212a3574812364a5d69fb00a4c45,35c0376efee8d1d66ebf4b0a6eb73e6b6ce2043b5a218fdb1ae96816b9def909,33ab362439332187a212002d364a975c939cc48c24d74d8bccc06c9d9b08c0fa,17,5,
clean_validation,clean_validation:2a24d0cb9419aa0b1153ae4c973ac9f8e484566f5d5cd7a102a333d16e7d255b,10e679f3e99bf0cf019128268a8c5222,84d97953444c8da72c551b5770fbf58450b1b604948204c92d174824bf9fd409,2a24d0cb9419aa0b1153ae4c973ac9f8e484566f5d5cd7a102a333d16e7d255b,107,13,
clean_validation,clean_validation:910394850e8a1510dac851ef55ccc10309b209207adbb1dec98e22e205707fe6,20fc7679cb342ab48ac8357a23ee44ae,3dad6b39a228260f95ac95e88966f5917aedf47c1ccab73399f263363f725ad6,910394850e8a1510dac851ef55ccc10309b209207adbb1dec98e22e205707fe6,87,1,
clean_validation,clean_validation:5c91df8d1f7c509b76f6d787501b9924a124a9c9a97382e2406db796843dfb44,c7626494785a29687edd1725cf1370fb,dc82e20b38e405d4eaabdada55bdddf0825d00853d156c981629cde849c440f3,5c91df8d1f7c509b76f6d787501b9924a124a9c9a97382e2406db796843dfb44,126,15,
clean_validation,clean_validation:f1b03226b88cf4aca6df61a53f8525ff0b3125f5b2665649da0986ea05441a31,56e3f59de5bd0409836bc7608d6fbc4d,2cba6c6a7d19d32826045aa24344893dcc00373cd99e21e274f77f09fe54a882,f1b03226b88cf4aca6df61a53f8525ff0b3125f5b2665649da0986ea05441a31,72,4,
clean_validation,clean_validation:e6ddd75575e0a9d1469eaf5645abb85a809f504852e34161d477dbe4f29c4335,0acb162d05d123bcf617ff97e71b796e,2fa5d8a2a4545b18ea31f1fc0fc898116e077c0af856d5f398766d34e4805585,e6ddd75575e0a9d1469eaf5645abb85a809f504852e34161d477dbe4f29c4335,82,1,
clean_validation,clean_validation:1b767f7911f51844672525826a3c89b4245d5dff17bfa9129df29867fee072dc,0ff84a82d932aa63db46324f55ff7719,4b0ef5bc9f8ca8c046b6d9a83f9b447b789d9836f77fdce3fff910b717cde416,1b767f7911f51844672525826a3c89b4245d5dff17bfa9129df29867fee072dc,106,1,
clean_validation,clean_validation:c3bb88b6bf418af94ad1c37421eaa80b35ba386f22ae3cf9040e60c741811e64,dc5cf91d10b4baec86a74641620f3347,580b60df436a63462b34c74ccf671f27edad3b3baf1c84e9af8f104c5ec1bc4d,c3bb88b6bf418af94ad1c37421eaa80b35ba386f22ae3cf9040e60c741811e64,62,17,
clean_validation,clean_validation:aa051266a501eed84e11179aaf27b6ad89f8df228c0bc7b25647315660cd2a0a,e713a3a862ae4ad6a9c49fbc6a1023bf,658924ccbab342ffab48339d7aac589b68a9a44f95ff88a7be373dd40b56b8b5,aa051266a501eed84e11179aaf27b6ad89f8df228c0bc7b25647315660cd2a0a,31,4,
clean_validation,clean_validation:c4fceb1f459e91aa7f1eac4921bbbe51ce2b9202a0f292d21decbdc348f32f99,143718f9c63090dfdfd671021c72f622,dacf3f38461c8a415d04384fe63d539234935b053157c16c9a41f0193c894bb9,c4fceb1f459e91aa7f1eac4921bbbe51ce2b9202a0f292d21decbdc348f32f99,50,1,
clean_validation,clean_validation:331a7378803b357b3499b40d3f5d88aa276dd116de20533d940704b118dfbe39,061d532b6a51b8fdc5ac2f4006f3214b,29634bb99b90e40880a67e70aef453ae0134f2381bd9141e32d427a5db6bf2a9,331a7378803b357b3499b40d3f5d88aa276dd116de20533d940704b118dfbe39,42,6,
clean_validation,clean_validation:2697067d39b3981b50163258e6f60f0b7a3f46fd1c16838d4982acf4d6b7ba10,9ca3826a65036eb14692dbf9d9148de7,7e4ca495ecc376bab2657365158c20a1b556f568ad596d1b6106121341956870,2697067d39b3981b50163258e6f60f0b7a3f46fd1c16838d4982acf4d6b7ba10,248,12,
clean_validation,clean_validation:d713e61f4f261b9795a1e3689a6a7d6fd3481eedadc5b451565ca831a46afe66,c1201076cdc4b7a761bcacf5a3e3dafd,320a0fafc97bca817dfcdf0b2b26052145cb91abdcc1a308f6eed5437c6700aa,d713e61f4f261b9795a1e3689a6a7d6fd3481eedadc5b451565ca831a46afe66,32,1,
clean_validation,clean_validation:cf22fd88d522720db6d02fe5736866ef4910982c3acfd0a8cf5f42fe667c636d,eec0660526162de1603bee3fee3fd373,1588ccb2a5f10d76c938e838dd80a2e50b181d2478eda4e6dcdb328dabf0d4e8,cf22fd88d522720db6d02fe5736866ef4910982c3acfd0a8cf5f42fe667c636d,123,7,
clean_validation,clean_validation:6b41d8fdb8633f19f2871b8c794449867127092be41ac3981de74840c1b8db1c,67eba1d76ecdb890f23e362ab3273e0b,33cc47d03703ba22693895cfaaa262ab0fa6b996f89f0d1dc24c867e88e46228,6b41d8fdb8633f19f2871b8c794449867127092be41ac3981de74840c1b8db1c,92,4,
clean_validation,clean_validation:5bc46f68ba96652666da60ad97c09894a09544f444dc8f8a26c392595e40bc39,db84b3f3be530514613a01e9efb72372,31e20141e9c0872ff3a33686ec37c926541e848b0c12c3502272a48b28102100,5bc46f68ba96652666da60ad97c09894a09544f444dc8f8a26c392595e40bc39,115,1,
clean_validation,clean_validation:4a2226dae82fc9544d5348cc1a731704cd26ecdd49b1a5903d90887277da84d1,e744040bb3476e3e08db61d53e6ab95a,1024649120ad0ee9ebdea0d14077395cf4fcda0cda98d90e98827392428b49ea,4a2226dae82fc9544d5348cc1a731704cd26ecdd49b1a5903d90887277da84d1,46,4,
clean_validation,clean_validation:e60775e5e7e45ee7bc6de4d26eeb113689434820655e560a7b02500add712f2e,00247b866ccdf57c3294ada563b317ea,71130c8d087174c6d77ec3a6aada956f26938594fcf84df44b2b6cba9e674f73,e60775e5e7e45ee7bc6de4d26eeb113689434820655e560a7b02500add712f2e,61,5,
clean_validation,clean_validation:0e9351e548e42b8633f555539460a11a955be0b507d19e6102c3ecc7a82c5a5e,afaf6f3e333f2a72b4c524e6889c5f15,b25779002ed001b0d7e0068c7ebe8317f35d17004c87a8229687919ed870a0d1,0e9351e548e42b8633f555539460a11a955be0b507d19e6102c3ecc7a82c5a5e,78,18,
clean_validation,clean_validation:01e7e2720ded4b35c37765655ce0373dd69070fc12baa94295ba84e4db1f0c98,0b73e43824b2806979d3112d1ed0681a,0de7d105ace5e9d3f73b499844df155428427fee1e5abc032d7994743cc66fa0,01e7e2720ded4b35c37765655ce0373dd69070fc12baa94295ba84e4db1f0c98,16,13,
clean_validation,clean_validation:f03c23e413c0341ac9108314189669a2bbc5355945e2407c721f6043f6c52746,a1bf74f0e1e17c3cd83aeeedcf4e0548,64cbd28f131359124aa6b3fb139df0dfc5e1e6608c084159d69ffc793805525d,f03c23e413c0341ac9108314189669a2bbc5355945e2407c721f6043f6c52746,67,26,
clean_validation,clean_validation:0dc2a9d867d4eae8ba32c95915d31020668d0b58c0f3bf0af4e7747b96966b98,7951ea725f34d65bb9ee82939bd4da64,7770057c7da6b01cfcaf3822b566e397c52d971f201b96410f6e8669873b620b,0dc2a9d867d4eae8ba32c95915d31020668d0b58c0f3bf0af4e7747b96966b98,38,1,
clean_validation,clean_validation:662662ca23b3c3874c9a3f178f0f645c9893344f53ee2dcbf20d2f29bd266444,a7473eb651fcb59526ed545da07ea3c6,382036b7251bbf53d79fad6c80b376c19ccd6a94cf28d4615f1572295abfa2c1,662662ca23b3c3874c9a3f178f0f645c9893344f53ee2dcbf20d2f29bd266444,37,7,
clean_validation,clean_validation:52619ae692846ecdbf4c4e10dfcbe8418fb371e2bca701bba1ae40a7628bee5b,8714e2b8a6cd615825e96360cb5e6cfc,b0e0bf20d3641af1b3a49ed56697108817889c3367cf2041753453d1064e2ddb,52619ae692846ecdbf4c4e10dfcbe8418fb371e2bca701bba1ae40a7628bee5b,114,1,
clean_validation,clean_validation:cb2e34e591f1f9d9efc40cdb0ddf79d351511ed74ca7167a4dd27324959df043,77ebeae77abdcb5560c5b194a588e170,baf7144e91c012f3e6dfcd79eec8abc1a93e551167c3ce1d10116200aa31862f,cb2e34e591f1f9d9efc40cdb0ddf79d351511ed74ca7167a4dd27324959df043,124,3,
clean_validation,clean_validation:551d4e6f4ee9e57af39d1725245e91d3bade57d79cb99a401900cd0fa60a4dfd,97c4f061f49cce29e3c1693962b14f32,961287f1c3089d32a0e593a4df5e8ce7a7d6c9edd4aa23dae0ef1b81c268cea6,551d4e6f4ee9e57af39d1725245e91d3bade57d79cb99a401900cd0fa60a4dfd,68,12,
clean_validation,clean_validation:ecbae42ed62c5fe4cb5d1eabfb3cd3a4aabd1f6b6cd2df8555583b6a586449b0,0b855fcc57d9b5f1784c614a1d764766,1ee6d7535d6fab4b6ee964b9238b2d12bea649f6704ac4dce7c2d0e3e1f1f759,ecbae42ed62c5fe4cb5d1eabfb3cd3a4aabd1f6b6cd2df8555583b6a586449b0,86,1,
clean_validation,clean_validation:8c872654876eea323a8273c96f02d4b6dba470585b382056bf66e89190765380,84b8f68b8df15f85ab025eaac5f47705,8de7e0b70dd492c4e813f452a2ba0319630b143c928283c57cd583199317853e,8c872654876eea323a8273c96f02d4b6dba470585b382056bf66e89190765380,121,1,
clean_validation,clean_validation:a85d76519ce90dceee0755d093dfafaa9fe5f084c335e832667712aa5e6c1066,30cf87aba8da5b07e957daa9dfef7220,041cd178ccfb4c40925373a1cecc99768dc4e9fd13b23a99ff32f451e5de3691,a85d76519ce90dceee0755d093dfafaa9fe5f084c335e832667712aa5e6c1066,175,25,
clean_validation,clean_validation:e9ec567c74ac68a2b1dc909e3ca61be19200b153a352ba65e1f55534306895f6,d8e51125965914d8f1eec808d428dd9c,2187a557505951a87a19de95117dbadee805b46b99f124fae3f0fe57a08f6632,e9ec567c74ac68a2b1dc909e3ca61be19200b153a352ba65e1f55534306895f6,89,26,
clean_validation,clean_validation:698e78da4ef45b14b30555cb9f212f34032dbca028ba4ea982f2a45a00d5f569,1a42aa2428effe912032419204bd68d1,796a2ac8f77d9d5ad5cb7bff0113b3d9eedd67e66fe8543bcaf2e2d1eb3c1efa,698e78da4ef45b14b30555cb9f212f34032dbca028ba4ea982f2a45a00d5f569,123,28,
clean_validation,clean_validation:9f1ecc1a39fb3784b979a92f2f6782638060f4f3b6ca78b9d2accf03ce348e52,fbe74d61f8b379a660e11b50335bad7d,4e120550a7fa421007916f60a04aff7bcd7468a87ea936c85c430684e4dc4eb5,9f1ecc1a39fb3784b979a92f2f6782638060f4f3b6ca78b9d2accf03ce348e52,33,2,
clean_validation,clean_validation:35e3e04a95a18e1e9a3c1e77c95e5f39ddee118e95dcf6a3a58726d7f45a222e,c6a96afa9ef76099489c2408b7fc7c20,19d563d07571ca29e43dd1fd220dfff93c5034518c89018b2a2f296c68f6902a,35e3e04a95a18e1e9a3c1e77c95e5f39ddee118e95dcf6a3a58726d7f45a222e,78,13,
clean_validation,clean_validation:919cc124d7f6b66f1be224759cc0eeed465545a76e7864e663365718f3388bf1,dc4af0d1a159cf64db2b96346aa842f0,29cf74509e6fbb169a17752da4dfeadb34d939f9390844b71b2298da0e5b4611,919cc124d7f6b66f1be224759cc0eeed465545a76e7864e663365718f3388bf1,58,7,
clean_validation,clean_validation:8ecaa3be79bfe7ec60ed059b9abf92e0cd2dee2d98dfe6cc8f6d2ee2ec8c4d53,ce8c5b2588198ad7186f693ec6c89944,7d237744623c2db9729124ab87df1e2361aa8fc81821c73440cb8436a515eb0c,8ecaa3be79bfe7ec60ed059b9abf92e0cd2dee2d98dfe6cc8f6d2ee2ec8c4d53,65,1,
clean_validation,clean_validation:abfe7ca00a576c31dd9173bf632bb855eae1546594ad2335ae2221899f6a76f3,d0080ecab9ea323b8c7a174eacac1d11,0e49e21782de9bef826046e01adcff7de9f3dbacafdba20479c5d5562e793d37,abfe7ca00a576c31dd9173bf632bb855eae1546594ad2335ae2221899f6a76f3,127,18,
clean_validation,clean_validation:4ec4ee54df9aaa2938835c7dbf289b2900f86a7481fbb51b1525110e65772460,a671b406057cd2fffd1c8e9b4abde8c9,9a685b20ccf080112199b9b713af326b45a53e80e0e2e405841651496f18d639,4ec4ee54df9aaa2938835c7dbf289b2900f86a7481fbb51b1525110e65772460,96,9,
clean_validation,clean_validation:4a26404be5cf8b9e529335d9a06df9e1c03effe37aa24af9a6cd00174155acb5,18c7d7b535b949f6f7eba05f5e412091,16f6c9f4c88aaca63256a22b70bf5d0063ce343e84bb2dea4f67486b036e97e6,4a26404be5cf8b9e529335d9a06df9e1c03effe37aa24af9a6cd00174155acb5,19,3,
clean_validation,clean_validation:81bc961f9abbd1c9cc0768b4cfa8027e6f57ffceae44800549ba3bc529fe84da,adb700be3dac0ce60e15146f8e496fa5,8e23d1fdf964bd82ef749ddd5a7eb72c3603d0bf2c64b5c654b33e79226b71fd,81bc961f9abbd1c9cc0768b4cfa8027e6f57ffceae44800549ba3bc529fe84da,108,6,
clean_validation,clean_validation:27a7a8b0fdf671f8f3a797246a9f77eea567a2f5fb412ffbd315dd3c97c4b516,eb5a6b6111f48275bc1486767d98bda6,0bc321030d02f30447adc31b4e06009d8666752097d0fae315daed2343c676ff,27a7a8b0fdf671f8f3a797246a9f77eea567a2f5fb412ffbd315dd3c97c4b516,100,22,
clean_validation,clean_validation:cd2678a8d483d06e1c4fb505cb7518021e853eac17bfbfd2ba10fe2c208cb3bd,ec51200c4a36014d1d9830c64227c033,8317689dc634d2df9ce9ee36ebb675c14dc7789b4ea6b6d57b98d30861b7a7f8,cd2678a8d483d06e1c4fb505cb7518021e853eac17bfbfd2ba10fe2c208cb3bd,107,9,
clean_validation,clean_validation:6a85bd060d8ed925679b948d7deefd14ab6f0dae2d8ff8415b8589ad69ab90e5,6cad2d6231a0d9f1ffda424e39a53b81,59a236e009f0a2f30e09659ea7f557ba1f1e5f33f96a5afbccd79aaba2e238db,6a85bd060d8ed925679b948d7deefd14ab6f0dae2d8ff8415b8589ad69ab90e5,130,12,
clean_validation,clean_validation:0622a74ff46372946e46960e6e9630e9e216fb9320de4dc7c698661821544586,cb1683aae7d8b369f1ef4cd1850c519a,a9dbf240024b964d6eec2715aa242814c83ddf31ccfbda576d37e237ced3d852,0622a74ff46372946e46960e6e9630e9e216fb9320de4dc7c698661821544586,54,17,
clean_validation,clean_validation:dd7deba19966d85f7293eada0b2294f6bb3d78cbc8cde7b81cc00f9ae6b4a152,588abf7b56293b5f18d65d38b8717b00,133b0041c11e40e8dd85e2e1ebe523af9fbfdb6d70c64c553cdcfb834553d1bf,dd7deba19966d85f7293eada0b2294f6bb3d78cbc8cde7b81cc00f9ae6b4a152,118,13,
clean_validation,clean_validation:0dc2e12960eb8dc5e8fa62689864334b55409de16cf4355b041e4dd4ccec5474,ddee404cf8e256225ca2139069910b28,4381f9187fddc537cab1df39a46bf12c75d23fb4d967f104de2340e82e61184d,0dc2e12960eb8dc5e8fa62689864334b55409de16cf4355b041e4dd4ccec5474,38,7,
clean_validation,clean_validation:7725346d623df2ef4d49435b9b15d6900c78efda91e2f52ab171e337aa3dcf39,11998b8150c2e3d3acad978e66ba57c9,0fb0f6a4cd99100894baad075277f325d79d84ebfb2381a9b7b828c106d5820d,7725346d623df2ef4d49435b9b15d6900c78efda91e2f52ab171e337aa3dcf39,119,19,
clean_validation,clean_validation:76464df6830836d93b12e3928e7e08d2a70f504f58ca76af7f2d4cab6b592ad6,57fd4dddd7615c48599779b3f70195ce,304d389e8212655c654bf95c6692f4a93a6701fbc4579e1b94a77fdd90c9ca00,76464df6830836d93b12e3928e7e08d2a70f504f58ca76af7f2d4cab6b592ad6,131,1,
clean_validation,clean_validation:d2e5af2254fa1edb7a6d91fd252131c9c9afaad734bda5f5b317eee49f6e3d23,4c37d6b966e05f195fb29a6f99544026,6aac37b42be3ae58905206e1256d29f6fcac5c71718d3771f6b4f703d1d89986,d2e5af2254fa1edb7a6d91fd252131c9c9afaad734bda5f5b317eee49f6e3d23,94,1,
clean_validation,clean_validation:7ee3b0d6612b6a86f28ec6fab70d4e54e9b3fc8f4df358222cd7d62c6e97e5e0,467627c0bc1cfa92bf2b9e4660998bed,448ae2a32a40c55b197f68689e81974ffc8b5b7d31407f7b516c1d48cccb1ce8,7ee3b0d6612b6a86f28ec6fab70d4e54e9b3fc8f4df358222cd7d62c6e97e5e0,111,1,
clean_validation,clean_validation:15d9456369f179bb343f92801d7d2b596ad1473e99e5200637ce8014b7f0a350,4deb5a272921aeae1f06d4e6a25116ba,8768d0617abb2139d88bd605edc2e9e3f2781659d9ca06f084d5d050b7f4607a,15d9456369f179bb343f92801d7d2b596ad1473e99e5200637ce8014b7f0a350,56,1,
clean_validation,clean_validation:b80c8226d74823e2e19a754c9ee5d667e732a15146449d477861d202d0112282,a7ff6154032ad431508797498d187312,3d8b72d11e4e439f47ae7ada5346aa8933f2176a64671ee2a82d2852adb90c79,b80c8226d74823e2e19a754c9ee5d667e732a15146449d477861d202d0112282,187,1,
clean_validation,clean_validation:f3a41630999c098398e4176f55a9eb63fbdaedcfc2a5c78cc53e0203684532b6,37f1fdd975ab0a7204c9eefc1b693320,770aae5b5e4bea320d9c548059fa96327065ee459ae616c39f98bda46d889738,f3a41630999c098398e4176f55a9eb63fbdaedcfc2a5c78cc53e0203684532b6,168,12,
clean_validation,clean_validation:bb67edf28bf08b65f28797594d3433479f529000d18570d284c66cbe07bfcd08,d7bd4e8050df94b145407234898c1fa2,71a495270d15761cccc496062377b7c9c548f5643f9eb1b02d4a77f0f192167b,bb67edf28bf08b65f28797594d3433479f529000d18570d284c66cbe07bfcd08,62,8,
clean_validation,clean_validation:242a8a1f0d4ffd21b7346ccca1b64de4fbbdb60becad6ee0acbeccb4c6b15a8b,67a1d02cc6c66d4c454df82d81711c64,00de33f4ec54c48f96f98b487ecfca79c65c5a7fd27c3773107aa3f3e6995f2a,242a8a1f0d4ffd21b7346ccca1b64de4fbbdb60becad6ee0acbeccb4c6b15a8b,171,12,
clean_validation,clean_validation:65105675cf562ff5d74f8272cd31ecd43ac24fc352d9145b63b6a734800bc11d,ada2cc13e8880bcdf029a65b1c9b0a43,0d746129faec2a939bd29e720574552e3407885aed669792e8dae237edacfb30,65105675cf562ff5d74f8272cd31ecd43ac24fc352d9145b63b6a734800bc11d,61,15,
clean_validation,clean_validation:20c4e9d7d5f8a93989d3e002b5c280bd38e7198d656fb7ac339e3fd5a4c48a75,4d09c947d9380d9d04f70b641daa3e48,a94bb368cdb7a5573b88f29bb1d0a98b7609dea9d4e886f6313ae10c1b0146d5,20c4e9d7d5f8a93989d3e002b5c280bd38e7198d656fb7ac339e3fd5a4c48a75,91,8,
clean_validation,clean_validation:bd60feb974226b7acf36ff298f09d908989850e482e3a253516db65447e1e24f,618e3d18753f9739959e6bf6e9f208e8,1a4d3b4e63234171dcec2f0d121fe44ffb30ba35c85da29c37a6e2c0a47e2df3,bd60feb974226b7acf36ff298f09d908989850e482e3a253516db65447e1e24f,104,1,
clean_validation,clean_validation:f7a3c71593c748b0f09eb2524de5def219e6992d2f6ec27ea861962ab5949d03,b369df11a2f16bfec3ab71b79510183a,43468f5270ac7c6bdd74ebc11ff3b5f03b0b3295d455662e6533befde7e4f81c,f7a3c71593c748b0f09eb2524de5def219e6992d2f6ec27ea861962ab5949d03,113,1,
clean_validation,clean_validation:138c7f69d3d2c34181707d1cf2ff13a91b6b6915dd216a9f9dbe8a634e5088dd,c8c65e51fca22a58a2618288996d86cc,2cadbf32123ec376dcaa72d47c3982164378acd0185c2a26c058bf091e91b1e1,138c7f69d3d2c34181707d1cf2ff13a91b6b6915dd216a9f9dbe8a634e5088dd,123,19,
clean_validation,clean_validation:54f2c966f36c58350af41e73a52d55dbe3cdc66238e44f1bbc84dec974bfe82c,1e85f69cdd0e7084a46ffbd82a2cc3dc,3ad630757f84167d29a8440ae49c4f3234e2496169e6fa26174a3bc79328d514,54f2c966f36c58350af41e73a52d55dbe3cdc66238e44f1bbc84dec974bfe82c,182,15,
clean_validation,clean_validation:0fd411cf7317fe7f88e415b30244c10cc0b8b4111c2fa65774d9cc689deb90dd,5b85fbc0f7823ebc0e7e4d69b0d9d57a,3822543143bc74212ae0b4be4d92d2800fa6cad5c54a3c95faca68602cf73ef8,0fd411cf7317fe7f88e415b30244c10cc0b8b4111c2fa65774d9cc689deb90dd,92,11,
clean_validation,clean_validation:807b014a9e843435d0e0f62ea08e9af72d00affad323abca28a4ae2bdedba3f5,5f60d79164dc85b195b6d5449df4344c,3b3f488b0c03835d03ae72ae87708aaa8f94501b9d9febaeae567d23abcda262,807b014a9e843435d0e0f62ea08e9af72d00affad323abca28a4ae2bdedba3f5,38,1,
clean_validation,clean_validation:69a8d794f1259ce56c187773ebc87b65ac4bcb74eca6a14388d55f807b6b7d27,c255a9bfad7b68ea75b7feee29aac7a2,4b54b948c4de65f6d99f3de04c3a0219c57cdcf5890a022a576f743fa1e9c734,69a8d794f1259ce56c187773ebc87b65ac4bcb74eca6a14388d55f807b6b7d27,69,1,
clean_validation,clean_validation:aee31b8095f2e5844c2aa29977fbd58f936046210420d19b9d0446870b8b1e3c,c940f73f053d79d79a064cb42e4d132a,3e423525e1bfeaad95885eb81cd0bcf4ba072c21569be77c24da6b889d7ff6d3,aee31b8095f2e5844c2aa29977fbd58f936046210420d19b9d0446870b8b1e3c,78,10,
clean_validation,clean_validation:5bc2d5014d62daa89baf194547a69d1583d8c5933a1393f3a9406b0fc2906126,14add35f62377b6dfb4ef89ff1c9ea9d,2dbdedb6a07750667690bf89d965ccd601ee4dd568e7febe949f447c3ed14f66,5bc2d5014d62daa89baf194547a69d1583d8c5933a1393f3a9406b0fc2906126,102,11,
clean_validation,clean_validation:56d720cc05e545f9fe63c5aa1e3d35c946112fa37b51d9889a92abf31813fc9b,5df21b8805b3c388126e2dfc2d230c55,7690d3ee80244978f4f7d8fc3d9a5f0180c1781283763223b0de58161e3aad80,56d720cc05e545f9fe63c5aa1e3d35c946112fa37b51d9889a92abf31813fc9b,234,11,
clean_validation,clean_validation:7956a7779d59829fa1f2d60a046fdd8c18e29060f3517b6e73f73cc6281955db,66243efd0aa5b44d1510152168e95570,6cd5e1289638b95c2d4c93c53653ce419e70303f936badd6cd2cbc5f38d7bf92,7956a7779d59829fa1f2d60a046fdd8c18e29060f3517b6e73f73cc6281955db,85,18,
clean_validation,clean_validation:edd4d338052bc61caa9f3f1a102b5bb1696e8bffa64666f8355dc93f783694c8,a7d0a53b489ac95c1409f9f54b10d1b4,345a6e8450ae8c4add88270392add752faef27f7dfb1fb8bf88e67c068b5a477,edd4d338052bc61caa9f3f1a102b5bb1696e8bffa64666f8355dc93f783694c8,32,11,
clean_validation,clean_validation:f0afa7f579fb6da7e1f12ba674c1f2bbaf365e774259981b8c28747186c6c137,c308e776fe70e4601b839aba2a99fab3,56a11484bb7a7a9b22185bcd15e8b8d346cc422b846b7df2ae66389d83d9ed26,f0afa7f579fb6da7e1f12ba674c1f2bbaf365e774259981b8c28747186c6c137,177,19,
clean_validation,clean_validation:c84125f9373d2c1705725f7b4639f445b25c553fc13f80ac0c5384971185b39a,50c7798b98d6158357fe3498806538c8,6da247e9c9a160855759506ccccf5a65c71aaf8a2b44870d388b2838cccb0dba,c84125f9373d2c1705725f7b4639f445b25c553fc13f80ac0c5384971185b39a,34,9,
clean_validation,clean_validation:1900377df8dc7923d3b5d17cb7cc2df56155d9e87c549484414c7c9b860cbad1,5382b3a92ae4e8b0cb18430e8ccf2bb0,8e114198869fbf53104479edd2837aa1a5e8d323e121b79e0c087ce4ea84ce14,1900377df8dc7923d3b5d17cb7cc2df56155d9e87c549484414c7c9b860cbad1,32,17,
clean_validation,clean_validation:a47517cceb9f88c8e6cbe9680b324fd8dcdc7b44739ab24262099d7327d02e4b,91a349fff8323b2df9131ecc8fc9e0ed,816e88dd5da5be8ffd0afbe1bc412d0f404957bc0467c47285738b4caccee931,a47517cceb9f88c8e6cbe9680b324fd8dcdc7b44739ab24262099d7327d02e4b,158,13,
clean_validation,clean_validation:73e69b206af8205a42caa230b6dcca62169f87657c727d7d0e269ce2ab04d05c,417f7c95138a3a51a3e71e60a966a089,cf065ee68a31c6fc9131c28d204e9d26f68f09d4c858dd3cd68295a76fa4cdfc,73e69b206af8205a42caa230b6dcca62169f87657c727d7d0e269ce2ab04d05c,107,7,
clean_validation,clean_validation:d28a91b7b29bdc3729cd774b659416beffbdc51ae3ba24d5b2f93105efb85ee5,5613708940470450460d32f6c964b70f,c1c2bfb56991b0760cc708467f90053015c58df055316ca4f7a836e072b19a29,d28a91b7b29bdc3729cd774b659416beffbdc51ae3ba24d5b2f93105efb85ee5,151,1,
clean_validation,clean_validation:d031e90f9c225c8c560b0b433c033beb4c8f4841d91aac9b1809a44a055d10c7,fd52176bdef0ceb24d3737e1ea3e5e12,4c3672ef7dfd19254d43e1dc098189b91205fa21245dac2545b98e097143fafd,d031e90f9c225c8c560b0b433c033beb4c8f4841d91aac9b1809a44a055d10c7,50,7,
clean_validation,clean_validation:e7901c3fa1f79c98505fcb3b2f368b75a00e47e19c4c426a78bcee09c2ff027f,fc4c99043b6164589dc569f072438009,63ea6b9f3e617048679925d5c593196b4e3e37582ace4ca0dc9719e96ee2d734,e7901c3fa1f79c98505fcb3b2f368b75a00e47e19c4c426a78bcee09c2ff027f,50,2,
clean_validation,clean_validation:477f8087b33750f93ef18d68e3c1e59107f3feb01720d5aca7fb5fc1cde851d3,c790013fd947d56fdf4af941f42dcd25,994fe7ad995c640be45f21543e1004af2719f774bee97c8937794a19f1f25680,477f8087b33750f93ef18d68e3c1e59107f3feb01720d5aca7fb5fc1cde851d3,110,14,
clean_validation,clean_validation:501f9e294c3228fb34f4a93475fa2330400491fdbcfbd0801a5a5c120bc2e116,9ab7339b2152cdd25a04f3f4ce017f66,319656b88e26bf8b8ef3daa15713b15fea9d5737727e217fa496614b2a94616f,501f9e294c3228fb34f4a93475fa2330400491fdbcfbd0801a5a5c120bc2e116,63,11,
clean_validation,clean_validation:838cbf1a08bd8d859978f31a79664ec382a1d2148e27aea2181289af61dc144d,2a00ca2349fdbd8ad4b72fab99281e59,6a5e3bdb7fa6e689ee8905269ef716600f520255c57a899867de3ce3e39ac73a,838cbf1a08bd8d859978f31a79664ec382a1d2148e27aea2181289af61dc144d,69,13,
clean_validation,clean_validation:3cc702eead843053503b2e80891ba3d5d4ed08826c53ed48ba71539ab038c753,265357f33cc73b73710ebf5600c3082f,392ba16648784075a1fa79d28e54a205a3435468da03fdb0ae3750f20b5a02b3,3cc702eead843053503b2e80891ba3d5d4ed08826c53ed48ba71539ab038c753,107,14,
clean_validation,clean_validation:7d71976b6a18424ed32a09e1c35242b115028dee2ebb0fc435f42933d3ad852a,8e347effca88740131bc2e08d38f9c0b,302bd2fcd5d0e064df873d73fe8d80ec8b2e7a41ac78a35ef5d82d01db5aac67,7d71976b6a18424ed32a09e1c35242b115028dee2ebb0fc435f42933d3ad852a,31,1,
clean_validation,clean_validation:6f38caa5b378df9493c59aa73025355f8e59db83ec6e9166b30b5a5f613fce78,15d5cbc7defe7a159616a3cec5bf5c22,7ac0b5181fddd6b9677c60e6bd4033906917ca4387a18c332d4ed57cee916863,6f38caa5b378df9493c59aa73025355f8e59db83ec6e9166b30b5a5f613fce78,68,11,
clean_validation,clean_validation:a44124939cd731a4e110ca7f13f84d24ab7b9716527d30f9c52e3f684f49d855,bcc3dd2f0d34f4f717de936f8b963812,8b4d9f5430d277edc67626745c4aa7175bc1cbc2f8258ec7eed62c5267b2a34c,a44124939cd731a4e110ca7f13f84d24ab7b9716527d30f9c52e3f684f49d855,100,1,
clean_validation,clean_validation:7e08d1f5da07e01d6796b9193e37c7c0852f7a14f569ccf13eb8f14d6e4a0faa,21c9e2e05e3af72fa3344508f3fe652d,37fc8e3eb15f93da14de8b7153c1a870954cd908a27b7c55907a22cac8ccf04f,7e08d1f5da07e01d6796b9193e37c7c0852f7a14f569ccf13eb8f14d6e4a0faa,117,1,
clean_validation,clean_validation:08b78e4193c31f764203b66007eb4fb096694e6468b2aaa2c90ca2c9b5ce233d,910dc640385605a119a91bf0b4e31235,41d42c5e26b379b0ec64c31fab3c5d71d139cd59eec2bc47636ecd461c16197f,08b78e4193c31f764203b66007eb4fb096694e6468b2aaa2c90ca2c9b5ce233d,234,3,
clean_validation,clean_validation:5a4b5b22832d7b47d58f60707a32e75774230d5b760c370956e601c6a59576a0,737a1a3bd443abb4ffd2604c3efc76ca,3b624cdecb7f982bb8e85d970c4d3d79d9148fbbbe029305ee8dace2c0e0c014,5a4b5b22832d7b47d58f60707a32e75774230d5b760c370956e601c6a59576a0,80,16,
clean_validation,clean_validation:580444a92bcadc06c7647348f43e064539766f00d83dbf8d1fbf64fd143675cd,71f442c11f8cc44e89eb2e1185280517,5d35fd57bd6c469168e214cf7b7a7937f43723d7431342204a3616ffd5a7daa0,580444a92bcadc06c7647348f43e064539766f00d83dbf8d1fbf64fd143675cd,163,1,
clean_validation,clean_validation:b933001b0982ebfc008fc75f9d362d5b11c07a6d2dc09f3175d3e41df645f71d,3e1f587b60231d8b76fe4fa14cd44565,69831522bd40792e7e41132c09eb7258e81d378c106c81440a0b2efc2352ad97,b933001b0982ebfc008fc75f9d362d5b11c07a6d2dc09f3175d3e41df645f71d,93,17,
clean_validation,clean_validation:b160da095bb810a3b857b53c47d7b89f98798a5814bfd7824c38df4b2a9fcba0,bbfde88eb7f564b16910a401bb3702b6,1e7c66b022e9a5ee6868613ae95c33dee332e7b42df2966c2d95d962fe6f1568,b160da095bb810a3b857b53c47d7b89f98798a5814bfd7824c38df4b2a9fcba0,74,17,
clean_validation,clean_validation:1a95784b61a1f43f9894598ec872348902d371c1f3d207599d13a7ecaef2612d,ffb185ac7ffa6fa215f47d4be71f34bf,5184fcbc142ed432af76d267baacc9f6d926f37eeee2853f043c231a5d918284,1a95784b61a1f43f9894598ec872348902d371c1f3d207599d13a7ecaef2612d,96,1,
clean_validation,clean_validation:f85ca33f65763e70c7d01b5f4343e3e008f2fa7251e6c8fba1768a46637d9771,2efb540026390e89a9fcb884254dc7bb,01019540c5c843e7cb22ded3197d89dfd2b73441aed03d6b9641af40bae2bffe,f85ca33f65763e70c7d01b5f4343e3e008f2fa7251e6c8fba1768a46637d9771,73,16,
clean_validation,clean_validation:f8fd43f9621e0922e164b0a32c1c62994b24d03b62478dc21aa45a89a6fb25bf,80c0b6cb0f6a2d8f7e96809789c923fb,82a8235008478bca845f8c3ec7e42ed0160e458bbe6b92c86ca6d9a9251dcb1f,f8fd43f9621e0922e164b0a32c1c62994b24d03b62478dc21aa45a89a6fb25bf,357,3,
clean_validation,clean_validation:4c91ad0fb093bff31060e47fd49d5b09a8a08597434f829015b595f46f13c9a0,7b6608836d5e89d0c198a8cc1c4b7720,74d3f98545cd4234685df86a9357f39d207d1b3da072aa62385aff6287720d41,4c91ad0fb093bff31060e47fd49d5b09a8a08597434f829015b595f46f13c9a0,73,4,
clean_validation,clean_validation:f326baf797d20c029499f015a6d5a3224cb6e45cef20caa81a0e4250a5f35f1f,cb69e06f829a31a3efc9c82bf9a46c15,21668a235bc42fa5b2931ce54481be67f0d51e96bd24d2d72f4caac8ae0d400e,f326baf797d20c029499f015a6d5a3224cb6e45cef20caa81a0e4250a5f35f1f,43,1,
clean_validation,clean_validation:6b5bd0c76e2877bfdfd65fe051caf411b7f38c5dd8f70cc864a2729747c24000,e636665a4bb6e2cde28154ea28d35602,9d14fa9bb12a110c7cf43db90f835140aef07961dba6c9de2d07fa2afc3b7b9f,6b5bd0c76e2877bfdfd65fe051caf411b7f38c5dd8f70cc864a2729747c24000,74,10,
clean_validation,clean_validation:cb756f7732bebc6823578b33779cfe2370415085f6298270fafa948558ee14b8,630159a7a4199c10d9412a062c16eeb6,81b868c92717eaf08ee2edbea67010640f38b748a6d3d843bfe344e8fb33e119,cb756f7732bebc6823578b33779cfe2370415085f6298270fafa948558ee14b8,129,1,
clean_validation,clean_validation:a1fb5f60a68a9abdba952c2da1d215206339b05ad1b13372f5fbcce1f9a28dc8,a587ad7355f09efc24e081d8435a4a2f,04f8b2f2d5816ba5ec6658b6fdb660c849a5e27fbc5cab4c1a353f5a7dc33af9,a1fb5f60a68a9abdba952c2da1d215206339b05ad1b13372f5fbcce1f9a28dc8,134,17,
clean_validation,clean_validation:0afadc45a2733029b725cfd0a5f15c6a886b1bb1116e4291b1a769cf4c181a1c,5722fbb54ca3c58f209ce836a928a42b,1b700a55622e237bf0d9bd0f8e82d06abec157f909aee4e440647bb6df37ba70,0afadc45a2733029b725cfd0a5f15c6a886b1bb1116e4291b1a769cf4c181a1c,67,9,
clean_validation,clean_validation:d640d2305068199b8d02df76fc11bb7c8125ef0ebdb2ebce19340cb58bf6a2f5,224b300b651b902e7cee47841902ca5f,12c92c915197316f710d0ce74431615a1d91a57759153566912e999025811e9c,d640d2305068199b8d02df76fc11bb7c8125ef0ebdb2ebce19340cb58bf6a2f5,83,8,
clean_validation,clean_validation:e92006e468ae456614a2225c6b89806d5763b2ec0e1fe9f364acd8b13a1efc8a,0188e41bb1a649a0419555f46a019be9,4ffcd6064ec4c69fc31bb75463be2e4c7f03b86f97af0e0f2fe02913e821485b,e92006e468ae456614a2225c6b89806d5763b2ec0e1fe9f364acd8b13a1efc8a,66,1,
clean_validation,clean_validation:58660f78c6d26789950bff30a807d2d855447906fd234e55812d980a53eda828,9ce655c0b82493314d405c5ee27f7ec1,310e835a28ccfcfce16e91f95ecd7710d63d61f9c5c585830c05898c066d1f5b,58660f78c6d26789950bff30a807d2d855447906fd234e55812d980a53eda828,161,20,
clean_validation,clean_validation:d3da37deae344818310eca7fe349aef362cf74136c1af043c6ceda48c16383c0,eba8165d74b341cda753746d0a8aa63c,070c71ec199dd236d4374a5f549dffbab206ebc04f350370896cc953dbecd72e,d3da37deae344818310eca7fe349aef362cf74136c1af043c6ceda48c16383c0,73,16,
clean_validation,clean_validation:3f05294584dad4a74e67bb2014e79382455178bf7095c0e77435ca8835f7e90c,fed93482d24d4fc5dfbec57d912bf752,a6d760565992ae279db488610fa9eacc0bfe2bdd54fa33df733a59ddaf324c93,3f05294584dad4a74e67bb2014e79382455178bf7095c0e77435ca8835f7e90c,62,1,
clean_validation,clean_validation:270ebdb5b812cea8a434c2899aedd7d427d31426c2da699a6a27b2f88d199549,4051d749e52cc5264d7a3efe997e25e2,0a5cd4a6623e990c0faa350dae94591a03d491f5c01926b3c702b92647f31de5,270ebdb5b812cea8a434c2899aedd7d427d31426c2da699a6a27b2f88d199549,80,11,
clean_validation,clean_validation:41891f7e7d6895d38ac685cd0fc79049351e17f1b134141c4e47c6a268f34eaa,663944f23b929e29e7d14e4d533138f4,2e5f61a960bfc0ccaa3adf39bf7dc3a76f212f67b5976a22a64bf68deb073d4a,41891f7e7d6895d38ac685cd0fc79049351e17f1b134141c4e47c6a268f34eaa,223,31,
clean_validation,clean_validation:b994522b5468cd69673e8b3f826d6898732031d8982c593ee661a16538b4acf3,eddc7532bca491c72849fced41246be1,2bcbaed0d84f46d1261d8fe74d02998b8cf71c14dc40fe7464e90c01fdcf473e,b994522b5468cd69673e8b3f826d6898732031d8982c593ee661a16538b4acf3,111,1,
clean_validation,clean_validation:09ab9735858287e940430456ec0382cfe9090b59a73737c6b1ec8bdd13d4972c,d9cf2e6f1e9f9c3300dfe94831e79e02,ce39bf9e51bf89cb3f93eeb4ca366fffea3e6a7d189931e5535deb6cc92d5bf6,09ab9735858287e940430456ec0382cfe9090b59a73737c6b1ec8bdd13d4972c,136,1,
clean_validation,clean_validation:a2e0a66b318482b0d5137d7cdf75c8f0e9438c19c98f8a77c4e5e3e2e03eefe5,d97ddec0b873158a1dc750e647851bbe,103a54e9f16ab7df54c1286af180fea76574156779044424ca360c36b6e39436,a2e0a66b318482b0d5137d7cdf75c8f0e9438c19c98f8a77c4e5e3e2e03eefe5,91,17,
clean_validation,clean_validation:f0b0a716369db02b182a024d33689b9cfe7e71a94c4f872021318e0ee91ea5db,29883059fa574f4fb7fcef5f60535005,47cf2e2ba671a1d0ee4200d05f8fbf72421714c360ff23392806f79803f2fdb5,f0b0a716369db02b182a024d33689b9cfe7e71a94c4f872021318e0ee91ea5db,164,21,
clean_validation,clean_validation:afecd755b25fa3351f2c647fec3eeb66f12cda600323d360541b377be54e3125,78fdd1c305ded2d9fef8ddd8783c3fdb,220e2bfe9d730f18b823d57bc9b119b1b8808b7c3904643d7e8dd6f2709de7c9,afecd755b25fa3351f2c647fec3eeb66f12cda600323d360541b377be54e3125,69,1,
clean_validation,clean_validation:13205f10d4f091cc869f464863b23b34802903e9ed47d16efef4006c51effd51,3d1ba971c69b26ec861e3b6bd65c2999,2c3bfd0a9c65506c464434867ca383439d39f3d57a7e3318db47a87996934344,13205f10d4f091cc869f464863b23b34802903e9ed47d16efef4006c51effd51,146,10,
clean_validation,clean_validation:4a5ff6b09440e0def5e5c5920931e7bc6dcaaa042990e5e955023bf7cb661b97,23c32f7690e32cf96f3ee669cdb8a8c2,a537d0ae65721c4a3babc776733c3c6c202e326e41cb59814e81dee3d21fa461,4a5ff6b09440e0def5e5c5920931e7bc6dcaaa042990e5e955023bf7cb661b97,80,1,
clean_validation,clean_validation:74b7a71f635ee8407e22694e686c743b3b996a0a543e546c19d01a6119e28a6f,9296c5bfe3337ca397110014ec8a2700,31ddd20afb220ddc5e3cac8d8092c2f80761de3d87d03f8971c5a3ea5e24e82a,74b7a71f635ee8407e22694e686c743b3b996a0a543e546c19d01a6119e28a6f,38,1,
clean_validation,clean_validation:86d894f5cb19fba9bee22a1a4a5c16cc6cdf49903aae124f8a7a125a4f31c883,6209f1a16b4333b71073714c37883579,50581b556ecf0f23f17c09a7d7dce982bec5b96bec727e7b2fc740d164724793,86d894f5cb19fba9bee22a1a4a5c16cc6cdf49903aae124f8a7a125a4f31c883,101,1,
clean_validation,clean_validation:95ee62b2ef888d36d55213c8a2ddbb2086d8cc91db4d4287d6b9f166b387890d,331b0f0af495ef1fa82974e6a319c766,06ba92212bade2b5ffcf02fc026c99c191c647def84b18f2f214bc40e65ae2d7,95ee62b2ef888d36d55213c8a2ddbb2086d8cc91db4d4287d6b9f166b387890d,110,10,
clean_validation,clean_validation:63fa7d62870e3f1116e7acc466fb9933fe773a067bd0ab77d74e80a9d473bdab,65eca4bffd56c77639f893855e3ec9e7,5f436ab1d7c9693dd2e3f1d301efa531275c63fa7cc81edd621a0fccecaa8b38,63fa7d62870e3f1116e7acc466fb9933fe773a067bd0ab77d74e80a9d473bdab,116,4,
clean_validation,clean_validation:5384b731c1c4c67fc2480d4e0d61d39aa142df74164ea5ebc419d91b2fa3efc5,acfddb05d5383dffc84b31fd8597bc22,0267ec819b41ba8cccc33d9d052c1e6b82dba1e0ee5d3492b6b51e41a4dda4ee,5384b731c1c4c67fc2480d4e0d61d39aa142df74164ea5ebc419d91b2fa3efc5,212,7,
clean_validation,clean_validation:a2a1cb4408c669caacd44c0d1789041d2808285d35499051c65290432c72134e,af6a9f13f6bf70f420a3b15c2fa60a95,775d447e745973fb62ead58ac7d5d57f1f664b39c94faccc38eecd6406c7f417,a2a1cb4408c669caacd44c0d1789041d2808285d35499051c65290432c72134e,84,34,
clean_validation,clean_validation:3f43279368d4b2aa8e37c313f6596688132a3f5bc7072f0c8dfb4185ebde2121,126cb841100e8da2937c3a1759a57bef,3cc9a3679b60c3674eaedc371e667ab12df4a6057dc29e9b1a839df29acd1766,3f43279368d4b2aa8e37c313f6596688132a3f5bc7072f0c8dfb4185ebde2121,76,1,
clean_validation,clean_validation:aac2e73058621586390e7c29d58cc3396e542379dfceba7e2f922ca34e145372,65a6fd98a72f05a621a5351f9de20c31,a466622377475057d10f696da2dbe11f9dccd85e3fd9deda37dd8cf6a207dc57,aac2e73058621586390e7c29d58cc3396e542379dfceba7e2f922ca34e145372,86,5,
clean_validation,clean_validation:f7a88025fddf862ee2c5a666f6209c78543d3ab6c1abdf7a21c122910ce816ad,825f764924ef8301eb58f23f16b12d8c,8fcf26c668714882fc6a69770741ac400d4a18969acfbaaef8a3311cb136de03,f7a88025fddf862ee2c5a666f6209c78543d3ab6c1abdf7a21c122910ce816ad,98,16,
clean_validation,clean_validation:015fe820142503fd20ae9e1a8c3d1ebb18add36eaa5da09c70b93ec9d157eeab,ade5c4131cf74097c7d1ab6c7b0843c5,1fa431a9d00e838433ffb5b1f37a157d7eadd2c2c8973e2cf89051d7ad1ed50d,015fe820142503fd20ae9e1a8c3d1ebb18add36eaa5da09c70b93ec9d157eeab,123,1,
clean_validation,clean_validation:25d4de0c0ca34559fad1517a42e2a032e0c3ad6654a9c303bca0f3c7d0a48b34,294cb9afa95900a1622e73fe9ccefd69,13e8090c027d20bc9d739edbe46886a4abc44b5f54f8aa60058330026edb3352,25d4de0c0ca34559fad1517a42e2a032e0c3ad6654a9c303bca0f3c7d0a48b34,159,9,
clean_validation,clean_validation:bdbc61965ba24a8b92764bfd8d48cf0d83f72b8931eb4b257772f028327d563c,e334de5bc95161a35f9e80ad689de5e0,0ee25cda7158f8dac8270af254a21d4a77f408f9cc0e370adcbed2cb2c061011,bdbc61965ba24a8b92764bfd8d48cf0d83f72b8931eb4b257772f028327d563c,109,2,
clean_validation,clean_validation:614e666fb929b69075cee40e0cc20fb92ee34717c8aff68afdc41b998e797e39,6bc697311d4f9047a7c261070495ecc9,75bded47aa12587ca5d3497c6dbec7112c817fdf58030c6ee00db2f00aa8c591,614e666fb929b69075cee40e0cc20fb92ee34717c8aff68afdc41b998e797e39,80,1,
clean_validation,clean_validation:b15bcf64b69194157f9db43c8d207da69e312584eadef7a559f8b4ffe1094d49,09f95fc7524f444c7b1149144cf1ff37,27ab86a35f1c907685880942cc8678fb6fa004d335f8685fdf909979a7afc05f,b15bcf64b69194157f9db43c8d207da69e312584eadef7a559f8b4ffe1094d49,132,24,
clean_validation,clean_validation:581d0317ab9c84799bcc507395c7cee6b0558c10e6585d538d1ce0b452ac9b53,f67c865fdc4438b8e7889b65ad8b9075,402ecddfbe5a6477ab24a11f9c50162342ddd0c9bc4f9b6afe496a9d8216962f,581d0317ab9c84799bcc507395c7cee6b0558c10e6585d538d1ce0b452ac9b53,87,10,
clean_validation,clean_validation:6252bdcb71589b8b0bf351b0b92ae4ea9d750dcc1b55a1e1d67cfb39e4fd627c,4cc491c7441b9f3f056aea1c318f497e,13bb36cdc268cd32f2d38170f466ca64702bd10b2fa49424f0c5065c6504162e,6252bdcb71589b8b0bf351b0b92ae4ea9d750dcc1b55a1e1d67cfb39e4fd627c,83,12,
clean_validation,clean_validation:bdb3b6efaf78afde3e5e6d92daeca2133962306d4c6a8bd00a1bf43a2903ef2d,1049a115d1748811a3996a6aeb16d30f,405ed7220453af661a072d412635a59eb522c7d05321e9f1c7e80bcf4c677bde,bdb3b6efaf78afde3e5e6d92daeca2133962306d4c6a8bd00a1bf43a2903ef2d,77,9,
clean_validation,clean_validation:79ba4ae9318dfed40a50ac66f7732d4c1a1b223448c6cc19abf8a6dd3463da95,7f995bfaeddc62b8a0c8e7206e9da475,420dbc8f669684e0cbd7a6f725c2f1c9b0ee077693c8f9816a61bbe45a061ebd,79ba4ae9318dfed40a50ac66f7732d4c1a1b223448c6cc19abf8a6dd3463da95,60,10,
clean_validation,clean_validation:512aee2871381178023ff8b66ccadaf91fc046e490e8b7340efab9b64cf6b18d,846d52abced4fdc731558af4092c85bb,2f93e3b590a3c610956f114047d17629f4d8c0d67e4340b800b27e873509e01b,512aee2871381178023ff8b66ccadaf91fc046e490e8b7340efab9b64cf6b18d,159,1,
clean_validation,clean_validation:276ab5e1e335df980d09d620925683934a64a5a9d6dff2489706dccf8f99c130,c8b3ef5eaa11636d5c1279509065168d,264d4b832827153dc14a12b0f74f86ff18da48617c757f054d2a03b8a0d27488,276ab5e1e335df980d09d620925683934a64a5a9d6dff2489706dccf8f99c130,21,3,
clean_validation,clean_validation:53561fc51335aa9c03c83259205b3609bc28938ef195260c1176156f9e8c4048,45e46580708409cc3213ca422a2427c5,04b227ce9cd86d2a14d21117e912786aacbe3a017585860214f753e161cd98e3,53561fc51335aa9c03c83259205b3609bc28938ef195260c1176156f9e8c4048,157,17,
clean_validation,clean_validation:d441215c934f5602104bebe17a82fdfc9d4cbff2b8f1faeba3625411c8741623,f608a4ada15efcee7dc6daeed0b80258,2f257fc7682258b83cfed5d11ead6be23e5333fe8b2004eb487b546d9c19d217,d441215c934f5602104bebe17a82fdfc9d4cbff2b8f1faeba3625411c8741623,129,1,
clean_validation,clean_validation:3933b469f3a09d79044a7952088ec3e62e4daf4fef6632678441740c74b0408a,d4a79991d6fcb031595296ebb7577f48,1ba225e3e3822cf69654dad0aa173ec974c7417e889c7c1d7e4a20ff0ae8daa2,3933b469f3a09d79044a7952088ec3e62e4daf4fef6632678441740c74b0408a,87,12,
clean_validation,clean_validation:1a646b31c0a1144e0958f4e3f11d040c8a2888820782c43abbc822547e11c3dd,892d1f9d69847b03b0e0a24e7c5bd333,1afb3a202d7191c85aaed01f167445589f50c8f938cb359482646870d8b73922,1a646b31c0a1144e0958f4e3f11d040c8a2888820782c43abbc822547e11c3dd,109,8,
clean_validation,clean_validation:55ee1fbb6739ca1513113aa080902792996a84a4e37d89efa3d8bf64a05b941d,edf0afcc6780168e47ccacf00011f99e,58e3b025b83d1f3a6c59635bb01d51f5244064df2ce14e20482ebdeef14c8267,55ee1fbb6739ca1513113aa080902792996a84a4e37d89efa3d8bf64a05b941d,133,15,
clean_validation,clean_validation:bd367a63a48d8b6619d895281cd547c9fc96ecee72dadc1e5a7b4176a8acc617,3376f73272a60ea6126dc6ec59e31ef6,1f5a7605035498ac619a53dc20ab056a4f14b28e1e549d9b94ce5e7788f5d085,bd367a63a48d8b6619d895281cd547c9fc96ecee72dadc1e5a7b4176a8acc617,73,18,
clean_validation,clean_validation:ac3fa6b722cf0131af430f66d01dd7eaad8354a7862056f813234b2d03b8d842,44dfc9903b18cb2055c3b1609ffc0f09,2ca581d43aef527353c167ff0efed269a10bde1b9018600e48502bca257c1928,ac3fa6b722cf0131af430f66d01dd7eaad8354a7862056f813234b2d03b8d842,136,3,
clean_validation,clean_validation:057100228faff9b430a0f0ec389f418f114f2b752b0f4484adfa74b1d5dca84a,b79b7c83ca7d316a28caaf0c900d82aa,0c867e5e64c28b347393a8bdf0de27a4c147fc7c7122a74f99fba161b758f3fd,057100228faff9b430a0f0ec389f418f114f2b752b0f4484adfa74b1d5dca84a,168,11,
clean_validation,clean_validation:14b68ac53d4aa79a8fb03725d1b06d17a76b5306feb4b22c9daf4444f9a30e89,8dc49046814ff4b76266ef8e609d186d,654f936607302e951d0884ae3cfa823755b81331986ac1bdebd5b6d3fbc52c57,14b68ac53d4aa79a8fb03725d1b06d17a76b5306feb4b22c9daf4444f9a30e89,108,1,
clean_validation,clean_validation:0fa6ab735cef572d25143a0705fed2637874df6bb635995827da87e0200c68df,e2ed9637c1225f9faa00b7312afe54d5,7f09bbaf915736a68b7ad6eb19e8f47222c5e96efc634e4bf5e4c40001a291bb,0fa6ab735cef572d25143a0705fed2637874df6bb635995827da87e0200c68df,125,1,
clean_validation,clean_validation:04d5e2988135bc5b8e7fac927de18cbfad0ec78ac794e70345927ff18f5eb106,6b849b0706725d07ed10b565206ebcc9,1c419f655d4362c0afcd7295e62ba1df4a33e35d64a3d677d4581df611e523ef,04d5e2988135bc5b8e7fac927de18cbfad0ec78ac794e70345927ff18f5eb106,106,1,
clean_validation,clean_validation:922813cf7bbaa6cbf43be14bcb36cf4bd8f87807018bbbf772bab6a07e45963f,ef6f05681edaf2371e6d7a7e317c9bd1,3d7fba5f25ba134ef9413114d524ad60801a42e5b46550cc810790cb97270767,922813cf7bbaa6cbf43be14bcb36cf4bd8f87807018bbbf772bab6a07e45963f,115,13,
clean_validation,clean_validation:4df08b1aecdf6e456626d50f255c6fad76443282a2c32294aa3bf561090c3b15,36281fb9ad568eb3ef415818d537b555,00e9ccde327ed71777ac2b3ac89c0b7a56ed7bcd2034aa3102b856f52aeb3a73,4df08b1aecdf6e456626d50f255c6fad76443282a2c32294aa3bf561090c3b15,93,12,
clean_validation,clean_validation:f714dc5f03825349c395dbbb0e8783cfbd4cc2b224a5ffb84fc36c6e09d00583,f74ba8cf7f6e1e2441b265e5692a1346,29d2b801f4c5123137fa050d38f325cff21dcddbc2dcafda72b56ee6192db26c,f714dc5f03825349c395dbbb0e8783cfbd4cc2b224a5ffb84fc36c6e09d00583,184,17,
clean_validation,clean_validation:c402766cc040a0c4b48dc8b621fddb6eaba998f2a2149ccc3b4aab6bd439998f,5b0873df089fd26429546fe5c26a3777,46764e94fe9b32ec8464dc93065ef122e79d974d406c0e29d48a490740c486b2,c402766cc040a0c4b48dc8b621fddb6eaba998f2a2149ccc3b4aab6bd439998f,35,1,
clean_validation,clean_validation:674ae989e2cccc08f921e787f41483e35d240d2113e097e2851634f163f90caa,442a584c8e6f390d13253c7af9dffbe0,15d55f708fd49bc4a52dda1ae39f41a9e5ecf21f214921bb24385058cf0fde0c,674ae989e2cccc08f921e787f41483e35d240d2113e097e2851634f163f90caa,105,26,
clean_validation,clean_validation:959741deef1e9be6b6ed37709f11febcfd975bb028001cda67b0ecfea5d4b27c,ce268a371bcfbc829167b683143b630b,010dd47913e92f8093680bf09371050b20fb5971bc6ef658336e91fd920d3549,959741deef1e9be6b6ed37709f11febcfd975bb028001cda67b0ecfea5d4b27c,89,8,
clean_validation,clean_validation:f5f4c63b5cd774210ca362e55f504fc7a2b5092121c064a31698378727b71c08,b0424b095e8b688e4c46ee10662e58f6,4430fbcbc358694eb566101df4020ba4800e8648d835088cc4997f7905178fe6,f5f4c63b5cd774210ca362e55f504fc7a2b5092121c064a31698378727b71c08,172,10,
clean_validation,clean_validation:b5eba964c31e310720a377f9fe6ae6fbd344413eaf31d82e2ec9c2eb2db421ab,24c463c18a88bee731cd993c44641e42,6c327de1f0de16cfde1455cc3e2102ae49c0df1492389a2ac9ab70ee928c0eb3,b5eba964c31e310720a377f9fe6ae6fbd344413eaf31d82e2ec9c2eb2db421ab,20,5,
clean_validation,clean_validation:3303125251d8b4f0ac2067ee6348e4ddeeda3b68d12e959757aeab1185b1f11f,3a4e05453854b1083334efb5ad406a6e,aa42264989e081abbd025d0648cb7079753bb4b6c7c4dac1f8e01e0569d3179f,3303125251d8b4f0ac2067ee6348e4ddeeda3b68d12e959757aeab1185b1f11f,132,16,
clean_validation,clean_validation:27e4f41342648ed14601e1c1ae783d403c524d77c7b18485a1ac0084c753920b,41521c540d391fe2c86615d10726ae7b,854df94ab8f58ff4dfd1e313d4d25db26f55d2dabce7c53b4a052609618b7519,27e4f41342648ed14601e1c1ae783d403c524d77c7b18485a1ac0084c753920b,182,15,
clean_validation,clean_validation:8b08823d88cae6094ef6982727be05e773aaa0f17ba2f370732fa665a35fc951,f2082ef34e996ca450174528fb951237,2950492ca45af4ffb796e82588f404f59e11a74d504cc01625b59c3ff275bb4a,8b08823d88cae6094ef6982727be05e773aaa0f17ba2f370732fa665a35fc951,64,24,
clean_validation,clean_validation:cf65ae59aa93190b438abc2e1c4a5a7fe480e25670463974a2721997ec146758,d08fec78395376a9fa6bf4b29582e784,1ab2da74f69b433602e4382336d5d81f7fb33af021f01e2e0636d7fd2960f993,cf65ae59aa93190b438abc2e1c4a5a7fe480e25670463974a2721997ec146758,90,1,
clean_validation,clean_validation:4f1cdfcd5caef3272a7e321b3e7463023b72450eac2511ac131d585349721c70,2e2dfd31c69fc90c792e76050f3cee92,77bd0643616122f92784eb1933c3905c8f9d1250197ce684e05fed096d8364d7,4f1cdfcd5caef3272a7e321b3e7463023b72450eac2511ac131d585349721c70,39,22,
clean_validation,clean_validation:88c145fec6ad4e7939a0f7193a852baf76586b1a1efedc57fd8d3a75070a07a5,92d4d7354ae3c03d6843ac1c23041033,3864f7e20a801b858bb527baa04d80ae3e5f62cee7792ec963456a82bb377c7b,88c145fec6ad4e7939a0f7193a852baf76586b1a1efedc57fd8d3a75070a07a5,87,1,
clean_validation,clean_validation:80986cd6c6ed6fa0cf09f3678eefe18cb6a3ee841095094b1e2089dd91d9cf35,683a3f7c3a8280ab0f5b052bea19f7ba,1e16395a4e135dacb39208fbc47a676fdbf05ab89069956d0ab322d6f8afd88e,80986cd6c6ed6fa0cf09f3678eefe18cb6a3ee841095094b1e2089dd91d9cf35,63,1,
clean_validation,clean_validation:d18e9a5457159f804fe22d39ff73bd136c13ec8200ce4d2920cadeb94736014d,d5e34c2ecd120e216c2688b247817995,6652d179f6847aa2f82ce46cff041b5d92556bb8e9c03bac49cb4495a85a64f1,d18e9a5457159f804fe22d39ff73bd136c13ec8200ce4d2920cadeb94736014d,60,8,
clean_validation,clean_validation:c96153524cd70acc9c68911a8ec9d95c6a34622525aa117b4b67fd73baddef0b,1ffda13bbe926af8834898e5e2621252,2a7482eaa5e66833e33a207f27731a5ab843566d42dc68b86f715f7c03308d89,c96153524cd70acc9c68911a8ec9d95c6a34622525aa117b4b67fd73baddef0b,146,19,
clean_validation,clean_validation:278d364efefb1ff5f4d13a4e8408a02f1fd5a75dcaeb70edf0346b8cb97e3fbb,193e7d547d1a7dce2f4f3e9e0d15f6d0,49917b2ee59d13d7d6d307325309309ca529fed88ddfd0ad8ca3228e7ae55b6e,278d364efefb1ff5f4d13a4e8408a02f1fd5a75dcaeb70edf0346b8cb97e3fbb,180,1,
clean_validation,clean_validation:fea11e78d988db5afdb76d0352dc42b21e5f97d05392c33ec2fe4e97043a3909,8ce89fbfe8f65d691ff0d4ba014f592f,6336739631f6b4237bcf69fc0bb87040f19c299a5e63e075ccf37fb5a2ef3193,fea11e78d988db5afdb76d0352dc42b21e5f97d05392c33ec2fe4e97043a3909,70,19,
clean_validation,clean_validation:57ef3535afa52d3c8a41237e5bb655f18217053606790a2cff30c5d110875efa,ab5e700071fb246d7a43dbb660825d6e,0ecd1cd901b10d9cddcfe317a609698de5c7288a11a55efbc9c4b6e6393df95f,57ef3535afa52d3c8a41237e5bb655f18217053606790a2cff30c5d110875efa,74,12,
clean_validation,clean_validation:76f6d7fafda6661aef4ac848c3cdc212401641308fe858a0d2b875a09bcd83d1,992a66430360e2c2dffd80d32a038596,2a9dfbf8a04dae1ee2973435df1a553a9b096d8589c88dc93406e75c1c6b1417,76f6d7fafda6661aef4ac848c3cdc212401641308fe858a0d2b875a09bcd83d1,168,13,
clean_validation,clean_validation:4ec300a7d22fb87cb453a8650ed394c46202cea175de9d8399193161e517eeed,231f35fa7ea429dd06709939d9e0c886,4a5d6208ee82e69894ec930bcc612ddf46070bdd6c13b116bd49bb616d98f0e5,4ec300a7d22fb87cb453a8650ed394c46202cea175de9d8399193161e517eeed,104,6,
clean_validation,clean_validation:7cd76d0ef312d9f9ecafb12847da6825f226f5f959394d6b0bf1463486cab34a,55d18b7e36b028a90c07ce80bc1ba5b1,09210cafec3a978b9cec91dd7a4f14ab07f3c5d2d5b5a22fe24d3b556ae70728,7cd76d0ef312d9f9ecafb12847da6825f226f5f959394d6b0bf1463486cab34a,61,10,
clean_validation,clean_validation:48f74f497a265f1091fda7f4f2e5995392a420b3afb8310ff4fcb76bbf19fa40,dac79ac7336b08a3e5d34b13f8d0547d,74c72ebfebe22d42962169db4a2ecc87b00ea5be4759dddf8fc20248cc6537b8,48f74f497a265f1091fda7f4f2e5995392a420b3afb8310ff4fcb76bbf19fa40,115,10,
clean_validation,clean_validation:bc5328d6b9445d685d348e267ff74da0166dd0950a854eee925c81014a5db0d9,670cccf696bdef1fc5fd7fb9bd989571,4272dbccb093249dd273a96cb0db2a63e6566584da9ea233855c0da2cda5a40c,bc5328d6b9445d685d348e267ff74da0166dd0950a854eee925c81014a5db0d9,129,17,
clean_validation,clean_validation:60c55d3f0c2f1b7e6fed00356abe415fde33119371004e1bdc7af9cc94858e53,dfc1578925848e732bf598399e32acaa,125a34eb3948d02da988a983174e8523eb73fe46029127b9d150a29e72c41741,60c55d3f0c2f1b7e6fed00356abe415fde33119371004e1bdc7af9cc94858e53,75,1,
clean_validation,clean_validation:dcf4aba8fe1734876110c927083387395f120d4f9908fa5a13a82baab91a1dfe,72475052ba0f00998353675b20fd0a88,49a6810fb01d9bd97755706f1aa68fff3b9a11ceae5e6c60aa9a6a7a89639433,dcf4aba8fe1734876110c927083387395f120d4f9908fa5a13a82baab91a1dfe,58,13,
clean_validation,clean_validation:f801ce0c0edc2654ead596b5c3c3bc6a2137d073c414e7e2cfe6c13cb95df86b,745304c23dadb92bbd58b5768fb21a62,4c9cb87867b774da72d8d13845e28c182b711fa70c12e5e30c7049d997f833e7,f801ce0c0edc2654ead596b5c3c3bc6a2137d073c414e7e2cfe6c13cb95df86b,179,1,
clean_validation,clean_validation:448763503aa8450047be8fec997643d38b3d0b56ad1988353fdb73d098552512,cb7596481c623d4a54c45ac2968d7c0a,6816d9ebd753dfd3efb110d4d607ba534a6d56299fb8ccca34a99b1e75f03f67,448763503aa8450047be8fec997643d38b3d0b56ad1988353fdb73d098552512,160,14,
clean_validation,clean_validation:06892e81d09e61c5c876f912c9bc0ab24611afe7a31cd5bcb5ef817c29567941,50072b99d9123ecdb2db006f40ac40cc,8acb6c0862ce8760f6d56d92865ed8ff69cd9228565d9d4985ec8b5fd8464a85,06892e81d09e61c5c876f912c9bc0ab24611afe7a31cd5bcb5ef817c29567941,132,18,
clean_validation,clean_validation:2fc9f54fdd83a26624e6e890a205f23d089c5b43e667d4a42c772db4e0dc9a96,51fdae7c7a706df4bdc2903e8eaf2e32,9c48b87f04b3b53c97086d219719719fd0aa0af551adb81a98fe0f73f42ca353,2fc9f54fdd83a26624e6e890a205f23d089c5b43e667d4a42c772db4e0dc9a96,100,10,
clean_validation,clean_validation:402fb5dd94d2429dc89aea571adf8fde80f19b0f4e495da92b32dfd42e9dbddc,11ba530dec01ad5082be2b98df025c18,0fb249dbdec4914d7c0e7a00ccfa7cdf2fd3ee0a1e65840ff79f1cf77e3cfd74,402fb5dd94d2429dc89aea571adf8fde80f19b0f4e495da92b32dfd42e9dbddc,125,1,
clean_validation,clean_validation:0e4e0eae6666ac8fca0d71bbe81c09872fd5b7308db95bfb2f4e75d2d37477cb,61fa8a55fb0e50bfcba93a5dce2d68b7,2c33f44abc395961d66847d8ed9e11237292a2cfadaff8033d73cb9c38be4f7e,0e4e0eae6666ac8fca0d71bbe81c09872fd5b7308db95bfb2f4e75d2d37477cb,133,14,
clean_validation,clean_validation:80ba9e151b1f7396709b2d3d8d61aa8fcfd6995379df1f606821e89590f77721,15f50ca556e08805c74abd6f1fba10f9,0d4228dc613b9cc9adcda20653577f8f71a1af9500e290a8227dc7475966d3f1,80ba9e151b1f7396709b2d3d8d61aa8fcfd6995379df1f606821e89590f77721,55,4,
clean_validation,clean_validation:e5b5822b36ee9d5d3973da7f7c05074060767625f3e2ce2568d7465c7884ceca,a549eeec740133fa4e0b4480217987cb,7e9b7ded963ae3efe6cc2aba63a26ee80a8df436f81ad833311f4adfc6fcc29e,e5b5822b36ee9d5d3973da7f7c05074060767625f3e2ce2568d7465c7884ceca,76,1,
clean_validation,clean_validation:6c32b042c33d8aa1aacb4244018f25e877181ce182d56e2f0d075912c1802f63,2024c337385a4e1b31646c45d1f4382a,224447d5889b998c28c601fb4b405604c05fdd4e9372aac0000fd30dc503754a,6c32b042c33d8aa1aacb4244018f25e877181ce182d56e2f0d075912c1802f63,89,1,
clean_validation,clean_validation:2249ba7c053d6fe29eed81ca040204be05eecbe243c68eb284842a8ecee14ace,b35f0e706ecb49cf44d846259fe81d96,7d136c71f4031119772f1e79f8e77dabb441f6f691dda9c184a3eddbd0530f2f,2249ba7c053d6fe29eed81ca040204be05eecbe243c68eb284842a8ecee14ace,99,1,
clean_validation,clean_validation:c0ab75d29786750287197451628d4462d6366619a0472f35a1c081b2aabaaec2,ccb32e233ed3eb932941a6a4f94941f5,1517715241a25ec93b5b12c2b943ac74e7b839a51fbd5501ec916a1d1774f412,c0ab75d29786750287197451628d4462d6366619a0472f35a1c081b2aabaaec2,116,1,
clean_validation,clean_validation:9d9e9118ede731d488aaeb2681ee9926946a8299f1f6cf71ed8b308dab68d638,da7d98c8f38311f2d8480aa13b3caa07,d8ebfdc6a9118e35b93fb2f952dc21e6eafd9ab397042c809f19e0da609c03b5,9d9e9118ede731d488aaeb2681ee9926946a8299f1f6cf71ed8b308dab68d638,69,10,
clean_validation,clean_validation:b27b533276ba06b8f037bcf3771e72ec680c090da5642c8297c2d241c562433a,41c2cf47f99c5d009a8a7fd69e4b85cf,488e2c1f490e78d82d198d95b5875b972bbb41b65b2d90c96d4e0afe62f91262,b27b533276ba06b8f037bcf3771e72ec680c090da5642c8297c2d241c562433a,76,5,
clean_validation,clean_validation:d6a0e2c26a0feb5615b24b2f616fdbbbd63ccecbe19c7c264a8ff2a282af4336,c8245d56e8307ec7740746066ac424a1,060a61373ef311cd535deada751c81b301f2b2a368bf1530c4413a431f78dc19,d6a0e2c26a0feb5615b24b2f616fdbbbd63ccecbe19c7c264a8ff2a282af4336,103,1,
clean_validation,clean_validation:8d872db25c8808fc7adb36f43d812f54b4921b7b2f7cce5672da524dbe784ee5,93217c69d9928d48068d39fc2e4b0982,3e5b8cdbdfada9056aef8cb08da4cfe2cb68db514af0a4b787f609a7b7e15ab9,8d872db25c8808fc7adb36f43d812f54b4921b7b2f7cce5672da524dbe784ee5,100,12,
clean_validation,clean_validation:771150442609a81f9ab972da044e33fec3a8a4361b7e323bcde557659c126dda,f88aae6c8ccfec3724747973d15ac53c,602dd324769cbe76454ce0c2cdb941d4ada022b8d680aeddfd8f4fad644d9f37,771150442609a81f9ab972da044e33fec3a8a4361b7e323bcde557659c126dda,166,11,
clean_validation,clean_validation:432444cb14cfb464778394abec1174e5f1f3bdf19ae78e2e9bcb259ed95a57ba,e1cdd20ffd693642a6e95fcbb681a42e,1701dfc90717d90a5867974db56c1c70c45048a17a689fa0732f1c97c2d4661a,432444cb14cfb464778394abec1174e5f1f3bdf19ae78e2e9bcb259ed95a57ba,102,3,
clean_validation,clean_validation:14f645a92aa9c821ac08f4279816f402bc66db204b5dde9d1403644f3cdcf308,5fd2a0a1ecc13a9022cf7714159f34a5,39e0f907977eac5b36e8de3d3212e49b675f26f85286455fd2dd5108adf642e7,14f645a92aa9c821ac08f4279816f402bc66db204b5dde9d1403644f3cdcf308,71,19,
clean_validation,clean_validation:b25c196886fc53d39659b3d494f4493dd47052c2490738eb24a4c306d92122d4,17115c5bb19b5f99df55a72181ab45cd,8b6d4f5923fd84208c255ba41cd729967e50a3d88784eb6eea40a77d5d78b0fe,b25c196886fc53d39659b3d494f4493dd47052c2490738eb24a4c306d92122d4,118,1,
clean_validation,clean_validation:b25135905af1f710d9776c29f48a0654d5195168cfc050ad8d1410c07b6928a4,d274171d529f463530f3b7c873e48b5a,0aa448eb1b3f790834c53fa46dfc0bdda6854804ea9e77afa51b42542bb72953,b25135905af1f710d9776c29f48a0654d5195168cfc050ad8d1410c07b6928a4,122,1,
clean_validation,clean_validation:e590775ba84958cb678deb8839134df2edef9f1ecc24cd1bbcc56c401acd7aff,9b054cbe954d4ed2ce106d2fe12ed530,006ebb8982141ba7202825645f554c7987b08c4a4dd60c3fe57a197ddde6ea3c,e590775ba84958cb678deb8839134df2edef9f1ecc24cd1bbcc56c401acd7aff,117,1,
clean_validation,clean_validation:e1e093c559993944d6a57693882d974f67bab1657f2ca3906acb7fd4b2ef267e,b52d8f3eedd5fde0c26e1ef56485b80f,597869b79b7ae3e284a4433ab57ad50a267da3852e0256f90accb34c7215788c,e1e093c559993944d6a57693882d974f67bab1657f2ca3906acb7fd4b2ef267e,96,1,
clean_validation,clean_validation:73e8e673e3eaaeab4f9d59a38fd6af4ee827fcc1aff2b63b404022133021112c,c45524ee0ca9ed40efd00d2690e31a74,223f51c239826f207a21180d7f7a09e6d8d952786c5906df9114d49a6d4aaba9,73e8e673e3eaaeab4f9d59a38fd6af4ee827fcc1aff2b63b404022133021112c,67,17,
clean_validation,clean_validation:5dbc253493e86bf8eae140c7d724d3950569cc562b3d6edefa0d85617919372c,b1cd0198eb327e5937c3d6623a7320e2,062f4165a2aa1e8bf07902ed1b4ed02710cfcba0bbe74dfaab7550ec12dda28d,5dbc253493e86bf8eae140c7d724d3950569cc562b3d6edefa0d85617919372c,111,13,
clean_validation,clean_validation:3184dff38804717d9068d4d8e82cf99c773e6749f9ecc089fce5ba7803e0acac,19ca784d7c7fa9845409c596f815999a,308de233b75d6e14ace3649f1e212f3200eb1b26e736c7214e482820928c0651,3184dff38804717d9068d4d8e82cf99c773e6749f9ecc089fce5ba7803e0acac,164,7,
clean_validation,clean_validation:ab4c253494ec9699b2216203425590b5896d1f89dc14b96df2c0cf4433ce573f,b95d1525ac87e33b1ed9dee14aaf936c,98e7ac0d067eb29a8abbe5ee60ad7d71ed05bf81d5ee233a711617153d0312fe,ab4c253494ec9699b2216203425590b5896d1f89dc14b96df2c0cf4433ce573f,88,1,
clean_validation,clean_validation:eb5f012e65fffdf479f9b7233d48a4413a714cf7ec3b0d285d4c8bb0ad9669dd,7d6610d36c4a20fdd34f851a3b034a0f,180a4b261efaa35ceb06fbaeffc18952b080f4dd1dc8107f40456e3d265c061e,eb5f012e65fffdf479f9b7233d48a4413a714cf7ec3b0d285d4c8bb0ad9669dd,116,10,
clean_validation,clean_validation:3a2c2ea294bc9109c4ad468cf7313a1b6fba6697031ba236f17d969bfbeeecf0,7416ad897499a00bcbcab7ae9750ae07,c1d3ac402a0856a5b631175a4acf553a98b69f937c848ac2b0577c92eaee91fd,3a2c2ea294bc9109c4ad468cf7313a1b6fba6697031ba236f17d969bfbeeecf0,97,11,
clean_validation,clean_validation:1042cbd70866f1935cdfddddc480e050ad069330d6071bd2a4e04393ca422bdb,4e1f23d2c87fefe239e31290e705c958,308bbe3a2ded753e0ef3cde12e1dee6b1d2351f38d6f08cff7a24661d57f321c,1042cbd70866f1935cdfddddc480e050ad069330d6071bd2a4e04393ca422bdb,70,1,
clean_validation,clean_validation:1c32459fc33bf49f5a8c876b8a0f91988163e58bd62a43432a6611ee944e1bee,856949f6da91a94e0b682ca31e6fd8f9,8545c1330d8a169f49eaa7b94e094b670ecc907f40a5c46cfb6a402df01c406d,1c32459fc33bf49f5a8c876b8a0f91988163e58bd62a43432a6611ee944e1bee,109,7,
clean_validation,clean_validation:4f5f3ed95e99c8dcf8f842ea28aa12c4a7ba58e7fd4987e1c8aa1b9e6af03c8b,cd66faaa71c6fcd155b892d3584d6d9d,00a4dd3c3794c0e7479c30337f71111042f3fc8f5d8679c94faa74dcedcd726b,4f5f3ed95e99c8dcf8f842ea28aa12c4a7ba58e7fd4987e1c8aa1b9e6af03c8b,106,17,
clean_validation,clean_validation:45f46cb0ce2203a12e9bc5b771d40d9663efce801e7d0ad36e482ef29031c296,38a21d60b80c11dd314d0673d7ae4031,2e9171badabfdefd41cd1453099bcefb490109a949d4df606d642bcaf1fd39ee,45f46cb0ce2203a12e9bc5b771d40d9663efce801e7d0ad36e482ef29031c296,146,2,
clean_validation,clean_validation:cd13e99b58be618a5b6b6557a9ec1db2c159898fb7ac453508582c5893df2889,6a38fffec5a2b62cac755e70e8761df9,2ea9756d58ca9b7c2fcf98eba838a4ecda25ffe588b3a915d8a6af8e5525deb9,cd13e99b58be618a5b6b6557a9ec1db2c159898fb7ac453508582c5893df2889,101,1,
clean_validation,clean_validation:9ef8b01d42fdf6fc1befed012f904a97f12cea3f061f4d6b9752b4129d5898e5,cfbd5550dc98227aa1a950eeeff67419,742879d34276d9be98204a6fc302325c64f8079c6b363c90efd05d93f5ca2465,9ef8b01d42fdf6fc1befed012f904a97f12cea3f061f4d6b9752b4129d5898e5,146,11,
clean_validation,clean_validation:4f224a99a479e3fd5a00974df390bb694d8b5911e4d672d1241dae0e8ef14378,b836a06a1a3f6a4cf0a879008895db3f,351d97b1b8a0b599298d8ef2e14b80f03a068403f6fa87a212efbb44a761630b,4f224a99a479e3fd5a00974df390bb694d8b5911e4d672d1241dae0e8ef14378,80,10,
clean_validation,clean_validation:29d17ca97d7e2a525004f01ea883caa12058f8a191b830fe5f06465c302bfca2,78b8a9f1a93c3f0f5a9dda6825b33cb7,35b4475170fb3e31b5cacca39f77f0203b79693c1b0022f29cdde75b5aa1e6ec,29d17ca97d7e2a525004f01ea883caa12058f8a191b830fe5f06465c302bfca2,87,14,
clean_validation,clean_validation:3d8b6e80709c7c7c6f9b4899379c64380570523e305522815bbd5f0fde2db003,cfbd4cda4aedfb0c3439e9110a541854,32c8fffa09793da6201333c47ddb0faaa72c333774c76cf0ee7aaf97eebef4c3,3d8b6e80709c7c7c6f9b4899379c64380570523e305522815bbd5f0fde2db003,78,10,
clean_validation,clean_validation:4e4a36eebfba8f870fb32a443786db269d9fd0ea7f89fe237b68adbd88adfc54,b5b89251b0b9a59c1047b4d85d31f0f4,0b576588d03419167dff4e0785150c499c978b19e5b7453e79a3f355424e30b2,4e4a36eebfba8f870fb32a443786db269d9fd0ea7f89fe237b68adbd88adfc54,99,17,
clean_validation,clean_validation:5efd96e002b35bb9beeab09eece8328dc0845affa68bb738b4848cf3f165bf02,0558bbfad945477a196fdd8488c47064,1fd01de020d4b2b76f5266285eb6cf87fe38eac13b222642b028991b777c4848,5efd96e002b35bb9beeab09eece8328dc0845affa68bb738b4848cf3f165bf02,93,1,
clean_validation,clean_validation:ee1c3d1d751e5b0c31c0aece3c7b0c9c81b403d0fe9f31be057667064ef6da76,95957dcd3620b6bcadab004632a3d1a1,5381cc47d7d9f3bb3b86c2354c6036401f6e27d157345602f67def3d00900e6e,ee1c3d1d751e5b0c31c0aece3c7b0c9c81b403d0fe9f31be057667064ef6da76,53,15,
clean_validation,clean_validation:49e1aaa24134a9f19c3a218205a716f168e47858f373f9a32f473b6ee5663c1b,09bb8bde71bb527f6b1ad0c2f366853b,433b357acf57b2ad4c4938a25c60b697fdad096670d29b965eb732eb9e37674c,49e1aaa24134a9f19c3a218205a716f168e47858f373f9a32f473b6ee5663c1b,63,1,
clean_validation,clean_validation:1a6407bf1b5b46c0aa3d78d1be4bcb2737dcaadc24e99276530da247fde48f6c,011cfc776ac483e90e9b53d91555b02e,3626c277fb16bb10a39622ec3cc490d3e3773c72ac7575f961272e1e62bb3cd2,1a6407bf1b5b46c0aa3d78d1be4bcb2737dcaadc24e99276530da247fde48f6c,87,4,
clean_validation,clean_validation:d278da170d23532912ede53f0bc4dc5085c61a0a606c5ca294503436e2715b30,b6631f93501237d332178148708683e7,0722094a4bfa11bfe4b0625cc6bca9e1ad0c3dcaaa7a555dd3bcf543331f7209,d278da170d23532912ede53f0bc4dc5085c61a0a606c5ca294503436e2715b30,69,1,
clean_validation,clean_validation:a3aecc2663244f3c33a68f8ee747e3daa55213bdeb453778d12f01c26cc152be,e79966685f45f6e40b173e043755167d,85ecbdb1be5584227a556383ff6478fe36a8864f059c20cf16f9a1b3b48d82d4,a3aecc2663244f3c33a68f8ee747e3daa55213bdeb453778d12f01c26cc152be,129,12,
clean_validation,clean_validation:96bac0ea6eb05db5c0fe49080b452e3aea2b2e372aeef04aba2c9bebbf6a9eb8,128ca4825238dfc455b85a1b2da1b212,d14bea0e6e5175ee0306ab79df0c2d670f82527241060e6978cfc890d66f5824,96bac0ea6eb05db5c0fe49080b452e3aea2b2e372aeef04aba2c9bebbf6a9eb8,99,15,
clean_validation,clean_validation:443018064f42a353404a591fb6bf43b63bfa24831f8a127ef7b79915f8803480,04fae58f306ec7ea7d03e095c66372b0,4e11fbb2dff4b9d98e2ef38ccec09cd720ab3d5c0dae194bb9f61c4ba02d5ca5,443018064f42a353404a591fb6bf43b63bfa24831f8a127ef7b79915f8803480,155,1,
clean_validation,clean_validation:f1e42fc431302eb91914738418127b41b092971ac34f80ae210f4c5ac0b018a2,83e1e2108b04a7163f7fe270bf20f687,406d0a3456ba729f024c3d795718d39248f28ed8658034b384f5a4df8f23481f,f1e42fc431302eb91914738418127b41b092971ac34f80ae210f4c5ac0b018a2,126,14,
clean_validation,clean_validation:f2d98233c2c2157129bbdcb42384660804c00e31775d330ba14aa17f0f8e9316,61c5168ee7ab0209c0fd15f71f73c8a3,3a214247b867219c8f4cdbf25345d9bd6491e5088c017c28555badfea735d873,f2d98233c2c2157129bbdcb42384660804c00e31775d330ba14aa17f0f8e9316,80,5,
clean_validation,clean_validation:f4b6f52f2750ba78abedae1df2aaf674952889d32cc89139519514660cf18503,36443b666157335fb98cbed10b78d6b1,20233579da90337f6b69e962e84973e6cd4f4f0cedd5565df918117fffd5e739,f4b6f52f2750ba78abedae1df2aaf674952889d32cc89139519514660cf18503,494,1,
clean_validation,clean_validation:0048d6e1d0d88dbf9ca1c8959920e82fd94289d813cd0cbd35881ed9c36e6da1,0f2b927dac8058fb7ad13f86837f5fc7,09539395099b79d875d6ce342c5b1c9c301e6d23b6e31798ac02d52e127097f9,0048d6e1d0d88dbf9ca1c8959920e82fd94289d813cd0cbd35881ed9c36e6da1,72,1,
clean_validation,clean_validation:1af5c68b495c7d0140deaa00b30f4b684e629d351dfc644d4172a0e6c2d58cf9,dfcdb58e47443785e6f05e63c7bddd44,014940738d7e1d871beeffeeddd8a6a443b1d6e9f01e3a5b494b70ae4be719f9,1af5c68b495c7d0140deaa00b30f4b684e629d351dfc644d4172a0e6c2d58cf9,117,1,
clean_validation,clean_validation:651251c7555040dacbb36c50f152df02af86a8c766256b3f470e76dd377df9b6,2c2af0309cb0dba49fda766587977a99,76dad3119edfe18e580a347ba561c0aa0d46b8844d399dbb411adf0238a3fcbb,651251c7555040dacbb36c50f152df02af86a8c766256b3f470e76dd377df9b6,84,22,
clean_validation,clean_validation:758543d548a8551fb75b42d3b72b143e4793c390fb5f14929806df5b7428619a,9273ce676e9eecb554dec287c445033e,224e7bd14ec1894b639e109f8b78a57a3ee8b4f6b1dc23d1c4d0821fcbf259bd,758543d548a8551fb75b42d3b72b143e4793c390fb5f14929806df5b7428619a,60,10,
clean_validation,clean_validation:82cae68bb9849ae4fd831fa3ea1959dec230cb30a214626cba4ae51d7402b574,24492b0112d0a984793efd15fefdb060,8d3f8f11fdc6e79685490cf30bc9ad215969608d4ec911dc46dc3c1aad924a34,82cae68bb9849ae4fd831fa3ea1959dec230cb30a214626cba4ae51d7402b574,139,7,
clean_validation,clean_validation:0104bd0ac2f28d7e906178a0a3dca29bf4ca90010848fbc0f69fb6ff1451016f,57712e97f6d676d73763821137f0119c,523c6da71038d95ccc78db328973cd8441b6422f412ac8e178604ff8c8ba2fa1,0104bd0ac2f28d7e906178a0a3dca29bf4ca90010848fbc0f69fb6ff1451016f,112,12,
clean_validation,clean_validation:c0a47c980df6c38ba7c496d643867db1efab6169cbf9d73f25ef1cf0a6d9366f,b6b30ecf262f5dbce3e7e488d500e06f,50c0b2080e30e6343c40430dfa522318b9ba3fe9ca920124762a6f3f32a8be2d,c0a47c980df6c38ba7c496d643867db1efab6169cbf9d73f25ef1cf0a6d9366f,49,1,
clean_validation,clean_validation:4c0f55d43f23c5aba5bd4da8e5a7a55e3560c703417cda29dab37dae7a0f22c6,31adce2d35899a8b0d7b889b20c63a4e,b0567906e9170ef73195bd0f2400d1370aff5097c411e201e189c6cb5712f1db,4c0f55d43f23c5aba5bd4da8e5a7a55e3560c703417cda29dab37dae7a0f22c6,185,9,
clean_validation,clean_validation:aa7f6a7d046991a877ad673a110c1b2369266674205dbdb853d0ca39832d80ac,0c08be27f4c46066b41ea23af2fc30d2,0e219e6c2e274236624cd602d65885739dd45bc40245c8f5aeb8b2e441f6ab5d,aa7f6a7d046991a877ad673a110c1b2369266674205dbdb853d0ca39832d80ac,117,14,
clean_validation,clean_validation:f37623a4f7cc15856dd71261cdd81321ffe0737c19e78c8cd3c610491b23a218,fad580c8ab95ffb45d962d692ff88b7b,5b5e9b1af9ca5fb984963b41529a7b9a3fc7d95a4ceddb003e33c7a27bacb307,f37623a4f7cc15856dd71261cdd81321ffe0737c19e78c8cd3c610491b23a218,101,1,
clean_validation,clean_validation:1b12d796d5078bb4fc170f080c5c231491a4341f2c1b49b31abf86c74219da26,781ab174525712d2258291c25a6149f4,07fa361e13cd7dfd058f46df459b00f3ad6a82968fe9b8f35228f71495b48bae,1b12d796d5078bb4fc170f080c5c231491a4341f2c1b49b31abf86c74219da26,107,1,
clean_validation,clean_validation:7ef0389640b17574c0fc52c32b9033f3a1fd6f171378f75b30175d2a205b2412,8a523d3fabde131593467d863d6a47b8,30811f3ae49aaf8a77025f341d9019cb639dea9adbad8a1391eb1ed0f21d8306,7ef0389640b17574c0fc52c32b9033f3a1fd6f171378f75b30175d2a205b2412,133,5,
clean_validation,clean_validation:cc038b4d3b18da5626f694edfed844a1e7922a0a39c7094edf55c497166a1627,10da4f3ea66ba3cf997fd034fcf0bf81,0bf8c5950bf3329d8d594cb90cc2924b2f0e66f9dbd7d5d7464b9b965fd4e4f9,cc038b4d3b18da5626f694edfed844a1e7922a0a39c7094edf55c497166a1627,126,19,
clean_validation,clean_validation:051fcf77455d812b7de08776048f04c2fde72cd752fbf0a80e46d242c0ac059f,585ca8d6805f0932f331d63f41bad0cf,58e229211de0aee78fed6bd0e04fc19b6607a07b497e6428b050f67803e3e595,051fcf77455d812b7de08776048f04c2fde72cd752fbf0a80e46d242c0ac059f,89,7,
clean_validation,clean_validation:e3696f778886b9cd31c803d86cea272c899845f318e56f73efe875433fab5fff,180b3a492c1c1a46d005e762d62b9aa4,02b75b0a8ccfa7bb0036a262c959ac8b05bdd7191efb290875fb51b656c26f6b,e3696f778886b9cd31c803d86cea272c899845f318e56f73efe875433fab5fff,82,7,
clean_validation,clean_validation:0e486bfc4a60a67f41ccf3d3bef70cfd0ecaa9d83fc32ffabeb6fb329b61b9f1,97da8a80f4fb792529140afb0d5a2c36,4fc637b40af83d9097e45711f6d982d7477596bf7099328f9970bbac349de7ce,0e486bfc4a60a67f41ccf3d3bef70cfd0ecaa9d83fc32ffabeb6fb329b61b9f1,174,10,
clean_validation,clean_validation:b7743881a3128970edfc29bbef5237e99ad8cad0ad063c6eaea6a3580e721ea1,91531181d85d2e62f2784a4761252350,18b022bfc5b887a81f77950e6a646fbdcec5db229911f44ce0e6d9f9c2a0b430,b7743881a3128970edfc29bbef5237e99ad8cad0ad063c6eaea6a3580e721ea1,114,1,
clean_validation,clean_validation:34997b81adbf438e6ab768ff3d47e323388dc132d946ef15683b91e7caca059a,b91d83003becb0d5ed65cffd419dcb62,8e23bbc6927c78c5f63867bf0df9501cb960baa8bd430ef6ef383880a0c1dee5,34997b81adbf438e6ab768ff3d47e323388dc132d946ef15683b91e7caca059a,90,10,
clean_validation,clean_validation:e2075973220035b7ed155afbba01cad03986346c4e68f7af8ff212195eb67da4,5024f64aef6193638cd5844f12059d84,f087cd1b90dcfeb460795ba726899d7c2263a827eb78cc8eecd19de2cfe856ee,e2075973220035b7ed155afbba01cad03986346c4e68f7af8ff212195eb67da4,66,13,
clean_validation,clean_validation:f7391fff38096648bb610c643addc3a0405ad3e4290d766073134576072b4ec8,d0ff03b5b88b1ef806858e5a531b80ff,05cac44709fc3262faad218b5d5b428bdcc9010fcb40eee9f1c59502ce15b0f3,f7391fff38096648bb610c643addc3a0405ad3e4290d766073134576072b4ec8,68,17,
clean_validation,clean_validation:eba223f493b1c22bf84a0bbd1901f013618a37f7cfbe8c0c40f200b2841742f7,f6b39edec801b8611f6b9e5b6534dd7b,5a8abba052b9d1bf4f7c9c3e5d168e9698eda8ff7cc0a5b937be502cbcea1e0f,eba223f493b1c22bf84a0bbd1901f013618a37f7cfbe8c0c40f200b2841742f7,79,7,
clean_validation,clean_validation:c99d33f0c0726a74e8e04f88809f403974e611f7cbe042bb96cd38efea68c557,4d51c839402801c2ecfd9ae164e79589,44facad344f80b6a1aa2e45d87bea09099e64f2f0081afcdf763148e084f2a53,c99d33f0c0726a74e8e04f88809f403974e611f7cbe042bb96cd38efea68c557,123,1,
clean_validation,clean_validation:51eea26469aed36d90fd3932bd0b796bc272e9e228d84bb788d4231bacf61726,ef8564623856dba49189d35ce7975000,c59bc4c593b1f93719a4e2d11e9cae12703bf845df24110eb267475ffd45ce59,51eea26469aed36d90fd3932bd0b796bc272e9e228d84bb788d4231bacf61726,24,5,
clean_validation,clean_validation:5046b94374ef48ae6a3c67746878c78b604b03a58f04681385f6854455d78a19,57800aca471da1473379a2b8820754c8,5861c4a139d778b07d362e0fbef69b29792e52d14f01ac798add51b7ed33cd51,5046b94374ef48ae6a3c67746878c78b604b03a58f04681385f6854455d78a19,66,12,
clean_validation,clean_validation:c491bdad1cc095f3517e8ac04550ce42ecf45ecb1e8dc06130afbbe028d06cc7,334c92df147eecd26987cf366260e966,51961f90a4f73f896e31203cbf9b875422ba0839928c8aad5d8246b045f393f9,c491bdad1cc095f3517e8ac04550ce42ecf45ecb1e8dc06130afbbe028d06cc7,74,1,
clean_validation,clean_validation:5847731caa53d13daf74e5eb2bf010c957b1d99160834060e5e357e940697a62,9dbade7da93e6d5c8df531fbec15f34a,428e035af97f9d65833c8f497d7b7a23dbf4d67679c17ab1374f126892d3d7a9,5847731caa53d13daf74e5eb2bf010c957b1d99160834060e5e357e940697a62,113,12,
clean_validation,clean_validation:03ba8e5c6b12b30ef5ed5d15ad922cc42816e04c66845fe4476552d8d8c76029,817106705f8dbd3485f3ae5a1e2f1f67,15524f896eb8f9b1dacb70f3584efdf8e68c8c26f7d4a42e52077db02025cec1,03ba8e5c6b12b30ef5ed5d15ad922cc42816e04c66845fe4476552d8d8c76029,129,9,
clean_validation,clean_validation:ee560f15b14f22b5080ebda151089d9e0c91966de2dff868d3baea3c44d77c5a,ab93863badfb6d7eda4af4a8965a61b2,9646d8c286238891a315cc8fc5c72a564c2ede444c92db155c70d586e9593d5c,ee560f15b14f22b5080ebda151089d9e0c91966de2dff868d3baea3c44d77c5a,49,1,
clean_validation,clean_validation:c8ed8af526a1556634601f6a696d1613a58751739429e9a972c9847cf293b5e7,92174c9c3d67eacae5935e9536c8e33c,8115735dba8c71f644fed0f9d9e71f63774ff5233f5d762e72ebaf5829839ece,c8ed8af526a1556634601f6a696d1613a58751739429e9a972c9847cf293b5e7,80,8,
clean_validation,clean_validation:42057d0aafe04843eaad250918ede35868d47b424fd599e94b978737f55adb29,2a6575b6ac5f93ced7fa6647fa2fba86,8797582926eb9d77185b68b15c9545dc958a880a46cb8d95aa16a1077df43145,42057d0aafe04843eaad250918ede35868d47b424fd599e94b978737f55adb29,59,17,
clean_validation,clean_validation:38202996091df87de4b7b261c4d4f33c952afb67748a97515d30bfb270cf5977,491b9a8fbbad0f64e4085c86422a775f,2a524c79f11e34d0daa62c1e55b55f711d5770679552cb8a5a16c4613299d2e9,38202996091df87de4b7b261c4d4f33c952afb67748a97515d30bfb270cf5977,358,6,
clean_validation,clean_validation:ea37f2475e4ea3f71b7e8c4142dbef7e6e0b79007337c3b194460d6eae497ad8,653817da6788bea017baec161eea416d,07eb97ffc93966ce9358442346ee1a6d2926327f0636a90cfb64008301aa5cba,ea37f2475e4ea3f71b7e8c4142dbef7e6e0b79007337c3b194460d6eae497ad8,87,3,
clean_validation,clean_validation:882bde388d28b2d5a6f16938b7d491282ff89479b9a6dc6354042b62e86f3a50,e60ff44bb1af5e63b4818523b123ea21,1b462b13d0342692bdc144e505326a7a4ab5c7d2160785695c96e2f03c470b37,882bde388d28b2d5a6f16938b7d491282ff89479b9a6dc6354042b62e86f3a50,72,4,
clean_validation,clean_validation:b2c6b69b8c7cd95142bbbcc18e8287f5eeb3c992ed065b309a1524b451e0d7bd,9673ada510b9ab09bebb0d56bd45fd5d,78f75430d909c050d7b22af9044adc1675ed4b6e226ed1730d8220e96d834d77,b2c6b69b8c7cd95142bbbcc18e8287f5eeb3c992ed065b309a1524b451e0d7bd,169,7,
clean_validation,clean_validation:719a0801ce29f156039737962e1235b71a644269f79d8405785f620fc34b796f,d15cb3955028a242c45487b6183ef8bb,8a9224777541162174c92a11fe9827489ea6a452139850b836d58e18e5a91e19,719a0801ce29f156039737962e1235b71a644269f79d8405785f620fc34b796f,42,1,
clean_validation,clean_validation:af419d6f73f1638fb7909e1173e6f3800fab1eab9caf5c044513663620b69ac6,7ea1680e038403017721a101c3de535a,7e064cb2c03696b648a51a953e09651502fadacd54b3e09c76c5df2f69d16b5f,af419d6f73f1638fb7909e1173e6f3800fab1eab9caf5c044513663620b69ac6,147,15,
clean_validation,clean_validation:df4f36ced8d21001029158524de42fee068ce91e1dffb5d8dafc71a6bce5be16,0afdb5b47617d10b98e5427a92e75732,36ed3f3ee0c6a0eccdacda93f6323bc21f9f2faa946b393bb6ab8f366dfb1095,df4f36ced8d21001029158524de42fee068ce91e1dffb5d8dafc71a6bce5be16,103,1,
clean_validation,clean_validation:db92864628ef52466dbcf9f0c29129184b149530498847fbfdc1a1b6799de51c,b8e662552e6dba55620e1c4c354d7ea9,8761d0aca3943c22c28a0284754abb178f222301135ffb4eae51660832906a58,db92864628ef52466dbcf9f0c29129184b149530498847fbfdc1a1b6799de51c,94,4,
clean_validation,clean_validation:9c9ddf1f9f8c7c83d43d9c5044beaab190de6ddb9892da8c1b98d054d19e60e6,de4853af015285e5d57993cb1387dcd0,2fee25216a080a1aa23876938a4e9a80a408967ea0d5233e7f3b1e66ebfe6b65,9c9ddf1f9f8c7c83d43d9c5044beaab190de6ddb9892da8c1b98d054d19e60e6,91,9,
clean_validation,clean_validation:07daac44d8b69df62548ea858f1a897e92bf9249f28a76ee6ca281403cfd31ff,d063b270975d43a21dd84b6f8e064b42,3d574edb21b84b05cded1625194461af5968636988781bc24e1fc293ef893819,07daac44d8b69df62548ea858f1a897e92bf9249f28a76ee6ca281403cfd31ff,114,17,
clean_validation,clean_validation:7b051cec801d9178d0a9b0db7a7bc3f2f5d441c2caeb43c826ec0b044ff91788,5757544fd4ce62eca1758fc3a5775feb,3f8b7d9566e2ed02c03d06f44d9a298a3086cb0bd59644b3a2f91588012deb14,7b051cec801d9178d0a9b0db7a7bc3f2f5d441c2caeb43c826ec0b044ff91788,98,1,
clean_validation,clean_validation:94c6d5c2973a5ea2e2b484214d72bc3b8a59820701b6e18ff625095595889a09,3ef3ab082eb763c514a47a6cf4d2d373,70d9e23777af76ce503d02478017261576e6856a57a50dd12d9d53b13c09b145,94c6d5c2973a5ea2e2b484214d72bc3b8a59820701b6e18ff625095595889a09,23,14,
clean_validation,clean_validation:073b436f8edbcf037a06ce029882ee8bd6b2c99a2708129a064b722788ea144d,bc42e37034ccf4a68277ccd17ccb060a,0587cb42536d9552e3ac0b0fca09381c3f67807391385bb68082856ec85042bd,073b436f8edbcf037a06ce029882ee8bd6b2c99a2708129a064b722788ea144d,132,11,
clean_validation,clean_validation:2c45ace4d6d8a81de380b2476d254231754a0008a37ffe59437999d147797796,00b471f1635d141179156dab1eda314a,b21bede742bbf14b1d8bcd53775dea9da52c8a0330869fa43e612a6cb36cae07,2c45ace4d6d8a81de380b2476d254231754a0008a37ffe59437999d147797796,65,5,
clean_validation,clean_validation:54b977ac4ea5a3f6f169fed477faae4d16943825cdf325de59fe5373b252ba18,a698ef249ace56a5e51db809e2f355f6,940d0e0f0ba44b041ee6b40c4dadd285b5ffbd85def20bdb8e612ad6a6323267,54b977ac4ea5a3f6f169fed477faae4d16943825cdf325de59fe5373b252ba18,91,10,
clean_validation,clean_validation:dbd85795571f0b5a265c420e47fc9acc334978d45d188b1d69fbde04bdd40638,a0b6cd592715dc6a871c6c6a9aa03c9b,43f847d854d3b8f6001cdb2f9f0a3f02be877de8d3f783ad05f185c778d0e3b1,dbd85795571f0b5a265c420e47fc9acc334978d45d188b1d69fbde04bdd40638,18,18,
clean_validation,clean_validation:cf6f9be81c01334be123c9501522a0c223dd39ba511ea217eb4c50dcf5d1c5b5,58d75d0b6e148f84613f39cb0366475f,5b7c8e2fd7875c4b26806f4c0cc57214ef2ca0663768219c0ae31a3af5351058,cf6f9be81c01334be123c9501522a0c223dd39ba511ea217eb4c50dcf5d1c5b5,26,3,
clean_validation,clean_validation:ebee9c2a89bb16979ebe7fc82b840ecfe08b5474b0aaefbaedfe34b2666f0e28,65285afc0e838a29a7480bae6311f536,792b2be200296ebd2ac2346f5f6945395ecb554cd5453549d52e497d8697f071,ebee9c2a89bb16979ebe7fc82b840ecfe08b5474b0aaefbaedfe34b2666f0e28,110,13,
clean_validation,clean_validation:9b8271311553e6091ad37c5d3bf505cb0716bcd78166b26bc926f5952d661f7d,c382938e5e1fb6b8be4f0e26a90ac14b,33645e0eee36eec61b6a29f3f71a98e75b5f5178042c8deb6a746e105c02de5d,9b8271311553e6091ad37c5d3bf505cb0716bcd78166b26bc926f5952d661f7d,204,1,
clean_validation,clean_validation:a641fd6efab537042f8cf04f5ed3baa82fd969c67ae1a418d4785b3a8b5ef34b,a1882f7617c61e8abcf612075708a436,4555c6043c550d0859a216a6ac9a112e962d485d2d7d1870b2b016de48ae51a0,a641fd6efab537042f8cf04f5ed3baa82fd969c67ae1a418d4785b3a8b5ef34b,123,1,
clean_validation,clean_validation:68aa2caeb7d2039134687ff9e6c7af6a7751c20de111315ead0dc638b77f6b8d,739b9e4de1744c3b250f7b47b1b70a40,4ed40ac44d25ee3b6e81c3c049a5618b35ccfb3c1db4d7fab592a706ba2812f6,68aa2caeb7d2039134687ff9e6c7af6a7751c20de111315ead0dc638b77f6b8d,77,1,
clean_validation,clean_validation:612e8171cb0aff5d6e4129d9bfdab079a26f4b7059bcb05754a306292a1c1075,ead85afd707d9bfc3f1ade6b3e60d1fd,664d00ddeb9e73028df0ce011ac88aca40910b1e539bb92004ba5995a23fb729,612e8171cb0aff5d6e4129d9bfdab079a26f4b7059bcb05754a306292a1c1075,176,16,
clean_validation,clean_validation:4bad5c51f62cf12ccec954786c7fb480f7159d1b9d064dcf948aa37e6f41d1ae,b5f53ac3349dc01e56c582109422ea4b,83cfcd6d19462beef1a1f47f5e32dc29a765a7cdbca87aa0780831137f212eb7,4bad5c51f62cf12ccec954786c7fb480f7159d1b9d064dcf948aa37e6f41d1ae,85,1,
clean_validation,clean_validation:36352e37f67f627cee24dc8e53166252ce5fb6e045fb10f4b6d9c8d072c15d14,1e434995245098c98cff84e14d5e2636,46486cc47c709310d9353edef7db28dc45142cd2109d7c615f41a11f33dc91b1,36352e37f67f627cee24dc8e53166252ce5fb6e045fb10f4b6d9c8d072c15d14,132,16,
clean_validation,clean_validation:c72c538ebb694f61136b9f4d398a9c6286386d396401dde6b45d819dd77b8b26,1a346334cf72a20a495296d66461892e,5d1ef603945323828f8ee19eb5cac1dd399eb4f5fc59c9e7f743a7c892d05b01,c72c538ebb694f61136b9f4d398a9c6286386d396401dde6b45d819dd77b8b26,80,10,
clean_validation,clean_validation:22b4270060859839599641360bdf879a4cdc3a895de4245f2d7041077c7c5856,0cec07b6e0c90866591ad3339bb5b023,cfaf745a4a10b4a413f1c2cda1484bf7325a0f49b787d0952db23816b5a5fdec,22b4270060859839599641360bdf879a4cdc3a895de4245f2d7041077c7c5856,71,11,
clean_validation,clean_validation:018935be04134365b695b6e51bb4782ac52bf30ceb496996f40bc378dabcd390,b32a062ed748d7f1311d747d7636ea76,1a9251d482cadb2cd84b94265ef4587a1fd6c44fe363e0a554c16af1d9bcb52d,018935be04134365b695b6e51bb4782ac52bf30ceb496996f40bc378dabcd390,50,7,
clean_validation,clean_validation:cc93947be024f36cdaec742683edfd48696b5acfe57766838ec78287e3c0dd88,a5c4becefc5dc35c6891586b088ae0cc,4ad6655fb596b43174e257ef960ead67b10f4a443a05df7b9e96be4acb3a1fc6,cc93947be024f36cdaec742683edfd48696b5acfe57766838ec78287e3c0dd88,114,15,
clean_validation,clean_validation:9480725ded7ce81cc4cf4af12ecccdb5384ef1760c06fa99c894f5ebf0eca94a,141786bcc224768d3b03951be7e99f50,4abadc985d1a28d16bb5230881bc2c80e3ebea29864f22889b7dc7baa7db3b21,9480725ded7ce81cc4cf4af12ecccdb5384ef1760c06fa99c894f5ebf0eca94a,128,1,
clean_validation,clean_validation:0a8e42589b74542f4a0ef341cd237b6bd8bb1c44a271735b022e3f15e5204de5,b6ce2441ea13266c8f66bcedd0ebb1eb,23e31e7f6c10ddf19c932b19c14d11793b9aaf97cfc21c12c4d8476e6c100719,0a8e42589b74542f4a0ef341cd237b6bd8bb1c44a271735b022e3f15e5204de5,120,10,
clean_validation,clean_validation:8b9e50616524b7c6d3df3cba86ea6dc46cf1d769dee3118265a0079a60c8c176,812b49536ce05a9a77c3abcead619f1d,767aed6fab4b2eaaea6473013d4e22d683484294c18017b294b9feae316f790b,8b9e50616524b7c6d3df3cba86ea6dc46cf1d769dee3118265a0079a60c8c176,109,1,
clean_validation,clean_validation:98c5faca9993f56afa55b5008bff63793d5c94a89c029189c4386c656018f977,1c9ed3387e22c4105c059d8e38a6fd30,22572e78def086f0189dc69e371e9f3b7733673e9d8f9396159c1f5d4efd8041,98c5faca9993f56afa55b5008bff63793d5c94a89c029189c4386c656018f977,16,5,
clean_validation,clean_validation:79b6bde352eaec83cb475cddf58aec1eadf034bdcaa7f36d0b3ba6c54cc968cc,68a61ef04c6cd76cd83e68e036ee3771,0886c29b17fd6faa1e58bb6ffdee9e4544297051b82aff21352e39437a0900d8,79b6bde352eaec83cb475cddf58aec1eadf034bdcaa7f36d0b3ba6c54cc968cc,128,3,
clean_validation,clean_validation:6d2184136a6882f2e1510fd145b3a8766bcf0ed3f14fd28d778a6664efd89a6a,8a345aa7d0939801a52de25dbb7990bb,201d49c509eafc08cc506346043fa9eaf028e1e6d9fda7f4ea3f24e6b4b71eb0,6d2184136a6882f2e1510fd145b3a8766bcf0ed3f14fd28d778a6664efd89a6a,108,15,
clean_validation,clean_validation:039835ac592bfbf71773d3ad33feb329cb5bccadfdf53564c66b3881571e9b12,8c393feb124c28cf8d9d76228fad7a3e,16a0537ab3fcd9fb2bd3ea978561431b3de60036046831d9b203d025fb7e3afa,039835ac592bfbf71773d3ad33feb329cb5bccadfdf53564c66b3881571e9b12,84,5,
clean_validation,clean_validation:6e01edbb870ee99b060f6ac3c1ab9e3c5dbd6a9e6509d73c0d006ab7531a9ad6,7f93a0642cbffc046ec3ffa92b8863e7,2bb7a6bec974f65d9ca1381e1d67ae6235bb2508f30a052c893048f2343096d2,6e01edbb870ee99b060f6ac3c1ab9e3c5dbd6a9e6509d73c0d006ab7531a9ad6,74,17,
clean_validation,clean_validation:c69ad1e26f51cb56be8d0e8736dc7abbaa7fda157eee9598717dba39eb788c55,59407200ea03eabb791e81df9cec4aa7,011a106ff454f33dc8c15338b8dfcfabe92e50be15e4157a74203b863a9d3e1f,c69ad1e26f51cb56be8d0e8736dc7abbaa7fda157eee9598717dba39eb788c55,112,16,
clean_validation,clean_validation:607cbf92b791afec8e323fe779d2ba1e88757584b05e780b876420df77bb2780,32b16c753d9c6a2b49ae7bbf280f0d07,1043bbd2e740f2291ba4be8d80b6f2c6460e9fe6b1d64c905f35240e70f17b25,607cbf92b791afec8e323fe779d2ba1e88757584b05e780b876420df77bb2780,24,18,
