paradigm,seed,condition,metric,token_count,family_id,family_order
conditional_vae,202608040,clean,0.7084476762013724,3093,family_d1a92696717aa9c2,19
conditional_vae,202608040,clean,0.9580286741256714,1216,family_3835425eafb00035,74
conditional_vae,202608040,clean,0.6570905447006226,412,family_a534382ff42b71fb,88
conditional_vae,202608040,clean,0.5734655068606345,4197,family_6d17de7e325f25f8,63
conditional_vae,202608040,clean,0.5618543028831482,779,family_56b1bf9100abf79a,25
conditional_vae,202608040,clean,1.3812035627019517,15674,family_9edbfcdbf27d8472,9
conditional_vae,202608040,clean,0.3706328064685317,3153,family_db6398f302f77cb4,77
conditional_vae,202608040,clean,0.753376426246252,10203,family_776fb0c74fb6af96,24
conditional_vae,202608040,clean,0.8484714031219482,1748,family_be459453ebdfa1da,87
conditional_vae,202608040,clean,0.7045205774322014,3230,family_439fc19617b55d44,37
conditional_vae,202608040,clean,0.6557867591734976,2560,family_328dc279bafe7f69,28
conditional_vae,202608040,clean,0.9031155109405518,3803,family_ac0566dd944bc201,41
conditional_vae,202608040,clean,0.911358654499054,477,family_3fbe0e330aecdc00,67
conditional_vae,202608040,clean,0.8479740619659424,704,family_04795413b15e0b98,79
conditional_vae,202608040,clean,1.1238837242126465,1108,family_348b29b5f47eda18,21
conditional_vae,202608040,clean,1.20341509160765,8731,family_f77d449f1658a159,35
conditional_vae,202608040,clean,1.3050259351730347,242,family_39849966d6043c11,48
conditional_vae,202608040,clean,1.0432187290776975,3169,family_af212e596b07120e,52
conditional_vae,202608040,clean,0.5375692918526981,9069,family_2d3e3d92f30c4369,82
conditional_vae,202608040,clean,0.692797064781189,1674,family_f0c0dd7c2f3b6a3f,90
conditional_vae,202608040,clean,0.8815270066261292,2491,family_5aaa5f6f546aa704,11
conditional_vae,202608040,clean,0.9002193143268823,5759,family_78031f033e192cce,3
conditional_vae,202608040,clean,0.7534477710723877,467,family_961cefc620e3d5ab,53
conditional_vae,202608040,clean,0.823272627373735,3303,family_fe2836cc1cef695c,42
conditional_vae,202608040,clean,1.066872394598403,9124,family_0f71c7e0830e1d85,86
conditional_vae,202608040,clean,0.3744557653211538,6286,family_2dbafe5054d4bee7,54
conditional_vae,202608040,clean,0.6270535283340991,14987,family_52885ec61f0240b9,96
conditional_vae,202608040,clean,0.8648062554471222,5460,family_b88eee6ecd7ef6bc,46
conditional_vae,202608040,clean,1.1407744007107796,20432,family_de67cf52f9a2ce89,29
conditional_vae,202608040,clean,1.0698246955871582,854,family_7b8c8789f38183da,38
conditional_vae,202608040,clean,0.8309913277681926,10665,family_774f10d6c3d75980,17
conditional_vae,202608040,clean,0.7500449162335978,29458,family_6fbe37a0a6611f64,73
conditional_vae,202608040,clean,0.7253830441140469,12501,family_c64269798048b60f,93
conditional_vae,202608040,clean,0.8422667377182858,8558,family_f60bd4cc83d02add,84
conditional_vae,202608040,clean,0.9851420521736145,61,family_39f58e2fd604c61e,51
conditional_vae,202608040,clean,0.6372637748718262,1918,family_101bf32d18499c7d,95
conditional_vae,202608040,clean,1.1046580076217651,156,family_e97b637c75aac2b5,89
conditional_vae,202608040,clean,1.263710829183293,12995,family_e2c30beb0d4abeae,66
conditional_vae,202608040,clean,1.013155033755334,3028,family_581cf690b70ed77f,30
conditional_vae,202608040,clean,1.1108523370034873,1789,family_9ccd2f467361ebab,44
conditional_vae,202608040,clean,0.5271246415425757,8256,family_6342008bae187399,83
conditional_vae,202608040,clean,0.9594169855117798,266,family_8661140073b6a2ab,97
conditional_vae,202608040,clean,0.6944521315514095,1890,family_1a8ff9e18d3eabea,16
conditional_vae,202608040,clean,0.7931419289580268,8479,family_b324bd83d2be3825,58
conditional_vae,202608040,clean,0.7460461258888245,725,family_23e85181dd747797,99
conditional_vae,202608040,clean,1.3610292173377656,9580,family_b3ba3218de08f591,8
conditional_vae,202608040,clean,0.5604687353178209,6949,family_38ddaabf01adae92,12
conditional_vae,202608040,clean,0.715133786201477,945,family_5405158fe7a3977d,71
conditional_vae,202608040,clean,0.5220638513565063,336,family_e4e4467ef74cc720,57
conditional_vae,202608040,clean,1.1176432371139526,1037,family_4f1b63b3eef9f7d0,75
conditional_vae,202608040,clean,0.9201357364654541,522,family_7a300c986fbfa9f2,18
conditional_vae,202608040,clean,1.1803947687149048,463,family_6f0024d47bda9a44,45
conditional_vae,202608040,clean,0.47539833188056946,1191,family_746d1e0c3274827f,62
conditional_vae,202608040,clean,1.0172197818756104,1084,family_6a42731481dda124,56
conditional_vae,202608040,clean,1.5592819103474995,15697,family_0ecded087f80d73b,61
conditional_vae,202608040,clean,0.6898918029333073,5721,family_5facacfb4d33d062,1
conditional_vae,202608040,clean,0.6542684435844421,251,family_5cc4efa05e4dc250,13
conditional_vae,202608040,clean,1.0351851737254214,17077,family_4731a6d05dff34ce,15
conditional_vae,202608040,clean,1.0283257040854232,5610,family_c3ae851031cec2bb,91
conditional_vae,202608040,clean,0.8241140804414894,48674,family_30fbd9977a220042,81
conditional_vae,202608040,clean,0.8991649746894836,508,family_e3c89d0945320ec5,0
conditional_vae,202608040,clean,1.2653563022613525,639,family_f99e7467cfd91d72,23
conditional_vae,202608040,clean,1.0307703018188477,3294,family_0a0ff01b239a934a,55
conditional_vae,202608040,clean,0.5532522797584534,166,family_5ebcadebe538bd59,31
conditional_vae,202608040,clean,0.5453997254371643,533,family_2fe71bb032cb85fe,20
conditional_vae,202608040,clean,0.8934849367521697,6626,family_e0f7e5849dbe9388,72
conditional_vae,202608040,clean,0.9144553377641301,3859,family_c3abd4306e03adf2,34
conditional_vae,202608040,clean,0.5162762999534607,1559,family_83b27a32aa56f9dc,68
conditional_vae,202608040,clean,1.0003399079603086,2535,family_fa3341292470541d,22
conditional_vae,202608040,clean,0.4942507743835449,548,family_15b8f6d235825863,2
conditional_vae,202608040,clean,0.7726741621693675,10236,family_a95aeca85317a04d,50
conditional_vae,202608040,clean,0.5347715711802395,7309,family_3dffb074803c8f80,47
conditional_vae,202608040,clean,0.7237368226051331,1026,family_1cfa4116628ae42e,94
conditional_vae,202608040,clean,1.0142364501953125,1238,family_f53ae103dc0def58,26
conditional_vae,202608040,clean,0.49658381938934326,1287,family_3db848c291e71542,14
conditional_vae,202608040,clean,0.9501938427622478,3583,family_76f3986b08ecfc19,10
conditional_vae,202608040,clean,0.8230176946751303,13214,family_121eefce620403f7,36
conditional_vae,202608040,clean,1.070465712249066,20977,family_8aff46e64d1c8360,33
conditional_vae,202608040,clean,0.7577006408466276,4952,family_debbecc1e7f77f3e,4
conditional_vae,202608040,clean,0.517119288444519,1779,family_f19aa9a5e722eb61,49
conditional_vae,202608040,clean,0.9146373867988586,1815,family_d0b38ee50d018148,92
conditional_vae,202608040,clean,0.6611382365226746,1036,family_aad2d66dec95dc7a,78
conditional_vae,202608040,clean,0.746435284614563,985,family_59add5a121b9a616,59
conditional_vae,202608040,clean,1.0910062934849303,12091,family_c2d4ffa1539bdafe,27
conditional_vae,202608040,clean,0.6566770672798157,1157,family_58a5b18cf3751bf1,6
conditional_vae,202608040,clean,0.6047122478485107,638,family_8f08581ca21b6c6f,76
conditional_vae,202608040,clean,0.6724003887556848,5203,family_5d6a15b20dff7233,5
conditional_vae,202608040,clean,0.4215596914291382,1312,family_eacebc389812585f,98
conditional_vae,202608040,clean,0.35048946738243103,578,family_3bd7e5ca43f02666,65
conditional_vae,202608040,clean,0.5429030060768127,377,family_da2cbb03fa208ffc,7
conditional_vae,202608040,clean,0.6384975333760198,15281,family_5fe0b889b5279fed,32
conditional_vae,202608040,clean,0.5569708347320557,654,family_58c32a6b58cc329f,69
conditional_vae,202608040,clean,1.129119967065315,4931,family_d4c8efafc098f593,80
conditional_vae,202608040,clean,0.6957915120994044,6166,family_853b6705e7d7e7a9,70
conditional_vae,202608040,clean,1.0737024545669556,1558,family_7c104874587dddcc,39
conditional_vae,202608040,clean,1.2160650491714478,3893,family_2eec85a0fe915e64,40
conditional_vae,202608040,clean,0.7646271586418152,1189,family_08157e0ead630e5c,85
conditional_vae,202608040,clean,1.3717930610505238,12275,family_67cf34a836b9cd6c,64
conditional_vae,202608040,clean,0.9493720455181643,3188,family_a03ac5414952d229,43
conditional_vae,202608040,clean,1.306451719715815,5109,family_4da27be0a15493fc,60
conditional_vae,202608041,clean,0.7329753288126593,3093,family_d1a92696717aa9c2,19
conditional_vae,202608041,clean,1.0055826902389526,1216,family_3835425eafb00035,74
conditional_vae,202608041,clean,0.7068248987197876,412,family_a534382ff42b71fb,88
conditional_vae,202608041,clean,0.5873430542841337,4197,family_6d17de7e325f25f8,63
conditional_vae,202608041,clean,0.5769578814506531,779,family_56b1bf9100abf79a,25
conditional_vae,202608041,clean,1.3884625012767822,15674,family_9edbfcdbf27d8472,9
conditional_vae,202608041,clean,0.37572408200747015,3153,family_db6398f302f77cb4,77
conditional_vae,202608041,clean,0.7783108892469304,10203,family_776fb0c74fb6af96,24
conditional_vae,202608041,clean,0.889853835105896,1748,family_be459453ebdfa1da,87
conditional_vae,202608041,clean,0.7157554252967008,3230,family_439fc19617b55d44,37
conditional_vae,202608041,clean,0.662498147576116,2560,family_328dc279bafe7f69,28
conditional_vae,202608041,clean,0.9127070307731628,3803,family_ac0566dd944bc201,41
conditional_vae,202608041,clean,0.9245519638061523,477,family_3fbe0e330aecdc00,67
conditional_vae,202608041,clean,0.8561868071556091,704,family_04795413b15e0b98,79
conditional_vae,202608041,clean,1.1713265180587769,1108,family_348b29b5f47eda18,21
conditional_vae,202608041,clean,1.2076032534045407,8731,family_f77d449f1658a159,35
conditional_vae,202608041,clean,1.2966883182525635,242,family_39849966d6043c11,48
conditional_vae,202608041,clean,1.0846353785477816,3169,family_af212e596b07120e,52
conditional_vae,202608041,clean,0.552611395093937,9069,family_2d3e3d92f30c4369,82
conditional_vae,202608041,clean,0.7115764617919922,1674,family_f0c0dd7c2f3b6a3f,90
conditional_vae,202608041,clean,0.9410565495491028,2491,family_5aaa5f6f546aa704,11
conditional_vae,202608041,clean,0.9274306616283866,5759,family_78031f033e192cce,3
conditional_vae,202608041,clean,0.7426128387451172,467,family_961cefc620e3d5ab,53
conditional_vae,202608041,clean,0.8323528645004679,3303,family_fe2836cc1cef695c,42
conditional_vae,202608041,clean,1.108470521151941,9124,family_0f71c7e0830e1d85,86
conditional_vae,202608041,clean,0.3986034253781061,6286,family_2dbafe5054d4bee7,54
conditional_vae,202608041,clean,0.6698814330476769,14987,family_52885ec61f0240b9,96
conditional_vae,202608041,clean,0.8997611277815186,5460,family_b88eee6ecd7ef6bc,46
conditional_vae,202608041,clean,1.151971069047156,20432,family_de67cf52f9a2ce89,29
conditional_vae,202608041,clean,1.1014493703842163,854,family_7b8c8789f38183da,38
conditional_vae,202608041,clean,0.8355911606251215,10665,family_774f10d6c3d75980,17
conditional_vae,202608041,clean,0.7636914355192839,29458,family_6fbe37a0a6611f64,73
conditional_vae,202608041,clean,0.7659927658076935,12501,family_c64269798048b60f,93
conditional_vae,202608041,clean,0.8451697204847931,8558,family_f60bd4cc83d02add,84
conditional_vae,202608041,clean,1.404604196548462,61,family_39f58e2fd604c61e,51
conditional_vae,202608041,clean,0.6433748006820679,1918,family_101bf32d18499c7d,95
conditional_vae,202608041,clean,1.145443081855774,156,family_e97b637c75aac2b5,89
conditional_vae,202608041,clean,1.281284410726937,12995,family_e2c30beb0d4abeae,66
conditional_vae,202608041,clean,1.013713296035322,3028,family_581cf690b70ed77f,30
conditional_vae,202608041,clean,1.1240885413645898,1789,family_9ccd2f467361ebab,44
conditional_vae,202608041,clean,0.5461655253140155,8256,family_6342008bae187399,83
conditional_vae,202608041,clean,1.020106554031372,266,family_8661140073b6a2ab,97
conditional_vae,202608041,clean,0.7004794854966421,1890,family_1a8ff9e18d3eabea,16
conditional_vae,202608041,clean,0.7964766804220711,8479,family_b324bd83d2be3825,58
conditional_vae,202608041,clean,0.7728862762451172,725,family_23e85181dd747797,99
conditional_vae,202608041,clean,1.3870581969089946,9580,family_b3ba3218de08f591,8
conditional_vae,202608041,clean,0.5806189020308922,6949,family_38ddaabf01adae92,12
conditional_vae,202608041,clean,0.7224652767181396,945,family_5405158fe7a3977d,71
conditional_vae,202608041,clean,0.6685303449630737,336,family_e4e4467ef74cc720,57
conditional_vae,202608041,clean,1.1308726072311401,1037,family_4f1b63b3eef9f7d0,75
conditional_vae,202608041,clean,0.9647451043128967,522,family_7a300c986fbfa9f2,18
conditional_vae,202608041,clean,1.1569644212722778,463,family_6f0024d47bda9a44,45
conditional_vae,202608041,clean,0.5052528381347656,1191,family_746d1e0c3274827f,62
conditional_vae,202608041,clean,1.0384678840637207,1084,family_6a42731481dda124,56
conditional_vae,202608041,clean,1.5727299219135602,15697,family_0ecded087f80d73b,61
conditional_vae,202608041,clean,0.6914117330542979,5721,family_5facacfb4d33d062,1
conditional_vae,202608041,clean,0.6908116340637207,251,family_5cc4efa05e4dc250,13
conditional_vae,202608041,clean,1.0779295369250619,17077,family_4731a6d05dff34ce,15
conditional_vae,202608041,clean,1.0191521025915198,5610,family_c3ae851031cec2bb,91
conditional_vae,202608041,clean,0.8712045932081097,48674,family_30fbd9977a220042,81
conditional_vae,202608041,clean,0.9076986908912659,508,family_e3c89d0945320ec5,0
conditional_vae,202608041,clean,1.260774850845337,639,family_f99e7467cfd91d72,23
conditional_vae,202608041,clean,1.051458477973938,3294,family_0a0ff01b239a934a,55
conditional_vae,202608041,clean,0.5598475933074951,166,family_5ebcadebe538bd59,31
conditional_vae,202608041,clean,0.539229691028595,533,family_2fe71bb032cb85fe,20
conditional_vae,202608041,clean,0.9082610583938647,6626,family_e0f7e5849dbe9388,72
conditional_vae,202608041,clean,0.9171869905386048,3859,family_c3abd4306e03adf2,34
conditional_vae,202608041,clean,0.5543040633201599,1559,family_83b27a32aa56f9dc,68
conditional_vae,202608041,clean,1.051166537010223,2535,family_fa3341292470541d,22
conditional_vae,202608041,clean,0.5303804874420166,548,family_15b8f6d235825863,2
conditional_vae,202608041,clean,0.7831293491005386,10236,family_a95aeca85317a04d,50
conditional_vae,202608041,clean,0.5574275344337023,7309,family_3dffb074803c8f80,47
conditional_vae,202608041,clean,0.776380181312561,1026,family_1cfa4116628ae42e,94
conditional_vae,202608041,clean,1.0224711894989014,1238,family_f53ae103dc0def58,26
conditional_vae,202608041,clean,0.49301040172576904,1287,family_3db848c291e71542,14
conditional_vae,202608041,clean,0.9679480828687927,3583,family_76f3986b08ecfc19,10
conditional_vae,202608041,clean,0.8388737405331607,13214,family_121eefce620403f7,36
conditional_vae,202608041,clean,1.0938426232652783,20977,family_8aff46e64d1c8360,33
conditional_vae,202608041,clean,0.7516821232385127,4952,family_debbecc1e7f77f3e,4
conditional_vae,202608041,clean,0.49543583393096924,1779,family_f19aa9a5e722eb61,49
conditional_vae,202608041,clean,0.9180238246917725,1815,family_d0b38ee50d018148,92
conditional_vae,202608041,clean,0.6544964909553528,1036,family_aad2d66dec95dc7a,78
conditional_vae,202608041,clean,0.7639620900154114,985,family_59add5a121b9a616,59
conditional_vae,202608041,clean,1.1512837943067702,12091,family_c2d4ffa1539bdafe,27
conditional_vae,202608041,clean,0.6729174256324768,1157,family_58a5b18cf3751bf1,6
conditional_vae,202608041,clean,0.6256644129753113,638,family_8f08581ca21b6c6f,76
conditional_vae,202608041,clean,0.6935850650719352,5203,family_5d6a15b20dff7233,5
conditional_vae,202608041,clean,0.4625978171825409,1312,family_eacebc389812585f,98
conditional_vae,202608041,clean,0.4430217146873474,578,family_3bd7e5ca43f02666,65
conditional_vae,202608041,clean,0.6037492156028748,377,family_da2cbb03fa208ffc,7
conditional_vae,202608041,clean,0.6586715639257734,15281,family_5fe0b889b5279fed,32
conditional_vae,202608041,clean,0.5416784286499023,654,family_58c32a6b58cc329f,69
conditional_vae,202608041,clean,1.13533119878767,4931,family_d4c8efafc098f593,80
conditional_vae,202608041,clean,0.7124204216086938,6166,family_853b6705e7d7e7a9,70
conditional_vae,202608041,clean,1.1114591360092163,1558,family_7c104874587dddcc,39
conditional_vae,202608041,clean,1.23783278465271,3893,family_2eec85a0fe915e64,40
conditional_vae,202608041,clean,0.7908523082733154,1189,family_08157e0ead630e5c,85
conditional_vae,202608041,clean,1.3847291676721358,12275,family_67cf34a836b9cd6c,64
conditional_vae,202608041,clean,0.9552303724635949,3188,family_a03ac5414952d229,43
conditional_vae,202608041,clean,1.3084291697808454,5109,family_4da27be0a15493fc,60
conditional_vae,202608042,clean,0.7084004173685808,3093,family_d1a92696717aa9c2,19
conditional_vae,202608042,clean,1.0050599575042725,1216,family_3835425eafb00035,74
conditional_vae,202608042,clean,0.6433861255645752,412,family_a534382ff42b71fb,88
conditional_vae,202608042,clean,0.5853717701759457,4197,family_6d17de7e325f25f8,63
conditional_vae,202608042,clean,0.6215901970863342,779,family_56b1bf9100abf79a,25
conditional_vae,202608042,clean,1.4229209043700672,15674,family_9edbfcdbf27d8472,9
conditional_vae,202608042,clean,0.38016519556338924,3153,family_db6398f302f77cb4,77
conditional_vae,202608042,clean,0.8050436409188289,10203,family_776fb0c74fb6af96,24
conditional_vae,202608042,clean,0.8702680468559265,1748,family_be459453ebdfa1da,87
conditional_vae,202608042,clean,0.7396313331444566,3230,family_439fc19617b55d44,37
conditional_vae,202608042,clean,0.67339518959634,2560,family_328dc279bafe7f69,28
conditional_vae,202608042,clean,0.9232450723648071,3803,family_ac0566dd944bc201,41
conditional_vae,202608042,clean,0.9222472906112671,477,family_3fbe0e330aecdc00,67
conditional_vae,202608042,clean,0.836564302444458,704,family_04795413b15e0b98,79
conditional_vae,202608042,clean,1.1946693658828735,1108,family_348b29b5f47eda18,21
conditional_vae,202608042,clean,1.2142033641137095,8731,family_f77d449f1658a159,35
conditional_vae,202608042,clean,1.3346242904663086,242,family_39849966d6043c11,48
conditional_vae,202608042,clean,1.1019804176000738,3169,family_af212e596b07120e,52
conditional_vae,202608042,clean,0.5663191855696441,9069,family_2d3e3d92f30c4369,82
conditional_vae,202608042,clean,0.7051949501037598,1674,family_f0c0dd7c2f3b6a3f,90
conditional_vae,202608042,clean,0.959692120552063,2491,family_5aaa5f6f546aa704,11
conditional_vae,202608042,clean,0.8933097013149602,5759,family_78031f033e192cce,3
conditional_vae,202608042,clean,0.8334830403327942,467,family_961cefc620e3d5ab,53
conditional_vae,202608042,clean,0.8657212695171715,3303,family_fe2836cc1cef695c,42
conditional_vae,202608042,clean,1.0822591119066554,9124,family_0f71c7e0830e1d85,86
conditional_vae,202608042,clean,0.4016373790765013,6286,family_2dbafe5054d4bee7,54
conditional_vae,202608042,clean,0.6931368826491476,14987,family_52885ec61f0240b9,96
conditional_vae,202608042,clean,0.8991626045096925,5460,family_b88eee6ecd7ef6bc,46
conditional_vae,202608042,clean,1.1793755334200295,20432,family_de67cf52f9a2ce89,29
conditional_vae,202608042,clean,1.122745394706726,854,family_7b8c8789f38183da,38
conditional_vae,202608042,clean,0.8383398738647367,10665,family_774f10d6c3d75980,17
conditional_vae,202608042,clean,0.7771001009504376,29458,family_6fbe37a0a6611f64,73
conditional_vae,202608042,clean,0.7570940501622587,12501,family_c64269798048b60f,93
conditional_vae,202608042,clean,0.89192954070046,8558,family_f60bd4cc83d02add,84
conditional_vae,202608042,clean,1.3323379755020142,61,family_39f58e2fd604c61e,51
conditional_vae,202608042,clean,0.6186498999595642,1918,family_101bf32d18499c7d,95
conditional_vae,202608042,clean,1.2161955833435059,156,family_e97b637c75aac2b5,89
conditional_vae,202608042,clean,1.3006808629353352,12995,family_e2c30beb0d4abeae,66
conditional_vae,202608042,clean,1.0646791682729948,3028,family_581cf690b70ed77f,30
conditional_vae,202608042,clean,1.1433741876437986,1789,family_9ccd2f467361ebab,44
conditional_vae,202608042,clean,0.5898441698315532,8256,family_6342008bae187399,83
conditional_vae,202608042,clean,1.1718955039978027,266,family_8661140073b6a2ab,97
conditional_vae,202608042,clean,0.7166626080634102,1890,family_1a8ff9e18d3eabea,16
conditional_vae,202608042,clean,0.8326902397751091,8479,family_b324bd83d2be3825,58
conditional_vae,202608042,clean,0.7556989192962646,725,family_23e85181dd747797,99
conditional_vae,202608042,clean,1.4071234767397163,9580,family_b3ba3218de08f591,8
conditional_vae,202608042,clean,0.5724641697615029,6949,family_38ddaabf01adae92,12
conditional_vae,202608042,clean,0.7638009786605835,945,family_5405158fe7a3977d,71
conditional_vae,202608042,clean,0.6431970596313477,336,family_e4e4467ef74cc720,57
conditional_vae,202608042,clean,1.1349436044692993,1037,family_4f1b63b3eef9f7d0,75
conditional_vae,202608042,clean,0.8979810476303101,522,family_7a300c986fbfa9f2,18
conditional_vae,202608042,clean,1.168094515800476,463,family_6f0024d47bda9a44,45
conditional_vae,202608042,clean,0.5211155414581299,1191,family_746d1e0c3274827f,62
conditional_vae,202608042,clean,0.9948739409446716,1084,family_6a42731481dda124,56
conditional_vae,202608042,clean,1.5835675397951785,15697,family_0ecded087f80d73b,61
conditional_vae,202608042,clean,0.7018155612701346,5721,family_5facacfb4d33d062,1
conditional_vae,202608042,clean,0.7989630699157715,251,family_5cc4efa05e4dc250,13
conditional_vae,202608042,clean,1.0853115081815032,17077,family_4731a6d05dff34ce,15
conditional_vae,202608042,clean,1.0413357883638663,5610,family_c3ae851031cec2bb,91
conditional_vae,202608042,clean,0.8820515897082299,48674,family_30fbd9977a220042,81
conditional_vae,202608042,clean,0.9112815260887146,508,family_e3c89d0945320ec5,0
conditional_vae,202608042,clean,1.2187353372573853,639,family_f99e7467cfd91d72,23
conditional_vae,202608042,clean,1.083693265914917,3294,family_0a0ff01b239a934a,55
conditional_vae,202608042,clean,0.49159035086631775,166,family_5ebcadebe538bd59,31
conditional_vae,202608042,clean,0.5544790625572205,533,family_2fe71bb032cb85fe,20
conditional_vae,202608042,clean,0.9348466928059912,6626,family_e0f7e5849dbe9388,72
conditional_vae,202608042,clean,0.9289835633994322,3859,family_c3abd4306e03adf2,34
conditional_vae,202608042,clean,0.5862558484077454,1559,family_83b27a32aa56f9dc,68
conditional_vae,202608042,clean,1.0049232119404117,2535,family_fa3341292470541d,22
conditional_vae,202608042,clean,0.5586831569671631,548,family_15b8f6d235825863,2
conditional_vae,202608042,clean,0.7784976542881105,10236,family_a95aeca85317a04d,50
conditional_vae,202608042,clean,0.6011029649880112,7309,family_3dffb074803c8f80,47
conditional_vae,202608042,clean,0.7668766379356384,1026,family_1cfa4116628ae42e,94
conditional_vae,202608042,clean,1.0108567476272583,1238,family_f53ae103dc0def58,26
conditional_vae,202608042,clean,0.5005437731742859,1287,family_3db848c291e71542,14
conditional_vae,202608042,clean,0.9699076672955129,3583,family_76f3986b08ecfc19,10
conditional_vae,202608042,clean,0.8344089120143803,13214,family_121eefce620403f7,36
conditional_vae,202608042,clean,1.1171011562404696,20977,family_8aff46e64d1c8360,33
conditional_vae,202608042,clean,0.8121932481140235,4952,family_debbecc1e7f77f3e,4
conditional_vae,202608042,clean,0.5395200252532959,1779,family_f19aa9a5e722eb61,49
conditional_vae,202608042,clean,0.9125714302062988,1815,family_d0b38ee50d018148,92
conditional_vae,202608042,clean,0.6653348803520203,1036,family_aad2d66dec95dc7a,78
conditional_vae,202608042,clean,0.7614431977272034,985,family_59add5a121b9a616,59
conditional_vae,202608042,clean,1.1652281271416538,12091,family_c2d4ffa1539bdafe,27
conditional_vae,202608042,clean,0.6763675212860107,1157,family_58a5b18cf3751bf1,6
conditional_vae,202608042,clean,0.6255249977111816,638,family_8f08581ca21b6c6f,76
conditional_vae,202608042,clean,0.6953719621457986,5203,family_5d6a15b20dff7233,5
conditional_vae,202608042,clean,0.4917958080768585,1312,family_eacebc389812585f,98
conditional_vae,202608042,clean,0.42936959862709045,578,family_3bd7e5ca43f02666,65
conditional_vae,202608042,clean,0.5652977824211121,377,family_da2cbb03fa208ffc,7
conditional_vae,202608042,clean,0.6770910873485481,15281,family_5fe0b889b5279fed,32
conditional_vae,202608042,clean,0.6156593561172485,654,family_58c32a6b58cc329f,69
conditional_vae,202608042,clean,1.1365970663259441,4931,family_d4c8efafc098f593,80
conditional_vae,202608042,clean,0.7177887919116941,6166,family_853b6705e7d7e7a9,70
conditional_vae,202608042,clean,1.1236329078674316,1558,family_7c104874587dddcc,39
conditional_vae,202608042,clean,1.2672542333602905,3893,family_2eec85a0fe915e64,40
conditional_vae,202608042,clean,0.7806451916694641,1189,family_08157e0ead630e5c,85
conditional_vae,202608042,clean,1.3869201775917939,12275,family_67cf34a836b9cd6c,64
conditional_vae,202608042,clean,0.9628893796592913,3188,family_a03ac5414952d229,43
conditional_vae,202608042,clean,1.3137040485909224,5109,family_4da27be0a15493fc,60
conditional_vae,202608040,unrelated_donor,0.7288951658331535,3093,family_d1a92696717aa9c2,19
conditional_vae,202608040,unrelated_donor,0.9625325202941895,1216,family_3835425eafb00035,74
conditional_vae,202608040,unrelated_donor,0.6851001977920532,412,family_a534382ff42b71fb,88
conditional_vae,202608040,unrelated_donor,0.5872779763792991,4197,family_6d17de7e325f25f8,63
conditional_vae,202608040,unrelated_donor,0.5677405595779419,779,family_56b1bf9100abf79a,25
conditional_vae,202608040,unrelated_donor,1.3780683561507363,15674,family_9edbfcdbf27d8472,9
conditional_vae,202608040,unrelated_donor,0.37415048671910545,3153,family_db6398f302f77cb4,77
conditional_vae,202608040,unrelated_donor,0.7779857713335182,10203,family_776fb0c74fb6af96,24
conditional_vae,202608040,unrelated_donor,0.8435584306716919,1748,family_be459453ebdfa1da,87
conditional_vae,202608040,unrelated_donor,0.7110217979079798,3230,family_439fc19617b55d44,37
conditional_vae,202608040,unrelated_donor,0.6586742334999144,2560,family_328dc279bafe7f69,28
conditional_vae,202608040,unrelated_donor,0.9144155979156494,3803,family_ac0566dd944bc201,41
conditional_vae,202608040,unrelated_donor,0.8768150806427002,477,family_3fbe0e330aecdc00,67
conditional_vae,202608040,unrelated_donor,0.8513457775115967,704,family_04795413b15e0b98,79
conditional_vae,202608040,unrelated_donor,1.1220394372940063,1108,family_348b29b5f47eda18,21
conditional_vae,202608040,unrelated_donor,1.1934601912969796,8731,family_f77d449f1658a159,35
conditional_vae,202608040,unrelated_donor,1.304438591003418,242,family_39849966d6043c11,48
conditional_vae,202608040,unrelated_donor,1.0544636510606442,3169,family_af212e596b07120e,52
conditional_vae,202608040,unrelated_donor,0.5328532000836234,9069,family_2d3e3d92f30c4369,82
conditional_vae,202608040,unrelated_donor,0.6849775910377502,1674,family_f0c0dd7c2f3b6a3f,90
conditional_vae,202608040,unrelated_donor,0.8995558023452759,2491,family_5aaa5f6f546aa704,11
conditional_vae,202608040,unrelated_donor,0.8957071362797803,5759,family_78031f033e192cce,3
conditional_vae,202608040,unrelated_donor,0.7742041349411011,467,family_961cefc620e3d5ab,53
conditional_vae,202608040,unrelated_donor,0.8316009860850088,3303,family_fe2836cc1cef695c,42
conditional_vae,202608040,unrelated_donor,1.045371261762977,9124,family_0f71c7e0830e1d85,86
conditional_vae,202608040,unrelated_donor,0.3818528149970352,6286,family_2dbafe5054d4bee7,54
conditional_vae,202608040,unrelated_donor,0.6295997895821884,14987,family_52885ec61f0240b9,96
conditional_vae,202608040,unrelated_donor,0.8692353880449093,5460,family_b88eee6ecd7ef6bc,46
conditional_vae,202608040,unrelated_donor,1.1484494153979055,20432,family_de67cf52f9a2ce89,29
conditional_vae,202608040,unrelated_donor,1.099820613861084,854,family_7b8c8789f38183da,38
conditional_vae,202608040,unrelated_donor,0.8223535977111867,10665,family_774f10d6c3d75980,17
conditional_vae,202608040,unrelated_donor,0.7429794717550489,29458,family_6fbe37a0a6611f64,73
conditional_vae,202608040,unrelated_donor,0.7270851816122899,12501,family_c64269798048b60f,93
conditional_vae,202608040,unrelated_donor,0.8727077515876357,8558,family_f60bd4cc83d02add,84
conditional_vae,202608040,unrelated_donor,1.0692439079284668,61,family_39f58e2fd604c61e,51
conditional_vae,202608040,unrelated_donor,0.6438322067260742,1918,family_101bf32d18499c7d,95
conditional_vae,202608040,unrelated_donor,1.1045639514923096,156,family_e97b637c75aac2b5,89
conditional_vae,202608040,unrelated_donor,1.2651671239897673,12995,family_e2c30beb0d4abeae,66
conditional_vae,202608040,unrelated_donor,1.0045281056526316,3028,family_581cf690b70ed77f,30
conditional_vae,202608040,unrelated_donor,1.107261068598394,1789,family_9ccd2f467361ebab,44
conditional_vae,202608040,unrelated_donor,0.5272165496090009,8256,family_6342008bae187399,83
conditional_vae,202608040,unrelated_donor,0.9155771136283875,266,family_8661140073b6a2ab,97
conditional_vae,202608040,unrelated_donor,0.7074024922317929,1890,family_1a8ff9e18d3eabea,16
conditional_vae,202608040,unrelated_donor,0.7954821535151639,8479,family_b324bd83d2be3825,58
conditional_vae,202608040,unrelated_donor,0.7528913021087646,725,family_23e85181dd747797,99
conditional_vae,202608040,unrelated_donor,1.360794036485457,9580,family_b3ba3218de08f591,8
conditional_vae,202608040,unrelated_donor,0.5620182269441942,6949,family_38ddaabf01adae92,12
conditional_vae,202608040,unrelated_donor,0.7124952077865601,945,family_5405158fe7a3977d,71
conditional_vae,202608040,unrelated_donor,0.5935086607933044,336,family_e4e4467ef74cc720,57
conditional_vae,202608040,unrelated_donor,1.111612319946289,1037,family_4f1b63b3eef9f7d0,75
conditional_vae,202608040,unrelated_donor,0.9526589512825012,522,family_7a300c986fbfa9f2,18
conditional_vae,202608040,unrelated_donor,1.1456456184387207,463,family_6f0024d47bda9a44,45
conditional_vae,202608040,unrelated_donor,0.4616365134716034,1191,family_746d1e0c3274827f,62
conditional_vae,202608040,unrelated_donor,1.0319987535476685,1084,family_6a42731481dda124,56
conditional_vae,202608040,unrelated_donor,1.5574106912427004,15697,family_0ecded087f80d73b,61
conditional_vae,202608040,unrelated_donor,0.6900460727563626,5721,family_5facacfb4d33d062,1
conditional_vae,202608040,unrelated_donor,0.6679208278656006,251,family_5cc4efa05e4dc250,13
conditional_vae,202608040,unrelated_donor,1.0321732355921862,17077,family_4731a6d05dff34ce,15
conditional_vae,202608040,unrelated_donor,1.02993260474341,5610,family_c3ae851031cec2bb,91
conditional_vae,202608040,unrelated_donor,0.8305874922374292,48674,family_30fbd9977a220042,81
conditional_vae,202608040,unrelated_donor,0.8729620575904846,508,family_e3c89d0945320ec5,0
conditional_vae,202608040,unrelated_donor,1.2447912693023682,639,family_f99e7467cfd91d72,23
conditional_vae,202608040,unrelated_donor,1.0309199094772339,3294,family_0a0ff01b239a934a,55
conditional_vae,202608040,unrelated_donor,0.5287569165229797,166,family_5ebcadebe538bd59,31
conditional_vae,202608040,unrelated_donor,0.5464785695075989,533,family_2fe71bb032cb85fe,20
conditional_vae,202608040,unrelated_donor,0.9032380845911583,6626,family_e0f7e5849dbe9388,72
conditional_vae,202608040,unrelated_donor,0.9200613607733816,3859,family_c3abd4306e03adf2,34
conditional_vae,202608040,unrelated_donor,0.5086371302604675,1559,family_83b27a32aa56f9dc,68
conditional_vae,202608040,unrelated_donor,1.032123891653629,2535,family_fa3341292470541d,22
conditional_vae,202608040,unrelated_donor,0.5256440043449402,548,family_15b8f6d235825863,2
conditional_vae,202608040,unrelated_donor,0.7792172018102297,10236,family_a95aeca85317a04d,50
conditional_vae,202608040,unrelated_donor,0.5433049505330059,7309,family_3dffb074803c8f80,47
conditional_vae,202608040,unrelated_donor,0.7258867025375366,1026,family_1cfa4116628ae42e,94
conditional_vae,202608040,unrelated_donor,1.034764051437378,1238,family_f53ae103dc0def58,26
conditional_vae,202608040,unrelated_donor,0.5095663666725159,1287,family_3db848c291e71542,14
conditional_vae,202608040,unrelated_donor,0.9262160876593775,3583,family_76f3986b08ecfc19,10
conditional_vae,202608040,unrelated_donor,0.8238475045404366,13214,family_121eefce620403f7,36
conditional_vae,202608040,unrelated_donor,1.0786680811188119,20977,family_8aff46e64d1c8360,33
conditional_vae,202608040,unrelated_donor,0.7663139600144256,4952,family_debbecc1e7f77f3e,4
conditional_vae,202608040,unrelated_donor,0.5018606185913086,1779,family_f19aa9a5e722eb61,49
conditional_vae,202608040,unrelated_donor,0.8905990123748779,1815,family_d0b38ee50d018148,92
conditional_vae,202608040,unrelated_donor,0.6531862020492554,1036,family_aad2d66dec95dc7a,78
conditional_vae,202608040,unrelated_donor,0.7655714154243469,985,family_59add5a121b9a616,59
conditional_vae,202608040,unrelated_donor,1.0910997974420045,12091,family_c2d4ffa1539bdafe,27
conditional_vae,202608040,unrelated_donor,0.6828727722167969,1157,family_58a5b18cf3751bf1,6
conditional_vae,202608040,unrelated_donor,0.6021791100502014,638,family_8f08581ca21b6c6f,76
conditional_vae,202608040,unrelated_donor,0.6769785428537489,5203,family_5d6a15b20dff7233,5
conditional_vae,202608040,unrelated_donor,0.44568932056427,1312,family_eacebc389812585f,98
conditional_vae,202608040,unrelated_donor,0.3894577920436859,578,family_3bd7e5ca43f02666,65
conditional_vae,202608040,unrelated_donor,0.5788884162902832,377,family_da2cbb03fa208ffc,7
conditional_vae,202608040,unrelated_donor,0.6454148086552283,15281,family_5fe0b889b5279fed,32
conditional_vae,202608040,unrelated_donor,0.557384192943573,654,family_58c32a6b58cc329f,69
conditional_vae,202608040,unrelated_donor,1.1266332569578748,4931,family_d4c8efafc098f593,80
conditional_vae,202608040,unrelated_donor,0.7177087645657527,6166,family_853b6705e7d7e7a9,70
conditional_vae,202608040,unrelated_donor,1.093654990196228,1558,family_7c104874587dddcc,39
conditional_vae,202608040,unrelated_donor,1.2170647382736206,3893,family_2eec85a0fe915e64,40
conditional_vae,202608040,unrelated_donor,0.77616947889328,1189,family_08157e0ead630e5c,85
conditional_vae,202608040,unrelated_donor,1.3713638325475628,12275,family_67cf34a836b9cd6c,64
conditional_vae,202608040,unrelated_donor,0.9537655859998657,3188,family_a03ac5414952d229,43
conditional_vae,202608040,unrelated_donor,1.2947573282173128,5109,family_4da27be0a15493fc,60
conditional_vae,202608041,unrelated_donor,0.7247592707185964,3093,family_d1a92696717aa9c2,19
conditional_vae,202608041,unrelated_donor,0.9676658511161804,1216,family_3835425eafb00035,74
conditional_vae,202608041,unrelated_donor,0.6646493077278137,412,family_a534382ff42b71fb,88
conditional_vae,202608041,unrelated_donor,0.5899108786767001,4197,family_6d17de7e325f25f8,63
conditional_vae,202608041,unrelated_donor,0.5520462989807129,779,family_56b1bf9100abf79a,25
conditional_vae,202608041,unrelated_donor,1.3839728490679912,15674,family_9edbfcdbf27d8472,9
conditional_vae,202608041,unrelated_donor,0.3768324850760979,3153,family_db6398f302f77cb4,77
conditional_vae,202608041,unrelated_donor,0.7578208720486597,10203,family_776fb0c74fb6af96,24
conditional_vae,202608041,unrelated_donor,0.8876704573631287,1748,family_be459453ebdfa1da,87
conditional_vae,202608041,unrelated_donor,0.6951899116991475,3230,family_439fc19617b55d44,37
conditional_vae,202608041,unrelated_donor,0.6568353868322447,2560,family_328dc279bafe7f69,28
conditional_vae,202608041,unrelated_donor,0.8992547392845154,3803,family_ac0566dd944bc201,41
conditional_vae,202608041,unrelated_donor,0.8980535864830017,477,family_3fbe0e330aecdc00,67
conditional_vae,202608041,unrelated_donor,0.8313723206520081,704,family_04795413b15e0b98,79
conditional_vae,202608041,unrelated_donor,1.1320081949234009,1108,family_348b29b5f47eda18,21
conditional_vae,202608041,unrelated_donor,1.2061815089669345,8731,family_f77d449f1658a159,35
conditional_vae,202608041,unrelated_donor,1.3146554231643677,242,family_39849966d6043c11,48
conditional_vae,202608041,unrelated_donor,1.0574582597177915,3169,family_af212e596b07120e,52
conditional_vae,202608041,unrelated_donor,0.5466134382794061,9069,family_2d3e3d92f30c4369,82
conditional_vae,202608041,unrelated_donor,0.6971011161804199,1674,family_f0c0dd7c2f3b6a3f,90
conditional_vae,202608041,unrelated_donor,0.9141718745231628,2491,family_5aaa5f6f546aa704,11
conditional_vae,202608041,unrelated_donor,0.9241539054311052,5759,family_78031f033e192cce,3
conditional_vae,202608041,unrelated_donor,0.7694053649902344,467,family_961cefc620e3d5ab,53
conditional_vae,202608041,unrelated_donor,0.8287146950973513,3303,family_fe2836cc1cef695c,42
conditional_vae,202608041,unrelated_donor,1.0759323045239015,9124,family_0f71c7e0830e1d85,86
conditional_vae,202608041,unrelated_donor,0.3893908336308213,6286,family_2dbafe5054d4bee7,54
conditional_vae,202608041,unrelated_donor,0.6484897832678946,14987,family_52885ec61f0240b9,96
conditional_vae,202608041,unrelated_donor,0.8802270006674987,5460,family_b88eee6ecd7ef6bc,46
conditional_vae,202608041,unrelated_donor,1.1486084486125219,20432,family_de67cf52f9a2ce89,29
conditional_vae,202608041,unrelated_donor,1.0766335725784302,854,family_7b8c8789f38183da,38
conditional_vae,202608041,unrelated_donor,0.8277583439530087,10665,family_774f10d6c3d75980,17
conditional_vae,202608041,unrelated_donor,0.7442889215767493,29458,family_6fbe37a0a6611f64,73
conditional_vae,202608041,unrelated_donor,0.7543407466047125,12501,family_c64269798048b60f,93
conditional_vae,202608041,unrelated_donor,0.840496575534274,8558,family_f60bd4cc83d02add,84
conditional_vae,202608041,unrelated_donor,1.0761666297912598,61,family_39f58e2fd604c61e,51
conditional_vae,202608041,unrelated_donor,0.6321493983268738,1918,family_101bf32d18499c7d,95
conditional_vae,202608041,unrelated_donor,1.179004430770874,156,family_e97b637c75aac2b5,89
conditional_vae,202608041,unrelated_donor,1.2724684883787707,12995,family_e2c30beb0d4abeae,66
conditional_vae,202608041,unrelated_donor,1.006016596147847,3028,family_581cf690b70ed77f,30
conditional_vae,202608041,unrelated_donor,1.1184043014695886,1789,family_9ccd2f467361ebab,44
conditional_vae,202608041,unrelated_donor,0.5285114585385882,8256,family_6342008bae187399,83
conditional_vae,202608041,unrelated_donor,0.9494804739952087,266,family_8661140073b6a2ab,97
conditional_vae,202608041,unrelated_donor,0.6908706104944623,1890,family_1a8ff9e18d3eabea,16
conditional_vae,202608041,unrelated_donor,0.7924964732543971,8479,family_b324bd83d2be3825,58
conditional_vae,202608041,unrelated_donor,0.7150675058364868,725,family_23e85181dd747797,99
conditional_vae,202608041,unrelated_donor,1.3648652320988244,9580,family_b3ba3218de08f591,8
conditional_vae,202608041,unrelated_donor,0.5702990852151608,6949,family_38ddaabf01adae92,12
conditional_vae,202608041,unrelated_donor,0.7115346789360046,945,family_5405158fe7a3977d,71
conditional_vae,202608041,unrelated_donor,0.6523106098175049,336,family_e4e4467ef74cc720,57
conditional_vae,202608041,unrelated_donor,1.1203436851501465,1037,family_4f1b63b3eef9f7d0,75
conditional_vae,202608041,unrelated_donor,0.9186194539070129,522,family_7a300c986fbfa9f2,18
conditional_vae,202608041,unrelated_donor,1.1195299625396729,463,family_6f0024d47bda9a44,45
conditional_vae,202608041,unrelated_donor,0.4905402660369873,1191,family_746d1e0c3274827f,62
conditional_vae,202608041,unrelated_donor,1.0245165824890137,1084,family_6a42731481dda124,56
conditional_vae,202608041,unrelated_donor,1.5657326053371625,15697,family_0ecded087f80d73b,61
conditional_vae,202608041,unrelated_donor,0.6788587621137242,5721,family_5facacfb4d33d062,1
conditional_vae,202608041,unrelated_donor,0.6578869223594666,251,family_5cc4efa05e4dc250,13
conditional_vae,202608041,unrelated_donor,1.055226143401771,17077,family_4731a6d05dff34ce,15
conditional_vae,202608041,unrelated_donor,1.02600238218027,5610,family_c3ae851031cec2bb,91
conditional_vae,202608041,unrelated_donor,0.841971192536948,48674,family_30fbd9977a220042,81
conditional_vae,202608041,unrelated_donor,0.9024102091789246,508,family_e3c89d0945320ec5,0
conditional_vae,202608041,unrelated_donor,1.248890995979309,639,family_f99e7467cfd91d72,23
conditional_vae,202608041,unrelated_donor,1.0300333499908447,3294,family_0a0ff01b239a934a,55
conditional_vae,202608041,unrelated_donor,0.5595595836639404,166,family_5ebcadebe538bd59,31
conditional_vae,202608041,unrelated_donor,0.5457969307899475,533,family_2fe71bb032cb85fe,20
conditional_vae,202608041,unrelated_donor,0.8990772649974144,6626,family_e0f7e5849dbe9388,72
conditional_vae,202608041,unrelated_donor,0.9074408898671139,3859,family_c3abd4306e03adf2,34
conditional_vae,202608041,unrelated_donor,0.5315948128700256,1559,family_83b27a32aa56f9dc,68
conditional_vae,202608041,unrelated_donor,1.0341757608823758,2535,family_fa3341292470541d,22
conditional_vae,202608041,unrelated_donor,0.49642103910446167,548,family_15b8f6d235825863,2
conditional_vae,202608041,unrelated_donor,0.7745809326848745,10236,family_a95aeca85317a04d,50
conditional_vae,202608041,unrelated_donor,0.5431227058535122,7309,family_3dffb074803c8f80,47
conditional_vae,202608041,unrelated_donor,0.7297678589820862,1026,family_1cfa4116628ae42e,94
conditional_vae,202608041,unrelated_donor,1.014034628868103,1238,family_f53ae103dc0def58,26
conditional_vae,202608041,unrelated_donor,0.509026825428009,1287,family_3db848c291e71542,14
conditional_vae,202608041,unrelated_donor,0.9538080047170376,3583,family_76f3986b08ecfc19,10
conditional_vae,202608041,unrelated_donor,0.827782727982068,13214,family_121eefce620403f7,36
conditional_vae,202608041,unrelated_donor,1.077105171159787,20977,family_8aff46e64d1c8360,33
conditional_vae,202608041,unrelated_donor,0.7477692643448302,4952,family_debbecc1e7f77f3e,4
conditional_vae,202608041,unrelated_donor,0.5088265538215637,1779,family_f19aa9a5e722eb61,49
conditional_vae,202608041,unrelated_donor,0.9015214443206787,1815,family_d0b38ee50d018148,92
conditional_vae,202608041,unrelated_donor,0.6329396367073059,1036,family_aad2d66dec95dc7a,78
conditional_vae,202608041,unrelated_donor,0.7690149545669556,985,family_59add5a121b9a616,59
conditional_vae,202608041,unrelated_donor,1.0954047235668805,12091,family_c2d4ffa1539bdafe,27
conditional_vae,202608041,unrelated_donor,0.6630845665931702,1157,family_58a5b18cf3751bf1,6
conditional_vae,202608041,unrelated_donor,0.6136407256126404,638,family_8f08581ca21b6c6f,76
conditional_vae,202608041,unrelated_donor,0.6843102742290809,5203,family_5d6a15b20dff7233,5
conditional_vae,202608041,unrelated_donor,0.4412498474121094,1312,family_eacebc389812585f,98
conditional_vae,202608041,unrelated_donor,0.3989415168762207,578,family_3bd7e5ca43f02666,65
conditional_vae,202608041,unrelated_donor,0.5820165276527405,377,family_da2cbb03fa208ffc,7
conditional_vae,202608041,unrelated_donor,0.6361419676595408,15281,family_5fe0b889b5279fed,32
conditional_vae,202608041,unrelated_donor,0.5281129479408264,654,family_58c32a6b58cc329f,69
conditional_vae,202608041,unrelated_donor,1.138668617620064,4931,family_d4c8efafc098f593,80
conditional_vae,202608041,unrelated_donor,0.6948408616698875,6166,family_853b6705e7d7e7a9,70
conditional_vae,202608041,unrelated_donor,1.0970268249511719,1558,family_7c104874587dddcc,39
conditional_vae,202608041,unrelated_donor,1.225439429283142,3893,family_2eec85a0fe915e64,40
conditional_vae,202608041,unrelated_donor,0.7807233333587646,1189,family_08157e0ead630e5c,85
conditional_vae,202608041,unrelated_donor,1.385614569347405,12275,family_67cf34a836b9cd6c,64
conditional_vae,202608041,unrelated_donor,0.9531205340640309,3188,family_a03ac5414952d229,43
conditional_vae,202608041,unrelated_donor,1.2992279917835885,5109,family_4da27be0a15493fc,60
conditional_vae,202608042,unrelated_donor,0.7145863299688937,3093,family_d1a92696717aa9c2,19
conditional_vae,202608042,unrelated_donor,0.9908244609832764,1216,family_3835425eafb00035,74
conditional_vae,202608042,unrelated_donor,0.6559579968452454,412,family_a534382ff42b71fb,88
conditional_vae,202608042,unrelated_donor,0.5814186331911657,4197,family_6d17de7e325f25f8,63
conditional_vae,202608042,unrelated_donor,0.5710610747337341,779,family_56b1bf9100abf79a,25
conditional_vae,202608042,unrelated_donor,1.3971801787078633,15674,family_9edbfcdbf27d8472,9
conditional_vae,202608042,unrelated_donor,0.3649503831310647,3153,family_db6398f302f77cb4,77
conditional_vae,202608042,unrelated_donor,0.8066137806698351,10203,family_776fb0c74fb6af96,24
conditional_vae,202608042,unrelated_donor,0.8605020642280579,1748,family_be459453ebdfa1da,87
conditional_vae,202608042,unrelated_donor,0.744298619234894,3230,family_439fc19617b55d44,37
conditional_vae,202608042,unrelated_donor,0.6524482727050781,2560,family_328dc279bafe7f69,28
conditional_vae,202608042,unrelated_donor,0.904253363609314,3803,family_ac0566dd944bc201,41
conditional_vae,202608042,unrelated_donor,0.8896814584732056,477,family_3fbe0e330aecdc00,67
conditional_vae,202608042,unrelated_donor,0.8303232192993164,704,family_04795413b15e0b98,79
conditional_vae,202608042,unrelated_donor,1.171971082687378,1108,family_348b29b5f47eda18,21
conditional_vae,202608042,unrelated_donor,1.2047961809124246,8731,family_f77d449f1658a159,35
conditional_vae,202608042,unrelated_donor,1.2968255281448364,242,family_39849966d6043c11,48
conditional_vae,202608042,unrelated_donor,1.073915112090058,3169,family_af212e596b07120e,52
conditional_vae,202608042,unrelated_donor,0.5533151378152074,9069,family_2d3e3d92f30c4369,82
conditional_vae,202608042,unrelated_donor,0.679755687713623,1674,family_f0c0dd7c2f3b6a3f,90
conditional_vae,202608042,unrelated_donor,0.9337779879570007,2491,family_5aaa5f6f546aa704,11
conditional_vae,202608042,unrelated_donor,0.9238997248647776,5759,family_78031f033e192cce,3
conditional_vae,202608042,unrelated_donor,0.7891398668289185,467,family_961cefc620e3d5ab,53
conditional_vae,202608042,unrelated_donor,0.8277461705083671,3303,family_fe2836cc1cef695c,42
conditional_vae,202608042,unrelated_donor,1.0908585068610925,9124,family_0f71c7e0830e1d85,86
conditional_vae,202608042,unrelated_donor,0.39027204591872167,6286,family_2dbafe5054d4bee7,54
conditional_vae,202608042,unrelated_donor,0.6430312964217375,14987,family_52885ec61f0240b9,96
conditional_vae,202608042,unrelated_donor,0.8755088020047862,5460,family_b88eee6ecd7ef6bc,46
conditional_vae,202608042,unrelated_donor,1.1588485009659055,20432,family_de67cf52f9a2ce89,29
conditional_vae,202608042,unrelated_donor,1.0897811651229858,854,family_7b8c8789f38183da,38
conditional_vae,202608042,unrelated_donor,0.834127628808842,10665,family_774f10d6c3d75980,17
conditional_vae,202608042,unrelated_donor,0.7711437752281821,29458,family_6fbe37a0a6611f64,73
conditional_vae,202608042,unrelated_donor,0.7593351457082942,12501,family_c64269798048b60f,93
conditional_vae,202608042,unrelated_donor,0.8644992612001077,8558,family_f60bd4cc83d02add,84
conditional_vae,202608042,unrelated_donor,1.2093735933303833,61,family_39f58e2fd604c61e,51
conditional_vae,202608042,unrelated_donor,0.586976170539856,1918,family_101bf32d18499c7d,95
conditional_vae,202608042,unrelated_donor,1.1777938604354858,156,family_e97b637c75aac2b5,89
conditional_vae,202608042,unrelated_donor,1.278039943901288,12995,family_e2c30beb0d4abeae,66
conditional_vae,202608042,unrelated_donor,1.0159654531682025,3028,family_581cf690b70ed77f,30
conditional_vae,202608042,unrelated_donor,1.1230695879346102,1789,family_9ccd2f467361ebab,44
conditional_vae,202608042,unrelated_donor,0.5252278185009148,8256,family_6342008bae187399,83
conditional_vae,202608042,unrelated_donor,0.9641299247741699,266,family_8661140073b6a2ab,97
conditional_vae,202608042,unrelated_donor,0.6973565502772255,1890,family_1a8ff9e18d3eabea,16
conditional_vae,202608042,unrelated_donor,0.811540884628008,8479,family_b324bd83d2be3825,58
conditional_vae,202608042,unrelated_donor,0.7474216222763062,725,family_23e85181dd747797,99
conditional_vae,202608042,unrelated_donor,1.384473955830353,9580,family_b3ba3218de08f591,8
conditional_vae,202608042,unrelated_donor,0.5801513794944139,6949,family_38ddaabf01adae92,12
conditional_vae,202608042,unrelated_donor,0.7454432249069214,945,family_5405158fe7a3977d,71
conditional_vae,202608042,unrelated_donor,0.6071550250053406,336,family_e4e4467ef74cc720,57
conditional_vae,202608042,unrelated_donor,1.10055673122406,1037,family_4f1b63b3eef9f7d0,75
conditional_vae,202608042,unrelated_donor,0.9354382753372192,522,family_7a300c986fbfa9f2,18
conditional_vae,202608042,unrelated_donor,1.183072805404663,463,family_6f0024d47bda9a44,45
conditional_vae,202608042,unrelated_donor,0.49086111783981323,1191,family_746d1e0c3274827f,62
conditional_vae,202608042,unrelated_donor,1.011203408241272,1084,family_6a42731481dda124,56
conditional_vae,202608042,unrelated_donor,1.574397881706786,15697,family_0ecded087f80d73b,61
conditional_vae,202608042,unrelated_donor,0.6923593448875792,5721,family_5facacfb4d33d062,1
conditional_vae,202608042,unrelated_donor,0.6707485914230347,251,family_5cc4efa05e4dc250,13
conditional_vae,202608042,unrelated_donor,1.0624078551074232,17077,family_4731a6d05dff34ce,15
conditional_vae,202608042,unrelated_donor,1.0167474550996871,5610,family_c3ae851031cec2bb,91
conditional_vae,202608042,unrelated_donor,0.8545925493438639,48674,family_30fbd9977a220042,81
conditional_vae,202608042,unrelated_donor,0.899372398853302,508,family_e3c89d0945320ec5,0
conditional_vae,202608042,unrelated_donor,1.2538691759109497,639,family_f99e7467cfd91d72,23
conditional_vae,202608042,unrelated_donor,1.0515204668045044,3294,family_0a0ff01b239a934a,55
conditional_vae,202608042,unrelated_donor,0.5314235091209412,166,family_5ebcadebe538bd59,31
conditional_vae,202608042,unrelated_donor,0.5307371020317078,533,family_2fe71bb032cb85fe,20
conditional_vae,202608042,unrelated_donor,0.897861770990929,6626,family_e0f7e5849dbe9388,72
conditional_vae,202608042,unrelated_donor,0.9101628019235763,3859,family_c3abd4306e03adf2,34
conditional_vae,202608042,unrelated_donor,0.5594534873962402,1559,family_83b27a32aa56f9dc,68
conditional_vae,202608042,unrelated_donor,0.9915165748586786,2535,family_fa3341292470541d,22
conditional_vae,202608042,unrelated_donor,0.5174131393432617,548,family_15b8f6d235825863,2
conditional_vae,202608042,unrelated_donor,0.7452026688467949,10236,family_a95aeca85317a04d,50
conditional_vae,202608042,unrelated_donor,0.5355558864296274,7309,family_3dffb074803c8f80,47
conditional_vae,202608042,unrelated_donor,0.7286756038665771,1026,family_1cfa4116628ae42e,94
conditional_vae,202608042,unrelated_donor,1.0392190217971802,1238,family_f53ae103dc0def58,26
conditional_vae,202608042,unrelated_donor,0.47593027353286743,1287,family_3db848c291e71542,14
conditional_vae,202608042,unrelated_donor,0.9222984208163688,3583,family_76f3986b08ecfc19,10
conditional_vae,202608042,unrelated_donor,0.8294169228043015,13214,family_121eefce620403f7,36
conditional_vae,202608042,unrelated_donor,1.082677622998915,20977,family_8aff46e64d1c8360,33
conditional_vae,202608042,unrelated_donor,0.7701186053153964,4952,family_debbecc1e7f77f3e,4
conditional_vae,202608042,unrelated_donor,0.5100197196006775,1779,family_f19aa9a5e722eb61,49
conditional_vae,202608042,unrelated_donor,0.924103856086731,1815,family_d0b38ee50d018148,92
conditional_vae,202608042,unrelated_donor,0.6136177182197571,1036,family_aad2d66dec95dc7a,78
conditional_vae,202608042,unrelated_donor,0.7420915961265564,985,family_59add5a121b9a616,59
conditional_vae,202608042,unrelated_donor,1.1339559015550582,12091,family_c2d4ffa1539bdafe,27
conditional_vae,202608042,unrelated_donor,0.704630434513092,1157,family_58a5b18cf3751bf1,6
conditional_vae,202608042,unrelated_donor,0.6130807995796204,638,family_8f08581ca21b6c6f,76
conditional_vae,202608042,unrelated_donor,0.6480630533341923,5203,family_5d6a15b20dff7233,5
conditional_vae,202608042,unrelated_donor,0.44889092445373535,1312,family_eacebc389812585f,98
conditional_vae,202608042,unrelated_donor,0.40567806363105774,578,family_3bd7e5ca43f02666,65
conditional_vae,202608042,unrelated_donor,0.5596199631690979,377,family_da2cbb03fa208ffc,7
conditional_vae,202608042,unrelated_donor,0.646432756971965,15281,family_5fe0b889b5279fed,32
conditional_vae,202608042,unrelated_donor,0.5312047600746155,654,family_58c32a6b58cc329f,69
conditional_vae,202608042,unrelated_donor,1.1210682769983107,4931,family_d4c8efafc098f593,80
conditional_vae,202608042,unrelated_donor,0.7001084739845602,6166,family_853b6705e7d7e7a9,70
conditional_vae,202608042,unrelated_donor,1.0589170455932617,1558,family_7c104874587dddcc,39
conditional_vae,202608042,unrelated_donor,1.214911937713623,3893,family_2eec85a0fe915e64,40
conditional_vae,202608042,unrelated_donor,0.7445184588432312,1189,family_08157e0ead630e5c,85
conditional_vae,202608042,unrelated_donor,1.3812487573779042,12275,family_67cf34a836b9cd6c,64
conditional_vae,202608042,unrelated_donor,0.9619085698983302,3188,family_a03ac5414952d229,43
conditional_vae,202608042,unrelated_donor,1.2828882680197802,5109,family_4da27be0a15493fc,60
conditional_vae,202608040,same_family_donor,0.6959831285661684,3093,family_d1a92696717aa9c2,19
conditional_vae,202608040,same_family_donor,0.9646857380867004,1216,family_3835425eafb00035,74
conditional_vae,202608040,same_family_donor,0.6779742240905762,412,family_a534382ff42b71fb,88
conditional_vae,202608040,same_family_donor,0.566804125617452,4197,family_6d17de7e325f25f8,63
conditional_vae,202608040,same_family_donor,0.5599763989448547,779,family_56b1bf9100abf79a,25
conditional_vae,202608040,same_family_donor,1.364557312750856,15674,family_9edbfcdbf27d8472,9
conditional_vae,202608040,same_family_donor,0.37056140038765234,3153,family_db6398f302f77cb4,77
conditional_vae,202608040,same_family_donor,0.6775250051531688,10203,family_776fb0c74fb6af96,24
conditional_vae,202608040,same_family_donor,0.8539889454841614,1748,family_be459453ebdfa1da,87
conditional_vae,202608040,same_family_donor,0.7019889701630678,3230,family_439fc19617b55d44,37
conditional_vae,202608040,same_family_donor,0.6452588916989044,2560,family_328dc279bafe7f69,28
conditional_vae,202608040,same_family_donor,0.8936775326728821,3803,family_ac0566dd944bc201,41
conditional_vae,202608040,same_family_donor,0.8690938949584961,477,family_3fbe0e330aecdc00,67
conditional_vae,202608040,same_family_donor,0.8352107405662537,704,family_04795413b15e0b98,79
conditional_vae,202608040,same_family_donor,1.112156629562378,1108,family_348b29b5f47eda18,21
conditional_vae,202608040,same_family_donor,1.1668382771658796,8731,family_f77d449f1658a159,35
conditional_vae,202608040,same_family_donor,1.3000439405441284,242,family_39849966d6043c11,48
conditional_vae,202608040,same_family_donor,1.026204077875475,3169,family_af212e596b07120e,52
conditional_vae,202608040,same_family_donor,0.5189094403400246,9069,family_2d3e3d92f30c4369,82
conditional_vae,202608040,same_family_donor,0.6970883011817932,1674,family_f0c0dd7c2f3b6a3f,90
conditional_vae,202608040,same_family_donor,0.8806643486022949,2491,family_5aaa5f6f546aa704,11
conditional_vae,202608040,same_family_donor,0.8681784726344249,5759,family_78031f033e192cce,3
conditional_vae,202608040,same_family_donor,0.7582239508628845,467,family_961cefc620e3d5ab,53
conditional_vae,202608040,same_family_donor,0.8070782118229082,3303,family_fe2836cc1cef695c,42
conditional_vae,202608040,same_family_donor,0.9967036140377926,9124,family_0f71c7e0830e1d85,86
conditional_vae,202608040,same_family_donor,0.36319469729503023,6286,family_2dbafe5054d4bee7,54
conditional_vae,202608040,same_family_donor,0.5502827561163335,14987,family_52885ec61f0240b9,96
conditional_vae,202608040,same_family_donor,0.837786170163434,5460,family_b88eee6ecd7ef6bc,46
conditional_vae,202608040,same_family_donor,1.0993761710046601,20432,family_de67cf52f9a2ce89,29
conditional_vae,202608040,same_family_donor,1.0761364698410034,854,family_7b8c8789f38183da,38
conditional_vae,202608040,same_family_donor,0.8047197392385887,10665,family_774f10d6c3d75980,17
conditional_vae,202608040,same_family_donor,0.7071080864430833,29458,family_6fbe37a0a6611f64,73
conditional_vae,202608040,same_family_donor,0.6654876332866241,12501,family_c64269798048b60f,93
conditional_vae,202608040,same_family_donor,0.7830843880971087,8558,family_f60bd4cc83d02add,84
conditional_vae,202608040,same_family_donor,0.9697411060333252,61,family_39f58e2fd604c61e,51
conditional_vae,202608040,same_family_donor,0.6247397065162659,1918,family_101bf32d18499c7d,95
conditional_vae,202608040,same_family_donor,1.1374950408935547,156,family_e97b637c75aac2b5,89
conditional_vae,202608040,same_family_donor,1.2537316058589294,12995,family_e2c30beb0d4abeae,66
conditional_vae,202608040,same_family_donor,0.9982684027880943,3028,family_581cf690b70ed77f,30
conditional_vae,202608040,same_family_donor,1.1077901221574387,1789,family_9ccd2f467361ebab,44
conditional_vae,202608040,same_family_donor,0.5040333146092215,8256,family_6342008bae187399,83
conditional_vae,202608040,same_family_donor,0.9289716482162476,266,family_8661140073b6a2ab,97
conditional_vae,202608040,same_family_donor,0.6978086009858147,1890,family_1a8ff9e18d3eabea,16
conditional_vae,202608040,same_family_donor,0.7670562930202158,8479,family_b324bd83d2be3825,58
conditional_vae,202608040,same_family_donor,0.7178464531898499,725,family_23e85181dd747797,99
conditional_vae,202608040,same_family_donor,1.337993918231733,9580,family_b3ba3218de08f591,8
conditional_vae,202608040,same_family_donor,0.5506383967855917,6949,family_38ddaabf01adae92,12
conditional_vae,202608040,same_family_donor,0.7124613523483276,945,family_5405158fe7a3977d,71
conditional_vae,202608040,same_family_donor,0.5660356879234314,336,family_e4e4467ef74cc720,57
conditional_vae,202608040,same_family_donor,1.1028271913528442,1037,family_4f1b63b3eef9f7d0,75
conditional_vae,202608040,same_family_donor,0.9277381300926208,522,family_7a300c986fbfa9f2,18
conditional_vae,202608040,same_family_donor,1.156497836112976,463,family_6f0024d47bda9a44,45
conditional_vae,202608040,same_family_donor,0.45611870288848877,1191,family_746d1e0c3274827f,62
conditional_vae,202608040,same_family_donor,1.0216008424758911,1084,family_6a42731481dda124,56
conditional_vae,202608040,same_family_donor,1.5372134396670964,15697,family_0ecded087f80d73b,61
conditional_vae,202608040,same_family_donor,0.6903347949676634,5721,family_5facacfb4d33d062,1
conditional_vae,202608040,same_family_donor,0.6611303687095642,251,family_5cc4efa05e4dc250,13
conditional_vae,202608040,same_family_donor,0.9709971044900833,17077,family_4731a6d05dff34ce,15
conditional_vae,202608040,same_family_donor,1.0142766172873146,5610,family_c3ae851031cec2bb,91
conditional_vae,202608040,same_family_donor,0.7667274017415198,48674,family_30fbd9977a220042,81
conditional_vae,202608040,same_family_donor,0.863697350025177,508,family_e3c89d0945320ec5,0
conditional_vae,202608040,same_family_donor,1.2457355260849,639,family_f99e7467cfd91d72,23
conditional_vae,202608040,same_family_donor,0.9943190813064575,3294,family_0a0ff01b239a934a,55
conditional_vae,202608040,same_family_donor,0.5681695342063904,166,family_5ebcadebe538bd59,31
conditional_vae,202608040,same_family_donor,0.5397031307220459,533,family_2fe71bb032cb85fe,20
conditional_vae,202608040,same_family_donor,0.8806498948987287,6626,family_e0f7e5849dbe9388,72
conditional_vae,202608040,same_family_donor,0.9082981158365515,3859,family_c3abd4306e03adf2,34
conditional_vae,202608040,same_family_donor,0.4971424341201782,1559,family_83b27a32aa56f9dc,68
conditional_vae,202608040,same_family_donor,0.9831170763254636,2535,family_fa3341292470541d,22
conditional_vae,202608040,same_family_donor,0.5137666463851929,548,family_15b8f6d235825863,2
conditional_vae,202608040,same_family_donor,0.7348203717346254,10236,family_a95aeca85317a04d,50
conditional_vae,202608040,same_family_donor,0.5062740090559112,7309,family_3dffb074803c8f80,47
conditional_vae,202608040,same_family_donor,0.7446247935295105,1026,family_1cfa4116628ae42e,94
conditional_vae,202608040,same_family_donor,0.9792314767837524,1238,family_f53ae103dc0def58,26
conditional_vae,202608040,same_family_donor,0.476658433675766,1287,family_3db848c291e71542,14
conditional_vae,202608040,same_family_donor,0.9123851974483579,3583,family_76f3986b08ecfc19,10
conditional_vae,202608040,same_family_donor,0.8106607487581674,13214,family_121eefce620403f7,36
conditional_vae,202608040,same_family_donor,1.002558266093064,20977,family_8aff46e64d1c8360,33
conditional_vae,202608040,same_family_donor,0.7341590750005595,4952,family_debbecc1e7f77f3e,4
conditional_vae,202608040,same_family_donor,0.49791812896728516,1779,family_f19aa9a5e722eb61,49
conditional_vae,202608040,same_family_donor,0.8889934420585632,1815,family_d0b38ee50d018148,92
conditional_vae,202608040,same_family_donor,0.6170408129692078,1036,family_aad2d66dec95dc7a,78
conditional_vae,202608040,same_family_donor,0.746712863445282,985,family_59add5a121b9a616,59
conditional_vae,202608040,same_family_donor,0.9635491355774214,12091,family_c2d4ffa1539bdafe,27
conditional_vae,202608040,same_family_donor,0.6434779167175293,1157,family_58a5b18cf3751bf1,6
conditional_vae,202608040,same_family_donor,0.5997136831283569,638,family_8f08581ca21b6c6f,76
conditional_vae,202608040,same_family_donor,0.62096199328547,5203,family_5d6a15b20dff7233,5
conditional_vae,202608040,same_family_donor,0.4207684099674225,1312,family_eacebc389812585f,98
conditional_vae,202608040,same_family_donor,0.3626440167427063,578,family_3bd7e5ca43f02666,65
conditional_vae,202608040,same_family_donor,0.5494669675827026,377,family_da2cbb03fa208ffc,7
conditional_vae,202608040,same_family_donor,0.6178382025145086,15281,family_5fe0b889b5279fed,32
conditional_vae,202608040,same_family_donor,0.5691406726837158,654,family_58c32a6b58cc329f,69
conditional_vae,202608040,same_family_donor,1.112792342701782,4931,family_d4c8efafc098f593,80
conditional_vae,202608040,same_family_donor,0.6641850445009925,6166,family_853b6705e7d7e7a9,70
conditional_vae,202608040,same_family_donor,1.0670852661132812,1558,family_7c104874587dddcc,39
conditional_vae,202608040,same_family_donor,1.1885600090026855,3893,family_2eec85a0fe915e64,40
conditional_vae,202608040,same_family_donor,0.7473501563072205,1189,family_08157e0ead630e5c,85
conditional_vae,202608040,same_family_donor,1.345438088108226,12275,family_67cf34a836b9cd6c,64
conditional_vae,202608040,same_family_donor,0.9455418519423328,3188,family_a03ac5414952d229,43
conditional_vae,202608040,same_family_donor,1.2835227972515224,5109,family_4da27be0a15493fc,60
conditional_vae,202608041,same_family_donor,0.7254240576056188,3093,family_d1a92696717aa9c2,19
conditional_vae,202608041,same_family_donor,1.0027492046356201,1216,family_3835425eafb00035,74
conditional_vae,202608041,same_family_donor,0.6897591948509216,412,family_a534382ff42b71fb,88
conditional_vae,202608041,same_family_donor,0.5810427731180406,4197,family_6d17de7e325f25f8,63
conditional_vae,202608041,same_family_donor,0.5838121771812439,779,family_56b1bf9100abf79a,25
conditional_vae,202608041,same_family_donor,1.372855589594238,15674,family_9edbfcdbf27d8472,9
conditional_vae,202608041,same_family_donor,0.3642820451908402,3153,family_db6398f302f77cb4,77
conditional_vae,202608041,same_family_donor,0.6844161168787978,10203,family_776fb0c74fb6af96,24
conditional_vae,202608041,same_family_donor,0.8708553314208984,1748,family_be459453ebdfa1da,87
conditional_vae,202608041,same_family_donor,0.7240094717442067,3230,family_439fc19617b55d44,37
conditional_vae,202608041,same_family_donor,0.6523122606799007,2560,family_328dc279bafe7f69,28
conditional_vae,202608041,same_family_donor,0.8966392278671265,3803,family_ac0566dd944bc201,41
conditional_vae,202608041,same_family_donor,0.897357165813446,477,family_3fbe0e330aecdc00,67
conditional_vae,202608041,same_family_donor,0.8275012969970703,704,family_04795413b15e0b98,79
conditional_vae,202608041,same_family_donor,1.165036916732788,1108,family_348b29b5f47eda18,21
conditional_vae,202608041,same_family_donor,1.186773703852247,8731,family_f77d449f1658a159,35
conditional_vae,202608041,same_family_donor,1.2645413875579834,242,family_39849966d6043c11,48
conditional_vae,202608041,same_family_donor,1.0494874398691039,3169,family_af212e596b07120e,52
conditional_vae,202608041,same_family_donor,0.5316072772863432,9069,family_2d3e3d92f30c4369,82
conditional_vae,202608041,same_family_donor,0.7023612856864929,1674,family_f0c0dd7c2f3b6a3f,90
conditional_vae,202608041,same_family_donor,0.914928674697876,2491,family_5aaa5f6f546aa704,11
conditional_vae,202608041,same_family_donor,0.8912131026358753,5759,family_78031f033e192cce,3
conditional_vae,202608041,same_family_donor,0.7369862198829651,467,family_961cefc620e3d5ab,53
conditional_vae,202608041,same_family_donor,0.814414527392409,3303,family_fe2836cc1cef695c,42
conditional_vae,202608041,same_family_donor,1.007298223984602,9124,family_0f71c7e0830e1d85,86
conditional_vae,202608041,same_family_donor,0.38130856638420474,6286,family_2dbafe5054d4bee7,54
conditional_vae,202608041,same_family_donor,0.5712084598233274,14987,family_52885ec61f0240b9,96
conditional_vae,202608041,same_family_donor,0.8462345957865208,5460,family_b88eee6ecd7ef6bc,46
conditional_vae,202608041,same_family_donor,1.093877682630075,20432,family_de67cf52f9a2ce89,29
conditional_vae,202608041,same_family_donor,1.0836083889007568,854,family_7b8c8789f38183da,38
conditional_vae,202608041,same_family_donor,0.821193120427049,10665,family_774f10d6c3d75980,17
conditional_vae,202608041,same_family_donor,0.7313596932584848,29458,family_6fbe37a0a6611f64,73
conditional_vae,202608041,same_family_donor,0.6928552918391804,12501,family_c64269798048b60f,93
conditional_vae,202608041,same_family_donor,0.786334324688186,8558,family_f60bd4cc83d02add,84
conditional_vae,202608041,same_family_donor,1.2927300930023193,61,family_39f58e2fd604c61e,51
conditional_vae,202608041,same_family_donor,0.6197822690010071,1918,family_101bf32d18499c7d,95
conditional_vae,202608041,same_family_donor,1.145605444908142,156,family_e97b637c75aac2b5,89
conditional_vae,202608041,same_family_donor,1.2734989896009592,12995,family_e2c30beb0d4abeae,66
conditional_vae,202608041,same_family_donor,0.9905923264226636,3028,family_581cf690b70ed77f,30
conditional_vae,202608041,same_family_donor,1.1239535011613482,1789,family_9ccd2f467361ebab,44
conditional_vae,202608041,same_family_donor,0.5198381369962364,8256,family_6342008bae187399,83
conditional_vae,202608041,same_family_donor,0.9645752906799316,266,family_8661140073b6a2ab,97
conditional_vae,202608041,same_family_donor,0.6903151778001634,1890,family_1a8ff9e18d3eabea,16
conditional_vae,202608041,same_family_donor,0.7753018052921864,8479,family_b324bd83d2be3825,58
conditional_vae,202608041,same_family_donor,0.7568774223327637,725,family_23e85181dd747797,99
conditional_vae,202608041,same_family_donor,1.3637056900339983,9580,family_b3ba3218de08f591,8
conditional_vae,202608041,same_family_donor,0.5631449395743252,6949,family_38ddaabf01adae92,12
conditional_vae,202608041,same_family_donor,0.7278254628181458,945,family_5405158fe7a3977d,71
conditional_vae,202608041,same_family_donor,0.6567165851593018,336,family_e4e4467ef74cc720,57
conditional_vae,202608041,same_family_donor,1.1160920858383179,1037,family_4f1b63b3eef9f7d0,75
conditional_vae,202608041,same_family_donor,0.9129102230072021,522,family_7a300c986fbfa9f2,18
conditional_vae,202608041,same_family_donor,1.179716944694519,463,family_6f0024d47bda9a44,45
conditional_vae,202608041,same_family_donor,0.48326417803764343,1191,family_746d1e0c3274827f,62
conditional_vae,202608041,same_family_donor,1.0200144052505493,1084,family_6a42731481dda124,56
conditional_vae,202608041,same_family_donor,1.547111769933689,15697,family_0ecded087f80d73b,61
conditional_vae,202608041,same_family_donor,0.6912155171891773,5721,family_5facacfb4d33d062,1
conditional_vae,202608041,same_family_donor,0.6704682111740112,251,family_5cc4efa05e4dc250,13
conditional_vae,202608041,same_family_donor,1.0029878209847272,17077,family_4731a6d05dff34ce,15
conditional_vae,202608041,same_family_donor,1.0019830037565793,5610,family_c3ae851031cec2bb,91
conditional_vae,202608041,same_family_donor,0.8036027631273931,48674,family_30fbd9977a220042,81
conditional_vae,202608041,same_family_donor,0.9273595809936523,508,family_e3c89d0945320ec5,0
conditional_vae,202608041,same_family_donor,1.2458515167236328,639,family_f99e7467cfd91d72,23
conditional_vae,202608041,same_family_donor,1.0155041217803955,3294,family_0a0ff01b239a934a,55
conditional_vae,202608041,same_family_donor,0.5540461540222168,166,family_5ebcadebe538bd59,31
conditional_vae,202608041,same_family_donor,0.536124050617218,533,family_2fe71bb032cb85fe,20
conditional_vae,202608041,same_family_donor,0.8950694142296852,6626,family_e0f7e5849dbe9388,72
conditional_vae,202608041,same_family_donor,0.901249520440088,3859,family_c3abd4306e03adf2,34
conditional_vae,202608041,same_family_donor,0.5393139123916626,1559,family_83b27a32aa56f9dc,68
conditional_vae,202608041,same_family_donor,0.9695372775931801,2535,family_fa3341292470541d,22
conditional_vae,202608041,same_family_donor,0.5199029445648193,548,family_15b8f6d235825863,2
conditional_vae,202608041,same_family_donor,0.7383622444318858,10236,family_a95aeca85317a04d,50
conditional_vae,202608041,same_family_donor,0.5239264898349754,7309,family_3dffb074803c8f80,47
conditional_vae,202608041,same_family_donor,0.7466186881065369,1026,family_1cfa4116628ae42e,94
conditional_vae,202608041,same_family_donor,1.0208784341812134,1238,family_f53ae103dc0def58,26
conditional_vae,202608041,same_family_donor,0.4851706326007843,1287,family_3db848c291e71542,14
conditional_vae,202608041,same_family_donor,0.8894607849770539,3583,family_76f3986b08ecfc19,10
conditional_vae,202608041,same_family_donor,0.8358095801370993,13214,family_121eefce620403f7,36
conditional_vae,202608041,same_family_donor,1.018097838597603,20977,family_8aff46e64d1c8360,33
conditional_vae,202608041,same_family_donor,0.744000597295738,4952,family_debbecc1e7f77f3e,4
conditional_vae,202608041,same_family_donor,0.4723551571369171,1779,family_f19aa9a5e722eb61,49
conditional_vae,202608041,same_family_donor,0.9084488749504089,1815,family_d0b38ee50d018148,92
conditional_vae,202608041,same_family_donor,0.6669801473617554,1036,family_aad2d66dec95dc7a,78
conditional_vae,202608041,same_family_donor,0.7591075897216797,985,family_59add5a121b9a616,59
conditional_vae,202608041,same_family_donor,0.9836509657965021,12091,family_c2d4ffa1539bdafe,27
conditional_vae,202608041,same_family_donor,0.6599469184875488,1157,family_58a5b18cf3751bf1,6
conditional_vae,202608041,same_family_donor,0.6038828492164612,638,family_8f08581ca21b6c6f,76
conditional_vae,202608041,same_family_donor,0.6351179858594818,5203,family_5d6a15b20dff7233,5
conditional_vae,202608041,same_family_donor,0.4459751546382904,1312,family_eacebc389812585f,98
conditional_vae,202608041,same_family_donor,0.4523654282093048,578,family_3bd7e5ca43f02666,65
conditional_vae,202608041,same_family_donor,0.5937307476997375,377,family_da2cbb03fa208ffc,7
conditional_vae,202608041,same_family_donor,0.6223892403689598,15281,family_5fe0b889b5279fed,32
conditional_vae,202608041,same_family_donor,0.5439415574073792,654,family_58c32a6b58cc329f,69
conditional_vae,202608041,same_family_donor,1.1244085813192393,4931,family_d4c8efafc098f593,80
conditional_vae,202608041,same_family_donor,0.6794211745378146,6166,family_853b6705e7d7e7a9,70
conditional_vae,202608041,same_family_donor,1.07420814037323,1558,family_7c104874587dddcc,39
conditional_vae,202608041,same_family_donor,1.2170213460922241,3893,family_2eec85a0fe915e64,40
conditional_vae,202608041,same_family_donor,0.7758224606513977,1189,family_08157e0ead630e5c,85
conditional_vae,202608041,same_family_donor,1.3440707525556297,12275,family_67cf34a836b9cd6c,64
conditional_vae,202608041,same_family_donor,0.9382353463914792,3188,family_a03ac5414952d229,43
conditional_vae,202608041,same_family_donor,1.280001567870256,5109,family_4da27be0a15493fc,60
conditional_vae,202608042,same_family_donor,0.7025546108369799,3093,family_d1a92696717aa9c2,19
conditional_vae,202608042,same_family_donor,1.0118112564086914,1216,family_3835425eafb00035,74
conditional_vae,202608042,same_family_donor,0.6512959599494934,412,family_a534382ff42b71fb,88
conditional_vae,202608042,same_family_donor,0.5757315473270211,4197,family_6d17de7e325f25f8,63
conditional_vae,202608042,same_family_donor,0.5990592837333679,779,family_56b1bf9100abf79a,25
conditional_vae,202608042,same_family_donor,1.4189089761790958,15674,family_9edbfcdbf27d8472,9
conditional_vae,202608042,same_family_donor,0.3796384806883286,3153,family_db6398f302f77cb4,77
conditional_vae,202608042,same_family_donor,0.6948615758019219,10203,family_776fb0c74fb6af96,24
conditional_vae,202608042,same_family_donor,0.8847905993461609,1748,family_be459453ebdfa1da,87
conditional_vae,202608042,same_family_donor,0.7233744307568198,3230,family_439fc19617b55d44,37
conditional_vae,202608042,same_family_donor,0.6488362396601588,2560,family_328dc279bafe7f69,28
conditional_vae,202608042,same_family_donor,0.9099437594413757,3803,family_ac0566dd944bc201,41
conditional_vae,202608042,same_family_donor,0.9042174816131592,477,family_3fbe0e330aecdc00,67
conditional_vae,202608042,same_family_donor,0.8878087401390076,704,family_04795413b15e0b98,79
conditional_vae,202608042,same_family_donor,1.1906307935714722,1108,family_348b29b5f47eda18,21
conditional_vae,202608042,same_family_donor,1.1973820596527172,8731,family_f77d449f1658a159,35
conditional_vae,202608042,same_family_donor,1.3681762218475342,242,family_39849966d6043c11,48
conditional_vae,202608042,same_family_donor,1.073853882602729,3169,family_af212e596b07120e,52
conditional_vae,202608042,same_family_donor,0.5652654240525457,9069,family_2d3e3d92f30c4369,82
conditional_vae,202608042,same_family_donor,0.7026439309120178,1674,family_f0c0dd7c2f3b6a3f,90
conditional_vae,202608042,same_family_donor,0.9295812845230103,2491,family_5aaa5f6f546aa704,11
conditional_vae,202608042,same_family_donor,0.855454784990868,5759,family_78031f033e192cce,3
conditional_vae,202608042,same_family_donor,0.8038632273674011,467,family_961cefc620e3d5ab,53
conditional_vae,202608042,same_family_donor,0.8451056284973775,3303,family_fe2836cc1cef695c,42
conditional_vae,202608042,same_family_donor,1.0249657881385346,9124,family_0f71c7e0830e1d85,86
conditional_vae,202608042,same_family_donor,0.3859282589019426,6286,family_2dbafe5054d4bee7,54
conditional_vae,202608042,same_family_donor,0.6206579516876879,14987,family_52885ec61f0240b9,96
conditional_vae,202608042,same_family_donor,0.8600268783695969,5460,family_b88eee6ecd7ef6bc,46
conditional_vae,202608042,same_family_donor,1.125300871399388,20432,family_de67cf52f9a2ce89,29
conditional_vae,202608042,same_family_donor,1.124129295349121,854,family_7b8c8789f38183da,38
conditional_vae,202608042,same_family_donor,0.8174500116539627,10665,family_774f10d6c3d75980,17
conditional_vae,202608042,same_family_donor,0.7449668733916139,29458,family_6fbe37a0a6611f64,73
conditional_vae,202608042,same_family_donor,0.6997256162032901,12501,family_c64269798048b60f,93
conditional_vae,202608042,same_family_donor,0.8326238216599395,8558,family_f60bd4cc83d02add,84
conditional_vae,202608042,same_family_donor,1.2447502613067627,61,family_39f58e2fd604c61e,51
conditional_vae,202608042,same_family_donor,0.5965151190757751,1918,family_101bf32d18499c7d,95
conditional_vae,202608042,same_family_donor,1.2241556644439697,156,family_e97b637c75aac2b5,89
conditional_vae,202608042,same_family_donor,1.2992044997151058,12995,family_e2c30beb0d4abeae,66
conditional_vae,202608042,same_family_donor,1.0526321917339234,3028,family_581cf690b70ed77f,30
conditional_vae,202608042,same_family_donor,1.1517017489375183,1789,family_9ccd2f467361ebab,44
conditional_vae,202608042,same_family_donor,0.5546230737755234,8256,family_6342008bae187399,83
conditional_vae,202608042,same_family_donor,1.1249476671218872,266,family_8661140073b6a2ab,97
conditional_vae,202608042,same_family_donor,0.6977204567856259,1890,family_1a8ff9e18d3eabea,16
conditional_vae,202608042,same_family_donor,0.7992160708460834,8479,family_b324bd83d2be3825,58
conditional_vae,202608042,same_family_donor,0.7267788648605347,725,family_23e85181dd747797,99
conditional_vae,202608042,same_family_donor,1.4060187530293593,9580,family_b3ba3218de08f591,8
conditional_vae,202608042,same_family_donor,0.5593017973579388,6949,family_38ddaabf01adae92,12
conditional_vae,202608042,same_family_donor,0.7420408129692078,945,family_5405158fe7a3977d,71
conditional_vae,202608042,same_family_donor,0.5568374395370483,336,family_e4e4467ef74cc720,57
conditional_vae,202608042,same_family_donor,1.1281630992889404,1037,family_4f1b63b3eef9f7d0,75
conditional_vae,202608042,same_family_donor,0.8909484148025513,522,family_7a300c986fbfa9f2,18
conditional_vae,202608042,same_family_donor,1.171065330505371,463,family_6f0024d47bda9a44,45
conditional_vae,202608042,same_family_donor,0.4991415739059448,1191,family_746d1e0c3274827f,62
conditional_vae,202608042,same_family_donor,1.0156396627426147,1084,family_6a42731481dda124,56
conditional_vae,202608042,same_family_donor,1.5700789350320208,15697,family_0ecded087f80d73b,61
conditional_vae,202608042,same_family_donor,0.7005250952477597,5721,family_5facacfb4d33d062,1
conditional_vae,202608042,same_family_donor,0.7835267782211304,251,family_5cc4efa05e4dc250,13
conditional_vae,202608042,same_family_donor,1.0174554142578078,17077,family_4731a6d05dff34ce,15
conditional_vae,202608042,same_family_donor,1.0214996536679022,5610,family_c3ae851031cec2bb,91
conditional_vae,202608042,same_family_donor,0.8580662500825489,48674,family_30fbd9977a220042,81
conditional_vae,202608042,same_family_donor,0.9037336111068726,508,family_e3c89d0945320ec5,0
conditional_vae,202608042,same_family_donor,1.2691247463226318,639,family_f99e7467cfd91d72,23
conditional_vae,202608042,same_family_donor,1.045597791671753,3294,family_0a0ff01b239a934a,55
conditional_vae,202608042,same_family_donor,0.4863271117210388,166,family_5ebcadebe538bd59,31
conditional_vae,202608042,same_family_donor,0.527146577835083,533,family_2fe71bb032cb85fe,20
conditional_vae,202608042,same_family_donor,0.9154276311703402,6626,family_e0f7e5849dbe9388,72
conditional_vae,202608042,same_family_donor,0.916585946660735,3859,family_c3abd4306e03adf2,34
conditional_vae,202608042,same_family_donor,0.5807309746742249,1559,family_83b27a32aa56f9dc,68
conditional_vae,202608042,same_family_donor,0.93145612774516,2535,family_fa3341292470541d,22
conditional_vae,202608042,same_family_donor,0.5324487090110779,548,family_15b8f6d235825863,2
conditional_vae,202608042,same_family_donor,0.7325070001455711,10236,family_a95aeca85317a04d,50
conditional_vae,202608042,same_family_donor,0.5722922579030981,7309,family_3dffb074803c8f80,47
conditional_vae,202608042,same_family_donor,0.7759449481964111,1026,family_1cfa4116628ae42e,94
conditional_vae,202608042,same_family_donor,1.021436095237732,1238,family_f53ae103dc0def58,26
conditional_vae,202608042,same_family_donor,0.5071751475334167,1287,family_3db848c291e71542,14
conditional_vae,202608042,same_family_donor,0.9362252452604404,3583,family_76f3986b08ecfc19,10
conditional_vae,202608042,same_family_donor,0.8483092136916764,13214,family_121eefce620403f7,36
conditional_vae,202608042,same_family_donor,1.0554831486875316,20977,family_8aff46e64d1c8360,33
conditional_vae,202608042,same_family_donor,0.7892341168419803,4952,family_debbecc1e7f77f3e,4
conditional_vae,202608042,same_family_donor,0.4791146516799927,1779,family_f19aa9a5e722eb61,49
conditional_vae,202608042,same_family_donor,0.9149488210678101,1815,family_d0b38ee50d018148,92
conditional_vae,202608042,same_family_donor,0.695244312286377,1036,family_aad2d66dec95dc7a,78
conditional_vae,202608042,same_family_donor,0.7611928582191467,985,family_59add5a121b9a616,59
conditional_vae,202608042,same_family_donor,1.0022807567707808,12091,family_c2d4ffa1539bdafe,27
conditional_vae,202608042,same_family_donor,0.6845898032188416,1157,family_58a5b18cf3751bf1,6
conditional_vae,202608042,same_family_donor,0.5990273952484131,638,family_8f08581ca21b6c6f,76
conditional_vae,202608042,same_family_donor,0.6404294877035811,5203,family_5d6a15b20dff7233,5
conditional_vae,202608042,same_family_donor,0.49445825815200806,1312,family_eacebc389812585f,98
conditional_vae,202608042,same_family_donor,0.4061048626899719,578,family_3bd7e5ca43f02666,65
conditional_vae,202608042,same_family_donor,0.5423986911773682,377,family_da2cbb03fa208ffc,7
conditional_vae,202608042,same_family_donor,0.6442504356601898,15281,family_5fe0b889b5279fed,32
conditional_vae,202608042,same_family_donor,0.6287491321563721,654,family_58c32a6b58cc329f,69
conditional_vae,202608042,same_family_donor,1.1288248353496668,4931,family_d4c8efafc098f593,80
conditional_vae,202608042,same_family_donor,0.6808454869553674,6166,family_853b6705e7d7e7a9,70
conditional_vae,202608042,same_family_donor,1.1108899116516113,1558,family_7c104874587dddcc,39
conditional_vae,202608042,same_family_donor,1.258909821510315,3893,family_2eec85a0fe915e64,40
conditional_vae,202608042,same_family_donor,0.800415575504303,1189,family_08157e0ead630e5c,85
conditional_vae,202608042,same_family_donor,1.3845052190904947,12275,family_67cf34a836b9cd6c,64
conditional_vae,202608042,same_family_donor,0.9469921725008689,3188,family_a03ac5414952d229,43
conditional_vae,202608042,same_family_donor,1.29145675271102,5109,family_4da27be0a15493fc,60
latent_diffusion,202608040,clean,0.014731907182269625,,family_d1a92696717aa9c2,19
latent_diffusion,202608040,clean,0.022178594209253787,,family_3835425eafb00035,74
latent_diffusion,202608040,clean,0.011600339319556952,,family_a534382ff42b71fb,88
latent_diffusion,202608040,clean,0.01323717961517664,,family_6d17de7e325f25f8,63
latent_diffusion,202608040,clean,0.012462152168154716,,family_56b1bf9100abf79a,25
latent_diffusion,202608040,clean,0.018209707156261978,,family_9edbfcdbf27d8472,9
latent_diffusion,202608040,clean,0.011437082197517157,,family_db6398f302f77cb4,77
latent_diffusion,202608040,clean,0.026216862024739385,,family_776fb0c74fb6af96,24
latent_diffusion,202608040,clean,0.01871113572269678,,family_be459453ebdfa1da,87
latent_diffusion,202608040,clean,0.015937288602193195,,family_439fc19617b55d44,37
latent_diffusion,202608040,clean,0.012380131427198649,,family_328dc279bafe7f69,28
latent_diffusion,202608040,clean,0.010940362582914531,,family_ac0566dd944bc201,41
latent_diffusion,202608040,clean,0.009982144460082054,,family_3fbe0e330aecdc00,67
latent_diffusion,202608040,clean,0.010762999998405576,,family_04795413b15e0b98,79
latent_diffusion,202608040,clean,0.01814472326077521,,family_348b29b5f47eda18,21
latent_diffusion,202608040,clean,0.023553716743157968,,family_f77d449f1658a159,35
latent_diffusion,202608040,clean,0.009854951873421669,,family_39849966d6043c11,48
latent_diffusion,202608040,clean,0.017094048241583202,,family_af212e596b07120e,52
latent_diffusion,202608040,clean,0.01834749415712921,,family_2d3e3d92f30c4369,82
latent_diffusion,202608040,clean,0.01370289921760559,,family_f0c0dd7c2f3b6a3f,90
latent_diffusion,202608040,clean,0.017217453569173813,,family_5aaa5f6f546aa704,11
latent_diffusion,202608040,clean,0.016880786900098126,,family_78031f033e192cce,3
latent_diffusion,202608040,clean,0.015124297700822353,,family_961cefc620e3d5ab,53
latent_diffusion,202608040,clean,0.011990644943176044,,family_fe2836cc1cef695c,42
latent_diffusion,202608040,clean,0.014527568682318642,,family_0f71c7e0830e1d85,86
latent_diffusion,202608040,clean,0.015322164588031314,,family_2dbafe5054d4bee7,54
latent_diffusion,202608040,clean,0.014790394133137118,,family_52885ec61f0240b9,96
latent_diffusion,202608040,clean,0.010916698701857101,,family_b88eee6ecd7ef6bc,46
latent_diffusion,202608040,clean,0.015462269900705327,,family_de67cf52f9a2ce89,29
latent_diffusion,202608040,clean,0.022912271320819855,,family_7b8c8789f38183da,38
latent_diffusion,202608040,clean,0.02058391964861325,,family_774f10d6c3d75980,17
latent_diffusion,202608040,clean,0.018586280148314392,,family_6fbe37a0a6611f64,73
latent_diffusion,202608040,clean,0.014699316075579687,,family_c64269798048b60f,93
latent_diffusion,202608040,clean,0.017458234968430856,,family_f60bd4cc83d02add,84
latent_diffusion,202608040,clean,0.0104555394500494,,family_39f58e2fd604c61e,51
latent_diffusion,202608040,clean,0.015392116736620665,,family_101bf32d18499c7d,95
latent_diffusion,202608040,clean,0.00908228661864996,,family_e97b637c75aac2b5,89
latent_diffusion,202608040,clean,0.01702960211162766,,family_e2c30beb0d4abeae,66
latent_diffusion,202608040,clean,0.012168780184135987,,family_581cf690b70ed77f,30
latent_diffusion,202608040,clean,0.016180136965380773,,family_9ccd2f467361ebab,44
latent_diffusion,202608040,clean,0.011191985267214478,,family_6342008bae187399,83
latent_diffusion,202608040,clean,0.011307998560369015,,family_8661140073b6a2ab,97
latent_diffusion,202608040,clean,0.013252618722617626,,family_1a8ff9e18d3eabea,16
latent_diffusion,202608040,clean,0.013744756928645074,,family_b324bd83d2be3825,58
latent_diffusion,202608040,clean,0.013079327065497637,,family_23e85181dd747797,99
latent_diffusion,202608040,clean,0.016878548367270107,,family_b3ba3218de08f591,8
latent_diffusion,202608040,clean,0.010237307543866337,,family_38ddaabf01adae92,12
latent_diffusion,202608040,clean,0.011616830714046955,,family_5405158fe7a3977d,71
latent_diffusion,202608040,clean,0.014585528522729874,,family_e4e4467ef74cc720,57
latent_diffusion,202608040,clean,0.017440604356427986,,family_4f1b63b3eef9f7d0,75
latent_diffusion,202608040,clean,0.02044192235916853,,family_7a300c986fbfa9f2,18
latent_diffusion,202608040,clean,0.011548176718254885,,family_6f0024d47bda9a44,45
latent_diffusion,202608040,clean,0.011072422377765179,,family_746d1e0c3274827f,62
latent_diffusion,202608040,clean,0.010043877642601728,,family_6a42731481dda124,56
latent_diffusion,202608040,clean,0.017937017306685447,,family_0ecded087f80d73b,61
latent_diffusion,202608040,clean,0.011495923115448519,,family_5facacfb4d33d062,1
latent_diffusion,202608040,clean,0.00927009992301464,,family_5cc4efa05e4dc250,13
latent_diffusion,202608040,clean,0.013882776809623465,,family_4731a6d05dff34ce,15
latent_diffusion,202608040,clean,0.012839558892525159,,family_c3ae851031cec2bb,91
latent_diffusion,202608040,clean,0.016154775696729,,family_30fbd9977a220042,81
latent_diffusion,202608040,clean,0.009531557559967041,,family_e3c89d0945320ec5,0
latent_diffusion,202608040,clean,0.02317823749035597,,family_f99e7467cfd91d72,23
latent_diffusion,202608040,clean,0.013999572799851498,,family_0a0ff01b239a934a,55
latent_diffusion,202608040,clean,0.011488895863294601,,family_5ebcadebe538bd59,31
latent_diffusion,202608040,clean,0.010802087374031544,,family_2fe71bb032cb85fe,20
latent_diffusion,202608040,clean,0.012243529529465983,,family_e0f7e5849dbe9388,72
latent_diffusion,202608040,clean,0.011365418680585347,,family_c3abd4306e03adf2,34
latent_diffusion,202608040,clean,0.013558959774672984,,family_83b27a32aa56f9dc,68
latent_diffusion,202608040,clean,0.01983551327139139,,family_fa3341292470541d,22
latent_diffusion,202608040,clean,0.011157885193824768,,family_15b8f6d235825863,2
latent_diffusion,202608040,clean,0.01276797281676217,,family_a95aeca85317a04d,50
latent_diffusion,202608040,clean,0.013839971972629428,,family_3dffb074803c8f80,47
latent_diffusion,202608040,clean,0.01293739334990581,,family_1cfa4116628ae42e,94
latent_diffusion,202608040,clean,0.013285422883927821,,family_f53ae103dc0def58,26
latent_diffusion,202608040,clean,0.012071608565747738,,family_3db848c291e71542,14
latent_diffusion,202608040,clean,0.019746014149859548,,family_76f3986b08ecfc19,10
latent_diffusion,202608040,clean,0.015838377516378056,,family_121eefce620403f7,36
latent_diffusion,202608040,clean,0.021197643966819994,,family_8aff46e64d1c8360,33
latent_diffusion,202608040,clean,0.013609366053167512,,family_debbecc1e7f77f3e,4
latent_diffusion,202608040,clean,0.013359847789009413,,family_f19aa9a5e722eb61,49
latent_diffusion,202608040,clean,0.01374258313860212,,family_d0b38ee50d018148,92
latent_diffusion,202608040,clean,0.014207145820061365,,family_aad2d66dec95dc7a,78
latent_diffusion,202608040,clean,0.00896982871927321,,family_59add5a121b9a616,59
latent_diffusion,202608040,clean,0.014742668567886275,,family_c2d4ffa1539bdafe,27
latent_diffusion,202608040,clean,0.012587732449173928,,family_58a5b18cf3751bf1,6
latent_diffusion,202608040,clean,0.012104583904147148,,family_8f08581ca21b6c6f,76
latent_diffusion,202608040,clean,0.01819103816524148,,family_5d6a15b20dff7233,5
latent_diffusion,202608040,clean,0.012912998108991556,,family_eacebc389812585f,98
latent_diffusion,202608040,clean,0.011520062107592821,,family_3bd7e5ca43f02666,65
latent_diffusion,202608040,clean,0.01141733257099986,,family_da2cbb03fa208ffc,7
latent_diffusion,202608040,clean,0.011284866017000428,,family_5fe0b889b5279fed,32
latent_diffusion,202608040,clean,0.005570590263232589,,family_58c32a6b58cc329f,69
latent_diffusion,202608040,clean,0.01762000098824501,,family_d4c8efafc098f593,80
latent_diffusion,202608040,clean,0.012087660509028606,,family_853b6705e7d7e7a9,70
latent_diffusion,202608040,clean,0.01866596657782793,,family_7c104874587dddcc,39
latent_diffusion,202608040,clean,0.013176508646990572,,family_2eec85a0fe915e64,40
latent_diffusion,202608040,clean,0.012429586984217167,,family_08157e0ead630e5c,85
latent_diffusion,202608040,clean,0.01943791521092256,,family_67cf34a836b9cd6c,64
latent_diffusion,202608040,clean,0.013469496097129125,,family_a03ac5414952d229,43
latent_diffusion,202608040,clean,0.013480630559990039,,family_4da27be0a15493fc,60
latent_diffusion,202608041,clean,0.015042741058601273,,family_d1a92696717aa9c2,19
latent_diffusion,202608041,clean,0.02442418076097965,,family_3835425eafb00035,74
latent_diffusion,202608041,clean,0.022455407306551933,,family_a534382ff42b71fb,88
latent_diffusion,202608041,clean,0.012807622623558227,,family_6d17de7e325f25f8,63
latent_diffusion,202608041,clean,0.01214672097315391,,family_56b1bf9100abf79a,25
latent_diffusion,202608041,clean,0.014572009690763318,,family_9edbfcdbf27d8472,9
latent_diffusion,202608041,clean,0.014542099487568651,,family_db6398f302f77cb4,77
latent_diffusion,202608041,clean,0.024703915463760495,,family_776fb0c74fb6af96,24
latent_diffusion,202608041,clean,0.019810676691122353,,family_be459453ebdfa1da,87
latent_diffusion,202608041,clean,0.018515937340756256,,family_439fc19617b55d44,37
latent_diffusion,202608041,clean,0.01634927550330758,,family_328dc279bafe7f69,28
latent_diffusion,202608041,clean,0.013213097583502531,,family_ac0566dd944bc201,41
latent_diffusion,202608041,clean,0.011293364688754082,,family_3fbe0e330aecdc00,67
latent_diffusion,202608041,clean,0.019220788031816483,,family_04795413b15e0b98,79
latent_diffusion,202608041,clean,0.014796383678913116,,family_348b29b5f47eda18,21
latent_diffusion,202608041,clean,0.013086779560479853,,family_f77d449f1658a159,35
latent_diffusion,202608041,clean,0.014139236882328987,,family_39849966d6043c11,48
latent_diffusion,202608041,clean,0.015644400810393002,,family_af212e596b07120e,52
latent_diffusion,202608041,clean,0.01849971843981429,,family_2d3e3d92f30c4369,82
latent_diffusion,202608041,clean,0.012887095799669623,,family_f0c0dd7c2f3b6a3f,90
latent_diffusion,202608041,clean,0.01748225518635341,,family_5aaa5f6f546aa704,11
latent_diffusion,202608041,clean,0.018529596583296854,,family_78031f033e192cce,3
latent_diffusion,202608041,clean,0.014664164744317532,,family_961cefc620e3d5ab,53
latent_diffusion,202608041,clean,0.010918415617197752,,family_fe2836cc1cef695c,42
latent_diffusion,202608041,clean,0.017204004517268567,,family_0f71c7e0830e1d85,86
latent_diffusion,202608041,clean,0.01598077364975498,,family_2dbafe5054d4bee7,54
latent_diffusion,202608041,clean,0.017054678601843697,,family_52885ec61f0240b9,96
latent_diffusion,202608041,clean,0.013063577003777027,,family_b88eee6ecd7ef6bc,46
latent_diffusion,202608041,clean,0.017469979526305742,,family_de67cf52f9a2ce89,29
latent_diffusion,202608041,clean,0.014334345857302347,,family_7b8c8789f38183da,38
latent_diffusion,202608041,clean,0.024091905337714013,,family_774f10d6c3d75980,17
latent_diffusion,202608041,clean,0.01372013755304658,,family_6fbe37a0a6611f64,73
latent_diffusion,202608041,clean,0.015625087671320547,,family_c64269798048b60f,93
latent_diffusion,202608041,clean,0.016170957837911212,,family_f60bd4cc83d02add,84
latent_diffusion,202608041,clean,0.019539903849363327,,family_39f58e2fd604c61e,51
latent_diffusion,202608041,clean,0.023769829887896776,,family_101bf32d18499c7d,95
latent_diffusion,202608041,clean,0.010111321695148945,,family_e97b637c75aac2b5,89
latent_diffusion,202608041,clean,0.014127881824970245,,family_e2c30beb0d4abeae,66
latent_diffusion,202608041,clean,0.012347815271753531,,family_581cf690b70ed77f,30
latent_diffusion,202608041,clean,0.018034343607723713,,family_9ccd2f467361ebab,44
latent_diffusion,202608041,clean,0.011058800853788853,,family_6342008bae187399,83
latent_diffusion,202608041,clean,0.018408553674817085,,family_8661140073b6a2ab,97
latent_diffusion,202608041,clean,0.01542049329727888,,family_1a8ff9e18d3eabea,16
latent_diffusion,202608041,clean,0.017004000023007393,,family_b324bd83d2be3825,58
latent_diffusion,202608041,clean,0.01593455532565713,,family_23e85181dd747797,99
latent_diffusion,202608041,clean,0.014595776924799228,,family_b3ba3218de08f591,8
latent_diffusion,202608041,clean,0.012437562178820371,,family_38ddaabf01adae92,12
latent_diffusion,202608041,clean,0.01051463590313991,,family_5405158fe7a3977d,71
latent_diffusion,202608041,clean,0.01575995609164238,,family_e4e4467ef74cc720,57
latent_diffusion,202608041,clean,0.01606767562528451,,family_4f1b63b3eef9f7d0,75
latent_diffusion,202608041,clean,0.01701020635664463,,family_7a300c986fbfa9f2,18
latent_diffusion,202608041,clean,0.014457515751322111,,family_6f0024d47bda9a44,45
latent_diffusion,202608041,clean,0.011410319712013006,,family_746d1e0c3274827f,62
latent_diffusion,202608041,clean,0.016518105442325275,,family_6a42731481dda124,56
latent_diffusion,202608041,clean,0.01371323548257351,,family_0ecded087f80d73b,61
latent_diffusion,202608041,clean,0.014289598150009459,,family_5facacfb4d33d062,1
latent_diffusion,202608041,clean,0.011719373986124992,,family_5cc4efa05e4dc250,13
latent_diffusion,202608041,clean,0.016418099558601778,,family_4731a6d05dff34ce,15
latent_diffusion,202608041,clean,0.012698286786102332,,family_c3ae851031cec2bb,91
latent_diffusion,202608041,clean,0.0157038787244043,,family_30fbd9977a220042,81
latent_diffusion,202608041,clean,0.011407853725055853,,family_e3c89d0945320ec5,0
latent_diffusion,202608041,clean,0.02321595884859562,,family_f99e7467cfd91d72,23
latent_diffusion,202608041,clean,0.011721274660279354,,family_0a0ff01b239a934a,55
latent_diffusion,202608041,clean,0.014136224053800106,,family_5ebcadebe538bd59,31
latent_diffusion,202608041,clean,0.011183580849319696,,family_2fe71bb032cb85fe,20
latent_diffusion,202608041,clean,0.01336449570953846,,family_e0f7e5849dbe9388,72
latent_diffusion,202608041,clean,0.012287703772576956,,family_c3abd4306e03adf2,34
latent_diffusion,202608041,clean,0.01283628148958087,,family_83b27a32aa56f9dc,68
latent_diffusion,202608041,clean,0.01502059269696474,,family_fa3341292470541d,22
latent_diffusion,202608041,clean,0.011257943697273731,,family_15b8f6d235825863,2
latent_diffusion,202608041,clean,0.019019835187416328,,family_a95aeca85317a04d,50
latent_diffusion,202608041,clean,0.017946642939932644,,family_3dffb074803c8f80,47
latent_diffusion,202608041,clean,0.021884905795256298,,family_1cfa4116628ae42e,94
latent_diffusion,202608041,clean,0.01306648962199688,,family_f53ae103dc0def58,26
latent_diffusion,202608041,clean,0.0190850969714423,,family_3db848c291e71542,14
latent_diffusion,202608041,clean,0.017699635742853086,,family_76f3986b08ecfc19,10
latent_diffusion,202608041,clean,0.013764396196965015,,family_121eefce620403f7,36
latent_diffusion,202608041,clean,0.013789370608253356,,family_8aff46e64d1c8360,33
latent_diffusion,202608041,clean,0.015512604704674552,,family_debbecc1e7f77f3e,4
latent_diffusion,202608041,clean,0.015761939498285454,,family_f19aa9a5e722eb61,49
latent_diffusion,202608041,clean,0.011110601547573293,,family_d0b38ee50d018148,92
latent_diffusion,202608041,clean,0.015672947900990646,,family_aad2d66dec95dc7a,78
latent_diffusion,202608041,clean,0.012278673704713583,,family_59add5a121b9a616,59
latent_diffusion,202608041,clean,0.018531202278550592,,family_c2d4ffa1539bdafe,27
latent_diffusion,202608041,clean,0.013481237180531024,,family_58a5b18cf3751bf1,6
latent_diffusion,202608041,clean,0.015989283099770546,,family_8f08581ca21b6c6f,76
latent_diffusion,202608041,clean,0.016530185671789304,,family_5d6a15b20dff7233,5
latent_diffusion,202608041,clean,0.016911376134625504,,family_eacebc389812585f,98
latent_diffusion,202608041,clean,0.01715250313282013,,family_3bd7e5ca43f02666,65
latent_diffusion,202608041,clean,0.01254952047020197,,family_da2cbb03fa208ffc,7
latent_diffusion,202608041,clean,0.014323772380835023,,family_5fe0b889b5279fed,32
latent_diffusion,202608041,clean,0.014458384830504656,,family_58c32a6b58cc329f,69
latent_diffusion,202608041,clean,0.013486748188734054,,family_d4c8efafc098f593,80
latent_diffusion,202608041,clean,0.01440552475729159,,family_853b6705e7d7e7a9,70
latent_diffusion,202608041,clean,0.0158313880674541,,family_7c104874587dddcc,39
latent_diffusion,202608041,clean,0.014047838215317045,,family_2eec85a0fe915e64,40
latent_diffusion,202608041,clean,0.014574143290519714,,family_08157e0ead630e5c,85
latent_diffusion,202608041,clean,0.013598258482913177,,family_67cf34a836b9cd6c,64
latent_diffusion,202608041,clean,0.0124046323964229,,family_a03ac5414952d229,43
latent_diffusion,202608041,clean,0.015998761599453595,,family_4da27be0a15493fc,60
latent_diffusion,202608042,clean,0.015894121283458337,,family_d1a92696717aa9c2,19
latent_diffusion,202608042,clean,0.016706344112753867,,family_3835425eafb00035,74
latent_diffusion,202608042,clean,0.019189225509762764,,family_a534382ff42b71fb,88
latent_diffusion,202608042,clean,0.012545771825198945,,family_6d17de7e325f25f8,63
latent_diffusion,202608042,clean,0.015201275857786337,,family_56b1bf9100abf79a,25
latent_diffusion,202608042,clean,0.017635450177990338,,family_9edbfcdbf27d8472,9
latent_diffusion,202608042,clean,0.013685641876821007,,family_db6398f302f77cb4,77
latent_diffusion,202608042,clean,0.03082570491824299,,family_776fb0c74fb6af96,24
latent_diffusion,202608042,clean,0.019962645368650556,,family_be459453ebdfa1da,87
latent_diffusion,202608042,clean,0.013813666274978055,,family_439fc19617b55d44,37
latent_diffusion,202608042,clean,0.014037423674017191,,family_328dc279bafe7f69,28
latent_diffusion,202608042,clean,0.01357202127110213,,family_ac0566dd944bc201,41
latent_diffusion,202608042,clean,0.009954353794455528,,family_3fbe0e330aecdc00,67
latent_diffusion,202608042,clean,0.015960827469825745,,family_04795413b15e0b98,79
latent_diffusion,202608042,clean,0.016911255195736885,,family_348b29b5f47eda18,21
latent_diffusion,202608042,clean,0.0265957937679357,,family_f77d449f1658a159,35
latent_diffusion,202608042,clean,0.014605922624468803,,family_39849966d6043c11,48
latent_diffusion,202608042,clean,0.01656202979099292,,family_af212e596b07120e,52
latent_diffusion,202608042,clean,0.01868019179490052,,family_2d3e3d92f30c4369,82
latent_diffusion,202608042,clean,0.017315334174782038,,family_f0c0dd7c2f3b6a3f,90
latent_diffusion,202608042,clean,0.020072679168411663,,family_5aaa5f6f546aa704,11
latent_diffusion,202608042,clean,0.015256978260974089,,family_78031f033e192cce,3
latent_diffusion,202608042,clean,0.017845679074525833,,family_961cefc620e3d5ab,53
latent_diffusion,202608042,clean,0.012947166726614038,,family_fe2836cc1cef695c,42
latent_diffusion,202608042,clean,0.017422008150745006,,family_0f71c7e0830e1d85,86
latent_diffusion,202608042,clean,0.01684608474551212,,family_2dbafe5054d4bee7,54
latent_diffusion,202608042,clean,0.018804767980210243,,family_52885ec61f0240b9,96
latent_diffusion,202608042,clean,0.01351319080484765,,family_b88eee6ecd7ef6bc,46
latent_diffusion,202608042,clean,0.01520992074669762,,family_de67cf52f9a2ce89,29
latent_diffusion,202608042,clean,0.021660737693309784,,family_7b8c8789f38183da,38
latent_diffusion,202608042,clean,0.019908225562955652,,family_774f10d6c3d75980,17
latent_diffusion,202608042,clean,0.015134645787918049,,family_6fbe37a0a6611f64,73
latent_diffusion,202608042,clean,0.015085208653049036,,family_c64269798048b60f,93
latent_diffusion,202608042,clean,0.016044953399721312,,family_f60bd4cc83d02add,84
latent_diffusion,202608042,clean,0.01687464863061905,,family_39f58e2fd604c61e,51
latent_diffusion,202608042,clean,0.016493968665599823,,family_101bf32d18499c7d,95
latent_diffusion,202608042,clean,0.010260973125696182,,family_e97b637c75aac2b5,89
latent_diffusion,202608042,clean,0.01783872926607728,,family_e2c30beb0d4abeae,66
latent_diffusion,202608042,clean,0.015064227394759655,,family_581cf690b70ed77f,30
latent_diffusion,202608042,clean,0.017698678601947095,,family_9ccd2f467361ebab,44
latent_diffusion,202608042,clean,0.014338510110974312,,family_6342008bae187399,83
latent_diffusion,202608042,clean,0.011550728231668472,,family_8661140073b6a2ab,97
latent_diffusion,202608042,clean,0.013264196924865246,,family_1a8ff9e18d3eabea,16
latent_diffusion,202608042,clean,0.01636677561327815,,family_b324bd83d2be3825,58
latent_diffusion,202608042,clean,0.010712643852457404,,family_23e85181dd747797,99
latent_diffusion,202608042,clean,0.017253091430355763,,family_b3ba3218de08f591,8
latent_diffusion,202608042,clean,0.013855217257514596,,family_38ddaabf01adae92,12
latent_diffusion,202608042,clean,0.009683591468880573,,family_5405158fe7a3977d,71
latent_diffusion,202608042,clean,0.011079153046011925,,family_e4e4467ef74cc720,57
latent_diffusion,202608042,clean,0.01459773164242506,,family_4f1b63b3eef9f7d0,75
latent_diffusion,202608042,clean,0.022914864122867584,,family_7a300c986fbfa9f2,18
latent_diffusion,202608042,clean,0.012183047831058502,,family_6f0024d47bda9a44,45
latent_diffusion,202608042,clean,0.01219406413535277,,family_746d1e0c3274827f,62
latent_diffusion,202608042,clean,0.011869610287249088,,family_6a42731481dda124,56
latent_diffusion,202608042,clean,0.01672334995120764,,family_0ecded087f80d73b,61
latent_diffusion,202608042,clean,0.013556537811051716,,family_5facacfb4d33d062,1
latent_diffusion,202608042,clean,0.01540341041982174,,family_5cc4efa05e4dc250,13
latent_diffusion,202608042,clean,0.01423894134738172,,family_4731a6d05dff34ce,15
latent_diffusion,202608042,clean,0.014226723390703019,,family_c3ae851031cec2bb,91
latent_diffusion,202608042,clean,0.01906029951836293,,family_30fbd9977a220042,81
latent_diffusion,202608042,clean,0.010457841058572134,,family_e3c89d0945320ec5,0
latent_diffusion,202608042,clean,0.017486440483480692,,family_f99e7467cfd91d72,23
latent_diffusion,202608042,clean,0.015753308466325205,,family_0a0ff01b239a934a,55
latent_diffusion,202608042,clean,0.01950746774673462,,family_5ebcadebe538bd59,31
latent_diffusion,202608042,clean,0.010773118119686842,,family_2fe71bb032cb85fe,20
latent_diffusion,202608042,clean,0.013011829811148345,,family_e0f7e5849dbe9388,72
latent_diffusion,202608042,clean,0.012386853735034283,,family_c3abd4306e03adf2,34
latent_diffusion,202608042,clean,0.011500429827719927,,family_83b27a32aa56f9dc,68
latent_diffusion,202608042,clean,0.021024145558476447,,family_fa3341292470541d,22
latent_diffusion,202608042,clean,0.016137161292135715,,family_15b8f6d235825863,2
latent_diffusion,202608042,clean,0.01817895290686896,,family_a95aeca85317a04d,50
latent_diffusion,202608042,clean,0.01721207258136322,,family_3dffb074803c8f80,47
latent_diffusion,202608042,clean,0.0165246594697237,,family_1cfa4116628ae42e,94
latent_diffusion,202608042,clean,0.013767695054411888,,family_f53ae103dc0def58,26
latent_diffusion,202608042,clean,0.01577585640673836,,family_3db848c291e71542,14
latent_diffusion,202608042,clean,0.019212253391742706,,family_76f3986b08ecfc19,10
latent_diffusion,202608042,clean,0.017576168573489696,,family_121eefce620403f7,36
latent_diffusion,202608042,clean,0.025340699137021333,,family_8aff46e64d1c8360,33
latent_diffusion,202608042,clean,0.023485896889777744,,family_debbecc1e7f77f3e,4
latent_diffusion,202608042,clean,0.012164750912537178,,family_f19aa9a5e722eb61,49
latent_diffusion,202608042,clean,0.014960150766585554,,family_d0b38ee50d018148,92
latent_diffusion,202608042,clean,0.01618232453862826,,family_aad2d66dec95dc7a,78
latent_diffusion,202608042,clean,0.012237349757924676,,family_59add5a121b9a616,59
latent_diffusion,202608042,clean,0.017832026035795288,,family_c2d4ffa1539bdafe,27
latent_diffusion,202608042,clean,0.012468036077916623,,family_58a5b18cf3751bf1,6
latent_diffusion,202608042,clean,0.019315832294523716,,family_8f08581ca21b6c6f,76
latent_diffusion,202608042,clean,0.021316479492400373,,family_5d6a15b20dff7233,5
latent_diffusion,202608042,clean,0.013903774454125337,,family_eacebc389812585f,98
latent_diffusion,202608042,clean,0.01694920426234603,,family_3bd7e5ca43f02666,65
latent_diffusion,202608042,clean,0.018156242556869984,,family_da2cbb03fa208ffc,7
latent_diffusion,202608042,clean,0.012516176488635868,,family_5fe0b889b5279fed,32
latent_diffusion,202608042,clean,0.015292105730623007,,family_58c32a6b58cc329f,69
latent_diffusion,202608042,clean,0.018602359294891357,,family_d4c8efafc098f593,80
latent_diffusion,202608042,clean,0.014527035245139684,,family_853b6705e7d7e7a9,70
latent_diffusion,202608042,clean,0.016336781904101372,,family_7c104874587dddcc,39
latent_diffusion,202608042,clean,0.01606106385588646,,family_2eec85a0fe915e64,40
latent_diffusion,202608042,clean,0.010537448339164257,,family_08157e0ead630e5c,85
latent_diffusion,202608042,clean,0.020858236433317263,,family_67cf34a836b9cd6c,64
latent_diffusion,202608042,clean,0.013222097992323913,,family_a03ac5414952d229,43
latent_diffusion,202608042,clean,0.015666238175561793,,family_4da27be0a15493fc,60
latent_diffusion,202608040,unrelated_donor,0.014603448514309194,,family_d1a92696717aa9c2,19
latent_diffusion,202608040,unrelated_donor,0.022224158979952335,,family_3835425eafb00035,74
latent_diffusion,202608040,unrelated_donor,0.011351563036441803,,family_a534382ff42b71fb,88
latent_diffusion,202608040,unrelated_donor,0.01325556284819658,,family_6d17de7e325f25f8,63
latent_diffusion,202608040,unrelated_donor,0.012389895195762316,,family_56b1bf9100abf79a,25
latent_diffusion,202608040,unrelated_donor,0.018407886108273968,,family_9edbfcdbf27d8472,9
latent_diffusion,202608040,unrelated_donor,0.01140727668202349,,family_db6398f302f77cb4,77
latent_diffusion,202608040,unrelated_donor,0.026259585400111973,,family_776fb0c74fb6af96,24
latent_diffusion,202608040,unrelated_donor,0.01874283456709236,,family_be459453ebdfa1da,87
latent_diffusion,202608040,unrelated_donor,0.015878191942142114,,family_439fc19617b55d44,37
latent_diffusion,202608040,unrelated_donor,0.01234380528330803,,family_328dc279bafe7f69,28
latent_diffusion,202608040,unrelated_donor,0.010878324159421027,,family_ac0566dd944bc201,41
latent_diffusion,202608040,unrelated_donor,0.009953046217560768,,family_3fbe0e330aecdc00,67
latent_diffusion,202608040,unrelated_donor,0.010744936531409621,,family_04795413b15e0b98,79
latent_diffusion,202608040,unrelated_donor,0.01827239617705345,,family_348b29b5f47eda18,21
latent_diffusion,202608040,unrelated_donor,0.02343595793677701,,family_f77d449f1658a159,35
latent_diffusion,202608040,unrelated_donor,0.009843733161687851,,family_39849966d6043c11,48
latent_diffusion,202608040,unrelated_donor,0.017139923472244006,,family_af212e596b07120e,52
latent_diffusion,202608040,unrelated_donor,0.018292306922376156,,family_2d3e3d92f30c4369,82
latent_diffusion,202608040,unrelated_donor,0.013890712521970272,,family_f0c0dd7c2f3b6a3f,90
latent_diffusion,202608040,unrelated_donor,0.017153979146054814,,family_5aaa5f6f546aa704,11
latent_diffusion,202608040,unrelated_donor,0.016826907793680828,,family_78031f033e192cce,3
latent_diffusion,202608040,unrelated_donor,0.015227274969220161,,family_961cefc620e3d5ab,53
latent_diffusion,202608040,unrelated_donor,0.012051620675871769,,family_fe2836cc1cef695c,42
latent_diffusion,202608040,unrelated_donor,0.014501254517762434,,family_0f71c7e0830e1d85,86
latent_diffusion,202608040,unrelated_donor,0.015359633868294103,,family_2dbafe5054d4bee7,54
latent_diffusion,202608040,unrelated_donor,0.01474771567530209,,family_52885ec61f0240b9,96
latent_diffusion,202608040,unrelated_donor,0.010919481316315276,,family_b88eee6ecd7ef6bc,46
latent_diffusion,202608040,unrelated_donor,0.015438045840710402,,family_de67cf52f9a2ce89,29
latent_diffusion,202608040,unrelated_donor,0.02280698778728644,,family_7b8c8789f38183da,38
latent_diffusion,202608040,unrelated_donor,0.0205599076247641,,family_774f10d6c3d75980,17
latent_diffusion,202608040,unrelated_donor,0.018701531134707773,,family_6fbe37a0a6611f64,73
latent_diffusion,202608040,unrelated_donor,0.01468486220321872,,family_c64269798048b60f,93
latent_diffusion,202608040,unrelated_donor,0.017434207996463075,,family_f60bd4cc83d02add,84
latent_diffusion,202608040,unrelated_donor,0.010539548471570015,,family_39f58e2fd604c61e,51
latent_diffusion,202608040,unrelated_donor,0.01534905401058495,,family_101bf32d18499c7d,95
latent_diffusion,202608040,unrelated_donor,0.00895314384251833,,family_e97b637c75aac2b5,89
latent_diffusion,202608040,unrelated_donor,0.01719248111670216,,family_e2c30beb0d4abeae,66
latent_diffusion,202608040,unrelated_donor,0.012071180730485,,family_581cf690b70ed77f,30
latent_diffusion,202608040,unrelated_donor,0.01620301604270935,,family_9ccd2f467361ebab,44
latent_diffusion,202608040,unrelated_donor,0.011187222227454186,,family_6342008bae187399,83
latent_diffusion,202608040,unrelated_donor,0.010999055579304695,,family_8661140073b6a2ab,97
latent_diffusion,202608040,unrelated_donor,0.013317162077873946,,family_1a8ff9e18d3eabea,16
latent_diffusion,202608040,unrelated_donor,0.01368104777066037,,family_b324bd83d2be3825,58
latent_diffusion,202608040,unrelated_donor,0.012928946875035763,,family_23e85181dd747797,99
latent_diffusion,202608040,unrelated_donor,0.017036802681355642,,family_b3ba3218de08f591,8
latent_diffusion,202608040,unrelated_donor,0.01026679901406169,,family_38ddaabf01adae92,12
latent_diffusion,202608040,unrelated_donor,0.011393032036721706,,family_5405158fe7a3977d,71
latent_diffusion,202608040,unrelated_donor,0.01460844837129116,,family_e4e4467ef74cc720,57
latent_diffusion,202608040,unrelated_donor,0.017365894901255768,,family_4f1b63b3eef9f7d0,75
latent_diffusion,202608040,unrelated_donor,0.020408740267157555,,family_7a300c986fbfa9f2,18
latent_diffusion,202608040,unrelated_donor,0.011435254476964474,,family_6f0024d47bda9a44,45
latent_diffusion,202608040,unrelated_donor,0.011054477964838346,,family_746d1e0c3274827f,62
latent_diffusion,202608040,unrelated_donor,0.00990667256216208,,family_6a42731481dda124,56
latent_diffusion,202608040,unrelated_donor,0.01809577163308859,,family_0ecded087f80d73b,61
latent_diffusion,202608040,unrelated_donor,0.011527637993408875,,family_5facacfb4d33d062,1
latent_diffusion,202608040,unrelated_donor,0.009288353845477104,,family_5cc4efa05e4dc250,13
latent_diffusion,202608040,unrelated_donor,0.013874149386538193,,family_4731a6d05dff34ce,15
latent_diffusion,202608040,unrelated_donor,0.012893932298398934,,family_c3ae851031cec2bb,91
latent_diffusion,202608040,unrelated_donor,0.01630492229014635,,family_30fbd9977a220042,81
latent_diffusion,202608040,unrelated_donor,0.009378223059078058,,family_e3c89d0945320ec5,0
latent_diffusion,202608040,unrelated_donor,0.023181535303592682,,family_f99e7467cfd91d72,23
latent_diffusion,202608040,unrelated_donor,0.014090844740470251,,family_0a0ff01b239a934a,55
latent_diffusion,202608040,unrelated_donor,0.011486910283565521,,family_5ebcadebe538bd59,31
latent_diffusion,202608040,unrelated_donor,0.010813601780682802,,family_2fe71bb032cb85fe,20
latent_diffusion,202608040,unrelated_donor,0.012112401716876775,,family_e0f7e5849dbe9388,72
latent_diffusion,202608040,unrelated_donor,0.0114172430565724,,family_c3abd4306e03adf2,34
latent_diffusion,202608040,unrelated_donor,0.013469582423567772,,family_83b27a32aa56f9dc,68
latent_diffusion,202608040,unrelated_donor,0.01977292550727725,,family_fa3341292470541d,22
latent_diffusion,202608040,unrelated_donor,0.011110295231143633,,family_15b8f6d235825863,2
latent_diffusion,202608040,unrelated_donor,0.012951033189892769,,family_a95aeca85317a04d,50
latent_diffusion,202608040,unrelated_donor,0.013870726300713917,,family_3dffb074803c8f80,47
latent_diffusion,202608040,unrelated_donor,0.013019088345269362,,family_1cfa4116628ae42e,94
latent_diffusion,202608040,unrelated_donor,0.013345288299024104,,family_f53ae103dc0def58,26
latent_diffusion,202608040,unrelated_donor,0.012087473645806313,,family_3db848c291e71542,14
latent_diffusion,202608040,unrelated_donor,0.019642247663189966,,family_76f3986b08ecfc19,10
latent_diffusion,202608040,unrelated_donor,0.015970086227312233,,family_121eefce620403f7,36
latent_diffusion,202608040,unrelated_donor,0.02108156454200164,,family_8aff46e64d1c8360,33
latent_diffusion,202608040,unrelated_donor,0.013589913244633114,,family_debbecc1e7f77f3e,4
latent_diffusion,202608040,unrelated_donor,0.013484137132763863,,family_f19aa9a5e722eb61,49
latent_diffusion,202608040,unrelated_donor,0.013756048865616322,,family_d0b38ee50d018148,92
latent_diffusion,202608040,unrelated_donor,0.014225884340703487,,family_aad2d66dec95dc7a,78
latent_diffusion,202608040,unrelated_donor,0.00898691441398114,,family_59add5a121b9a616,59
latent_diffusion,202608040,unrelated_donor,0.014647541087000601,,family_c2d4ffa1539bdafe,27
latent_diffusion,202608040,unrelated_donor,0.012619815208017826,,family_58a5b18cf3751bf1,6
latent_diffusion,202608040,unrelated_donor,0.012027368880808353,,family_8f08581ca21b6c6f,76
latent_diffusion,202608040,unrelated_donor,0.018139246718159745,,family_5d6a15b20dff7233,5
latent_diffusion,202608040,unrelated_donor,0.01287135827754225,,family_eacebc389812585f,98
latent_diffusion,202608040,unrelated_donor,0.011559328995645046,,family_3bd7e5ca43f02666,65
latent_diffusion,202608040,unrelated_donor,0.011383199598640203,,family_da2cbb03fa208ffc,7
latent_diffusion,202608040,unrelated_donor,0.011203426707150608,,family_5fe0b889b5279fed,32
latent_diffusion,202608040,unrelated_donor,0.0056243478320539,,family_58c32a6b58cc329f,69
latent_diffusion,202608040,unrelated_donor,0.017779795080423356,,family_d4c8efafc098f593,80
latent_diffusion,202608040,unrelated_donor,0.012024985360247748,,family_853b6705e7d7e7a9,70
latent_diffusion,202608040,unrelated_donor,0.018800032790750265,,family_7c104874587dddcc,39
latent_diffusion,202608040,unrelated_donor,0.013308398558625154,,family_2eec85a0fe915e64,40
latent_diffusion,202608040,unrelated_donor,0.012341334857046605,,family_08157e0ead630e5c,85
latent_diffusion,202608040,unrelated_donor,0.019415378539512553,,family_67cf34a836b9cd6c,64
latent_diffusion,202608040,unrelated_donor,0.01348414601614842,,family_a03ac5414952d229,43
latent_diffusion,202608040,unrelated_donor,0.013437237948752366,,family_4da27be0a15493fc,60
latent_diffusion,202608041,unrelated_donor,0.015015844048725234,,family_d1a92696717aa9c2,19
latent_diffusion,202608041,unrelated_donor,0.024350681528449058,,family_3835425eafb00035,74
latent_diffusion,202608041,unrelated_donor,0.022168951109051704,,family_a534382ff42b71fb,88
latent_diffusion,202608041,unrelated_donor,0.012833671644330025,,family_6d17de7e325f25f8,63
latent_diffusion,202608041,unrelated_donor,0.012118321222563585,,family_56b1bf9100abf79a,25
latent_diffusion,202608041,unrelated_donor,0.014763672096545206,,family_9edbfcdbf27d8472,9
latent_diffusion,202608041,unrelated_donor,0.014517879579216242,,family_db6398f302f77cb4,77
latent_diffusion,202608041,unrelated_donor,0.024687758181244135,,family_776fb0c74fb6af96,24
latent_diffusion,202608041,unrelated_donor,0.019728802610188723,,family_be459453ebdfa1da,87
latent_diffusion,202608041,unrelated_donor,0.018491287405292194,,family_439fc19617b55d44,37
latent_diffusion,202608041,unrelated_donor,0.016437008790671826,,family_328dc279bafe7f69,28
latent_diffusion,202608041,unrelated_donor,0.0133000782225281,,family_ac0566dd944bc201,41
latent_diffusion,202608041,unrelated_donor,0.011212191544473171,,family_3fbe0e330aecdc00,67
latent_diffusion,202608041,unrelated_donor,0.01924097305163741,,family_04795413b15e0b98,79
latent_diffusion,202608041,unrelated_donor,0.015035568969324231,,family_348b29b5f47eda18,21
latent_diffusion,202608041,unrelated_donor,0.013111440309633812,,family_f77d449f1658a159,35
latent_diffusion,202608041,unrelated_donor,0.014045881107449532,,family_39849966d6043c11,48
latent_diffusion,202608041,unrelated_donor,0.01572318675999458,,family_af212e596b07120e,52
latent_diffusion,202608041,unrelated_donor,0.01853780816064069,,family_2d3e3d92f30c4369,82
latent_diffusion,202608041,unrelated_donor,0.01297097560018301,,family_f0c0dd7c2f3b6a3f,90
latent_diffusion,202608041,unrelated_donor,0.01756863495601075,,family_5aaa5f6f546aa704,11
latent_diffusion,202608041,unrelated_donor,0.018621528676400583,,family_78031f033e192cce,3
latent_diffusion,202608041,unrelated_donor,0.014368757605552673,,family_961cefc620e3d5ab,53
latent_diffusion,202608041,unrelated_donor,0.010899963995648755,,family_fe2836cc1cef695c,42
latent_diffusion,202608041,unrelated_donor,0.017138612101830188,,family_0f71c7e0830e1d85,86
latent_diffusion,202608041,unrelated_donor,0.01593673282435962,,family_2dbafe5054d4bee7,54
latent_diffusion,202608041,unrelated_donor,0.017257842896205765,,family_52885ec61f0240b9,96
latent_diffusion,202608041,unrelated_donor,0.01307365582102821,,family_b88eee6ecd7ef6bc,46
latent_diffusion,202608041,unrelated_donor,0.01748133852908557,,family_de67cf52f9a2ce89,29
latent_diffusion,202608041,unrelated_donor,0.01439006564517816,,family_7b8c8789f38183da,38
latent_diffusion,202608041,unrelated_donor,0.023850921097965466,,family_774f10d6c3d75980,17
latent_diffusion,202608041,unrelated_donor,0.013891728493668463,,family_6fbe37a0a6611f64,73
latent_diffusion,202608041,unrelated_donor,0.015593403865667906,,family_c64269798048b60f,93
latent_diffusion,202608041,unrelated_donor,0.016161235925905845,,family_f60bd4cc83d02add,84
latent_diffusion,202608041,unrelated_donor,0.01964724063873291,,family_39f58e2fd604c61e,51
latent_diffusion,202608041,unrelated_donor,0.02360549895092845,,family_101bf32d18499c7d,95
latent_diffusion,202608041,unrelated_donor,0.010287385433912277,,family_e97b637c75aac2b5,89
latent_diffusion,202608041,unrelated_donor,0.014358502843727668,,family_e2c30beb0d4abeae,66
latent_diffusion,202608041,unrelated_donor,0.012318245206887905,,family_581cf690b70ed77f,30
latent_diffusion,202608041,unrelated_donor,0.018211587746110227,,family_9ccd2f467361ebab,44
latent_diffusion,202608041,unrelated_donor,0.011061812518164515,,family_6342008bae187399,83
latent_diffusion,202608041,unrelated_donor,0.018310390412807465,,family_8661140073b6a2ab,97
latent_diffusion,202608041,unrelated_donor,0.015358010865747928,,family_1a8ff9e18d3eabea,16
latent_diffusion,202608041,unrelated_donor,0.01688099483726546,,family_b324bd83d2be3825,58
latent_diffusion,202608041,unrelated_donor,0.01589826215058565,,family_23e85181dd747797,99
latent_diffusion,202608041,unrelated_donor,0.014791124147073976,,family_b3ba3218de08f591,8
latent_diffusion,202608041,unrelated_donor,0.012437161104753614,,family_38ddaabf01adae92,12
latent_diffusion,202608041,unrelated_donor,0.010488082965215048,,family_5405158fe7a3977d,71
latent_diffusion,202608041,unrelated_donor,0.01579643040895462,,family_e4e4467ef74cc720,57
latent_diffusion,202608041,unrelated_donor,0.01612024350712697,,family_4f1b63b3eef9f7d0,75
latent_diffusion,202608041,unrelated_donor,0.01708429493010044,,family_7a300c986fbfa9f2,18
latent_diffusion,202608041,unrelated_donor,0.014375911094248295,,family_6f0024d47bda9a44,45
latent_diffusion,202608041,unrelated_donor,0.01139140889669458,,family_746d1e0c3274827f,62
latent_diffusion,202608041,unrelated_donor,0.016573801636695862,,family_6a42731481dda124,56
latent_diffusion,202608041,unrelated_donor,0.013868889920413494,,family_0ecded087f80d73b,61
latent_diffusion,202608041,unrelated_donor,0.014274062165482477,,family_5facacfb4d33d062,1
latent_diffusion,202608041,unrelated_donor,0.011717000976204872,,family_5cc4efa05e4dc250,13
latent_diffusion,202608041,unrelated_donor,0.016292083853234846,,family_4731a6d05dff34ce,15
latent_diffusion,202608041,unrelated_donor,0.012714921496808529,,family_c3ae851031cec2bb,91
latent_diffusion,202608041,unrelated_donor,0.01587675345945172,,family_30fbd9977a220042,81
latent_diffusion,202608041,unrelated_donor,0.011402115225791931,,family_e3c89d0945320ec5,0
latent_diffusion,202608041,unrelated_donor,0.023011764511466026,,family_f99e7467cfd91d72,23
latent_diffusion,202608041,unrelated_donor,0.011750904998431603,,family_0a0ff01b239a934a,55
latent_diffusion,202608041,unrelated_donor,0.014020293951034546,,family_5ebcadebe538bd59,31
latent_diffusion,202608041,unrelated_donor,0.011176983825862408,,family_2fe71bb032cb85fe,20
latent_diffusion,202608041,unrelated_donor,0.013380672161777815,,family_e0f7e5849dbe9388,72
latent_diffusion,202608041,unrelated_donor,0.012246576854242729,,family_c3abd4306e03adf2,34
latent_diffusion,202608041,unrelated_donor,0.012891188263893127,,family_83b27a32aa56f9dc,68
latent_diffusion,202608041,unrelated_donor,0.01492934050038457,,family_fa3341292470541d,22
latent_diffusion,202608041,unrelated_donor,0.011220847566922506,,family_15b8f6d235825863,2
latent_diffusion,202608041,unrelated_donor,0.01880412411532904,,family_a95aeca85317a04d,50
latent_diffusion,202608041,unrelated_donor,0.017878642305731773,,family_3dffb074803c8f80,47
latent_diffusion,202608041,unrelated_donor,0.021766729652881622,,family_1cfa4116628ae42e,94
latent_diffusion,202608041,unrelated_donor,0.01301904283463955,,family_f53ae103dc0def58,26
latent_diffusion,202608041,unrelated_donor,0.019156428209195536,,family_3db848c291e71542,14
latent_diffusion,202608041,unrelated_donor,0.01772457268089056,,family_76f3986b08ecfc19,10
latent_diffusion,202608041,unrelated_donor,0.01387251117690043,,family_121eefce620403f7,36
latent_diffusion,202608041,unrelated_donor,0.013763089903081074,,family_8aff46e64d1c8360,33
latent_diffusion,202608041,unrelated_donor,0.015580516911166556,,family_debbecc1e7f77f3e,4
latent_diffusion,202608041,unrelated_donor,0.01580573230360945,,family_f19aa9a5e722eb61,49
latent_diffusion,202608041,unrelated_donor,0.011079693878335612,,family_d0b38ee50d018148,92
latent_diffusion,202608041,unrelated_donor,0.015669742599129677,,family_aad2d66dec95dc7a,78
latent_diffusion,202608041,unrelated_donor,0.012312684673815966,,family_59add5a121b9a616,59
latent_diffusion,202608041,unrelated_donor,0.018492892895254395,,family_c2d4ffa1539bdafe,27
latent_diffusion,202608041,unrelated_donor,0.013416432589292527,,family_58a5b18cf3751bf1,6
latent_diffusion,202608041,unrelated_donor,0.015987211372703314,,family_8f08581ca21b6c6f,76
latent_diffusion,202608041,unrelated_donor,0.016563159613204852,,family_5d6a15b20dff7233,5
latent_diffusion,202608041,unrelated_donor,0.016890396364033222,,family_eacebc389812585f,98
latent_diffusion,202608041,unrelated_donor,0.017151868902146816,,family_3bd7e5ca43f02666,65
latent_diffusion,202608041,unrelated_donor,0.012574275489896536,,family_da2cbb03fa208ffc,7
latent_diffusion,202608041,unrelated_donor,0.014349684922088837,,family_5fe0b889b5279fed,32
latent_diffusion,202608041,unrelated_donor,0.014348901808261871,,family_58c32a6b58cc329f,69
latent_diffusion,202608041,unrelated_donor,0.013723598141223193,,family_d4c8efafc098f593,80
latent_diffusion,202608041,unrelated_donor,0.014409899778131927,,family_853b6705e7d7e7a9,70
latent_diffusion,202608041,unrelated_donor,0.0158830638974905,,family_7c104874587dddcc,39
latent_diffusion,202608041,unrelated_donor,0.014170024677046708,,family_2eec85a0fe915e64,40
latent_diffusion,202608041,unrelated_donor,0.014423177018761635,,family_08157e0ead630e5c,85
latent_diffusion,202608041,unrelated_donor,0.013620300746212403,,family_67cf34a836b9cd6c,64
latent_diffusion,202608041,unrelated_donor,0.012411726567034539,,family_a03ac5414952d229,43
latent_diffusion,202608041,unrelated_donor,0.01597901820563353,,family_4da27be0a15493fc,60
latent_diffusion,202608042,unrelated_donor,0.01571694854646921,,family_d1a92696717aa9c2,19
latent_diffusion,202608042,unrelated_donor,0.016709608770906926,,family_3835425eafb00035,74
latent_diffusion,202608042,unrelated_donor,0.019268854521214962,,family_a534382ff42b71fb,88
latent_diffusion,202608042,unrelated_donor,0.012480296696034761,,family_6d17de7e325f25f8,63
latent_diffusion,202608042,unrelated_donor,0.015073372361560663,,family_56b1bf9100abf79a,25
latent_diffusion,202608042,unrelated_donor,0.017716079621630555,,family_9edbfcdbf27d8472,9
latent_diffusion,202608042,unrelated_donor,0.013734565781695502,,family_db6398f302f77cb4,77
latent_diffusion,202608042,unrelated_donor,0.03056948131415993,,family_776fb0c74fb6af96,24
latent_diffusion,202608042,unrelated_donor,0.019933523843064904,,family_be459453ebdfa1da,87
latent_diffusion,202608042,unrelated_donor,0.013757486517230669,,family_439fc19617b55d44,37
latent_diffusion,202608042,unrelated_donor,0.0140425025485456,,family_328dc279bafe7f69,28
latent_diffusion,202608042,unrelated_donor,0.013584565604105592,,family_ac0566dd944bc201,41
latent_diffusion,202608042,unrelated_donor,0.0099727688357234,,family_3fbe0e330aecdc00,67
latent_diffusion,202608042,unrelated_donor,0.01598885445855558,,family_04795413b15e0b98,79
latent_diffusion,202608042,unrelated_donor,0.01704436494037509,,family_348b29b5f47eda18,21
latent_diffusion,202608042,unrelated_donor,0.026808201128409967,,family_f77d449f1658a159,35
latent_diffusion,202608042,unrelated_donor,0.014354502782225609,,family_39849966d6043c11,48
latent_diffusion,202608042,unrelated_donor,0.016462440602481365,,family_af212e596b07120e,52
latent_diffusion,202608042,unrelated_donor,0.018707290291786194,,family_2d3e3d92f30c4369,82
latent_diffusion,202608042,unrelated_donor,0.017268026247620583,,family_f0c0dd7c2f3b6a3f,90
latent_diffusion,202608042,unrelated_donor,0.020189829037657807,,family_5aaa5f6f546aa704,11
latent_diffusion,202608042,unrelated_donor,0.015146822047730287,,family_78031f033e192cce,3
latent_diffusion,202608042,unrelated_donor,0.01768168993294239,,family_961cefc620e3d5ab,53
latent_diffusion,202608042,unrelated_donor,0.012989904834992357,,family_fe2836cc1cef695c,42
latent_diffusion,202608042,unrelated_donor,0.0174627723172307,,family_0f71c7e0830e1d85,86
latent_diffusion,202608042,unrelated_donor,0.016930076027555124,,family_2dbafe5054d4bee7,54
latent_diffusion,202608042,unrelated_donor,0.01895421220650596,,family_52885ec61f0240b9,96
latent_diffusion,202608042,unrelated_donor,0.013476719813687461,,family_b88eee6ecd7ef6bc,46
latent_diffusion,202608042,unrelated_donor,0.01522858174179088,,family_de67cf52f9a2ce89,29
latent_diffusion,202608042,unrelated_donor,0.021586079771320026,,family_7b8c8789f38183da,38
latent_diffusion,202608042,unrelated_donor,0.01991921414931615,,family_774f10d6c3d75980,17
latent_diffusion,202608042,unrelated_donor,0.015219250612932703,,family_6fbe37a0a6611f64,73
latent_diffusion,202608042,unrelated_donor,0.015009043907577341,,family_c64269798048b60f,93
latent_diffusion,202608042,unrelated_donor,0.016006291789167067,,family_f60bd4cc83d02add,84
latent_diffusion,202608042,unrelated_donor,0.016837462782859802,,family_39f58e2fd604c61e,51
latent_diffusion,202608042,unrelated_donor,0.016531959176063538,,family_101bf32d18499c7d,95
latent_diffusion,202608042,unrelated_donor,0.010448437184095383,,family_e97b637c75aac2b5,89
latent_diffusion,202608042,unrelated_donor,0.018017693857351937,,family_e2c30beb0d4abeae,66
latent_diffusion,202608042,unrelated_donor,0.015043238464456338,,family_581cf690b70ed77f,30
latent_diffusion,202608042,unrelated_donor,0.017935037405954465,,family_9ccd2f467361ebab,44
latent_diffusion,202608042,unrelated_donor,0.014344509877264499,,family_6342008bae187399,83
latent_diffusion,202608042,unrelated_donor,0.011570993810892105,,family_8661140073b6a2ab,97
latent_diffusion,202608042,unrelated_donor,0.013273028004914523,,family_1a8ff9e18d3eabea,16
latent_diffusion,202608042,unrelated_donor,0.016267050115857273,,family_b324bd83d2be3825,58
latent_diffusion,202608042,unrelated_donor,0.010678058490157127,,family_23e85181dd747797,99
latent_diffusion,202608042,unrelated_donor,0.01739339671772102,,family_b3ba3218de08f591,8
latent_diffusion,202608042,unrelated_donor,0.013821396743878722,,family_38ddaabf01adae92,12
latent_diffusion,202608042,unrelated_donor,0.009776458144187927,,family_5405158fe7a3977d,71
latent_diffusion,202608042,unrelated_donor,0.011106100864708424,,family_e4e4467ef74cc720,57
latent_diffusion,202608042,unrelated_donor,0.014531706149379412,,family_4f1b63b3eef9f7d0,75
latent_diffusion,202608042,unrelated_donor,0.022935564629733562,,family_7a300c986fbfa9f2,18
latent_diffusion,202608042,unrelated_donor,0.012225890532135963,,family_6f0024d47bda9a44,45
latent_diffusion,202608042,unrelated_donor,0.012175031316777071,,family_746d1e0c3274827f,62
latent_diffusion,202608042,unrelated_donor,0.011971642884115377,,family_6a42731481dda124,56
latent_diffusion,202608042,unrelated_donor,0.016789959482848643,,family_0ecded087f80d73b,61
latent_diffusion,202608042,unrelated_donor,0.013496711469170723,,family_5facacfb4d33d062,1
latent_diffusion,202608042,unrelated_donor,0.015417782589793205,,family_5cc4efa05e4dc250,13
latent_diffusion,202608042,unrelated_donor,0.014236932756224027,,family_4731a6d05dff34ce,15
latent_diffusion,202608042,unrelated_donor,0.014232074125454975,,family_c3ae851031cec2bb,91
latent_diffusion,202608042,unrelated_donor,0.019130706127422552,,family_30fbd9977a220042,81
latent_diffusion,202608042,unrelated_donor,0.010424083098769188,,family_e3c89d0945320ec5,0
latent_diffusion,202608042,unrelated_donor,0.017393791116774082,,family_f99e7467cfd91d72,23
latent_diffusion,202608042,unrelated_donor,0.015689830295741558,,family_0a0ff01b239a934a,55
latent_diffusion,202608042,unrelated_donor,0.019749661907553673,,family_5ebcadebe538bd59,31
latent_diffusion,202608042,unrelated_donor,0.010791600681841373,,family_2fe71bb032cb85fe,20
latent_diffusion,202608042,unrelated_donor,0.012987294001504779,,family_e0f7e5849dbe9388,72
latent_diffusion,202608042,unrelated_donor,0.012355113831850199,,family_c3abd4306e03adf2,34
latent_diffusion,202608042,unrelated_donor,0.011484104394912719,,family_83b27a32aa56f9dc,68
latent_diffusion,202608042,unrelated_donor,0.020898649282753468,,family_fa3341292470541d,22
latent_diffusion,202608042,unrelated_donor,0.016048028444250424,,family_15b8f6d235825863,2
latent_diffusion,202608042,unrelated_donor,0.018317670365305322,,family_a95aeca85317a04d,50
latent_diffusion,202608042,unrelated_donor,0.017325284347559016,,family_3dffb074803c8f80,47
latent_diffusion,202608042,unrelated_donor,0.016556607248882454,,family_1cfa4116628ae42e,94
latent_diffusion,202608042,unrelated_donor,0.01373967994004488,,family_f53ae103dc0def58,26
latent_diffusion,202608042,unrelated_donor,0.015803415173043806,,family_3db848c291e71542,14
latent_diffusion,202608042,unrelated_donor,0.019184724272539217,,family_76f3986b08ecfc19,10
latent_diffusion,202608042,unrelated_donor,0.017716192612142273,,family_121eefce620403f7,36
latent_diffusion,202608042,unrelated_donor,0.025272102501147833,,family_8aff46e64d1c8360,33
latent_diffusion,202608042,unrelated_donor,0.023503908339668724,,family_debbecc1e7f77f3e,4
latent_diffusion,202608042,unrelated_donor,0.012206826824694872,,family_f19aa9a5e722eb61,49
latent_diffusion,202608042,unrelated_donor,0.015029872235442911,,family_d0b38ee50d018148,92
latent_diffusion,202608042,unrelated_donor,0.016355936725934345,,family_aad2d66dec95dc7a,78
latent_diffusion,202608042,unrelated_donor,0.012235935544595122,,family_59add5a121b9a616,59
latent_diffusion,202608042,unrelated_donor,0.0178764354317419,,family_c2d4ffa1539bdafe,27
latent_diffusion,202608042,unrelated_donor,0.01244941484183073,,family_58a5b18cf3751bf1,6
latent_diffusion,202608042,unrelated_donor,0.019460977986454964,,family_8f08581ca21b6c6f,76
latent_diffusion,202608042,unrelated_donor,0.02140168666041323,,family_5d6a15b20dff7233,5
latent_diffusion,202608042,unrelated_donor,0.013981782432113374,,family_eacebc389812585f,98
latent_diffusion,202608042,unrelated_donor,0.017084546387195587,,family_3bd7e5ca43f02666,65
latent_diffusion,202608042,unrelated_donor,0.017976860515773296,,family_da2cbb03fa208ffc,7
latent_diffusion,202608042,unrelated_donor,0.012473099367243463,,family_5fe0b889b5279fed,32
latent_diffusion,202608042,unrelated_donor,0.01526574045419693,,family_58c32a6b58cc329f,69
latent_diffusion,202608042,unrelated_donor,0.01866164468228817,,family_d4c8efafc098f593,80
latent_diffusion,202608042,unrelated_donor,0.014648949062185628,,family_853b6705e7d7e7a9,70
latent_diffusion,202608042,unrelated_donor,0.016419775085523725,,family_7c104874587dddcc,39
latent_diffusion,202608042,unrelated_donor,0.016079774658594812,,family_2eec85a0fe915e64,40
latent_diffusion,202608042,unrelated_donor,0.010534382238984109,,family_08157e0ead630e5c,85
latent_diffusion,202608042,unrelated_donor,0.020776444921890895,,family_67cf34a836b9cd6c,64
latent_diffusion,202608042,unrelated_donor,0.013165021673418008,,family_a03ac5414952d229,43
latent_diffusion,202608042,unrelated_donor,0.015613183952294864,,family_4da27be0a15493fc,60
latent_diffusion,202608040,same_family_donor,0.014739690141545402,,family_d1a92696717aa9c2,19
latent_diffusion,202608040,same_family_donor,0.022162933088839053,,family_3835425eafb00035,74
latent_diffusion,202608040,same_family_donor,0.011496839579194784,,family_a534382ff42b71fb,88
latent_diffusion,202608040,same_family_donor,0.01322558493568347,,family_6d17de7e325f25f8,63
latent_diffusion,202608040,same_family_donor,0.01244424283504486,,family_56b1bf9100abf79a,25
latent_diffusion,202608040,same_family_donor,0.018141939852605846,,family_9edbfcdbf27d8472,9
latent_diffusion,202608040,same_family_donor,0.011452582864356893,,family_db6398f302f77cb4,77
latent_diffusion,202608040,same_family_donor,0.02600562630686909,,family_776fb0c74fb6af96,24
latent_diffusion,202608040,same_family_donor,0.01860762038268149,,family_be459453ebdfa1da,87
latent_diffusion,202608040,same_family_donor,0.01592112384322617,,family_439fc19617b55d44,37
latent_diffusion,202608040,same_family_donor,0.01243754243478179,,family_328dc279bafe7f69,28
latent_diffusion,202608040,same_family_donor,0.010958203580230474,,family_ac0566dd944bc201,41
latent_diffusion,202608040,same_family_donor,0.00993134081363678,,family_3fbe0e330aecdc00,67
latent_diffusion,202608040,same_family_donor,0.01082797022536397,,family_04795413b15e0b98,79
latent_diffusion,202608040,same_family_donor,0.018107206095010042,,family_348b29b5f47eda18,21
latent_diffusion,202608040,same_family_donor,0.02332518632627196,,family_f77d449f1658a159,35
latent_diffusion,202608040,same_family_donor,0.009869210422039032,,family_39849966d6043c11,48
latent_diffusion,202608040,same_family_donor,0.01720256143464492,,family_af212e596b07120e,52
latent_diffusion,202608040,same_family_donor,0.018305834823925244,,family_2d3e3d92f30c4369,82
latent_diffusion,202608040,same_family_donor,0.01369990548118949,,family_f0c0dd7c2f3b6a3f,90
latent_diffusion,202608040,same_family_donor,0.0172839845929827,,family_5aaa5f6f546aa704,11
latent_diffusion,202608040,same_family_donor,0.01701751413444678,,family_78031f033e192cce,3
latent_diffusion,202608040,same_family_donor,0.01517423428595066,,family_961cefc620e3d5ab,53
latent_diffusion,202608040,same_family_donor,0.011992669586713115,,family_fe2836cc1cef695c,42
latent_diffusion,202608040,same_family_donor,0.014464156258673895,,family_0f71c7e0830e1d85,86
latent_diffusion,202608040,same_family_donor,0.015347702916534174,,family_2dbafe5054d4bee7,54
latent_diffusion,202608040,same_family_donor,0.014803971644611127,,family_52885ec61f0240b9,96
latent_diffusion,202608040,same_family_donor,0.010953475322042192,,family_b88eee6ecd7ef6bc,46
latent_diffusion,202608040,same_family_donor,0.015394094019112263,,family_de67cf52f9a2ce89,29
latent_diffusion,202608040,same_family_donor,0.022820080320040386,,family_7b8c8789f38183da,38
latent_diffusion,202608040,same_family_donor,0.020405603395331474,,family_774f10d6c3d75980,17
latent_diffusion,202608040,same_family_donor,0.018625722671656506,,family_6fbe37a0a6611f64,73
latent_diffusion,202608040,same_family_donor,0.014651359397579323,,family_c64269798048b60f,93
latent_diffusion,202608040,same_family_donor,0.017215980271644452,,family_f60bd4cc83d02add,84
latent_diffusion,202608040,same_family_donor,0.010429389774799347,,family_39f58e2fd604c61e,51
latent_diffusion,202608040,same_family_donor,0.015289079863578081,,family_101bf32d18499c7d,95
latent_diffusion,202608040,same_family_donor,0.00907079130411148,,family_e97b637c75aac2b5,89
latent_diffusion,202608040,same_family_donor,0.01694016233086586,,family_e2c30beb0d4abeae,66
latent_diffusion,202608040,same_family_donor,0.012113396651469745,,family_581cf690b70ed77f,30
latent_diffusion,202608040,same_family_donor,0.016079605867465336,,family_9ccd2f467361ebab,44
latent_diffusion,202608040,same_family_donor,0.011173184914514422,,family_6342008bae187399,83
latent_diffusion,202608040,same_family_donor,0.011241612024605274,,family_8661140073b6a2ab,97
latent_diffusion,202608040,same_family_donor,0.013288672640919685,,family_1a8ff9e18d3eabea,16
latent_diffusion,202608040,same_family_donor,0.013684807461686432,,family_b324bd83d2be3825,58
latent_diffusion,202608040,same_family_donor,0.01288270391523838,,family_23e85181dd747797,99
latent_diffusion,202608040,same_family_donor,0.016837182711681414,,family_b3ba3218de08f591,8
latent_diffusion,202608040,same_family_donor,0.010256135719828308,,family_38ddaabf01adae92,12
latent_diffusion,202608040,same_family_donor,0.01153853659828504,,family_5405158fe7a3977d,71
latent_diffusion,202608040,same_family_donor,0.014605196192860603,,family_e4e4467ef74cc720,57
latent_diffusion,202608040,same_family_donor,0.01739554697026809,,family_4f1b63b3eef9f7d0,75
latent_diffusion,202608040,same_family_donor,0.020563650876283646,,family_7a300c986fbfa9f2,18
latent_diffusion,202608040,same_family_donor,0.011473483095566431,,family_6f0024d47bda9a44,45
latent_diffusion,202608040,same_family_donor,0.01115041458979249,,family_746d1e0c3274827f,62
latent_diffusion,202608040,same_family_donor,0.010068717723091444,,family_6a42731481dda124,56
latent_diffusion,202608040,same_family_donor,0.01784294959157705,,family_0ecded087f80d73b,61
latent_diffusion,202608040,same_family_donor,0.011522286613895134,,family_5facacfb4d33d062,1
latent_diffusion,202608040,same_family_donor,0.009317874908447266,,family_5cc4efa05e4dc250,13
latent_diffusion,202608040,same_family_donor,0.013840134119770179,,family_4731a6d05dff34ce,15
latent_diffusion,202608040,same_family_donor,0.012761448760731863,,family_c3ae851031cec2bb,91
latent_diffusion,202608040,same_family_donor,0.01617376027085508,,family_30fbd9977a220042,81
latent_diffusion,202608040,same_family_donor,0.00954881419117252,,family_e3c89d0945320ec5,0
latent_diffusion,202608040,same_family_donor,0.02304457128047943,,family_f99e7467cfd91d72,23
latent_diffusion,202608040,same_family_donor,0.01404278197636207,,family_0a0ff01b239a934a,55
latent_diffusion,202608040,same_family_donor,0.011558673344552517,,family_5ebcadebe538bd59,31
latent_diffusion,202608040,same_family_donor,0.010748357512056828,,family_2fe71bb032cb85fe,20
latent_diffusion,202608040,same_family_donor,0.012203154270537198,,family_e0f7e5849dbe9388,72
latent_diffusion,202608040,same_family_donor,0.011404848156067042,,family_c3abd4306e03adf2,34
latent_diffusion,202608040,same_family_donor,0.013471977040171623,,family_83b27a32aa56f9dc,68
latent_diffusion,202608040,same_family_donor,0.019789293222129346,,family_fa3341292470541d,22
latent_diffusion,202608040,same_family_donor,0.011101162992417812,,family_15b8f6d235825863,2
latent_diffusion,202608040,same_family_donor,0.012887037457212022,,family_a95aeca85317a04d,50
latent_diffusion,202608040,same_family_donor,0.0138884475066637,,family_3dffb074803c8f80,47
latent_diffusion,202608040,same_family_donor,0.013014863555630049,,family_1cfa4116628ae42e,94
latent_diffusion,202608040,same_family_donor,0.013227076269686222,,family_f53ae103dc0def58,26
latent_diffusion,202608040,same_family_donor,0.01208624274780353,,family_3db848c291e71542,14
latent_diffusion,202608040,same_family_donor,0.01976431192209323,,family_76f3986b08ecfc19,10
latent_diffusion,202608040,same_family_donor,0.01584616399398356,,family_121eefce620403f7,36
latent_diffusion,202608040,same_family_donor,0.02107067559009943,,family_8aff46e64d1c8360,33
latent_diffusion,202608040,same_family_donor,0.013629873721476863,,family_debbecc1e7f77f3e,4
latent_diffusion,202608040,same_family_donor,0.0135414469987154,,family_f19aa9a5e722eb61,49
latent_diffusion,202608040,same_family_donor,0.01368971069210342,,family_d0b38ee50d018148,92
latent_diffusion,202608040,same_family_donor,0.014252697738508383,,family_aad2d66dec95dc7a,78
latent_diffusion,202608040,same_family_donor,0.00899461458902806,,family_59add5a121b9a616,59
latent_diffusion,202608040,same_family_donor,0.014575232000600907,,family_c2d4ffa1539bdafe,27
latent_diffusion,202608040,same_family_donor,0.0125790199264884,,family_58a5b18cf3751bf1,6
latent_diffusion,202608040,same_family_donor,0.012063594534993172,,family_8f08581ca21b6c6f,76
latent_diffusion,202608040,same_family_donor,0.018096696585416794,,family_5d6a15b20dff7233,5
latent_diffusion,202608040,same_family_donor,0.012988899169223649,,family_eacebc389812585f,98
latent_diffusion,202608040,same_family_donor,0.011579690035432577,,family_3bd7e5ca43f02666,65
latent_diffusion,202608040,same_family_donor,0.011379973497241735,,family_da2cbb03fa208ffc,7
latent_diffusion,202608040,same_family_donor,0.011261954052566454,,family_5fe0b889b5279fed,32
latent_diffusion,202608040,same_family_donor,0.005606849445030093,,family_58c32a6b58cc329f,69
latent_diffusion,202608040,same_family_donor,0.017634619772434235,,family_d4c8efafc098f593,80
latent_diffusion,202608040,same_family_donor,0.012128793534689717,,family_853b6705e7d7e7a9,70
latent_diffusion,202608040,same_family_donor,0.018614999018609524,,family_7c104874587dddcc,39
latent_diffusion,202608040,same_family_donor,0.013188656685607774,,family_2eec85a0fe915e64,40
latent_diffusion,202608040,same_family_donor,0.012366672605276107,,family_08157e0ead630e5c,85
latent_diffusion,202608040,same_family_donor,0.01940133301541209,,family_67cf34a836b9cd6c,64
latent_diffusion,202608040,same_family_donor,0.013457486907450052,,family_a03ac5414952d229,43
latent_diffusion,202608040,same_family_donor,0.01343379606707738,,family_4da27be0a15493fc,60
latent_diffusion,202608041,same_family_donor,0.01501959789958265,,family_d1a92696717aa9c2,19
latent_diffusion,202608041,same_family_donor,0.024189803376793863,,family_3835425eafb00035,74
latent_diffusion,202608041,same_family_donor,0.022299153730273247,,family_a534382ff42b71fb,88
latent_diffusion,202608041,same_family_donor,0.012844871299771162,,family_6d17de7e325f25f8,63
latent_diffusion,202608041,same_family_donor,0.012173436271647612,,family_56b1bf9100abf79a,25
latent_diffusion,202608041,same_family_donor,0.014666514361605924,,family_9edbfcdbf27d8472,9
latent_diffusion,202608041,same_family_donor,0.014504831550376756,,family_db6398f302f77cb4,77
latent_diffusion,202608041,same_family_donor,0.024624867597594857,,family_776fb0c74fb6af96,24
latent_diffusion,202608041,same_family_donor,0.019917942583560944,,family_be459453ebdfa1da,87
latent_diffusion,202608041,same_family_donor,0.018440919410851266,,family_439fc19617b55d44,37
latent_diffusion,202608041,same_family_donor,0.016409061569720506,,family_328dc279bafe7f69,28
latent_diffusion,202608041,same_family_donor,0.013199519948102534,,family_ac0566dd944bc201,41
latent_diffusion,202608041,same_family_donor,0.011253788135945797,,family_3fbe0e330aecdc00,67
latent_diffusion,202608041,same_family_donor,0.019063776824623346,,family_04795413b15e0b98,79
latent_diffusion,202608041,same_family_donor,0.014840514166280627,,family_348b29b5f47eda18,21
latent_diffusion,202608041,same_family_donor,0.013126892813791832,,family_f77d449f1658a159,35
latent_diffusion,202608041,same_family_donor,0.01400992926210165,,family_39849966d6043c11,48
latent_diffusion,202608041,same_family_donor,0.01561842686854876,,family_af212e596b07120e,52
latent_diffusion,202608041,same_family_donor,0.018517939324833844,,family_2d3e3d92f30c4369,82
latent_diffusion,202608041,same_family_donor,0.012948618503287435,,family_f0c0dd7c2f3b6a3f,90
latent_diffusion,202608041,same_family_donor,0.017388234979340007,,family_5aaa5f6f546aa704,11
latent_diffusion,202608041,same_family_donor,0.018505873158574104,,family_78031f033e192cce,3
latent_diffusion,202608041,same_family_donor,0.014908311888575554,,family_961cefc620e3d5ab,53
latent_diffusion,202608041,same_family_donor,0.010947467914472023,,family_fe2836cc1cef695c,42
latent_diffusion,202608041,same_family_donor,0.017184243847926457,,family_0f71c7e0830e1d85,86
latent_diffusion,202608041,same_family_donor,0.016030549515216125,,family_2dbafe5054d4bee7,54
latent_diffusion,202608041,same_family_donor,0.01711758349331156,,family_52885ec61f0240b9,96
latent_diffusion,202608041,same_family_donor,0.01311231976641076,,family_b88eee6ecd7ef6bc,46
latent_diffusion,202608041,same_family_donor,0.01756263361312449,,family_de67cf52f9a2ce89,29
latent_diffusion,202608041,same_family_donor,0.014336618284384409,,family_7b8c8789f38183da,38
latent_diffusion,202608041,same_family_donor,0.023930363179672332,,family_774f10d6c3d75980,17
latent_diffusion,202608041,same_family_donor,0.013734009197872618,,family_6fbe37a0a6611f64,73
latent_diffusion,202608041,same_family_donor,0.01560417545790022,,family_c64269798048b60f,93
latent_diffusion,202608041,same_family_donor,0.01617586048429503,,family_f60bd4cc83d02add,84
latent_diffusion,202608041,same_family_donor,0.019519008696079254,,family_39f58e2fd604c61e,51
latent_diffusion,202608041,same_family_donor,0.0237117069773376,,family_101bf32d18499c7d,95
latent_diffusion,202608041,same_family_donor,0.010104280896484852,,family_e97b637c75aac2b5,89
latent_diffusion,202608041,same_family_donor,0.014195887837558985,,family_e2c30beb0d4abeae,66
latent_diffusion,202608041,same_family_donor,0.01235358495838367,,family_581cf690b70ed77f,30
latent_diffusion,202608041,same_family_donor,0.018112841786609754,,family_9ccd2f467361ebab,44
latent_diffusion,202608041,same_family_donor,0.011069287406280636,,family_6342008bae187399,83
latent_diffusion,202608041,same_family_donor,0.018498186022043228,,family_8661140073b6a2ab,97
latent_diffusion,202608041,same_family_donor,0.015307649597525596,,family_1a8ff9e18d3eabea,16
latent_diffusion,202608041,same_family_donor,0.01694260147633031,,family_b324bd83d2be3825,58
latent_diffusion,202608041,same_family_donor,0.01595611311495304,,family_23e85181dd747797,99
latent_diffusion,202608041,same_family_donor,0.014631532453771296,,family_b3ba3218de08f591,8
latent_diffusion,202608041,same_family_donor,0.012468446372076869,,family_38ddaabf01adae92,12
latent_diffusion,202608041,same_family_donor,0.010570991784334183,,family_5405158fe7a3977d,71
latent_diffusion,202608041,same_family_donor,0.01585562154650688,,family_e4e4467ef74cc720,57
latent_diffusion,202608041,same_family_donor,0.016098135461409886,,family_4f1b63b3eef9f7d0,75
latent_diffusion,202608041,same_family_donor,0.01703822985291481,,family_7a300c986fbfa9f2,18
latent_diffusion,202608041,same_family_donor,0.014455742513140043,,family_6f0024d47bda9a44,45
latent_diffusion,202608041,same_family_donor,0.011224269323671857,,family_746d1e0c3274827f,62
latent_diffusion,202608041,same_family_donor,0.016491195807854336,,family_6a42731481dda124,56
latent_diffusion,202608041,same_family_donor,0.013758480586111545,,family_0ecded087f80d73b,61
latent_diffusion,202608041,same_family_donor,0.014197245155545797,,family_5facacfb4d33d062,1
latent_diffusion,202608041,same_family_donor,0.011530730873346329,,family_5cc4efa05e4dc250,13
latent_diffusion,202608041,same_family_donor,0.016392458191451926,,family_4731a6d05dff34ce,15
latent_diffusion,202608041,same_family_donor,0.012651093769818544,,family_c3ae851031cec2bb,91
latent_diffusion,202608041,same_family_donor,0.015733829699456692,,family_30fbd9977a220042,81
latent_diffusion,202608041,same_family_donor,0.01149514721085628,,family_e3c89d0945320ec5,0
latent_diffusion,202608041,same_family_donor,0.023200297728180885,,family_f99e7467cfd91d72,23
latent_diffusion,202608041,same_family_donor,0.011780104910333952,,family_0a0ff01b239a934a,55
latent_diffusion,202608041,same_family_donor,0.014094196259975433,,family_5ebcadebe538bd59,31
latent_diffusion,202608041,same_family_donor,0.011110772378742695,,family_2fe71bb032cb85fe,20
latent_diffusion,202608041,same_family_donor,0.0133572204116111,,family_e0f7e5849dbe9388,72
latent_diffusion,202608041,same_family_donor,0.012283460738567205,,family_c3abd4306e03adf2,34
latent_diffusion,202608041,same_family_donor,0.012905788980424404,,family_83b27a32aa56f9dc,68
latent_diffusion,202608041,same_family_donor,0.015058583859354258,,family_fa3341292470541d,22
latent_diffusion,202608041,same_family_donor,0.011328204534947872,,family_15b8f6d235825863,2
latent_diffusion,202608041,same_family_donor,0.018981185692705606,,family_a95aeca85317a04d,50
latent_diffusion,202608041,same_family_donor,0.01774424807323764,,family_3dffb074803c8f80,47
latent_diffusion,202608041,same_family_donor,0.02200169861316681,,family_1cfa4116628ae42e,94
latent_diffusion,202608041,same_family_donor,0.013026966713368893,,family_f53ae103dc0def58,26
latent_diffusion,202608041,same_family_donor,0.019197933686276276,,family_3db848c291e71542,14
latent_diffusion,202608041,same_family_donor,0.017721835679064196,,family_76f3986b08ecfc19,10
latent_diffusion,202608041,same_family_donor,0.013803787741132757,,family_121eefce620403f7,36
latent_diffusion,202608041,same_family_donor,0.013826605648948597,,family_8aff46e64d1c8360,33
latent_diffusion,202608041,same_family_donor,0.015645772328271586,,family_debbecc1e7f77f3e,4
latent_diffusion,202608041,same_family_donor,0.015835829855253298,,family_f19aa9a5e722eb61,49
latent_diffusion,202608041,same_family_donor,0.01113135420850345,,family_d0b38ee50d018148,92
latent_diffusion,202608041,same_family_donor,0.015705488932629425,,family_aad2d66dec95dc7a,78
latent_diffusion,202608041,same_family_donor,0.012302348855882883,,family_59add5a121b9a616,59
latent_diffusion,202608041,same_family_donor,0.01843215182663933,,family_c2d4ffa1539bdafe,27
latent_diffusion,202608041,same_family_donor,0.013482977077364922,,family_58a5b18cf3751bf1,6
latent_diffusion,202608041,same_family_donor,0.01603114604949951,,family_8f08581ca21b6c6f,76
latent_diffusion,202608041,same_family_donor,0.016564372993473495,,family_5d6a15b20dff7233,5
latent_diffusion,202608041,same_family_donor,0.016905638256243298,,family_eacebc389812585f,98
latent_diffusion,202608041,same_family_donor,0.017127330414950848,,family_3bd7e5ca43f02666,65
latent_diffusion,202608041,same_family_donor,0.012627309188246727,,family_da2cbb03fa208ffc,7
latent_diffusion,202608041,same_family_donor,0.014300313938794464,,family_5fe0b889b5279fed,32
latent_diffusion,202608041,same_family_donor,0.014369154814630747,,family_58c32a6b58cc329f,69
latent_diffusion,202608041,same_family_donor,0.013549662847071885,,family_d4c8efafc098f593,80
latent_diffusion,202608041,same_family_donor,0.014376660675874777,,family_853b6705e7d7e7a9,70
latent_diffusion,202608041,same_family_donor,0.01575891370885074,,family_7c104874587dddcc,39
latent_diffusion,202608041,same_family_donor,0.01402219823960747,,family_2eec85a0fe915e64,40
latent_diffusion,202608041,same_family_donor,0.014589541219174862,,family_08157e0ead630e5c,85
latent_diffusion,202608041,same_family_donor,0.013587101797262828,,family_67cf34a836b9cd6c,64
latent_diffusion,202608041,same_family_donor,0.012413062441807527,,family_a03ac5414952d229,43
latent_diffusion,202608041,same_family_donor,0.015980853627507504,,family_4da27be0a15493fc,60
latent_diffusion,202608042,same_family_donor,0.015837689551214378,,family_d1a92696717aa9c2,19
latent_diffusion,202608042,same_family_donor,0.01672870758920908,,family_3835425eafb00035,74
latent_diffusion,202608042,same_family_donor,0.01918763667345047,,family_a534382ff42b71fb,88
latent_diffusion,202608042,same_family_donor,0.012642480074786223,,family_6d17de7e325f25f8,63
latent_diffusion,202608042,same_family_donor,0.015243678043286005,,family_56b1bf9100abf79a,25
latent_diffusion,202608042,same_family_donor,0.01762000797316432,,family_9edbfcdbf27d8472,9
latent_diffusion,202608042,same_family_donor,0.013695613680673497,,family_db6398f302f77cb4,77
latent_diffusion,202608042,same_family_donor,0.03086752409581095,,family_776fb0c74fb6af96,24
latent_diffusion,202608042,same_family_donor,0.020186960697174072,,family_be459453ebdfa1da,87
latent_diffusion,202608042,same_family_donor,0.013797115120622847,,family_439fc19617b55d44,37
latent_diffusion,202608042,same_family_donor,0.014058145880699157,,family_328dc279bafe7f69,28
latent_diffusion,202608042,same_family_donor,0.013537510414607823,,family_ac0566dd944bc201,41
latent_diffusion,202608042,same_family_donor,0.009923459962010384,,family_3fbe0e330aecdc00,67
latent_diffusion,202608042,same_family_donor,0.016012161504477262,,family_04795413b15e0b98,79
latent_diffusion,202608042,same_family_donor,0.016941080801188946,,family_348b29b5f47eda18,21
latent_diffusion,202608042,same_family_donor,0.026660058957835037,,family_f77d449f1658a159,35
latent_diffusion,202608042,same_family_donor,0.014548974111676216,,family_39849966d6043c11,48
latent_diffusion,202608042,same_family_donor,0.016537666177520387,,family_af212e596b07120e,52
latent_diffusion,202608042,same_family_donor,0.01866587962170965,,family_2d3e3d92f30c4369,82
latent_diffusion,202608042,same_family_donor,0.01735861855559051,,family_f0c0dd7c2f3b6a3f,90
latent_diffusion,202608042,same_family_donor,0.020137210376560688,,family_5aaa5f6f546aa704,11
latent_diffusion,202608042,same_family_donor,0.015228586969897151,,family_78031f033e192cce,3
latent_diffusion,202608042,same_family_donor,0.01790459267795086,,family_961cefc620e3d5ab,53
latent_diffusion,202608042,same_family_donor,0.012982657955338558,,family_fe2836cc1cef695c,42
latent_diffusion,202608042,same_family_donor,0.01740875676096905,,family_0f71c7e0830e1d85,86
latent_diffusion,202608042,same_family_donor,0.016872854193761236,,family_2dbafe5054d4bee7,54
latent_diffusion,202608042,same_family_donor,0.01885037052054559,,family_52885ec61f0240b9,96
latent_diffusion,202608042,same_family_donor,0.013575977157978784,,family_b88eee6ecd7ef6bc,46
latent_diffusion,202608042,same_family_donor,0.015213781798427755,,family_de67cf52f9a2ce89,29
latent_diffusion,202608042,same_family_donor,0.02152942617734273,,family_7b8c8789f38183da,38
latent_diffusion,202608042,same_family_donor,0.01995078292453573,,family_774f10d6c3d75980,17
latent_diffusion,202608042,same_family_donor,0.015191448994142853,,family_6fbe37a0a6611f64,73
latent_diffusion,202608042,same_family_donor,0.015049452470107512,,family_c64269798048b60f,93
latent_diffusion,202608042,same_family_donor,0.01608303003013134,,family_f60bd4cc83d02add,84
latent_diffusion,202608042,same_family_donor,0.01697516441345215,,family_39f58e2fd604c61e,51
latent_diffusion,202608042,same_family_donor,0.016588342376053333,,family_101bf32d18499c7d,95
latent_diffusion,202608042,same_family_donor,0.010256435722112656,,family_e97b637c75aac2b5,89
latent_diffusion,202608042,same_family_donor,0.01786753333484133,,family_e2c30beb0d4abeae,66
latent_diffusion,202608042,same_family_donor,0.014974165349625625,,family_581cf690b70ed77f,30
latent_diffusion,202608042,same_family_donor,0.0177694633603096,,family_9ccd2f467361ebab,44
latent_diffusion,202608042,same_family_donor,0.014284485299140216,,family_6342008bae187399,83
latent_diffusion,202608042,same_family_donor,0.011653028428554535,,family_8661140073b6a2ab,97
latent_diffusion,202608042,same_family_donor,0.013304432854056358,,family_1a8ff9e18d3eabea,16
latent_diffusion,202608042,same_family_donor,0.016418233630247414,,family_b324bd83d2be3825,58
latent_diffusion,202608042,same_family_donor,0.010744455503299832,,family_23e85181dd747797,99
latent_diffusion,202608042,same_family_donor,0.017317261996454204,,family_b3ba3218de08f591,8
latent_diffusion,202608042,same_family_donor,0.013863246096298099,,family_38ddaabf01adae92,12
latent_diffusion,202608042,same_family_donor,0.009659614724417528,,family_5405158fe7a3977d,71
latent_diffusion,202608042,same_family_donor,0.011029080487787724,,family_e4e4467ef74cc720,57
latent_diffusion,202608042,same_family_donor,0.014595218934118748,,family_4f1b63b3eef9f7d0,75
latent_diffusion,202608042,same_family_donor,0.02284962497651577,,family_7a300c986fbfa9f2,18
latent_diffusion,202608042,same_family_donor,0.012169877688090006,,family_6f0024d47bda9a44,45
latent_diffusion,202608042,same_family_donor,0.012205522507429123,,family_746d1e0c3274827f,62
latent_diffusion,202608042,same_family_donor,0.011935650991896788,,family_6a42731481dda124,56
latent_diffusion,202608042,same_family_donor,0.016767322570085525,,family_0ecded087f80d73b,61
latent_diffusion,202608042,same_family_donor,0.013598548968068579,,family_5facacfb4d33d062,1
latent_diffusion,202608042,same_family_donor,0.015405015088617802,,family_5cc4efa05e4dc250,13
latent_diffusion,202608042,same_family_donor,0.014255418228761604,,family_4731a6d05dff34ce,15
latent_diffusion,202608042,same_family_donor,0.014221806652270831,,family_c3ae851031cec2bb,91
latent_diffusion,202608042,same_family_donor,0.01910117968994503,,family_30fbd9977a220042,81
latent_diffusion,202608042,same_family_donor,0.010441469339032968,,family_e3c89d0945320ec5,0
latent_diffusion,202608042,same_family_donor,0.017566167749464512,,family_f99e7467cfd91d72,23
latent_diffusion,202608042,same_family_donor,0.015826762033005554,,family_0a0ff01b239a934a,55
latent_diffusion,202608042,same_family_donor,0.01959572173655033,,family_5ebcadebe538bd59,31
latent_diffusion,202608042,same_family_donor,0.010800338815897703,,family_2fe71bb032cb85fe,20
latent_diffusion,202608042,same_family_donor,0.012935284059494734,,family_e0f7e5849dbe9388,72
latent_diffusion,202608042,same_family_donor,0.012385205652278203,,family_c3abd4306e03adf2,34
latent_diffusion,202608042,same_family_donor,0.011498532444238662,,family_83b27a32aa56f9dc,68
latent_diffusion,202608042,same_family_donor,0.020970457606017588,,family_fa3341292470541d,22
latent_diffusion,202608042,same_family_donor,0.01631974894553423,,family_15b8f6d235825863,2
latent_diffusion,202608042,same_family_donor,0.01811849007284955,,family_a95aeca85317a04d,50
latent_diffusion,202608042,same_family_donor,0.01722722368625303,,family_3dffb074803c8f80,47
latent_diffusion,202608042,same_family_donor,0.016532947309315205,,family_1cfa4116628ae42e,94
latent_diffusion,202608042,same_family_donor,0.013780520856380462,,family_f53ae103dc0def58,26
latent_diffusion,202608042,same_family_donor,0.015799079245577257,,family_3db848c291e71542,14
latent_diffusion,202608042,same_family_donor,0.01917696581222117,,family_76f3986b08ecfc19,10
latent_diffusion,202608042,same_family_donor,0.017661879572904472,,family_121eefce620403f7,36
latent_diffusion,202608042,same_family_donor,0.025144779433806736,,family_8aff46e64d1c8360,33
latent_diffusion,202608042,same_family_donor,0.023609270779963804,,family_debbecc1e7f77f3e,4
latent_diffusion,202608042,same_family_donor,0.01219105658431848,,family_f19aa9a5e722eb61,49
latent_diffusion,202608042,same_family_donor,0.014955868811479636,,family_d0b38ee50d018148,92
latent_diffusion,202608042,same_family_donor,0.01622559316456318,,family_aad2d66dec95dc7a,78
latent_diffusion,202608042,same_family_donor,0.012333069695159793,,family_59add5a121b9a616,59
latent_diffusion,202608042,same_family_donor,0.017728469695054715,,family_c2d4ffa1539bdafe,27
latent_diffusion,202608042,same_family_donor,0.012414672598242759,,family_58a5b18cf3751bf1,6
latent_diffusion,202608042,same_family_donor,0.019405705854296684,,family_8f08581ca21b6c6f,76
latent_diffusion,202608042,same_family_donor,0.021287359031183378,,family_5d6a15b20dff7233,5
latent_diffusion,202608042,same_family_donor,0.013912930286356382,,family_eacebc389812585f,98
latent_diffusion,202608042,same_family_donor,0.01694328524172306,,family_3bd7e5ca43f02666,65
latent_diffusion,202608042,same_family_donor,0.01811616588383913,,family_da2cbb03fa208ffc,7
latent_diffusion,202608042,same_family_donor,0.012509047792389476,,family_5fe0b889b5279fed,32
latent_diffusion,202608042,same_family_donor,0.015311972238123417,,family_58c32a6b58cc329f,69
latent_diffusion,202608042,same_family_donor,0.018689716700464487,,family_d4c8efafc098f593,80
latent_diffusion,202608042,same_family_donor,0.014563224843836256,,family_853b6705e7d7e7a9,70
latent_diffusion,202608042,same_family_donor,0.01641360204666853,,family_7c104874587dddcc,39
latent_diffusion,202608042,same_family_donor,0.016170408443680832,,family_2eec85a0fe915e64,40
latent_diffusion,202608042,same_family_donor,0.010528545267879963,,family_08157e0ead630e5c,85
latent_diffusion,202608042,same_family_donor,0.020813549185792604,,family_67cf34a836b9cd6c,64
latent_diffusion,202608042,same_family_donor,0.013272346928715706,,family_a03ac5414952d229,43
latent_diffusion,202608042,same_family_donor,0.015596885807239093,,family_4da27be0a15493fc,60
