model,condition,family_id,metric,value
transformer_l,clean,family_e3c89d0945320ec5,family_reference_longest_normalized_span,0.07395833333333333
transformer_l,unrelated_donor,family_e3c89d0945320ec5,family_reference_longest_normalized_span,0.065625
transformer_l,same_family_donor,family_e3c89d0945320ec5,family_reference_longest_normalized_span,0.07552083333333333
transformer_l,clean,family_5facacfb4d33d062,family_reference_longest_normalized_span,0.08020833333333334
transformer_l,unrelated_donor,family_5facacfb4d33d062,family_reference_longest_normalized_span,0.0828125
transformer_l,same_family_donor,family_5facacfb4d33d062,family_reference_longest_normalized_span,0.07708333333333332
transformer_l,clean,family_15b8f6d235825863,family_reference_longest_normalized_span,0.059895833333333336
transformer_l,unrelated_donor,family_15b8f6d235825863,family_reference_longest_normalized_span,0.06354166666666666
transformer_l,same_family_donor,family_15b8f6d235825863,family_reference_longest_normalized_span,0.06614583333333333
transformer_l,clean,family_78031f033e192cce,family_reference_longest_normalized_span,0.10312500000000001
transformer_l,unrelated_donor,family_78031f033e192cce,family_reference_longest_normalized_span,0.12083333333333333
transformer_l,same_family_donor,family_78031f033e192cce,family_reference_longest_normalized_span,0.14114583333333333
transformer_l,clean,family_debbecc1e7f77f3e,family_reference_longest_normalized_span,0.1140625
transformer_l,unrelated_donor,family_debbecc1e7f77f3e,family_reference_longest_normalized_span,0.1015625
transformer_l,same_family_donor,family_debbecc1e7f77f3e,family_reference_longest_normalized_span,0.12812500000000002
transformer_l,clean,family_5d6a15b20dff7233,family_reference_longest_normalized_span,0.08489583333333332
transformer_l,unrelated_donor,family_5d6a15b20dff7233,family_reference_longest_normalized_span,0.07447916666666667
transformer_l,same_family_donor,family_5d6a15b20dff7233,family_reference_longest_normalized_span,0.09999999999999999
transformer_l,clean,family_58a5b18cf3751bf1,family_reference_longest_normalized_span,0.09218749999999999
transformer_l,unrelated_donor,family_58a5b18cf3751bf1,family_reference_longest_normalized_span,0.10052083333333334
transformer_l,same_family_donor,family_58a5b18cf3751bf1,family_reference_longest_normalized_span,0.11822916666666666
transformer_l,clean,family_da2cbb03fa208ffc,family_reference_longest_normalized_span,0.03333333333333333
transformer_l,unrelated_donor,family_da2cbb03fa208ffc,family_reference_longest_normalized_span,0.035937500000000004
transformer_l,same_family_donor,family_da2cbb03fa208ffc,family_reference_longest_normalized_span,0.034895833333333334
transformer_l,clean,family_b3ba3218de08f591,family_reference_longest_normalized_span,0.05885416666666667
transformer_l,unrelated_donor,family_b3ba3218de08f591,family_reference_longest_normalized_span,0.056770833333333326
transformer_l,same_family_donor,family_b3ba3218de08f591,family_reference_longest_normalized_span,0.06354166666666668
transformer_l,clean,family_9edbfcdbf27d8472,family_reference_longest_normalized_span,0.05781250000000001
transformer_l,unrelated_donor,family_9edbfcdbf27d8472,family_reference_longest_normalized_span,0.05937499999999999
transformer_l,same_family_donor,family_9edbfcdbf27d8472,family_reference_longest_normalized_span,0.059895833333333336
transformer_l,clean,family_76f3986b08ecfc19,family_reference_longest_normalized_span,0.07447916666666667
transformer_l,unrelated_donor,family_76f3986b08ecfc19,family_reference_longest_normalized_span,0.08645833333333335
transformer_l,same_family_donor,family_76f3986b08ecfc19,family_reference_longest_normalized_span,0.10833333333333332
transformer_l,clean,family_5aaa5f6f546aa704,family_reference_longest_normalized_span,0.05833333333333333
transformer_l,unrelated_donor,family_5aaa5f6f546aa704,family_reference_longest_normalized_span,0.06458333333333334
transformer_l,same_family_donor,family_5aaa5f6f546aa704,family_reference_longest_normalized_span,0.059895833333333336
transformer_l,clean,family_38ddaabf01adae92,family_reference_longest_normalized_span,0.16718750000000002
transformer_l,unrelated_donor,family_38ddaabf01adae92,family_reference_longest_normalized_span,0.16041666666666668
transformer_l,same_family_donor,family_38ddaabf01adae92,family_reference_longest_normalized_span,0.17604166666666665
transformer_l,clean,family_5cc4efa05e4dc250,family_reference_longest_normalized_span,0.034895833333333334
transformer_l,unrelated_donor,family_5cc4efa05e4dc250,family_reference_longest_normalized_span,0.036458333333333336
transformer_l,same_family_donor,family_5cc4efa05e4dc250,family_reference_longest_normalized_span,0.03697916666666667
transformer_l,clean,family_3db848c291e71542,family_reference_longest_normalized_span,0.11666666666666665
transformer_l,unrelated_donor,family_3db848c291e71542,family_reference_longest_normalized_span,0.12343749999999999
transformer_l,same_family_donor,family_3db848c291e71542,family_reference_longest_normalized_span,0.15156250000000002
transformer_l,clean,family_4731a6d05dff34ce,family_reference_longest_normalized_span,0.05416666666666666
transformer_l,unrelated_donor,family_4731a6d05dff34ce,family_reference_longest_normalized_span,0.05104166666666667
transformer_l,same_family_donor,family_4731a6d05dff34ce,family_reference_longest_normalized_span,0.10213254593175854
transformer_l,clean,family_1a8ff9e18d3eabea,family_reference_longest_normalized_span,0.11875000000000001
transformer_l,unrelated_donor,family_1a8ff9e18d3eabea,family_reference_longest_normalized_span,0.1125
transformer_l,same_family_donor,family_1a8ff9e18d3eabea,family_reference_longest_normalized_span,0.10416666666666667
transformer_l,clean,family_774f10d6c3d75980,family_reference_longest_normalized_span,0.12031249999999999
transformer_l,unrelated_donor,family_774f10d6c3d75980,family_reference_longest_normalized_span,0.096875
transformer_l,same_family_donor,family_774f10d6c3d75980,family_reference_longest_normalized_span,0.10104166666666665
transformer_l,clean,family_7a300c986fbfa9f2,family_reference_longest_normalized_span,0.06458333333333334
transformer_l,unrelated_donor,family_7a300c986fbfa9f2,family_reference_longest_normalized_span,0.060937500000000006
transformer_l,same_family_donor,family_7a300c986fbfa9f2,family_reference_longest_normalized_span,0.05833333333333333
transformer_l,clean,family_d1a92696717aa9c2,family_reference_longest_normalized_span,0.09531250000000001
transformer_l,unrelated_donor,family_d1a92696717aa9c2,family_reference_longest_normalized_span,0.09791666666666665
transformer_l,same_family_donor,family_d1a92696717aa9c2,family_reference_longest_normalized_span,0.10104166666666665
transformer_l,clean,family_2fe71bb032cb85fe,family_reference_longest_normalized_span,0.15364583333333334
transformer_l,unrelated_donor,family_2fe71bb032cb85fe,family_reference_longest_normalized_span,0.14270833333333335
transformer_l,same_family_donor,family_2fe71bb032cb85fe,family_reference_longest_normalized_span,0.14531249999999998
transformer_l,clean,family_348b29b5f47eda18,family_reference_longest_normalized_span,0.05625
transformer_l,unrelated_donor,family_348b29b5f47eda18,family_reference_longest_normalized_span,0.05364583333333334
transformer_l,same_family_donor,family_348b29b5f47eda18,family_reference_longest_normalized_span,0.056249999999999994
transformer_l,clean,family_fa3341292470541d,family_reference_longest_normalized_span,0.06614583333333333
transformer_l,unrelated_donor,family_fa3341292470541d,family_reference_longest_normalized_span,0.065625
transformer_l,same_family_donor,family_fa3341292470541d,family_reference_longest_normalized_span,0.0796875
transformer_l,clean,family_f99e7467cfd91d72,family_reference_longest_normalized_span,0.04010416666666667
transformer_l,unrelated_donor,family_f99e7467cfd91d72,family_reference_longest_normalized_span,0.0375
transformer_l,same_family_donor,family_f99e7467cfd91d72,family_reference_longest_normalized_span,0.03958333333333334
transformer_l,clean,family_776fb0c74fb6af96,family_reference_longest_normalized_span,0.07291666666666667
transformer_l,unrelated_donor,family_776fb0c74fb6af96,family_reference_longest_normalized_span,0.07395833333333333
transformer_l,same_family_donor,family_776fb0c74fb6af96,family_reference_longest_normalized_span,0.08020833333333333
transformer_l,clean,family_56b1bf9100abf79a,family_reference_longest_normalized_span,0.109375
transformer_l,unrelated_donor,family_56b1bf9100abf79a,family_reference_longest_normalized_span,0.11302083333333333
transformer_l,same_family_donor,family_56b1bf9100abf79a,family_reference_longest_normalized_span,0.16770833333333335
transformer_l,clean,family_f53ae103dc0def58,family_reference_longest_normalized_span,0.065625
transformer_l,unrelated_donor,family_f53ae103dc0def58,family_reference_longest_normalized_span,0.057291666666666664
transformer_l,same_family_donor,family_f53ae103dc0def58,family_reference_longest_normalized_span,0.05833333333333333
transformer_l,clean,family_c2d4ffa1539bdafe,family_reference_longest_normalized_span,0.06510416666666667
transformer_l,unrelated_donor,family_c2d4ffa1539bdafe,family_reference_longest_normalized_span,0.08750000000000001
transformer_l,same_family_donor,family_c2d4ffa1539bdafe,family_reference_longest_normalized_span,0.08125
transformer_l,clean,family_328dc279bafe7f69,family_reference_longest_normalized_span,0.05833333333333333
transformer_l,unrelated_donor,family_328dc279bafe7f69,family_reference_longest_normalized_span,0.057291666666666664
transformer_l,same_family_donor,family_328dc279bafe7f69,family_reference_longest_normalized_span,0.05520833333333334
transformer_l,clean,family_de67cf52f9a2ce89,family_reference_longest_normalized_span,0.0375
transformer_l,unrelated_donor,family_de67cf52f9a2ce89,family_reference_longest_normalized_span,0.03333333333333333
transformer_l,same_family_donor,family_de67cf52f9a2ce89,family_reference_longest_normalized_span,0.035937500000000004
transformer_l,clean,family_581cf690b70ed77f,family_reference_longest_normalized_span,0.0828125
transformer_l,unrelated_donor,family_581cf690b70ed77f,family_reference_longest_normalized_span,0.10625
transformer_l,same_family_donor,family_581cf690b70ed77f,family_reference_longest_normalized_span,0.09114583333333333
transformer_l,clean,family_5ebcadebe538bd59,family_reference_longest_normalized_span,0.03125
transformer_l,unrelated_donor,family_5ebcadebe538bd59,family_reference_longest_normalized_span,0.03125
transformer_l,same_family_donor,family_5ebcadebe538bd59,family_reference_longest_normalized_span,0.03125
transformer_l,clean,family_5fe0b889b5279fed,family_reference_longest_normalized_span,0.1421875
transformer_l,unrelated_donor,family_5fe0b889b5279fed,family_reference_longest_normalized_span,0.11093750000000001
transformer_l,same_family_donor,family_5fe0b889b5279fed,family_reference_longest_normalized_span,0.2270833333333333
transformer_l,clean,family_8aff46e64d1c8360,family_reference_longest_normalized_span,0.08437499999999999
transformer_l,unrelated_donor,family_8aff46e64d1c8360,family_reference_longest_normalized_span,0.08125
transformer_l,same_family_donor,family_8aff46e64d1c8360,family_reference_longest_normalized_span,0.09427083333333335
transformer_l,clean,family_c3abd4306e03adf2,family_reference_longest_normalized_span,0.08020833333333334
transformer_l,unrelated_donor,family_c3abd4306e03adf2,family_reference_longest_normalized_span,0.08541666666666665
transformer_l,same_family_donor,family_c3abd4306e03adf2,family_reference_longest_normalized_span,0.07864583333333332
transformer_l,clean,family_f77d449f1658a159,family_reference_longest_normalized_span,0.05104166666666667
transformer_l,unrelated_donor,family_f77d449f1658a159,family_reference_longest_normalized_span,0.04739583333333334
transformer_l,same_family_donor,family_f77d449f1658a159,family_reference_longest_normalized_span,0.052083333333333336
transformer_l,clean,family_121eefce620403f7,family_reference_longest_normalized_span,0.09270833333333334
transformer_l,unrelated_donor,family_121eefce620403f7,family_reference_longest_normalized_span,0.08854166666666667
transformer_l,same_family_donor,family_121eefce620403f7,family_reference_longest_normalized_span,0.09531250000000001
transformer_l,clean,family_439fc19617b55d44,family_reference_longest_normalized_span,0.10989583333333335
transformer_l,unrelated_donor,family_439fc19617b55d44,family_reference_longest_normalized_span,0.09843750000000001
transformer_l,same_family_donor,family_439fc19617b55d44,family_reference_longest_normalized_span,0.11041666666666666
transformer_l,clean,family_7b8c8789f38183da,family_reference_longest_normalized_span,0.035937500000000004
transformer_l,unrelated_donor,family_7b8c8789f38183da,family_reference_longest_normalized_span,0.034374999999999996
transformer_l,same_family_donor,family_7b8c8789f38183da,family_reference_longest_normalized_span,0.03697916666666667
transformer_l,clean,family_7c104874587dddcc,family_reference_longest_normalized_span,0.06614583333333333
transformer_l,unrelated_donor,family_7c104874587dddcc,family_reference_longest_normalized_span,0.06145833333333334
transformer_l,same_family_donor,family_7c104874587dddcc,family_reference_longest_normalized_span,0.07135416666666668
transformer_l,clean,family_2eec85a0fe915e64,family_reference_longest_normalized_span,0.05885416666666667
transformer_l,unrelated_donor,family_2eec85a0fe915e64,family_reference_longest_normalized_span,0.057812499999999996
transformer_l,same_family_donor,family_2eec85a0fe915e64,family_reference_longest_normalized_span,0.05781250000000001
transformer_l,clean,family_ac0566dd944bc201,family_reference_longest_normalized_span,0.06197916666666667
transformer_l,unrelated_donor,family_ac0566dd944bc201,family_reference_longest_normalized_span,0.05885416666666667
transformer_l,same_family_donor,family_ac0566dd944bc201,family_reference_longest_normalized_span,0.06197916666666667
transformer_l,clean,family_fe2836cc1cef695c,family_reference_longest_normalized_span,0.06614583333333333
transformer_l,unrelated_donor,family_fe2836cc1cef695c,family_reference_longest_normalized_span,0.06822916666666666
transformer_l,same_family_donor,family_fe2836cc1cef695c,family_reference_longest_normalized_span,0.0828125
transformer_l,clean,family_a03ac5414952d229,family_reference_longest_normalized_span,0.09947916666666667
transformer_l,unrelated_donor,family_a03ac5414952d229,family_reference_longest_normalized_span,0.10572916666666665
transformer_l,same_family_donor,family_a03ac5414952d229,family_reference_longest_normalized_span,0.09999999999999999
transformer_l,clean,family_9ccd2f467361ebab,family_reference_longest_normalized_span,0.05885416666666667
transformer_l,unrelated_donor,family_9ccd2f467361ebab,family_reference_longest_normalized_span,0.05885416666666667
transformer_l,same_family_donor,family_9ccd2f467361ebab,family_reference_longest_normalized_span,0.057812499999999996
transformer_l,clean,family_6f0024d47bda9a44,family_reference_longest_normalized_span,0.059895833333333336
transformer_l,unrelated_donor,family_6f0024d47bda9a44,family_reference_longest_normalized_span,0.06197916666666666
transformer_l,same_family_donor,family_6f0024d47bda9a44,family_reference_longest_normalized_span,0.059895833333333336
transformer_l,clean,family_b88eee6ecd7ef6bc,family_reference_longest_normalized_span,0.09270833333333334
transformer_l,unrelated_donor,family_b88eee6ecd7ef6bc,family_reference_longest_normalized_span,0.0984375
transformer_l,same_family_donor,family_b88eee6ecd7ef6bc,family_reference_longest_normalized_span,0.11041666666666666
transformer_l,clean,family_3dffb074803c8f80,family_reference_longest_normalized_span,0.11666666666666665
transformer_l,unrelated_donor,family_3dffb074803c8f80,family_reference_longest_normalized_span,0.0984375
transformer_l,same_family_donor,family_3dffb074803c8f80,family_reference_longest_normalized_span,0.13125
transformer_l,clean,family_39849966d6043c11,family_reference_longest_normalized_span,0.04583333333333334
transformer_l,unrelated_donor,family_39849966d6043c11,family_reference_longest_normalized_span,0.049999999999999996
transformer_l,same_family_donor,family_39849966d6043c11,family_reference_longest_normalized_span,0.05052083333333333
transformer_l,clean,family_f19aa9a5e722eb61,family_reference_longest_normalized_span,0.2203125
transformer_l,unrelated_donor,family_f19aa9a5e722eb61,family_reference_longest_normalized_span,0.2354166666666667
transformer_l,same_family_donor,family_f19aa9a5e722eb61,family_reference_longest_normalized_span,0.20572916666666666
transformer_l,clean,family_a95aeca85317a04d,family_reference_longest_normalized_span,0.0625
transformer_l,unrelated_donor,family_a95aeca85317a04d,family_reference_longest_normalized_span,0.06666666666666667
transformer_l,same_family_donor,family_a95aeca85317a04d,family_reference_longest_normalized_span,0.078125
transformer_l,clean,family_39f58e2fd604c61e,family_reference_longest_normalized_span,0.03802083333333334
transformer_l,unrelated_donor,family_39f58e2fd604c61e,family_reference_longest_normalized_span,0.035937500000000004
transformer_l,same_family_donor,family_39f58e2fd604c61e,family_reference_longest_normalized_span,0.0375
transformer_l,clean,family_af212e596b07120e,family_reference_longest_normalized_span,0.07395833333333333
transformer_l,unrelated_donor,family_af212e596b07120e,family_reference_longest_normalized_span,0.06666666666666667
transformer_l,same_family_donor,family_af212e596b07120e,family_reference_longest_normalized_span,0.08229166666666667
transformer_l,clean,family_961cefc620e3d5ab,family_reference_longest_normalized_span,0.10677083333333333
transformer_l,unrelated_donor,family_961cefc620e3d5ab,family_reference_longest_normalized_span,0.13541666666666666
transformer_l,same_family_donor,family_961cefc620e3d5ab,family_reference_longest_normalized_span,0.11979166666666667
transformer_l,clean,family_2dbafe5054d4bee7,family_reference_longest_normalized_span,0.059375000000000004
transformer_l,unrelated_donor,family_2dbafe5054d4bee7,family_reference_longest_normalized_span,0.0625
transformer_l,same_family_donor,family_2dbafe5054d4bee7,family_reference_longest_normalized_span,0.057812499999999996
transformer_l,clean,family_0a0ff01b239a934a,family_reference_longest_normalized_span,0.0625
transformer_l,unrelated_donor,family_0a0ff01b239a934a,family_reference_longest_normalized_span,0.06874999999999999
transformer_l,same_family_donor,family_0a0ff01b239a934a,family_reference_longest_normalized_span,0.05885416666666667
transformer_l,clean,family_6a42731481dda124,family_reference_longest_normalized_span,0.08177083333333333
transformer_l,unrelated_donor,family_6a42731481dda124,family_reference_longest_normalized_span,0.08177083333333333
transformer_l,same_family_donor,family_6a42731481dda124,family_reference_longest_normalized_span,0.1265625
transformer_l,clean,family_e4e4467ef74cc720,family_reference_longest_normalized_span,0.03229166666666667
transformer_l,unrelated_donor,family_e4e4467ef74cc720,family_reference_longest_normalized_span,0.03125
transformer_l,same_family_donor,family_e4e4467ef74cc720,family_reference_longest_normalized_span,0.03125
transformer_l,clean,family_b324bd83d2be3825,family_reference_longest_normalized_span,0.11614583333333334
transformer_l,unrelated_donor,family_b324bd83d2be3825,family_reference_longest_normalized_span,0.11875000000000001
transformer_l,same_family_donor,family_b324bd83d2be3825,family_reference_longest_normalized_span,0.13749999999999998
transformer_l,clean,family_59add5a121b9a616,family_reference_longest_normalized_span,0.09218749999999999
transformer_l,unrelated_donor,family_59add5a121b9a616,family_reference_longest_normalized_span,0.10260416666666666
transformer_l,same_family_donor,family_59add5a121b9a616,family_reference_longest_normalized_span,0.09479166666666666
transformer_l,clean,family_4da27be0a15493fc,family_reference_longest_normalized_span,0.05677083333333333
transformer_l,unrelated_donor,family_4da27be0a15493fc,family_reference_longest_normalized_span,0.05885416666666667
transformer_l,same_family_donor,family_4da27be0a15493fc,family_reference_longest_normalized_span,0.05572916666666666
transformer_l,clean,family_0ecded087f80d73b,family_reference_longest_normalized_span,0.0609375
transformer_l,unrelated_donor,family_0ecded087f80d73b,family_reference_longest_normalized_span,0.05520833333333333
transformer_l,same_family_donor,family_0ecded087f80d73b,family_reference_longest_normalized_span,0.06354166666666666
transformer_l,clean,family_746d1e0c3274827f,family_reference_longest_normalized_span,0.14583333333333334
transformer_l,unrelated_donor,family_746d1e0c3274827f,family_reference_longest_normalized_span,0.1338541666666667
transformer_l,same_family_donor,family_746d1e0c3274827f,family_reference_longest_normalized_span,0.13072916666666667
transformer_l,clean,family_6d17de7e325f25f8,family_reference_longest_normalized_span,0.1395833333333333
transformer_l,unrelated_donor,family_6d17de7e325f25f8,family_reference_longest_normalized_span,0.15208333333333335
transformer_l,same_family_donor,family_6d17de7e325f25f8,family_reference_longest_normalized_span,0.13489583333333333
transformer_l,clean,family_67cf34a836b9cd6c,family_reference_longest_normalized_span,0.10052083333333334
transformer_l,unrelated_donor,family_67cf34a836b9cd6c,family_reference_longest_normalized_span,0.0984375
transformer_l,same_family_donor,family_67cf34a836b9cd6c,family_reference_longest_normalized_span,0.09791666666666667
transformer_l,clean,family_3bd7e5ca43f02666,family_reference_longest_normalized_span,0.16718749999999996
transformer_l,unrelated_donor,family_3bd7e5ca43f02666,family_reference_longest_normalized_span,0.15156250000000002
transformer_l,same_family_donor,family_3bd7e5ca43f02666,family_reference_longest_normalized_span,0.2489583333333333
transformer_l,clean,family_e2c30beb0d4abeae,family_reference_longest_normalized_span,0.057291666666666664
transformer_l,unrelated_donor,family_e2c30beb0d4abeae,family_reference_longest_normalized_span,0.05572916666666666
transformer_l,same_family_donor,family_e2c30beb0d4abeae,family_reference_longest_normalized_span,0.05260416666666667
transformer_l,clean,family_3fbe0e330aecdc00,family_reference_longest_normalized_span,0.033854166666666664
transformer_l,unrelated_donor,family_3fbe0e330aecdc00,family_reference_longest_normalized_span,0.035937500000000004
transformer_l,same_family_donor,family_3fbe0e330aecdc00,family_reference_longest_normalized_span,0.033854166666666664
transformer_l,clean,family_83b27a32aa56f9dc,family_reference_longest_normalized_span,0.06614583333333333
transformer_l,unrelated_donor,family_83b27a32aa56f9dc,family_reference_longest_normalized_span,0.06510416666666667
transformer_l,same_family_donor,family_83b27a32aa56f9dc,family_reference_longest_normalized_span,0.06041666666666667
transformer_l,clean,family_58c32a6b58cc329f,family_reference_longest_normalized_span,0.12343749999999999
transformer_l,unrelated_donor,family_58c32a6b58cc329f,family_reference_longest_normalized_span,0.10052083333333334
transformer_l,same_family_donor,family_58c32a6b58cc329f,family_reference_longest_normalized_span,0.0984375
transformer_l,clean,family_853b6705e7d7e7a9,family_reference_longest_normalized_span,0.05833333333333333
transformer_l,unrelated_donor,family_853b6705e7d7e7a9,family_reference_longest_normalized_span,0.05885416666666667
transformer_l,same_family_donor,family_853b6705e7d7e7a9,family_reference_longest_normalized_span,0.06510416666666666
transformer_l,clean,family_5405158fe7a3977d,family_reference_longest_normalized_span,0.05260416666666667
transformer_l,unrelated_donor,family_5405158fe7a3977d,family_reference_longest_normalized_span,0.05260416666666667
transformer_l,same_family_donor,family_5405158fe7a3977d,family_reference_longest_normalized_span,0.057812499999999996
transformer_l,clean,family_e0f7e5849dbe9388,family_reference_longest_normalized_span,0.11562499999999999
transformer_l,unrelated_donor,family_e0f7e5849dbe9388,family_reference_longest_normalized_span,0.109375
transformer_l,same_family_donor,family_e0f7e5849dbe9388,family_reference_longest_normalized_span,0.11770833333333335
transformer_l,clean,family_6fbe37a0a6611f64,family_reference_longest_normalized_span,0.09947916666666667
transformer_l,unrelated_donor,family_6fbe37a0a6611f64,family_reference_longest_normalized_span,0.07708333333333334
transformer_l,same_family_donor,family_6fbe37a0a6611f64,family_reference_longest_normalized_span,0.07968750000000001
transformer_l,clean,family_3835425eafb00035,family_reference_longest_normalized_span,0.08177083333333333
transformer_l,unrelated_donor,family_3835425eafb00035,family_reference_longest_normalized_span,0.06666666666666667
transformer_l,same_family_donor,family_3835425eafb00035,family_reference_longest_normalized_span,0.07656249999999999
transformer_l,clean,family_4f1b63b3eef9f7d0,family_reference_longest_normalized_span,0.06145833333333333
transformer_l,unrelated_donor,family_4f1b63b3eef9f7d0,family_reference_longest_normalized_span,0.0625
transformer_l,same_family_donor,family_4f1b63b3eef9f7d0,family_reference_longest_normalized_span,0.06874999999999999
transformer_l,clean,family_8f08581ca21b6c6f,family_reference_longest_normalized_span,0.07395833333333333
transformer_l,unrelated_donor,family_8f08581ca21b6c6f,family_reference_longest_normalized_span,0.06145833333333334
transformer_l,same_family_donor,family_8f08581ca21b6c6f,family_reference_longest_normalized_span,0.0703125
transformer_l,clean,family_db6398f302f77cb4,family_reference_longest_normalized_span,0.10208333333333335
transformer_l,unrelated_donor,family_db6398f302f77cb4,family_reference_longest_normalized_span,0.10416666666666667
transformer_l,same_family_donor,family_db6398f302f77cb4,family_reference_longest_normalized_span,0.1265625
transformer_l,clean,family_aad2d66dec95dc7a,family_reference_longest_normalized_span,0.1265625
transformer_l,unrelated_donor,family_aad2d66dec95dc7a,family_reference_longest_normalized_span,0.16145833333333334
transformer_l,same_family_donor,family_aad2d66dec95dc7a,family_reference_longest_normalized_span,0.1546875
transformer_l,clean,family_04795413b15e0b98,family_reference_longest_normalized_span,0.09531250000000001
transformer_l,unrelated_donor,family_04795413b15e0b98,family_reference_longest_normalized_span,0.09114583333333333
transformer_l,same_family_donor,family_04795413b15e0b98,family_reference_longest_normalized_span,0.0625
transformer_l,clean,family_d4c8efafc098f593,family_reference_longest_normalized_span,0.06614583333333333
transformer_l,unrelated_donor,family_d4c8efafc098f593,family_reference_longest_normalized_span,0.07031250000000001
transformer_l,same_family_donor,family_d4c8efafc098f593,family_reference_longest_normalized_span,0.07135416666666666
transformer_l,clean,family_30fbd9977a220042,family_reference_longest_normalized_span,0.10104166666666665
transformer_l,unrelated_donor,family_30fbd9977a220042,family_reference_longest_normalized_span,0.10781249999999999
transformer_l,same_family_donor,family_30fbd9977a220042,family_reference_longest_normalized_span,0.15625
transformer_l,clean,family_2d3e3d92f30c4369,family_reference_longest_normalized_span,0.159375
transformer_l,unrelated_donor,family_2d3e3d92f30c4369,family_reference_longest_normalized_span,0.17447916666666666
transformer_l,same_family_donor,family_2d3e3d92f30c4369,family_reference_longest_normalized_span,0.203125
transformer_l,clean,family_6342008bae187399,family_reference_longest_normalized_span,0.11666666666666665
transformer_l,unrelated_donor,family_6342008bae187399,family_reference_longest_normalized_span,0.12916666666666668
transformer_l,same_family_donor,family_6342008bae187399,family_reference_longest_normalized_span,0.1625
transformer_l,clean,family_f60bd4cc83d02add,family_reference_longest_normalized_span,0.09427083333333335
transformer_l,unrelated_donor,family_f60bd4cc83d02add,family_reference_longest_normalized_span,0.096875
transformer_l,same_family_donor,family_f60bd4cc83d02add,family_reference_longest_normalized_span,0.09375
transformer_l,clean,family_08157e0ead630e5c,family_reference_longest_normalized_span,0.07604166666666666
transformer_l,unrelated_donor,family_08157e0ead630e5c,family_reference_longest_normalized_span,0.08802083333333333
transformer_l,same_family_donor,family_08157e0ead630e5c,family_reference_longest_normalized_span,0.08802083333333333
transformer_l,clean,family_0f71c7e0830e1d85,family_reference_longest_normalized_span,0.04270833333333333
transformer_l,unrelated_donor,family_0f71c7e0830e1d85,family_reference_longest_normalized_span,0.04270833333333333
transformer_l,same_family_donor,family_0f71c7e0830e1d85,family_reference_longest_normalized_span,0.0484375
transformer_l,clean,family_be459453ebdfa1da,family_reference_longest_normalized_span,0.0859375
transformer_l,unrelated_donor,family_be459453ebdfa1da,family_reference_longest_normalized_span,0.09895833333333333
transformer_l,same_family_donor,family_be459453ebdfa1da,family_reference_longest_normalized_span,0.10208333333333335
transformer_l,clean,family_a534382ff42b71fb,family_reference_longest_normalized_span,0.09010416666666667
transformer_l,unrelated_donor,family_a534382ff42b71fb,family_reference_longest_normalized_span,0.0828125
transformer_l,same_family_donor,family_a534382ff42b71fb,family_reference_longest_normalized_span,0.09895833333333333
transformer_l,clean,family_e97b637c75aac2b5,family_reference_longest_normalized_span,0.05364583333333334
transformer_l,unrelated_donor,family_e97b637c75aac2b5,family_reference_longest_normalized_span,0.03958333333333333
transformer_l,same_family_donor,family_e97b637c75aac2b5,family_reference_longest_normalized_span,0.05364583333333334
transformer_l,clean,family_f0c0dd7c2f3b6a3f,family_reference_longest_normalized_span,0.09999999999999999
transformer_l,unrelated_donor,family_f0c0dd7c2f3b6a3f,family_reference_longest_normalized_span,0.10572916666666665
transformer_l,same_family_donor,family_f0c0dd7c2f3b6a3f,family_reference_longest_normalized_span,0.0984375
transformer_l,clean,family_c3ae851031cec2bb,family_reference_longest_normalized_span,0.05260416666666667
transformer_l,unrelated_donor,family_c3ae851031cec2bb,family_reference_longest_normalized_span,0.057291666666666664
transformer_l,same_family_donor,family_c3ae851031cec2bb,family_reference_longest_normalized_span,0.06302083333333333
transformer_l,clean,family_d0b38ee50d018148,family_reference_longest_normalized_span,0.20000000000000004
transformer_l,unrelated_donor,family_d0b38ee50d018148,family_reference_longest_normalized_span,0.171875
transformer_l,same_family_donor,family_d0b38ee50d018148,family_reference_longest_normalized_span,0.196875
transformer_l,clean,family_c64269798048b60f,family_reference_longest_normalized_span,0.16302083333333334
transformer_l,unrelated_donor,family_c64269798048b60f,family_reference_longest_normalized_span,0.13489583333333333
transformer_l,same_family_donor,family_c64269798048b60f,family_reference_longest_normalized_span,0.18489583333333334
transformer_l,clean,family_1cfa4116628ae42e,family_reference_longest_normalized_span,0.0328125
transformer_l,unrelated_donor,family_1cfa4116628ae42e,family_reference_longest_normalized_span,0.0375
transformer_l,same_family_donor,family_1cfa4116628ae42e,family_reference_longest_normalized_span,0.0453125
transformer_l,clean,family_101bf32d18499c7d,family_reference_longest_normalized_span,0.08802083333333333
transformer_l,unrelated_donor,family_101bf32d18499c7d,family_reference_longest_normalized_span,0.07916666666666666
transformer_l,same_family_donor,family_101bf32d18499c7d,family_reference_longest_normalized_span,0.07239583333333334
transformer_l,clean,family_52885ec61f0240b9,family_reference_longest_normalized_span,0.10364583333333333
transformer_l,unrelated_donor,family_52885ec61f0240b9,family_reference_longest_normalized_span,0.09218750000000002
transformer_l,same_family_donor,family_52885ec61f0240b9,family_reference_longest_normalized_span,0.234375
transformer_l,clean,family_8661140073b6a2ab,family_reference_longest_normalized_span,0.035937500000000004
transformer_l,unrelated_donor,family_8661140073b6a2ab,family_reference_longest_normalized_span,0.040624999999999994
transformer_l,same_family_donor,family_8661140073b6a2ab,family_reference_longest_normalized_span,0.03541666666666667
transformer_l,clean,family_eacebc389812585f,family_reference_longest_normalized_span,0.057812499999999996
transformer_l,unrelated_donor,family_eacebc389812585f,family_reference_longest_normalized_span,0.057291666666666664
transformer_l,same_family_donor,family_eacebc389812585f,family_reference_longest_normalized_span,0.075
transformer_l,clean,family_23e85181dd747797,family_reference_longest_normalized_span,0.06979166666666667
transformer_l,unrelated_donor,family_23e85181dd747797,family_reference_longest_normalized_span,0.0671875
transformer_l,same_family_donor,family_23e85181dd747797,family_reference_longest_normalized_span,0.06979166666666667
transformer_l,clean,family_e3c89d0945320ec5,family_reference_Copy_at_tau,0.8000000000000002
transformer_l,unrelated_donor,family_e3c89d0945320ec5,family_reference_Copy_at_tau,0.8000000000000002
transformer_l,same_family_donor,family_e3c89d0945320ec5,family_reference_Copy_at_tau,0.7333333333333334
transformer_l,clean,family_5facacfb4d33d062,family_reference_Copy_at_tau,0.9333333333333332
transformer_l,unrelated_donor,family_5facacfb4d33d062,family_reference_Copy_at_tau,0.8666666666666667
transformer_l,same_family_donor,family_5facacfb4d33d062,family_reference_Copy_at_tau,0.8000000000000002
transformer_l,clean,family_15b8f6d235825863,family_reference_Copy_at_tau,0.8666666666666667
transformer_l,unrelated_donor,family_15b8f6d235825863,family_reference_Copy_at_tau,0.7999999999999999
transformer_l,same_family_donor,family_15b8f6d235825863,family_reference_Copy_at_tau,0.7333333333333334
transformer_l,clean,family_78031f033e192cce,family_reference_Copy_at_tau,1.0
transformer_l,unrelated_donor,family_78031f033e192cce,family_reference_Copy_at_tau,1.0
transformer_l,same_family_donor,family_78031f033e192cce,family_reference_Copy_at_tau,1.0
transformer_l,clean,family_debbecc1e7f77f3e,family_reference_Copy_at_tau,1.0
transformer_l,unrelated_donor,family_debbecc1e7f77f3e,family_reference_Copy_at_tau,1.0
transformer_l,same_family_donor,family_debbecc1e7f77f3e,family_reference_Copy_at_tau,1.0
transformer_l,clean,family_5d6a15b20dff7233,family_reference_Copy_at_tau,0.9333333333333332
transformer_l,unrelated_donor,family_5d6a15b20dff7233,family_reference_Copy_at_tau,1.0
transformer_l,same_family_donor,family_5d6a15b20dff7233,family_reference_Copy_at_tau,1.0
transformer_l,clean,family_58a5b18cf3751bf1,family_reference_Copy_at_tau,1.0
transformer_l,unrelated_donor,family_58a5b18cf3751bf1,family_reference_Copy_at_tau,0.9333333333333332
transformer_l,same_family_donor,family_58a5b18cf3751bf1,family_reference_Copy_at_tau,1.0
transformer_l,clean,family_da2cbb03fa208ffc,family_reference_Copy_at_tau,0.06666666666666667
transformer_l,unrelated_donor,family_da2cbb03fa208ffc,family_reference_Copy_at_tau,0.20000000000000004
transformer_l,same_family_donor,family_da2cbb03fa208ffc,family_reference_Copy_at_tau,0.13333333333333333
transformer_l,clean,family_b3ba3218de08f591,family_reference_Copy_at_tau,1.0
transformer_l,unrelated_donor,family_b3ba3218de08f591,family_reference_Copy_at_tau,1.0
transformer_l,same_family_donor,family_b3ba3218de08f591,family_reference_Copy_at_tau,1.0
transformer_l,clean,family_9edbfcdbf27d8472,family_reference_Copy_at_tau,1.0
transformer_l,unrelated_donor,family_9edbfcdbf27d8472,family_reference_Copy_at_tau,1.0
transformer_l,same_family_donor,family_9edbfcdbf27d8472,family_reference_Copy_at_tau,1.0
transformer_l,clean,family_76f3986b08ecfc19,family_reference_Copy_at_tau,1.0
transformer_l,unrelated_donor,family_76f3986b08ecfc19,family_reference_Copy_at_tau,1.0
transformer_l,same_family_donor,family_76f3986b08ecfc19,family_reference_Copy_at_tau,1.0
transformer_l,clean,family_5aaa5f6f546aa704,family_reference_Copy_at_tau,0.8000000000000002
transformer_l,unrelated_donor,family_5aaa5f6f546aa704,family_reference_Copy_at_tau,0.8000000000000002
transformer_l,same_family_donor,family_5aaa5f6f546aa704,family_reference_Copy_at_tau,0.6666666666666666
transformer_l,clean,family_38ddaabf01adae92,family_reference_Copy_at_tau,1.0
transformer_l,unrelated_donor,family_38ddaabf01adae92,family_reference_Copy_at_tau,1.0
transformer_l,same_family_donor,family_38ddaabf01adae92,family_reference_Copy_at_tau,1.0
transformer_l,clean,family_5cc4efa05e4dc250,family_reference_Copy_at_tau,0.0
transformer_l,unrelated_donor,family_5cc4efa05e4dc250,family_reference_Copy_at_tau,0.0
transformer_l,same_family_donor,family_5cc4efa05e4dc250,family_reference_Copy_at_tau,0.0
transformer_l,clean,family_3db848c291e71542,family_reference_Copy_at_tau,1.0
transformer_l,unrelated_donor,family_3db848c291e71542,family_reference_Copy_at_tau,1.0
transformer_l,same_family_donor,family_3db848c291e71542,family_reference_Copy_at_tau,1.0
transformer_l,clean,family_4731a6d05dff34ce,family_reference_Copy_at_tau,0.7333333333333334
transformer_l,unrelated_donor,family_4731a6d05dff34ce,family_reference_Copy_at_tau,0.8000000000000002
transformer_l,same_family_donor,family_4731a6d05dff34ce,family_reference_Copy_at_tau,1.0
transformer_l,clean,family_1a8ff9e18d3eabea,family_reference_Copy_at_tau,1.0
transformer_l,unrelated_donor,family_1a8ff9e18d3eabea,family_reference_Copy_at_tau,1.0
transformer_l,same_family_donor,family_1a8ff9e18d3eabea,family_reference_Copy_at_tau,1.0
transformer_l,clean,family_774f10d6c3d75980,family_reference_Copy_at_tau,0.9333333333333332
transformer_l,unrelated_donor,family_774f10d6c3d75980,family_reference_Copy_at_tau,0.9333333333333332
transformer_l,same_family_donor,family_774f10d6c3d75980,family_reference_Copy_at_tau,1.0
transformer_l,clean,family_7a300c986fbfa9f2,family_reference_Copy_at_tau,0.9333333333333332
transformer_l,unrelated_donor,family_7a300c986fbfa9f2,family_reference_Copy_at_tau,0.7999999999999999
transformer_l,same_family_donor,family_7a300c986fbfa9f2,family_reference_Copy_at_tau,0.6666666666666666
transformer_l,clean,family_d1a92696717aa9c2,family_reference_Copy_at_tau,1.0
transformer_l,unrelated_donor,family_d1a92696717aa9c2,family_reference_Copy_at_tau,1.0
transformer_l,same_family_donor,family_d1a92696717aa9c2,family_reference_Copy_at_tau,1.0
transformer_l,clean,family_2fe71bb032cb85fe,family_reference_Copy_at_tau,1.0
transformer_l,unrelated_donor,family_2fe71bb032cb85fe,family_reference_Copy_at_tau,1.0
transformer_l,same_family_donor,family_2fe71bb032cb85fe,family_reference_Copy_at_tau,1.0
transformer_l,clean,family_348b29b5f47eda18,family_reference_Copy_at_tau,0.8666666666666667
transformer_l,unrelated_donor,family_348b29b5f47eda18,family_reference_Copy_at_tau,0.7333333333333334
transformer_l,same_family_donor,family_348b29b5f47eda18,family_reference_Copy_at_tau,0.8000000000000002
transformer_l,clean,family_fa3341292470541d,family_reference_Copy_at_tau,1.0
transformer_l,unrelated_donor,family_fa3341292470541d,family_reference_Copy_at_tau,1.0
transformer_l,same_family_donor,family_fa3341292470541d,family_reference_Copy_at_tau,0.9333333333333332
transformer_l,clean,family_f99e7467cfd91d72,family_reference_Copy_at_tau,0.20000000000000004
transformer_l,unrelated_donor,family_f99e7467cfd91d72,family_reference_Copy_at_tau,0.06666666666666667
transformer_l,same_family_donor,family_f99e7467cfd91d72,family_reference_Copy_at_tau,0.13333333333333333
transformer_l,clean,family_776fb0c74fb6af96,family_reference_Copy_at_tau,1.0
transformer_l,unrelated_donor,family_776fb0c74fb6af96,family_reference_Copy_at_tau,1.0
transformer_l,same_family_donor,family_776fb0c74fb6af96,family_reference_Copy_at_tau,1.0
transformer_l,clean,family_56b1bf9100abf79a,family_reference_Copy_at_tau,0.9333333333333332
transformer_l,unrelated_donor,family_56b1bf9100abf79a,family_reference_Copy_at_tau,1.0
transformer_l,same_family_donor,family_56b1bf9100abf79a,family_reference_Copy_at_tau,1.0
transformer_l,clean,family_f53ae103dc0def58,family_reference_Copy_at_tau,0.7333333333333334
transformer_l,unrelated_donor,family_f53ae103dc0def58,family_reference_Copy_at_tau,0.7999999999999999
transformer_l,same_family_donor,family_f53ae103dc0def58,family_reference_Copy_at_tau,0.6666666666666666
transformer_l,clean,family_c2d4ffa1539bdafe,family_reference_Copy_at_tau,0.7999999999999999
transformer_l,unrelated_donor,family_c2d4ffa1539bdafe,family_reference_Copy_at_tau,0.9333333333333332
transformer_l,same_family_donor,family_c2d4ffa1539bdafe,family_reference_Copy_at_tau,1.0
transformer_l,clean,family_328dc279bafe7f69,family_reference_Copy_at_tau,0.7999999999999999
transformer_l,unrelated_donor,family_328dc279bafe7f69,family_reference_Copy_at_tau,0.8666666666666667
transformer_l,same_family_donor,family_328dc279bafe7f69,family_reference_Copy_at_tau,0.8000000000000002
transformer_l,clean,family_de67cf52f9a2ce89,family_reference_Copy_at_tau,0.26666666666666666
transformer_l,unrelated_donor,family_de67cf52f9a2ce89,family_reference_Copy_at_tau,0.13333333333333333
transformer_l,same_family_donor,family_de67cf52f9a2ce89,family_reference_Copy_at_tau,0.20000000000000004
transformer_l,clean,family_581cf690b70ed77f,family_reference_Copy_at_tau,0.8666666666666667
transformer_l,unrelated_donor,family_581cf690b70ed77f,family_reference_Copy_at_tau,0.9333333333333332
transformer_l,same_family_donor,family_581cf690b70ed77f,family_reference_Copy_at_tau,1.0
transformer_l,clean,family_5ebcadebe538bd59,family_reference_Copy_at_tau,0.0
transformer_l,unrelated_donor,family_5ebcadebe538bd59,family_reference_Copy_at_tau,0.0
transformer_l,same_family_donor,family_5ebcadebe538bd59,family_reference_Copy_at_tau,0.0
transformer_l,clean,family_5fe0b889b5279fed,family_reference_Copy_at_tau,1.0
transformer_l,unrelated_donor,family_5fe0b889b5279fed,family_reference_Copy_at_tau,1.0
transformer_l,same_family_donor,family_5fe0b889b5279fed,family_reference_Copy_at_tau,1.0
transformer_l,clean,family_8aff46e64d1c8360,family_reference_Copy_at_tau,1.0
transformer_l,unrelated_donor,family_8aff46e64d1c8360,family_reference_Copy_at_tau,1.0
transformer_l,same_family_donor,family_8aff46e64d1c8360,family_reference_Copy_at_tau,1.0
transformer_l,clean,family_c3abd4306e03adf2,family_reference_Copy_at_tau,1.0
transformer_l,unrelated_donor,family_c3abd4306e03adf2,family_reference_Copy_at_tau,1.0
transformer_l,same_family_donor,family_c3abd4306e03adf2,family_reference_Copy_at_tau,1.0
transformer_l,clean,family_f77d449f1658a159,family_reference_Copy_at_tau,0.7333333333333334
transformer_l,unrelated_donor,family_f77d449f1658a159,family_reference_Copy_at_tau,0.5333333333333333
transformer_l,same_family_donor,family_f77d449f1658a159,family_reference_Copy_at_tau,0.6
transformer_l,clean,family_121eefce620403f7,family_reference_Copy_at_tau,1.0
transformer_l,unrelated_donor,family_121eefce620403f7,family_reference_Copy_at_tau,1.0
transformer_l,same_family_donor,family_121eefce620403f7,family_reference_Copy_at_tau,1.0
transformer_l,clean,family_439fc19617b55d44,family_reference_Copy_at_tau,1.0
transformer_l,unrelated_donor,family_439fc19617b55d44,family_reference_Copy_at_tau,0.9333333333333332
transformer_l,same_family_donor,family_439fc19617b55d44,family_reference_Copy_at_tau,1.0
transformer_l,clean,family_7b8c8789f38183da,family_reference_Copy_at_tau,0.06666666666666667
transformer_l,unrelated_donor,family_7b8c8789f38183da,family_reference_Copy_at_tau,0.06666666666666667
transformer_l,same_family_donor,family_7b8c8789f38183da,family_reference_Copy_at_tau,0.13333333333333333
transformer_l,clean,family_7c104874587dddcc,family_reference_Copy_at_tau,0.8666666666666667
transformer_l,unrelated_donor,family_7c104874587dddcc,family_reference_Copy_at_tau,0.8666666666666667
transformer_l,same_family_donor,family_7c104874587dddcc,family_reference_Copy_at_tau,1.0
transformer_l,clean,family_2eec85a0fe915e64,family_reference_Copy_at_tau,0.9333333333333332
transformer_l,unrelated_donor,family_2eec85a0fe915e64,family_reference_Copy_at_tau,0.8666666666666667
transformer_l,same_family_donor,family_2eec85a0fe915e64,family_reference_Copy_at_tau,0.8000000000000002
transformer_l,clean,family_ac0566dd944bc201,family_reference_Copy_at_tau,0.9333333333333332
transformer_l,unrelated_donor,family_ac0566dd944bc201,family_reference_Copy_at_tau,0.9333333333333332
transformer_l,same_family_donor,family_ac0566dd944bc201,family_reference_Copy_at_tau,0.8000000000000002
transformer_l,clean,family_fe2836cc1cef695c,family_reference_Copy_at_tau,1.0
transformer_l,unrelated_donor,family_fe2836cc1cef695c,family_reference_Copy_at_tau,0.9333333333333332
transformer_l,same_family_donor,family_fe2836cc1cef695c,family_reference_Copy_at_tau,1.0
transformer_l,clean,family_a03ac5414952d229,family_reference_Copy_at_tau,1.0
transformer_l,unrelated_donor,family_a03ac5414952d229,family_reference_Copy_at_tau,1.0
transformer_l,same_family_donor,family_a03ac5414952d229,family_reference_Copy_at_tau,1.0
transformer_l,clean,family_9ccd2f467361ebab,family_reference_Copy_at_tau,1.0
transformer_l,unrelated_donor,family_9ccd2f467361ebab,family_reference_Copy_at_tau,1.0
transformer_l,same_family_donor,family_9ccd2f467361ebab,family_reference_Copy_at_tau,1.0
transformer_l,clean,family_6f0024d47bda9a44,family_reference_Copy_at_tau,0.8666666666666667
transformer_l,unrelated_donor,family_6f0024d47bda9a44,family_reference_Copy_at_tau,1.0
transformer_l,same_family_donor,family_6f0024d47bda9a44,family_reference_Copy_at_tau,0.8666666666666667
transformer_l,clean,family_b88eee6ecd7ef6bc,family_reference_Copy_at_tau,1.0
transformer_l,unrelated_donor,family_b88eee6ecd7ef6bc,family_reference_Copy_at_tau,1.0
transformer_l,same_family_donor,family_b88eee6ecd7ef6bc,family_reference_Copy_at_tau,1.0
transformer_l,clean,family_3dffb074803c8f80,family_reference_Copy_at_tau,1.0
transformer_l,unrelated_donor,family_3dffb074803c8f80,family_reference_Copy_at_tau,1.0
transformer_l,same_family_donor,family_3dffb074803c8f80,family_reference_Copy_at_tau,1.0
transformer_l,clean,family_39849966d6043c11,family_reference_Copy_at_tau,0.4666666666666666
transformer_l,unrelated_donor,family_39849966d6043c11,family_reference_Copy_at_tau,0.6666666666666666
transformer_l,same_family_donor,family_39849966d6043c11,family_reference_Copy_at_tau,0.6
transformer_l,clean,family_f19aa9a5e722eb61,family_reference_Copy_at_tau,1.0
transformer_l,unrelated_donor,family_f19aa9a5e722eb61,family_reference_Copy_at_tau,1.0
transformer_l,same_family_donor,family_f19aa9a5e722eb61,family_reference_Copy_at_tau,1.0
transformer_l,clean,family_a95aeca85317a04d,family_reference_Copy_at_tau,0.8666666666666667
transformer_l,unrelated_donor,family_a95aeca85317a04d,family_reference_Copy_at_tau,1.0
transformer_l,same_family_donor,family_a95aeca85317a04d,family_reference_Copy_at_tau,1.0
transformer_l,clean,family_39f58e2fd604c61e,family_reference_Copy_at_tau,0.19999999999999998
transformer_l,unrelated_donor,family_39f58e2fd604c61e,family_reference_Copy_at_tau,0.13333333333333333
transformer_l,same_family_donor,family_39f58e2fd604c61e,family_reference_Copy_at_tau,0.19999999999999998
transformer_l,clean,family_af212e596b07120e,family_reference_Copy_at_tau,1.0
transformer_l,unrelated_donor,family_af212e596b07120e,family_reference_Copy_at_tau,0.9333333333333332
transformer_l,same_family_donor,family_af212e596b07120e,family_reference_Copy_at_tau,1.0
transformer_l,clean,family_961cefc620e3d5ab,family_reference_Copy_at_tau,1.0
transformer_l,unrelated_donor,family_961cefc620e3d5ab,family_reference_Copy_at_tau,1.0
transformer_l,same_family_donor,family_961cefc620e3d5ab,family_reference_Copy_at_tau,1.0
transformer_l,clean,family_2dbafe5054d4bee7,family_reference_Copy_at_tau,0.5333333333333333
transformer_l,unrelated_donor,family_2dbafe5054d4bee7,family_reference_Copy_at_tau,0.7333333333333334
transformer_l,same_family_donor,family_2dbafe5054d4bee7,family_reference_Copy_at_tau,0.5333333333333333
transformer_l,clean,family_0a0ff01b239a934a,family_reference_Copy_at_tau,0.6666666666666666
transformer_l,unrelated_donor,family_0a0ff01b239a934a,family_reference_Copy_at_tau,0.8666666666666667
transformer_l,same_family_donor,family_0a0ff01b239a934a,family_reference_Copy_at_tau,0.7333333333333334
transformer_l,clean,family_6a42731481dda124,family_reference_Copy_at_tau,0.8666666666666667
transformer_l,unrelated_donor,family_6a42731481dda124,family_reference_Copy_at_tau,0.8666666666666667
transformer_l,same_family_donor,family_6a42731481dda124,family_reference_Copy_at_tau,1.0
transformer_l,clean,family_e4e4467ef74cc720,family_reference_Copy_at_tau,0.06666666666666667
transformer_l,unrelated_donor,family_e4e4467ef74cc720,family_reference_Copy_at_tau,0.0
transformer_l,same_family_donor,family_e4e4467ef74cc720,family_reference_Copy_at_tau,0.0
transformer_l,clean,family_b324bd83d2be3825,family_reference_Copy_at_tau,1.0
transformer_l,unrelated_donor,family_b324bd83d2be3825,family_reference_Copy_at_tau,1.0
transformer_l,same_family_donor,family_b324bd83d2be3825,family_reference_Copy_at_tau,1.0
transformer_l,clean,family_59add5a121b9a616,family_reference_Copy_at_tau,1.0
transformer_l,unrelated_donor,family_59add5a121b9a616,family_reference_Copy_at_tau,1.0
transformer_l,same_family_donor,family_59add5a121b9a616,family_reference_Copy_at_tau,1.0
transformer_l,clean,family_4da27be0a15493fc,family_reference_Copy_at_tau,0.8000000000000002
transformer_l,unrelated_donor,family_4da27be0a15493fc,family_reference_Copy_at_tau,0.8666666666666667
transformer_l,same_family_donor,family_4da27be0a15493fc,family_reference_Copy_at_tau,0.7333333333333334
transformer_l,clean,family_0ecded087f80d73b,family_reference_Copy_at_tau,1.0
transformer_l,unrelated_donor,family_0ecded087f80d73b,family_reference_Copy_at_tau,1.0
transformer_l,same_family_donor,family_0ecded087f80d73b,family_reference_Copy_at_tau,1.0
transformer_l,clean,family_746d1e0c3274827f,family_reference_Copy_at_tau,1.0
transformer_l,unrelated_donor,family_746d1e0c3274827f,family_reference_Copy_at_tau,1.0
transformer_l,same_family_donor,family_746d1e0c3274827f,family_reference_Copy_at_tau,1.0
transformer_l,clean,family_6d17de7e325f25f8,family_reference_Copy_at_tau,1.0
transformer_l,unrelated_donor,family_6d17de7e325f25f8,family_reference_Copy_at_tau,1.0
transformer_l,same_family_donor,family_6d17de7e325f25f8,family_reference_Copy_at_tau,1.0
transformer_l,clean,family_67cf34a836b9cd6c,family_reference_Copy_at_tau,1.0
transformer_l,unrelated_donor,family_67cf34a836b9cd6c,family_reference_Copy_at_tau,1.0
transformer_l,same_family_donor,family_67cf34a836b9cd6c,family_reference_Copy_at_tau,1.0
transformer_l,clean,family_3bd7e5ca43f02666,family_reference_Copy_at_tau,0.9333333333333332
transformer_l,unrelated_donor,family_3bd7e5ca43f02666,family_reference_Copy_at_tau,1.0
transformer_l,same_family_donor,family_3bd7e5ca43f02666,family_reference_Copy_at_tau,1.0
transformer_l,clean,family_e2c30beb0d4abeae,family_reference_Copy_at_tau,0.8666666666666667
transformer_l,unrelated_donor,family_e2c30beb0d4abeae,family_reference_Copy_at_tau,0.9333333333333332
transformer_l,same_family_donor,family_e2c30beb0d4abeae,family_reference_Copy_at_tau,0.9333333333333332
transformer_l,clean,family_3fbe0e330aecdc00,family_reference_Copy_at_tau,0.06666666666666667
transformer_l,unrelated_donor,family_3fbe0e330aecdc00,family_reference_Copy_at_tau,0.20000000000000004
transformer_l,same_family_donor,family_3fbe0e330aecdc00,family_reference_Copy_at_tau,0.13333333333333333
transformer_l,clean,family_83b27a32aa56f9dc,family_reference_Copy_at_tau,1.0
transformer_l,unrelated_donor,family_83b27a32aa56f9dc,family_reference_Copy_at_tau,1.0
transformer_l,same_family_donor,family_83b27a32aa56f9dc,family_reference_Copy_at_tau,0.9333333333333332
transformer_l,clean,family_58c32a6b58cc329f,family_reference_Copy_at_tau,0.9333333333333332
transformer_l,unrelated_donor,family_58c32a6b58cc329f,family_reference_Copy_at_tau,1.0
transformer_l,same_family_donor,family_58c32a6b58cc329f,family_reference_Copy_at_tau,1.0
transformer_l,clean,family_853b6705e7d7e7a9,family_reference_Copy_at_tau,0.8666666666666667
transformer_l,unrelated_donor,family_853b6705e7d7e7a9,family_reference_Copy_at_tau,0.8666666666666667
transformer_l,same_family_donor,family_853b6705e7d7e7a9,family_reference_Copy_at_tau,0.9333333333333332
transformer_l,clean,family_5405158fe7a3977d,family_reference_Copy_at_tau,0.6000000000000001
transformer_l,unrelated_donor,family_5405158fe7a3977d,family_reference_Copy_at_tau,0.7333333333333334
transformer_l,same_family_donor,family_5405158fe7a3977d,family_reference_Copy_at_tau,0.8000000000000002
transformer_l,clean,family_e0f7e5849dbe9388,family_reference_Copy_at_tau,1.0
transformer_l,unrelated_donor,family_e0f7e5849dbe9388,family_reference_Copy_at_tau,1.0
transformer_l,same_family_donor,family_e0f7e5849dbe9388,family_reference_Copy_at_tau,1.0
transformer_l,clean,family_6fbe37a0a6611f64,family_reference_Copy_at_tau,1.0
transformer_l,unrelated_donor,family_6fbe37a0a6611f64,family_reference_Copy_at_tau,1.0
transformer_l,same_family_donor,family_6fbe37a0a6611f64,family_reference_Copy_at_tau,1.0
transformer_l,clean,family_3835425eafb00035,family_reference_Copy_at_tau,0.9333333333333332
transformer_l,unrelated_donor,family_3835425eafb00035,family_reference_Copy_at_tau,0.8666666666666667
transformer_l,same_family_donor,family_3835425eafb00035,family_reference_Copy_at_tau,0.8666666666666667
transformer_l,clean,family_4f1b63b3eef9f7d0,family_reference_Copy_at_tau,0.8666666666666667
transformer_l,unrelated_donor,family_4f1b63b3eef9f7d0,family_reference_Copy_at_tau,0.8000000000000002
transformer_l,same_family_donor,family_4f1b63b3eef9f7d0,family_reference_Copy_at_tau,0.8666666666666667
transformer_l,clean,family_8f08581ca21b6c6f,family_reference_Copy_at_tau,0.7333333333333334
transformer_l,unrelated_donor,family_8f08581ca21b6c6f,family_reference_Copy_at_tau,0.5333333333333333
transformer_l,same_family_donor,family_8f08581ca21b6c6f,family_reference_Copy_at_tau,0.9333333333333332
transformer_l,clean,family_db6398f302f77cb4,family_reference_Copy_at_tau,1.0
transformer_l,unrelated_donor,family_db6398f302f77cb4,family_reference_Copy_at_tau,1.0
transformer_l,same_family_donor,family_db6398f302f77cb4,family_reference_Copy_at_tau,1.0
transformer_l,clean,family_aad2d66dec95dc7a,family_reference_Copy_at_tau,1.0
transformer_l,unrelated_donor,family_aad2d66dec95dc7a,family_reference_Copy_at_tau,1.0
transformer_l,same_family_donor,family_aad2d66dec95dc7a,family_reference_Copy_at_tau,0.9333333333333332
transformer_l,clean,family_04795413b15e0b98,family_reference_Copy_at_tau,0.8666666666666667
transformer_l,unrelated_donor,family_04795413b15e0b98,family_reference_Copy_at_tau,0.8666666666666667
transformer_l,same_family_donor,family_04795413b15e0b98,family_reference_Copy_at_tau,0.6
transformer_l,clean,family_d4c8efafc098f593,family_reference_Copy_at_tau,1.0
transformer_l,unrelated_donor,family_d4c8efafc098f593,family_reference_Copy_at_tau,1.0
transformer_l,same_family_donor,family_d4c8efafc098f593,family_reference_Copy_at_tau,1.0
transformer_l,clean,family_30fbd9977a220042,family_reference_Copy_at_tau,1.0
transformer_l,unrelated_donor,family_30fbd9977a220042,family_reference_Copy_at_tau,1.0
transformer_l,same_family_donor,family_30fbd9977a220042,family_reference_Copy_at_tau,1.0
transformer_l,clean,family_2d3e3d92f30c4369,family_reference_Copy_at_tau,1.0
transformer_l,unrelated_donor,family_2d3e3d92f30c4369,family_reference_Copy_at_tau,1.0
transformer_l,same_family_donor,family_2d3e3d92f30c4369,family_reference_Copy_at_tau,1.0
transformer_l,clean,family_6342008bae187399,family_reference_Copy_at_tau,1.0
transformer_l,unrelated_donor,family_6342008bae187399,family_reference_Copy_at_tau,1.0
transformer_l,same_family_donor,family_6342008bae187399,family_reference_Copy_at_tau,1.0
transformer_l,clean,family_f60bd4cc83d02add,family_reference_Copy_at_tau,1.0
transformer_l,unrelated_donor,family_f60bd4cc83d02add,family_reference_Copy_at_tau,1.0
transformer_l,same_family_donor,family_f60bd4cc83d02add,family_reference_Copy_at_tau,0.9333333333333332
transformer_l,clean,family_08157e0ead630e5c,family_reference_Copy_at_tau,0.7333333333333334
transformer_l,unrelated_donor,family_08157e0ead630e5c,family_reference_Copy_at_tau,0.9333333333333332
transformer_l,same_family_donor,family_08157e0ead630e5c,family_reference_Copy_at_tau,0.7999999999999999
transformer_l,clean,family_0f71c7e0830e1d85,family_reference_Copy_at_tau,0.3333333333333333
transformer_l,unrelated_donor,family_0f71c7e0830e1d85,family_reference_Copy_at_tau,0.4666666666666666
transformer_l,same_family_donor,family_0f71c7e0830e1d85,family_reference_Copy_at_tau,0.6666666666666666
transformer_l,clean,family_be459453ebdfa1da,family_reference_Copy_at_tau,1.0
transformer_l,unrelated_donor,family_be459453ebdfa1da,family_reference_Copy_at_tau,0.8666666666666667
transformer_l,same_family_donor,family_be459453ebdfa1da,family_reference_Copy_at_tau,1.0
transformer_l,clean,family_a534382ff42b71fb,family_reference_Copy_at_tau,0.8666666666666667
transformer_l,unrelated_donor,family_a534382ff42b71fb,family_reference_Copy_at_tau,0.9333333333333332
transformer_l,same_family_donor,family_a534382ff42b71fb,family_reference_Copy_at_tau,0.7999999999999999
transformer_l,clean,family_e97b637c75aac2b5,family_reference_Copy_at_tau,0.7333333333333334
transformer_l,unrelated_donor,family_e97b637c75aac2b5,family_reference_Copy_at_tau,0.26666666666666666
transformer_l,same_family_donor,family_e97b637c75aac2b5,family_reference_Copy_at_tau,0.6000000000000001
transformer_l,clean,family_f0c0dd7c2f3b6a3f,family_reference_Copy_at_tau,1.0
transformer_l,unrelated_donor,family_f0c0dd7c2f3b6a3f,family_reference_Copy_at_tau,1.0
transformer_l,same_family_donor,family_f0c0dd7c2f3b6a3f,family_reference_Copy_at_tau,1.0
transformer_l,clean,family_c3ae851031cec2bb,family_reference_Copy_at_tau,0.7333333333333334
transformer_l,unrelated_donor,family_c3ae851031cec2bb,family_reference_Copy_at_tau,0.7333333333333334
transformer_l,same_family_donor,family_c3ae851031cec2bb,family_reference_Copy_at_tau,0.6666666666666666
transformer_l,clean,family_d0b38ee50d018148,family_reference_Copy_at_tau,1.0
transformer_l,unrelated_donor,family_d0b38ee50d018148,family_reference_Copy_at_tau,1.0
transformer_l,same_family_donor,family_d0b38ee50d018148,family_reference_Copy_at_tau,1.0
transformer_l,clean,family_c64269798048b60f,family_reference_Copy_at_tau,1.0
transformer_l,unrelated_donor,family_c64269798048b60f,family_reference_Copy_at_tau,1.0
transformer_l,same_family_donor,family_c64269798048b60f,family_reference_Copy_at_tau,1.0
transformer_l,clean,family_1cfa4116628ae42e,family_reference_Copy_at_tau,0.0
transformer_l,unrelated_donor,family_1cfa4116628ae42e,family_reference_Copy_at_tau,0.13333333333333333
transformer_l,same_family_donor,family_1cfa4116628ae42e,family_reference_Copy_at_tau,0.39999999999999997
transformer_l,clean,family_101bf32d18499c7d,family_reference_Copy_at_tau,1.0
transformer_l,unrelated_donor,family_101bf32d18499c7d,family_reference_Copy_at_tau,1.0
transformer_l,same_family_donor,family_101bf32d18499c7d,family_reference_Copy_at_tau,1.0
transformer_l,clean,family_52885ec61f0240b9,family_reference_Copy_at_tau,1.0
transformer_l,unrelated_donor,family_52885ec61f0240b9,family_reference_Copy_at_tau,0.9333333333333332
transformer_l,same_family_donor,family_52885ec61f0240b9,family_reference_Copy_at_tau,1.0
transformer_l,clean,family_8661140073b6a2ab,family_reference_Copy_at_tau,0.20000000000000004
transformer_l,unrelated_donor,family_8661140073b6a2ab,family_reference_Copy_at_tau,0.4000000000000001
transformer_l,same_family_donor,family_8661140073b6a2ab,family_reference_Copy_at_tau,0.06666666666666667
transformer_l,clean,family_eacebc389812585f,family_reference_Copy_at_tau,0.6666666666666666
transformer_l,unrelated_donor,family_eacebc389812585f,family_reference_Copy_at_tau,0.7333333333333334
transformer_l,same_family_donor,family_eacebc389812585f,family_reference_Copy_at_tau,0.7333333333333334
transformer_l,clean,family_23e85181dd747797,family_reference_Copy_at_tau,1.0
transformer_l,unrelated_donor,family_23e85181dd747797,family_reference_Copy_at_tau,1.0
transformer_l,same_family_donor,family_23e85181dd747797,family_reference_Copy_at_tau,1.0
transformer_l,clean,family_e3c89d0945320ec5,assigned_donor_longest_normalized_span,0.07395833333333333
transformer_l,unrelated_donor,family_e3c89d0945320ec5,assigned_donor_longest_normalized_span,0.033854166666666664
transformer_l,same_family_donor,family_e3c89d0945320ec5,assigned_donor_longest_normalized_span,0.07552083333333333
transformer_l,clean,family_5facacfb4d33d062,assigned_donor_longest_normalized_span,0.08020833333333334
transformer_l,unrelated_donor,family_5facacfb4d33d062,assigned_donor_longest_normalized_span,0.01875
transformer_l,same_family_donor,family_5facacfb4d33d062,assigned_donor_longest_normalized_span,0.07708333333333332
transformer_l,clean,family_15b8f6d235825863,assigned_donor_longest_normalized_span,0.059895833333333336
transformer_l,unrelated_donor,family_15b8f6d235825863,assigned_donor_longest_normalized_span,0.030208333333333334
transformer_l,same_family_donor,family_15b8f6d235825863,assigned_donor_longest_normalized_span,0.06614583333333333
transformer_l,clean,family_78031f033e192cce,assigned_donor_longest_normalized_span,0.10312500000000001
transformer_l,unrelated_donor,family_78031f033e192cce,assigned_donor_longest_normalized_span,0.024479166666666666
transformer_l,same_family_donor,family_78031f033e192cce,assigned_donor_longest_normalized_span,0.14114583333333333
transformer_l,clean,family_debbecc1e7f77f3e,assigned_donor_longest_normalized_span,0.1140625
transformer_l,unrelated_donor,family_debbecc1e7f77f3e,assigned_donor_longest_normalized_span,0.03489583333333333
transformer_l,same_family_donor,family_debbecc1e7f77f3e,assigned_donor_longest_normalized_span,0.12812500000000002
transformer_l,clean,family_5d6a15b20dff7233,assigned_donor_longest_normalized_span,0.08489583333333332
transformer_l,unrelated_donor,family_5d6a15b20dff7233,assigned_donor_longest_normalized_span,0.027083333333333334
transformer_l,same_family_donor,family_5d6a15b20dff7233,assigned_donor_longest_normalized_span,0.09999999999999999
transformer_l,clean,family_58a5b18cf3751bf1,assigned_donor_longest_normalized_span,0.09218749999999999
transformer_l,unrelated_donor,family_58a5b18cf3751bf1,assigned_donor_longest_normalized_span,0.029687500000000002
transformer_l,same_family_donor,family_58a5b18cf3751bf1,assigned_donor_longest_normalized_span,0.11822916666666666
transformer_l,clean,family_da2cbb03fa208ffc,assigned_donor_longest_normalized_span,0.03333333333333333
transformer_l,unrelated_donor,family_da2cbb03fa208ffc,assigned_donor_longest_normalized_span,0.03229166666666667
transformer_l,same_family_donor,family_da2cbb03fa208ffc,assigned_donor_longest_normalized_span,0.034895833333333334
transformer_l,clean,family_b3ba3218de08f591,assigned_donor_longest_normalized_span,0.05885416666666667
transformer_l,unrelated_donor,family_b3ba3218de08f591,assigned_donor_longest_normalized_span,0.02291666666666667
transformer_l,same_family_donor,family_b3ba3218de08f591,assigned_donor_longest_normalized_span,0.06354166666666668
transformer_l,clean,family_9edbfcdbf27d8472,assigned_donor_longest_normalized_span,0.05781250000000001
transformer_l,unrelated_donor,family_9edbfcdbf27d8472,assigned_donor_longest_normalized_span,0.034374999999999996
transformer_l,same_family_donor,family_9edbfcdbf27d8472,assigned_donor_longest_normalized_span,0.059895833333333336
transformer_l,clean,family_76f3986b08ecfc19,assigned_donor_longest_normalized_span,0.07447916666666667
transformer_l,unrelated_donor,family_76f3986b08ecfc19,assigned_donor_longest_normalized_span,0.017708333333333333
transformer_l,same_family_donor,family_76f3986b08ecfc19,assigned_donor_longest_normalized_span,0.10833333333333332
transformer_l,clean,family_5aaa5f6f546aa704,assigned_donor_longest_normalized_span,0.05833333333333333
transformer_l,unrelated_donor,family_5aaa5f6f546aa704,assigned_donor_longest_normalized_span,0.032812499999999994
transformer_l,same_family_donor,family_5aaa5f6f546aa704,assigned_donor_longest_normalized_span,0.059895833333333336
transformer_l,clean,family_38ddaabf01adae92,assigned_donor_longest_normalized_span,0.16718750000000002
transformer_l,unrelated_donor,family_38ddaabf01adae92,assigned_donor_longest_normalized_span,0.024999999999999998
transformer_l,same_family_donor,family_38ddaabf01adae92,assigned_donor_longest_normalized_span,0.17604166666666665
transformer_l,clean,family_5cc4efa05e4dc250,assigned_donor_longest_normalized_span,0.034895833333333334
transformer_l,unrelated_donor,family_5cc4efa05e4dc250,assigned_donor_longest_normalized_span,0.03125
transformer_l,same_family_donor,family_5cc4efa05e4dc250,assigned_donor_longest_normalized_span,0.03697916666666667
transformer_l,clean,family_3db848c291e71542,assigned_donor_longest_normalized_span,0.11666666666666665
transformer_l,unrelated_donor,family_3db848c291e71542,assigned_donor_longest_normalized_span,0.015625
transformer_l,same_family_donor,family_3db848c291e71542,assigned_donor_longest_normalized_span,0.15156250000000002
transformer_l,clean,family_4731a6d05dff34ce,assigned_donor_longest_normalized_span,0.05416666666666666
transformer_l,unrelated_donor,family_4731a6d05dff34ce,assigned_donor_longest_normalized_span,0.027083333333333334
transformer_l,same_family_donor,family_4731a6d05dff34ce,assigned_donor_longest_normalized_span,0.10213254593175854
transformer_l,clean,family_1a8ff9e18d3eabea,assigned_donor_longest_normalized_span,0.11875000000000001
transformer_l,unrelated_donor,family_1a8ff9e18d3eabea,assigned_donor_longest_normalized_span,0.035937500000000004
transformer_l,same_family_donor,family_1a8ff9e18d3eabea,assigned_donor_longest_normalized_span,0.10416666666666667
transformer_l,clean,family_774f10d6c3d75980,assigned_donor_longest_normalized_span,0.12031249999999999
transformer_l,unrelated_donor,family_774f10d6c3d75980,assigned_donor_longest_normalized_span,0.015625
transformer_l,same_family_donor,family_774f10d6c3d75980,assigned_donor_longest_normalized_span,0.10104166666666665
transformer_l,clean,family_7a300c986fbfa9f2,assigned_donor_longest_normalized_span,0.06458333333333334
transformer_l,unrelated_donor,family_7a300c986fbfa9f2,assigned_donor_longest_normalized_span,0.03072916666666667
transformer_l,same_family_donor,family_7a300c986fbfa9f2,assigned_donor_longest_normalized_span,0.05833333333333333
transformer_l,clean,family_d1a92696717aa9c2,assigned_donor_longest_normalized_span,0.09531250000000001
transformer_l,unrelated_donor,family_d1a92696717aa9c2,assigned_donor_longest_normalized_span,0.0390625
transformer_l,same_family_donor,family_d1a92696717aa9c2,assigned_donor_longest_normalized_span,0.10104166666666665
transformer_l,clean,family_2fe71bb032cb85fe,assigned_donor_longest_normalized_span,0.15364583333333334
transformer_l,unrelated_donor,family_2fe71bb032cb85fe,assigned_donor_longest_normalized_span,0.03125
transformer_l,same_family_donor,family_2fe71bb032cb85fe,assigned_donor_longest_normalized_span,0.14531249999999998
transformer_l,clean,family_348b29b5f47eda18,assigned_donor_longest_normalized_span,0.05625
transformer_l,unrelated_donor,family_348b29b5f47eda18,assigned_donor_longest_normalized_span,0.03906249999999999
transformer_l,same_family_donor,family_348b29b5f47eda18,assigned_donor_longest_normalized_span,0.056249999999999994
transformer_l,clean,family_fa3341292470541d,assigned_donor_longest_normalized_span,0.06614583333333333
transformer_l,unrelated_donor,family_fa3341292470541d,assigned_donor_longest_normalized_span,0.030208333333333334
transformer_l,same_family_donor,family_fa3341292470541d,assigned_donor_longest_normalized_span,0.0796875
transformer_l,clean,family_f99e7467cfd91d72,assigned_donor_longest_normalized_span,0.04010416666666667
transformer_l,unrelated_donor,family_f99e7467cfd91d72,assigned_donor_longest_normalized_span,0.03072916666666667
transformer_l,same_family_donor,family_f99e7467cfd91d72,assigned_donor_longest_normalized_span,0.03958333333333334
transformer_l,clean,family_776fb0c74fb6af96,assigned_donor_longest_normalized_span,0.07291666666666667
transformer_l,unrelated_donor,family_776fb0c74fb6af96,assigned_donor_longest_normalized_span,0.024479166666666666
transformer_l,same_family_donor,family_776fb0c74fb6af96,assigned_donor_longest_normalized_span,0.08020833333333333
transformer_l,clean,family_56b1bf9100abf79a,assigned_donor_longest_normalized_span,0.109375
transformer_l,unrelated_donor,family_56b1bf9100abf79a,assigned_donor_longest_normalized_span,0.03177083333333333
transformer_l,same_family_donor,family_56b1bf9100abf79a,assigned_donor_longest_normalized_span,0.16770833333333335
transformer_l,clean,family_f53ae103dc0def58,assigned_donor_longest_normalized_span,0.065625
transformer_l,unrelated_donor,family_f53ae103dc0def58,assigned_donor_longest_normalized_span,0.035416666666666666
transformer_l,same_family_donor,family_f53ae103dc0def58,assigned_donor_longest_normalized_span,0.05833333333333333
transformer_l,clean,family_c2d4ffa1539bdafe,assigned_donor_longest_normalized_span,0.06510416666666667
transformer_l,unrelated_donor,family_c2d4ffa1539bdafe,assigned_donor_longest_normalized_span,0.024999999999999998
transformer_l,same_family_donor,family_c2d4ffa1539bdafe,assigned_donor_longest_normalized_span,0.08125
transformer_l,clean,family_328dc279bafe7f69,assigned_donor_longest_normalized_span,0.05833333333333333
transformer_l,unrelated_donor,family_328dc279bafe7f69,assigned_donor_longest_normalized_span,0.022395833333333337
transformer_l,same_family_donor,family_328dc279bafe7f69,assigned_donor_longest_normalized_span,0.05520833333333334
transformer_l,clean,family_de67cf52f9a2ce89,assigned_donor_longest_normalized_span,0.0375
transformer_l,unrelated_donor,family_de67cf52f9a2ce89,assigned_donor_longest_normalized_span,0.024999999999999998
transformer_l,same_family_donor,family_de67cf52f9a2ce89,assigned_donor_longest_normalized_span,0.035937500000000004
transformer_l,clean,family_581cf690b70ed77f,assigned_donor_longest_normalized_span,0.0828125
transformer_l,unrelated_donor,family_581cf690b70ed77f,assigned_donor_longest_normalized_span,0.034375
transformer_l,same_family_donor,family_581cf690b70ed77f,assigned_donor_longest_normalized_span,0.09114583333333333
transformer_l,clean,family_5ebcadebe538bd59,assigned_donor_longest_normalized_span,0.03125
transformer_l,unrelated_donor,family_5ebcadebe538bd59,assigned_donor_longest_normalized_span,0.018750000000000003
transformer_l,same_family_donor,family_5ebcadebe538bd59,assigned_donor_longest_normalized_span,0.03125
transformer_l,clean,family_5fe0b889b5279fed,assigned_donor_longest_normalized_span,0.1421875
transformer_l,unrelated_donor,family_5fe0b889b5279fed,assigned_donor_longest_normalized_span,0.033854166666666664
transformer_l,same_family_donor,family_5fe0b889b5279fed,assigned_donor_longest_normalized_span,0.2270833333333333
transformer_l,clean,family_8aff46e64d1c8360,assigned_donor_longest_normalized_span,0.08437499999999999
transformer_l,unrelated_donor,family_8aff46e64d1c8360,assigned_donor_longest_normalized_span,0.034374999999999996
transformer_l,same_family_donor,family_8aff46e64d1c8360,assigned_donor_longest_normalized_span,0.09427083333333335
transformer_l,clean,family_c3abd4306e03adf2,assigned_donor_longest_normalized_span,0.08020833333333334
transformer_l,unrelated_donor,family_c3abd4306e03adf2,assigned_donor_longest_normalized_span,0.028125
transformer_l,same_family_donor,family_c3abd4306e03adf2,assigned_donor_longest_normalized_span,0.07864583333333332
transformer_l,clean,family_f77d449f1658a159,assigned_donor_longest_normalized_span,0.05104166666666667
transformer_l,unrelated_donor,family_f77d449f1658a159,assigned_donor_longest_normalized_span,0.016666666666666666
transformer_l,same_family_donor,family_f77d449f1658a159,assigned_donor_longest_normalized_span,0.052083333333333336
transformer_l,clean,family_121eefce620403f7,assigned_donor_longest_normalized_span,0.09270833333333334
transformer_l,unrelated_donor,family_121eefce620403f7,assigned_donor_longest_normalized_span,0.0234375
transformer_l,same_family_donor,family_121eefce620403f7,assigned_donor_longest_normalized_span,0.09531250000000001
transformer_l,clean,family_439fc19617b55d44,assigned_donor_longest_normalized_span,0.10989583333333335
transformer_l,unrelated_donor,family_439fc19617b55d44,assigned_donor_longest_normalized_span,0.035416666666666666
transformer_l,same_family_donor,family_439fc19617b55d44,assigned_donor_longest_normalized_span,0.11041666666666666
transformer_l,clean,family_7b8c8789f38183da,assigned_donor_longest_normalized_span,0.035937500000000004
transformer_l,unrelated_donor,family_7b8c8789f38183da,assigned_donor_longest_normalized_span,0.027604166666666666
transformer_l,same_family_donor,family_7b8c8789f38183da,assigned_donor_longest_normalized_span,0.03697916666666667
transformer_l,clean,family_7c104874587dddcc,assigned_donor_longest_normalized_span,0.06614583333333333
transformer_l,unrelated_donor,family_7c104874587dddcc,assigned_donor_longest_normalized_span,0.024479166666666666
transformer_l,same_family_donor,family_7c104874587dddcc,assigned_donor_longest_normalized_span,0.07135416666666668
transformer_l,clean,family_2eec85a0fe915e64,assigned_donor_longest_normalized_span,0.05885416666666667
transformer_l,unrelated_donor,family_2eec85a0fe915e64,assigned_donor_longest_normalized_span,0.03177083333333333
transformer_l,same_family_donor,family_2eec85a0fe915e64,assigned_donor_longest_normalized_span,0.05781250000000001
transformer_l,clean,family_ac0566dd944bc201,assigned_donor_longest_normalized_span,0.06197916666666667
transformer_l,unrelated_donor,family_ac0566dd944bc201,assigned_donor_longest_normalized_span,0.016145833333333335
transformer_l,same_family_donor,family_ac0566dd944bc201,assigned_donor_longest_normalized_span,0.06197916666666667
transformer_l,clean,family_fe2836cc1cef695c,assigned_donor_longest_normalized_span,0.06614583333333333
transformer_l,unrelated_donor,family_fe2836cc1cef695c,assigned_donor_longest_normalized_span,0.03125
transformer_l,same_family_donor,family_fe2836cc1cef695c,assigned_donor_longest_normalized_span,0.0828125
transformer_l,clean,family_a03ac5414952d229,assigned_donor_longest_normalized_span,0.09947916666666667
transformer_l,unrelated_donor,family_a03ac5414952d229,assigned_donor_longest_normalized_span,0.0234375
transformer_l,same_family_donor,family_a03ac5414952d229,assigned_donor_longest_normalized_span,0.09999999999999999
transformer_l,clean,family_9ccd2f467361ebab,assigned_donor_longest_normalized_span,0.05885416666666667
transformer_l,unrelated_donor,family_9ccd2f467361ebab,assigned_donor_longest_normalized_span,0.03125
transformer_l,same_family_donor,family_9ccd2f467361ebab,assigned_donor_longest_normalized_span,0.057812499999999996
transformer_l,clean,family_6f0024d47bda9a44,assigned_donor_longest_normalized_span,0.059895833333333336
transformer_l,unrelated_donor,family_6f0024d47bda9a44,assigned_donor_longest_normalized_span,0.030208333333333334
transformer_l,same_family_donor,family_6f0024d47bda9a44,assigned_donor_longest_normalized_span,0.059895833333333336
transformer_l,clean,family_b88eee6ecd7ef6bc,assigned_donor_longest_normalized_span,0.09270833333333334
transformer_l,unrelated_donor,family_b88eee6ecd7ef6bc,assigned_donor_longest_normalized_span,0.024479166666666666
transformer_l,same_family_donor,family_b88eee6ecd7ef6bc,assigned_donor_longest_normalized_span,0.11041666666666666
transformer_l,clean,family_3dffb074803c8f80,assigned_donor_longest_normalized_span,0.11666666666666665
transformer_l,unrelated_donor,family_3dffb074803c8f80,assigned_donor_longest_normalized_span,0.04479166666666667
transformer_l,same_family_donor,family_3dffb074803c8f80,assigned_donor_longest_normalized_span,0.13125
transformer_l,clean,family_39849966d6043c11,assigned_donor_longest_normalized_span,0.04583333333333334
transformer_l,unrelated_donor,family_39849966d6043c11,assigned_donor_longest_normalized_span,0.024999999999999998
transformer_l,same_family_donor,family_39849966d6043c11,assigned_donor_longest_normalized_span,0.05052083333333333
transformer_l,clean,family_f19aa9a5e722eb61,assigned_donor_longest_normalized_span,0.2203125
transformer_l,unrelated_donor,family_f19aa9a5e722eb61,assigned_donor_longest_normalized_span,0.03125
transformer_l,same_family_donor,family_f19aa9a5e722eb61,assigned_donor_longest_normalized_span,0.20572916666666666
transformer_l,clean,family_a95aeca85317a04d,assigned_donor_longest_normalized_span,0.0625
transformer_l,unrelated_donor,family_a95aeca85317a04d,assigned_donor_longest_normalized_span,0.0234375
transformer_l,same_family_donor,family_a95aeca85317a04d,assigned_donor_longest_normalized_span,0.078125
transformer_l,clean,family_39f58e2fd604c61e,assigned_donor_longest_normalized_span,0.03802083333333334
transformer_l,unrelated_donor,family_39f58e2fd604c61e,assigned_donor_longest_normalized_span,0.03125
transformer_l,same_family_donor,family_39f58e2fd604c61e,assigned_donor_longest_normalized_span,0.0375
transformer_l,clean,family_af212e596b07120e,assigned_donor_longest_normalized_span,0.07395833333333333
transformer_l,unrelated_donor,family_af212e596b07120e,assigned_donor_longest_normalized_span,0.024479166666666663
transformer_l,same_family_donor,family_af212e596b07120e,assigned_donor_longest_normalized_span,0.08229166666666667
transformer_l,clean,family_961cefc620e3d5ab,assigned_donor_longest_normalized_span,0.10677083333333333
transformer_l,unrelated_donor,family_961cefc620e3d5ab,assigned_donor_longest_normalized_span,0.03125
transformer_l,same_family_donor,family_961cefc620e3d5ab,assigned_donor_longest_normalized_span,0.11979166666666667
transformer_l,clean,family_2dbafe5054d4bee7,assigned_donor_longest_normalized_span,0.059375000000000004
transformer_l,unrelated_donor,family_2dbafe5054d4bee7,assigned_donor_longest_normalized_span,0.0234375
transformer_l,same_family_donor,family_2dbafe5054d4bee7,assigned_donor_longest_normalized_span,0.057812499999999996
transformer_l,clean,family_0a0ff01b239a934a,assigned_donor_longest_normalized_span,0.0625
transformer_l,unrelated_donor,family_0a0ff01b239a934a,assigned_donor_longest_normalized_span,0.03697916666666667
transformer_l,same_family_donor,family_0a0ff01b239a934a,assigned_donor_longest_normalized_span,0.05885416666666667
transformer_l,clean,family_6a42731481dda124,assigned_donor_longest_normalized_span,0.08177083333333333
transformer_l,unrelated_donor,family_6a42731481dda124,assigned_donor_longest_normalized_span,0.029166666666666664
transformer_l,same_family_donor,family_6a42731481dda124,assigned_donor_longest_normalized_span,0.1265625
transformer_l,clean,family_e4e4467ef74cc720,assigned_donor_longest_normalized_span,0.03229166666666667
transformer_l,unrelated_donor,family_e4e4467ef74cc720,assigned_donor_longest_normalized_span,0.02291666666666667
transformer_l,same_family_donor,family_e4e4467ef74cc720,assigned_donor_longest_normalized_span,0.03125
transformer_l,clean,family_b324bd83d2be3825,assigned_donor_longest_normalized_span,0.11614583333333334
transformer_l,unrelated_donor,family_b324bd83d2be3825,assigned_donor_longest_normalized_span,0.02291666666666667
transformer_l,same_family_donor,family_b324bd83d2be3825,assigned_donor_longest_normalized_span,0.13749999999999998
transformer_l,clean,family_59add5a121b9a616,assigned_donor_longest_normalized_span,0.09218749999999999
transformer_l,unrelated_donor,family_59add5a121b9a616,assigned_donor_longest_normalized_span,0.026041666666666668
transformer_l,same_family_donor,family_59add5a121b9a616,assigned_donor_longest_normalized_span,0.09479166666666666
transformer_l,clean,family_4da27be0a15493fc,assigned_donor_longest_normalized_span,0.05677083333333333
transformer_l,unrelated_donor,family_4da27be0a15493fc,assigned_donor_longest_normalized_span,0.03072916666666667
transformer_l,same_family_donor,family_4da27be0a15493fc,assigned_donor_longest_normalized_span,0.05572916666666666
transformer_l,clean,family_0ecded087f80d73b,assigned_donor_longest_normalized_span,0.0609375
transformer_l,unrelated_donor,family_0ecded087f80d73b,assigned_donor_longest_normalized_span,0.0265625
transformer_l,same_family_donor,family_0ecded087f80d73b,assigned_donor_longest_normalized_span,0.06354166666666666
transformer_l,clean,family_746d1e0c3274827f,assigned_donor_longest_normalized_span,0.14583333333333334
transformer_l,unrelated_donor,family_746d1e0c3274827f,assigned_donor_longest_normalized_span,0.016666666666666666
transformer_l,same_family_donor,family_746d1e0c3274827f,assigned_donor_longest_normalized_span,0.13072916666666667
transformer_l,clean,family_6d17de7e325f25f8,assigned_donor_longest_normalized_span,0.1395833333333333
transformer_l,unrelated_donor,family_6d17de7e325f25f8,assigned_donor_longest_normalized_span,0.03541666666666667
transformer_l,same_family_donor,family_6d17de7e325f25f8,assigned_donor_longest_normalized_span,0.13489583333333333
transformer_l,clean,family_67cf34a836b9cd6c,assigned_donor_longest_normalized_span,0.10052083333333334
transformer_l,unrelated_donor,family_67cf34a836b9cd6c,assigned_donor_longest_normalized_span,0.026562500000000003
transformer_l,same_family_donor,family_67cf34a836b9cd6c,assigned_donor_longest_normalized_span,0.09791666666666667
transformer_l,clean,family_3bd7e5ca43f02666,assigned_donor_longest_normalized_span,0.16718749999999996
transformer_l,unrelated_donor,family_3bd7e5ca43f02666,assigned_donor_longest_normalized_span,0.03125
transformer_l,same_family_donor,family_3bd7e5ca43f02666,assigned_donor_longest_normalized_span,0.2489583333333333
transformer_l,clean,family_e2c30beb0d4abeae,assigned_donor_longest_normalized_span,0.057291666666666664
transformer_l,unrelated_donor,family_e2c30beb0d4abeae,assigned_donor_longest_normalized_span,0.034895833333333334
transformer_l,same_family_donor,family_e2c30beb0d4abeae,assigned_donor_longest_normalized_span,0.05260416666666667
transformer_l,clean,family_3fbe0e330aecdc00,assigned_donor_longest_normalized_span,0.033854166666666664
transformer_l,unrelated_donor,family_3fbe0e330aecdc00,assigned_donor_longest_normalized_span,0.029166666666666664
transformer_l,same_family_donor,family_3fbe0e330aecdc00,assigned_donor_longest_normalized_span,0.033854166666666664
transformer_l,clean,family_83b27a32aa56f9dc,assigned_donor_longest_normalized_span,0.06614583333333333
transformer_l,unrelated_donor,family_83b27a32aa56f9dc,assigned_donor_longest_normalized_span,0.025000000000000005
transformer_l,same_family_donor,family_83b27a32aa56f9dc,assigned_donor_longest_normalized_span,0.06041666666666667
transformer_l,clean,family_58c32a6b58cc329f,assigned_donor_longest_normalized_span,0.12343749999999999
transformer_l,unrelated_donor,family_58c32a6b58cc329f,assigned_donor_longest_normalized_span,0.019270833333333334
transformer_l,same_family_donor,family_58c32a6b58cc329f,assigned_donor_longest_normalized_span,0.0984375
transformer_l,clean,family_853b6705e7d7e7a9,assigned_donor_longest_normalized_span,0.05833333333333333
transformer_l,unrelated_donor,family_853b6705e7d7e7a9,assigned_donor_longest_normalized_span,0.026041666666666668
transformer_l,same_family_donor,family_853b6705e7d7e7a9,assigned_donor_longest_normalized_span,0.06510416666666666
transformer_l,clean,family_5405158fe7a3977d,assigned_donor_longest_normalized_span,0.05260416666666667
transformer_l,unrelated_donor,family_5405158fe7a3977d,assigned_donor_longest_normalized_span,0.032812499999999994
transformer_l,same_family_donor,family_5405158fe7a3977d,assigned_donor_longest_normalized_span,0.057812499999999996
transformer_l,clean,family_e0f7e5849dbe9388,assigned_donor_longest_normalized_span,0.11562499999999999
transformer_l,unrelated_donor,family_e0f7e5849dbe9388,assigned_donor_longest_normalized_span,0.029687500000000002
transformer_l,same_family_donor,family_e0f7e5849dbe9388,assigned_donor_longest_normalized_span,0.11770833333333335
transformer_l,clean,family_6fbe37a0a6611f64,assigned_donor_longest_normalized_span,0.09947916666666667
transformer_l,unrelated_donor,family_6fbe37a0a6611f64,assigned_donor_longest_normalized_span,0.015625
transformer_l,same_family_donor,family_6fbe37a0a6611f64,assigned_donor_longest_normalized_span,0.07968750000000001
transformer_l,clean,family_3835425eafb00035,assigned_donor_longest_normalized_span,0.08177083333333333
transformer_l,unrelated_donor,family_3835425eafb00035,assigned_donor_longest_normalized_span,0.034374999999999996
transformer_l,same_family_donor,family_3835425eafb00035,assigned_donor_longest_normalized_span,0.07656249999999999
transformer_l,clean,family_4f1b63b3eef9f7d0,assigned_donor_longest_normalized_span,0.06145833333333333
transformer_l,unrelated_donor,family_4f1b63b3eef9f7d0,assigned_donor_longest_normalized_span,0.029166666666666664
transformer_l,same_family_donor,family_4f1b63b3eef9f7d0,assigned_donor_longest_normalized_span,0.06874999999999999
transformer_l,clean,family_8f08581ca21b6c6f,assigned_donor_longest_normalized_span,0.07395833333333333
transformer_l,unrelated_donor,family_8f08581ca21b6c6f,assigned_donor_longest_normalized_span,0.03385416666666667
transformer_l,same_family_donor,family_8f08581ca21b6c6f,assigned_donor_longest_normalized_span,0.0703125
transformer_l,clean,family_db6398f302f77cb4,assigned_donor_longest_normalized_span,0.10208333333333335
transformer_l,unrelated_donor,family_db6398f302f77cb4,assigned_donor_longest_normalized_span,0.029166666666666664
transformer_l,same_family_donor,family_db6398f302f77cb4,assigned_donor_longest_normalized_span,0.1265625
transformer_l,clean,family_aad2d66dec95dc7a,assigned_donor_longest_normalized_span,0.1265625
transformer_l,unrelated_donor,family_aad2d66dec95dc7a,assigned_donor_longest_normalized_span,0.03802083333333334
transformer_l,same_family_donor,family_aad2d66dec95dc7a,assigned_donor_longest_normalized_span,0.1546875
transformer_l,clean,family_04795413b15e0b98,assigned_donor_longest_normalized_span,0.09531250000000001
transformer_l,unrelated_donor,family_04795413b15e0b98,assigned_donor_longest_normalized_span,0.030208333333333334
transformer_l,same_family_donor,family_04795413b15e0b98,assigned_donor_longest_normalized_span,0.0625
transformer_l,clean,family_d4c8efafc098f593,assigned_donor_longest_normalized_span,0.06614583333333333
transformer_l,unrelated_donor,family_d4c8efafc098f593,assigned_donor_longest_normalized_span,0.034375
transformer_l,same_family_donor,family_d4c8efafc098f593,assigned_donor_longest_normalized_span,0.07135416666666666
transformer_l,clean,family_30fbd9977a220042,assigned_donor_longest_normalized_span,0.10104166666666665
transformer_l,unrelated_donor,family_30fbd9977a220042,assigned_donor_longest_normalized_span,0.02291666666666667
transformer_l,same_family_donor,family_30fbd9977a220042,assigned_donor_longest_normalized_span,0.15625
transformer_l,clean,family_2d3e3d92f30c4369,assigned_donor_longest_normalized_span,0.159375
transformer_l,unrelated_donor,family_2d3e3d92f30c4369,assigned_donor_longest_normalized_span,0.0328125
transformer_l,same_family_donor,family_2d3e3d92f30c4369,assigned_donor_longest_normalized_span,0.203125
transformer_l,clean,family_6342008bae187399,assigned_donor_longest_normalized_span,0.11666666666666665
transformer_l,unrelated_donor,family_6342008bae187399,assigned_donor_longest_normalized_span,0.017187499999999998
transformer_l,same_family_donor,family_6342008bae187399,assigned_donor_longest_normalized_span,0.1625
transformer_l,clean,family_f60bd4cc83d02add,assigned_donor_longest_normalized_span,0.09427083333333335
transformer_l,unrelated_donor,family_f60bd4cc83d02add,assigned_donor_longest_normalized_span,0.020312499999999997
transformer_l,same_family_donor,family_f60bd4cc83d02add,assigned_donor_longest_normalized_span,0.09375
transformer_l,clean,family_08157e0ead630e5c,assigned_donor_longest_normalized_span,0.07604166666666666
transformer_l,unrelated_donor,family_08157e0ead630e5c,assigned_donor_longest_normalized_span,0.03229166666666667
transformer_l,same_family_donor,family_08157e0ead630e5c,assigned_donor_longest_normalized_span,0.08802083333333333
transformer_l,clean,family_0f71c7e0830e1d85,assigned_donor_longest_normalized_span,0.04270833333333333
transformer_l,unrelated_donor,family_0f71c7e0830e1d85,assigned_donor_longest_normalized_span,0.02291666666666667
transformer_l,same_family_donor,family_0f71c7e0830e1d85,assigned_donor_longest_normalized_span,0.0484375
transformer_l,clean,family_be459453ebdfa1da,assigned_donor_longest_normalized_span,0.0859375
transformer_l,unrelated_donor,family_be459453ebdfa1da,assigned_donor_longest_normalized_span,0.0328125
transformer_l,same_family_donor,family_be459453ebdfa1da,assigned_donor_longest_normalized_span,0.10208333333333335
transformer_l,clean,family_a534382ff42b71fb,assigned_donor_longest_normalized_span,0.09010416666666667
transformer_l,unrelated_donor,family_a534382ff42b71fb,assigned_donor_longest_normalized_span,0.03125
transformer_l,same_family_donor,family_a534382ff42b71fb,assigned_donor_longest_normalized_span,0.09895833333333333
transformer_l,clean,family_e97b637c75aac2b5,assigned_donor_longest_normalized_span,0.05364583333333334
transformer_l,unrelated_donor,family_e97b637c75aac2b5,assigned_donor_longest_normalized_span,0.028124999999999997
transformer_l,same_family_donor,family_e97b637c75aac2b5,assigned_donor_longest_normalized_span,0.05364583333333334
transformer_l,clean,family_f0c0dd7c2f3b6a3f,assigned_donor_longest_normalized_span,0.09999999999999999
transformer_l,unrelated_donor,family_f0c0dd7c2f3b6a3f,assigned_donor_longest_normalized_span,0.07291666666666667
transformer_l,same_family_donor,family_f0c0dd7c2f3b6a3f,assigned_donor_longest_normalized_span,0.0984375
transformer_l,clean,family_c3ae851031cec2bb,assigned_donor_longest_normalized_span,0.05260416666666667
transformer_l,unrelated_donor,family_c3ae851031cec2bb,assigned_donor_longest_normalized_span,0.032812499999999994
transformer_l,same_family_donor,family_c3ae851031cec2bb,assigned_donor_longest_normalized_span,0.06302083333333333
transformer_l,clean,family_d0b38ee50d018148,assigned_donor_longest_normalized_span,0.20000000000000004
transformer_l,unrelated_donor,family_d0b38ee50d018148,assigned_donor_longest_normalized_span,0.029166666666666664
transformer_l,same_family_donor,family_d0b38ee50d018148,assigned_donor_longest_normalized_span,0.196875
transformer_l,clean,family_c64269798048b60f,assigned_donor_longest_normalized_span,0.16302083333333334
transformer_l,unrelated_donor,family_c64269798048b60f,assigned_donor_longest_normalized_span,0.025520833333333336
transformer_l,same_family_donor,family_c64269798048b60f,assigned_donor_longest_normalized_span,0.18489583333333334
transformer_l,clean,family_1cfa4116628ae42e,assigned_donor_longest_normalized_span,0.0328125
transformer_l,unrelated_donor,family_1cfa4116628ae42e,assigned_donor_longest_normalized_span,0.028125
transformer_l,same_family_donor,family_1cfa4116628ae42e,assigned_donor_longest_normalized_span,0.0453125
transformer_l,clean,family_101bf32d18499c7d,assigned_donor_longest_normalized_span,0.08802083333333333
transformer_l,unrelated_donor,family_101bf32d18499c7d,assigned_donor_longest_normalized_span,0.015625
transformer_l,same_family_donor,family_101bf32d18499c7d,assigned_donor_longest_normalized_span,0.07239583333333334
transformer_l,clean,family_52885ec61f0240b9,assigned_donor_longest_normalized_span,0.10364583333333333
transformer_l,unrelated_donor,family_52885ec61f0240b9,assigned_donor_longest_normalized_span,0.0203125
transformer_l,same_family_donor,family_52885ec61f0240b9,assigned_donor_longest_normalized_span,0.234375
transformer_l,clean,family_8661140073b6a2ab,assigned_donor_longest_normalized_span,0.035937500000000004
transformer_l,unrelated_donor,family_8661140073b6a2ab,assigned_donor_longest_normalized_span,0.033854166666666664
transformer_l,same_family_donor,family_8661140073b6a2ab,assigned_donor_longest_normalized_span,0.03541666666666667
transformer_l,clean,family_eacebc389812585f,assigned_donor_longest_normalized_span,0.057812499999999996
transformer_l,unrelated_donor,family_eacebc389812585f,assigned_donor_longest_normalized_span,0.03072916666666667
transformer_l,same_family_donor,family_eacebc389812585f,assigned_donor_longest_normalized_span,0.075
transformer_l,clean,family_23e85181dd747797,assigned_donor_longest_normalized_span,0.06979166666666667
transformer_l,unrelated_donor,family_23e85181dd747797,assigned_donor_longest_normalized_span,0.030208333333333334
transformer_l,same_family_donor,family_23e85181dd747797,assigned_donor_longest_normalized_span,0.06979166666666667
transformer_l,clean,family_e3c89d0945320ec5,assigned_donor_Copy_at_tau,0.8000000000000002
transformer_l,unrelated_donor,family_e3c89d0945320ec5,assigned_donor_Copy_at_tau,0.13333333333333333
transformer_l,same_family_donor,family_e3c89d0945320ec5,assigned_donor_Copy_at_tau,0.7333333333333334
transformer_l,clean,family_5facacfb4d33d062,assigned_donor_Copy_at_tau,0.9333333333333332
transformer_l,unrelated_donor,family_5facacfb4d33d062,assigned_donor_Copy_at_tau,0.0
transformer_l,same_family_donor,family_5facacfb4d33d062,assigned_donor_Copy_at_tau,0.8000000000000002
transformer_l,clean,family_15b8f6d235825863,assigned_donor_Copy_at_tau,0.8666666666666667
transformer_l,unrelated_donor,family_15b8f6d235825863,assigned_donor_Copy_at_tau,0.0
transformer_l,same_family_donor,family_15b8f6d235825863,assigned_donor_Copy_at_tau,0.7333333333333334
transformer_l,clean,family_78031f033e192cce,assigned_donor_Copy_at_tau,1.0
transformer_l,unrelated_donor,family_78031f033e192cce,assigned_donor_Copy_at_tau,0.0
transformer_l,same_family_donor,family_78031f033e192cce,assigned_donor_Copy_at_tau,1.0
transformer_l,clean,family_debbecc1e7f77f3e,assigned_donor_Copy_at_tau,1.0
transformer_l,unrelated_donor,family_debbecc1e7f77f3e,assigned_donor_Copy_at_tau,0.20000000000000004
transformer_l,same_family_donor,family_debbecc1e7f77f3e,assigned_donor_Copy_at_tau,1.0
transformer_l,clean,family_5d6a15b20dff7233,assigned_donor_Copy_at_tau,0.9333333333333332
transformer_l,unrelated_donor,family_5d6a15b20dff7233,assigned_donor_Copy_at_tau,0.0
transformer_l,same_family_donor,family_5d6a15b20dff7233,assigned_donor_Copy_at_tau,1.0
transformer_l,clean,family_58a5b18cf3751bf1,assigned_donor_Copy_at_tau,1.0
transformer_l,unrelated_donor,family_58a5b18cf3751bf1,assigned_donor_Copy_at_tau,0.0
transformer_l,same_family_donor,family_58a5b18cf3751bf1,assigned_donor_Copy_at_tau,1.0
transformer_l,clean,family_da2cbb03fa208ffc,assigned_donor_Copy_at_tau,0.06666666666666667
transformer_l,unrelated_donor,family_da2cbb03fa208ffc,assigned_donor_Copy_at_tau,0.06666666666666667
transformer_l,same_family_donor,family_da2cbb03fa208ffc,assigned_donor_Copy_at_tau,0.13333333333333333
transformer_l,clean,family_b3ba3218de08f591,assigned_donor_Copy_at_tau,1.0
transformer_l,unrelated_donor,family_b3ba3218de08f591,assigned_donor_Copy_at_tau,0.0
transformer_l,same_family_donor,family_b3ba3218de08f591,assigned_donor_Copy_at_tau,1.0
transformer_l,clean,family_9edbfcdbf27d8472,assigned_donor_Copy_at_tau,1.0
transformer_l,unrelated_donor,family_9edbfcdbf27d8472,assigned_donor_Copy_at_tau,0.06666666666666667
transformer_l,same_family_donor,family_9edbfcdbf27d8472,assigned_donor_Copy_at_tau,1.0
transformer_l,clean,family_76f3986b08ecfc19,assigned_donor_Copy_at_tau,1.0
transformer_l,unrelated_donor,family_76f3986b08ecfc19,assigned_donor_Copy_at_tau,0.0
transformer_l,same_family_donor,family_76f3986b08ecfc19,assigned_donor_Copy_at_tau,1.0
transformer_l,clean,family_5aaa5f6f546aa704,assigned_donor_Copy_at_tau,0.8000000000000002
transformer_l,unrelated_donor,family_5aaa5f6f546aa704,assigned_donor_Copy_at_tau,0.06666666666666667
transformer_l,same_family_donor,family_5aaa5f6f546aa704,assigned_donor_Copy_at_tau,0.6666666666666666
transformer_l,clean,family_38ddaabf01adae92,assigned_donor_Copy_at_tau,1.0
transformer_l,unrelated_donor,family_38ddaabf01adae92,assigned_donor_Copy_at_tau,0.0
transformer_l,same_family_donor,family_38ddaabf01adae92,assigned_donor_Copy_at_tau,1.0
transformer_l,clean,family_5cc4efa05e4dc250,assigned_donor_Copy_at_tau,0.0
transformer_l,unrelated_donor,family_5cc4efa05e4dc250,assigned_donor_Copy_at_tau,0.0
transformer_l,same_family_donor,family_5cc4efa05e4dc250,assigned_donor_Copy_at_tau,0.0
transformer_l,clean,family_3db848c291e71542,assigned_donor_Copy_at_tau,1.0
transformer_l,unrelated_donor,family_3db848c291e71542,assigned_donor_Copy_at_tau,0.0
transformer_l,same_family_donor,family_3db848c291e71542,assigned_donor_Copy_at_tau,1.0
transformer_l,clean,family_4731a6d05dff34ce,assigned_donor_Copy_at_tau,0.7333333333333334
transformer_l,unrelated_donor,family_4731a6d05dff34ce,assigned_donor_Copy_at_tau,0.0
transformer_l,same_family_donor,family_4731a6d05dff34ce,assigned_donor_Copy_at_tau,1.0
transformer_l,clean,family_1a8ff9e18d3eabea,assigned_donor_Copy_at_tau,1.0
transformer_l,unrelated_donor,family_1a8ff9e18d3eabea,assigned_donor_Copy_at_tau,0.13333333333333333
transformer_l,same_family_donor,family_1a8ff9e18d3eabea,assigned_donor_Copy_at_tau,1.0
transformer_l,clean,family_774f10d6c3d75980,assigned_donor_Copy_at_tau,0.9333333333333332
transformer_l,unrelated_donor,family_774f10d6c3d75980,assigned_donor_Copy_at_tau,0.0
transformer_l,same_family_donor,family_774f10d6c3d75980,assigned_donor_Copy_at_tau,1.0
transformer_l,clean,family_7a300c986fbfa9f2,assigned_donor_Copy_at_tau,0.9333333333333332
transformer_l,unrelated_donor,family_7a300c986fbfa9f2,assigned_donor_Copy_at_tau,0.0
transformer_l,same_family_donor,family_7a300c986fbfa9f2,assigned_donor_Copy_at_tau,0.6666666666666666
transformer_l,clean,family_d1a92696717aa9c2,assigned_donor_Copy_at_tau,1.0
transformer_l,unrelated_donor,family_d1a92696717aa9c2,assigned_donor_Copy_at_tau,0.3333333333333333
transformer_l,same_family_donor,family_d1a92696717aa9c2,assigned_donor_Copy_at_tau,1.0
transformer_l,clean,family_2fe71bb032cb85fe,assigned_donor_Copy_at_tau,1.0
transformer_l,unrelated_donor,family_2fe71bb032cb85fe,assigned_donor_Copy_at_tau,0.0
transformer_l,same_family_donor,family_2fe71bb032cb85fe,assigned_donor_Copy_at_tau,1.0
transformer_l,clean,family_348b29b5f47eda18,assigned_donor_Copy_at_tau,0.8666666666666667
transformer_l,unrelated_donor,family_348b29b5f47eda18,assigned_donor_Copy_at_tau,0.13333333333333333
transformer_l,same_family_donor,family_348b29b5f47eda18,assigned_donor_Copy_at_tau,0.8000000000000002
transformer_l,clean,family_fa3341292470541d,assigned_donor_Copy_at_tau,1.0
transformer_l,unrelated_donor,family_fa3341292470541d,assigned_donor_Copy_at_tau,0.0
transformer_l,same_family_donor,family_fa3341292470541d,assigned_donor_Copy_at_tau,0.9333333333333332
transformer_l,clean,family_f99e7467cfd91d72,assigned_donor_Copy_at_tau,0.20000000000000004
transformer_l,unrelated_donor,family_f99e7467cfd91d72,assigned_donor_Copy_at_tau,0.20000000000000004
transformer_l,same_family_donor,family_f99e7467cfd91d72,assigned_donor_Copy_at_tau,0.13333333333333333
transformer_l,clean,family_776fb0c74fb6af96,assigned_donor_Copy_at_tau,1.0
transformer_l,unrelated_donor,family_776fb0c74fb6af96,assigned_donor_Copy_at_tau,0.0
transformer_l,same_family_donor,family_776fb0c74fb6af96,assigned_donor_Copy_at_tau,1.0
transformer_l,clean,family_56b1bf9100abf79a,assigned_donor_Copy_at_tau,0.9333333333333332
transformer_l,unrelated_donor,family_56b1bf9100abf79a,assigned_donor_Copy_at_tau,0.0
transformer_l,same_family_donor,family_56b1bf9100abf79a,assigned_donor_Copy_at_tau,1.0
transformer_l,clean,family_f53ae103dc0def58,assigned_donor_Copy_at_tau,0.7333333333333334
transformer_l,unrelated_donor,family_f53ae103dc0def58,assigned_donor_Copy_at_tau,0.0
transformer_l,same_family_donor,family_f53ae103dc0def58,assigned_donor_Copy_at_tau,0.6666666666666666
transformer_l,clean,family_c2d4ffa1539bdafe,assigned_donor_Copy_at_tau,0.7999999999999999
transformer_l,unrelated_donor,family_c2d4ffa1539bdafe,assigned_donor_Copy_at_tau,0.0
transformer_l,same_family_donor,family_c2d4ffa1539bdafe,assigned_donor_Copy_at_tau,1.0
transformer_l,clean,family_328dc279bafe7f69,assigned_donor_Copy_at_tau,0.7999999999999999
transformer_l,unrelated_donor,family_328dc279bafe7f69,assigned_donor_Copy_at_tau,0.0
transformer_l,same_family_donor,family_328dc279bafe7f69,assigned_donor_Copy_at_tau,0.8000000000000002
transformer_l,clean,family_de67cf52f9a2ce89,assigned_donor_Copy_at_tau,0.26666666666666666
transformer_l,unrelated_donor,family_de67cf52f9a2ce89,assigned_donor_Copy_at_tau,0.0
transformer_l,same_family_donor,family_de67cf52f9a2ce89,assigned_donor_Copy_at_tau,0.20000000000000004
transformer_l,clean,family_581cf690b70ed77f,assigned_donor_Copy_at_tau,0.8666666666666667
transformer_l,unrelated_donor,family_581cf690b70ed77f,assigned_donor_Copy_at_tau,0.0
transformer_l,same_family_donor,family_581cf690b70ed77f,assigned_donor_Copy_at_tau,1.0
transformer_l,clean,family_5ebcadebe538bd59,assigned_donor_Copy_at_tau,0.0
transformer_l,unrelated_donor,family_5ebcadebe538bd59,assigned_donor_Copy_at_tau,0.0
transformer_l,same_family_donor,family_5ebcadebe538bd59,assigned_donor_Copy_at_tau,0.0
transformer_l,clean,family_5fe0b889b5279fed,assigned_donor_Copy_at_tau,1.0
transformer_l,unrelated_donor,family_5fe0b889b5279fed,assigned_donor_Copy_at_tau,0.06666666666666667
transformer_l,same_family_donor,family_5fe0b889b5279fed,assigned_donor_Copy_at_tau,1.0
transformer_l,clean,family_8aff46e64d1c8360,assigned_donor_Copy_at_tau,1.0
transformer_l,unrelated_donor,family_8aff46e64d1c8360,assigned_donor_Copy_at_tau,0.20000000000000004
transformer_l,same_family_donor,family_8aff46e64d1c8360,assigned_donor_Copy_at_tau,1.0
transformer_l,clean,family_c3abd4306e03adf2,assigned_donor_Copy_at_tau,1.0
transformer_l,unrelated_donor,family_c3abd4306e03adf2,assigned_donor_Copy_at_tau,0.0
transformer_l,same_family_donor,family_c3abd4306e03adf2,assigned_donor_Copy_at_tau,1.0
transformer_l,clean,family_f77d449f1658a159,assigned_donor_Copy_at_tau,0.7333333333333334
transformer_l,unrelated_donor,family_f77d449f1658a159,assigned_donor_Copy_at_tau,0.0
transformer_l,same_family_donor,family_f77d449f1658a159,assigned_donor_Copy_at_tau,0.6
transformer_l,clean,family_121eefce620403f7,assigned_donor_Copy_at_tau,1.0
transformer_l,unrelated_donor,family_121eefce620403f7,assigned_donor_Copy_at_tau,0.0
transformer_l,same_family_donor,family_121eefce620403f7,assigned_donor_Copy_at_tau,1.0
transformer_l,clean,family_439fc19617b55d44,assigned_donor_Copy_at_tau,1.0
transformer_l,unrelated_donor,family_439fc19617b55d44,assigned_donor_Copy_at_tau,0.0
transformer_l,same_family_donor,family_439fc19617b55d44,assigned_donor_Copy_at_tau,1.0
transformer_l,clean,family_7b8c8789f38183da,assigned_donor_Copy_at_tau,0.06666666666666667
transformer_l,unrelated_donor,family_7b8c8789f38183da,assigned_donor_Copy_at_tau,0.06666666666666667
transformer_l,same_family_donor,family_7b8c8789f38183da,assigned_donor_Copy_at_tau,0.13333333333333333
transformer_l,clean,family_7c104874587dddcc,assigned_donor_Copy_at_tau,0.8666666666666667
transformer_l,unrelated_donor,family_7c104874587dddcc,assigned_donor_Copy_at_tau,0.0
transformer_l,same_family_donor,family_7c104874587dddcc,assigned_donor_Copy_at_tau,1.0
transformer_l,clean,family_2eec85a0fe915e64,assigned_donor_Copy_at_tau,0.9333333333333332
transformer_l,unrelated_donor,family_2eec85a0fe915e64,assigned_donor_Copy_at_tau,0.0
transformer_l,same_family_donor,family_2eec85a0fe915e64,assigned_donor_Copy_at_tau,0.8000000000000002
transformer_l,clean,family_ac0566dd944bc201,assigned_donor_Copy_at_tau,0.9333333333333332
transformer_l,unrelated_donor,family_ac0566dd944bc201,assigned_donor_Copy_at_tau,0.0
transformer_l,same_family_donor,family_ac0566dd944bc201,assigned_donor_Copy_at_tau,0.8000000000000002
transformer_l,clean,family_fe2836cc1cef695c,assigned_donor_Copy_at_tau,1.0
transformer_l,unrelated_donor,family_fe2836cc1cef695c,assigned_donor_Copy_at_tau,0.0
transformer_l,same_family_donor,family_fe2836cc1cef695c,assigned_donor_Copy_at_tau,1.0
transformer_l,clean,family_a03ac5414952d229,assigned_donor_Copy_at_tau,1.0
transformer_l,unrelated_donor,family_a03ac5414952d229,assigned_donor_Copy_at_tau,0.0
transformer_l,same_family_donor,family_a03ac5414952d229,assigned_donor_Copy_at_tau,1.0
transformer_l,clean,family_9ccd2f467361ebab,assigned_donor_Copy_at_tau,1.0
transformer_l,unrelated_donor,family_9ccd2f467361ebab,assigned_donor_Copy_at_tau,0.0
transformer_l,same_family_donor,family_9ccd2f467361ebab,assigned_donor_Copy_at_tau,1.0
transformer_l,clean,family_6f0024d47bda9a44,assigned_donor_Copy_at_tau,0.8666666666666667
transformer_l,unrelated_donor,family_6f0024d47bda9a44,assigned_donor_Copy_at_tau,0.0
transformer_l,same_family_donor,family_6f0024d47bda9a44,assigned_donor_Copy_at_tau,0.8666666666666667
transformer_l,clean,family_b88eee6ecd7ef6bc,assigned_donor_Copy_at_tau,1.0
transformer_l,unrelated_donor,family_b88eee6ecd7ef6bc,assigned_donor_Copy_at_tau,0.0
transformer_l,same_family_donor,family_b88eee6ecd7ef6bc,assigned_donor_Copy_at_tau,1.0
transformer_l,clean,family_3dffb074803c8f80,assigned_donor_Copy_at_tau,1.0
transformer_l,unrelated_donor,family_3dffb074803c8f80,assigned_donor_Copy_at_tau,0.8666666666666667
transformer_l,same_family_donor,family_3dffb074803c8f80,assigned_donor_Copy_at_tau,1.0
transformer_l,clean,family_39849966d6043c11,assigned_donor_Copy_at_tau,0.4666666666666666
transformer_l,unrelated_donor,family_39849966d6043c11,assigned_donor_Copy_at_tau,0.0
transformer_l,same_family_donor,family_39849966d6043c11,assigned_donor_Copy_at_tau,0.6
transformer_l,clean,family_f19aa9a5e722eb61,assigned_donor_Copy_at_tau,1.0
transformer_l,unrelated_donor,family_f19aa9a5e722eb61,assigned_donor_Copy_at_tau,0.0
transformer_l,same_family_donor,family_f19aa9a5e722eb61,assigned_donor_Copy_at_tau,1.0
transformer_l,clean,family_a95aeca85317a04d,assigned_donor_Copy_at_tau,0.8666666666666667
transformer_l,unrelated_donor,family_a95aeca85317a04d,assigned_donor_Copy_at_tau,0.0
transformer_l,same_family_donor,family_a95aeca85317a04d,assigned_donor_Copy_at_tau,1.0
transformer_l,clean,family_39f58e2fd604c61e,assigned_donor_Copy_at_tau,0.19999999999999998
transformer_l,unrelated_donor,family_39f58e2fd604c61e,assigned_donor_Copy_at_tau,0.0
transformer_l,same_family_donor,family_39f58e2fd604c61e,assigned_donor_Copy_at_tau,0.19999999999999998
transformer_l,clean,family_af212e596b07120e,assigned_donor_Copy_at_tau,1.0
transformer_l,unrelated_donor,family_af212e596b07120e,assigned_donor_Copy_at_tau,0.0
transformer_l,same_family_donor,family_af212e596b07120e,assigned_donor_Copy_at_tau,1.0
transformer_l,clean,family_961cefc620e3d5ab,assigned_donor_Copy_at_tau,1.0
transformer_l,unrelated_donor,family_961cefc620e3d5ab,assigned_donor_Copy_at_tau,0.0
transformer_l,same_family_donor,family_961cefc620e3d5ab,assigned_donor_Copy_at_tau,1.0
transformer_l,clean,family_2dbafe5054d4bee7,assigned_donor_Copy_at_tau,0.5333333333333333
transformer_l,unrelated_donor,family_2dbafe5054d4bee7,assigned_donor_Copy_at_tau,0.0
transformer_l,same_family_donor,family_2dbafe5054d4bee7,assigned_donor_Copy_at_tau,0.5333333333333333
transformer_l,clean,family_0a0ff01b239a934a,assigned_donor_Copy_at_tau,0.6666666666666666
transformer_l,unrelated_donor,family_0a0ff01b239a934a,assigned_donor_Copy_at_tau,0.19999999999999998
transformer_l,same_family_donor,family_0a0ff01b239a934a,assigned_donor_Copy_at_tau,0.7333333333333334
transformer_l,clean,family_6a42731481dda124,assigned_donor_Copy_at_tau,0.8666666666666667
transformer_l,unrelated_donor,family_6a42731481dda124,assigned_donor_Copy_at_tau,0.06666666666666667
transformer_l,same_family_donor,family_6a42731481dda124,assigned_donor_Copy_at_tau,1.0
transformer_l,clean,family_e4e4467ef74cc720,assigned_donor_Copy_at_tau,0.06666666666666667
transformer_l,unrelated_donor,family_e4e4467ef74cc720,assigned_donor_Copy_at_tau,0.0
transformer_l,same_family_donor,family_e4e4467ef74cc720,assigned_donor_Copy_at_tau,0.0
transformer_l,clean,family_b324bd83d2be3825,assigned_donor_Copy_at_tau,1.0
transformer_l,unrelated_donor,family_b324bd83d2be3825,assigned_donor_Copy_at_tau,0.0
transformer_l,same_family_donor,family_b324bd83d2be3825,assigned_donor_Copy_at_tau,1.0
transformer_l,clean,family_59add5a121b9a616,assigned_donor_Copy_at_tau,1.0
transformer_l,unrelated_donor,family_59add5a121b9a616,assigned_donor_Copy_at_tau,0.0
transformer_l,same_family_donor,family_59add5a121b9a616,assigned_donor_Copy_at_tau,1.0
transformer_l,clean,family_4da27be0a15493fc,assigned_donor_Copy_at_tau,0.8000000000000002
transformer_l,unrelated_donor,family_4da27be0a15493fc,assigned_donor_Copy_at_tau,0.0
transformer_l,same_family_donor,family_4da27be0a15493fc,assigned_donor_Copy_at_tau,0.7333333333333334
transformer_l,clean,family_0ecded087f80d73b,assigned_donor_Copy_at_tau,1.0
transformer_l,unrelated_donor,family_0ecded087f80d73b,assigned_donor_Copy_at_tau,0.0
transformer_l,same_family_donor,family_0ecded087f80d73b,assigned_donor_Copy_at_tau,1.0
transformer_l,clean,family_746d1e0c3274827f,assigned_donor_Copy_at_tau,1.0
transformer_l,unrelated_donor,family_746d1e0c3274827f,assigned_donor_Copy_at_tau,0.0
transformer_l,same_family_donor,family_746d1e0c3274827f,assigned_donor_Copy_at_tau,1.0
transformer_l,clean,family_6d17de7e325f25f8,assigned_donor_Copy_at_tau,1.0
transformer_l,unrelated_donor,family_6d17de7e325f25f8,assigned_donor_Copy_at_tau,0.26666666666666666
transformer_l,same_family_donor,family_6d17de7e325f25f8,assigned_donor_Copy_at_tau,1.0
transformer_l,clean,family_67cf34a836b9cd6c,assigned_donor_Copy_at_tau,1.0
transformer_l,unrelated_donor,family_67cf34a836b9cd6c,assigned_donor_Copy_at_tau,0.0
transformer_l,same_family_donor,family_67cf34a836b9cd6c,assigned_donor_Copy_at_tau,1.0
transformer_l,clean,family_3bd7e5ca43f02666,assigned_donor_Copy_at_tau,0.9333333333333332
transformer_l,unrelated_donor,family_3bd7e5ca43f02666,assigned_donor_Copy_at_tau,0.0
transformer_l,same_family_donor,family_3bd7e5ca43f02666,assigned_donor_Copy_at_tau,1.0
transformer_l,clean,family_e2c30beb0d4abeae,assigned_donor_Copy_at_tau,0.8666666666666667
transformer_l,unrelated_donor,family_e2c30beb0d4abeae,assigned_donor_Copy_at_tau,0.13333333333333333
transformer_l,same_family_donor,family_e2c30beb0d4abeae,assigned_donor_Copy_at_tau,0.9333333333333332
transformer_l,clean,family_3fbe0e330aecdc00,assigned_donor_Copy_at_tau,0.06666666666666667
transformer_l,unrelated_donor,family_3fbe0e330aecdc00,assigned_donor_Copy_at_tau,0.06666666666666667
transformer_l,same_family_donor,family_3fbe0e330aecdc00,assigned_donor_Copy_at_tau,0.13333333333333333
transformer_l,clean,family_83b27a32aa56f9dc,assigned_donor_Copy_at_tau,1.0
transformer_l,unrelated_donor,family_83b27a32aa56f9dc,assigned_donor_Copy_at_tau,0.0
transformer_l,same_family_donor,family_83b27a32aa56f9dc,assigned_donor_Copy_at_tau,0.9333333333333332
transformer_l,clean,family_58c32a6b58cc329f,assigned_donor_Copy_at_tau,0.9333333333333332
transformer_l,unrelated_donor,family_58c32a6b58cc329f,assigned_donor_Copy_at_tau,0.0
transformer_l,same_family_donor,family_58c32a6b58cc329f,assigned_donor_Copy_at_tau,1.0
transformer_l,clean,family_853b6705e7d7e7a9,assigned_donor_Copy_at_tau,0.8666666666666667
transformer_l,unrelated_donor,family_853b6705e7d7e7a9,assigned_donor_Copy_at_tau,0.0
transformer_l,same_family_donor,family_853b6705e7d7e7a9,assigned_donor_Copy_at_tau,0.9333333333333332
transformer_l,clean,family_5405158fe7a3977d,assigned_donor_Copy_at_tau,0.6000000000000001
transformer_l,unrelated_donor,family_5405158fe7a3977d,assigned_donor_Copy_at_tau,0.06666666666666667
transformer_l,same_family_donor,family_5405158fe7a3977d,assigned_donor_Copy_at_tau,0.8000000000000002
transformer_l,clean,family_e0f7e5849dbe9388,assigned_donor_Copy_at_tau,1.0
transformer_l,unrelated_donor,family_e0f7e5849dbe9388,assigned_donor_Copy_at_tau,0.0
transformer_l,same_family_donor,family_e0f7e5849dbe9388,assigned_donor_Copy_at_tau,1.0
transformer_l,clean,family_6fbe37a0a6611f64,assigned_donor_Copy_at_tau,1.0
transformer_l,unrelated_donor,family_6fbe37a0a6611f64,assigned_donor_Copy_at_tau,0.0
transformer_l,same_family_donor,family_6fbe37a0a6611f64,assigned_donor_Copy_at_tau,1.0
transformer_l,clean,family_3835425eafb00035,assigned_donor_Copy_at_tau,0.9333333333333332
transformer_l,unrelated_donor,family_3835425eafb00035,assigned_donor_Copy_at_tau,0.0
transformer_l,same_family_donor,family_3835425eafb00035,assigned_donor_Copy_at_tau,0.8666666666666667
transformer_l,clean,family_4f1b63b3eef9f7d0,assigned_donor_Copy_at_tau,0.8666666666666667
transformer_l,unrelated_donor,family_4f1b63b3eef9f7d0,assigned_donor_Copy_at_tau,0.0
transformer_l,same_family_donor,family_4f1b63b3eef9f7d0,assigned_donor_Copy_at_tau,0.8666666666666667
transformer_l,clean,family_8f08581ca21b6c6f,assigned_donor_Copy_at_tau,0.7333333333333334
transformer_l,unrelated_donor,family_8f08581ca21b6c6f,assigned_donor_Copy_at_tau,0.06666666666666667
transformer_l,same_family_donor,family_8f08581ca21b6c6f,assigned_donor_Copy_at_tau,0.9333333333333332
transformer_l,clean,family_db6398f302f77cb4,assigned_donor_Copy_at_tau,1.0
transformer_l,unrelated_donor,family_db6398f302f77cb4,assigned_donor_Copy_at_tau,0.0
transformer_l,same_family_donor,family_db6398f302f77cb4,assigned_donor_Copy_at_tau,1.0
transformer_l,clean,family_aad2d66dec95dc7a,assigned_donor_Copy_at_tau,1.0
transformer_l,unrelated_donor,family_aad2d66dec95dc7a,assigned_donor_Copy_at_tau,0.06666666666666667
transformer_l,same_family_donor,family_aad2d66dec95dc7a,assigned_donor_Copy_at_tau,0.9333333333333332
transformer_l,clean,family_04795413b15e0b98,assigned_donor_Copy_at_tau,0.8666666666666667
transformer_l,unrelated_donor,family_04795413b15e0b98,assigned_donor_Copy_at_tau,0.13333333333333333
transformer_l,same_family_donor,family_04795413b15e0b98,assigned_donor_Copy_at_tau,0.6
transformer_l,clean,family_d4c8efafc098f593,assigned_donor_Copy_at_tau,1.0
transformer_l,unrelated_donor,family_d4c8efafc098f593,assigned_donor_Copy_at_tau,0.0
transformer_l,same_family_donor,family_d4c8efafc098f593,assigned_donor_Copy_at_tau,1.0
transformer_l,clean,family_30fbd9977a220042,assigned_donor_Copy_at_tau,1.0
transformer_l,unrelated_donor,family_30fbd9977a220042,assigned_donor_Copy_at_tau,0.0
transformer_l,same_family_donor,family_30fbd9977a220042,assigned_donor_Copy_at_tau,1.0
transformer_l,clean,family_2d3e3d92f30c4369,assigned_donor_Copy_at_tau,1.0
transformer_l,unrelated_donor,family_2d3e3d92f30c4369,assigned_donor_Copy_at_tau,0.06666666666666667
transformer_l,same_family_donor,family_2d3e3d92f30c4369,assigned_donor_Copy_at_tau,1.0
transformer_l,clean,family_6342008bae187399,assigned_donor_Copy_at_tau,1.0
transformer_l,unrelated_donor,family_6342008bae187399,assigned_donor_Copy_at_tau,0.0
transformer_l,same_family_donor,family_6342008bae187399,assigned_donor_Copy_at_tau,1.0
transformer_l,clean,family_f60bd4cc83d02add,assigned_donor_Copy_at_tau,1.0
transformer_l,unrelated_donor,family_f60bd4cc83d02add,assigned_donor_Copy_at_tau,0.0
transformer_l,same_family_donor,family_f60bd4cc83d02add,assigned_donor_Copy_at_tau,0.9333333333333332
transformer_l,clean,family_08157e0ead630e5c,assigned_donor_Copy_at_tau,0.7333333333333334
transformer_l,unrelated_donor,family_08157e0ead630e5c,assigned_donor_Copy_at_tau,0.0
transformer_l,same_family_donor,family_08157e0ead630e5c,assigned_donor_Copy_at_tau,0.7999999999999999
transformer_l,clean,family_0f71c7e0830e1d85,assigned_donor_Copy_at_tau,0.3333333333333333
transformer_l,unrelated_donor,family_0f71c7e0830e1d85,assigned_donor_Copy_at_tau,0.06666666666666667
transformer_l,same_family_donor,family_0f71c7e0830e1d85,assigned_donor_Copy_at_tau,0.6666666666666666
transformer_l,clean,family_be459453ebdfa1da,assigned_donor_Copy_at_tau,1.0
transformer_l,unrelated_donor,family_be459453ebdfa1da,assigned_donor_Copy_at_tau,0.0
transformer_l,same_family_donor,family_be459453ebdfa1da,assigned_donor_Copy_at_tau,1.0
transformer_l,clean,family_a534382ff42b71fb,assigned_donor_Copy_at_tau,0.8666666666666667
transformer_l,unrelated_donor,family_a534382ff42b71fb,assigned_donor_Copy_at_tau,0.0
transformer_l,same_family_donor,family_a534382ff42b71fb,assigned_donor_Copy_at_tau,0.7999999999999999
transformer_l,clean,family_e97b637c75aac2b5,assigned_donor_Copy_at_tau,0.7333333333333334
transformer_l,unrelated_donor,family_e97b637c75aac2b5,assigned_donor_Copy_at_tau,0.0
transformer_l,same_family_donor,family_e97b637c75aac2b5,assigned_donor_Copy_at_tau,0.6000000000000001
transformer_l,clean,family_f0c0dd7c2f3b6a3f,assigned_donor_Copy_at_tau,1.0
transformer_l,unrelated_donor,family_f0c0dd7c2f3b6a3f,assigned_donor_Copy_at_tau,1.0
transformer_l,same_family_donor,family_f0c0dd7c2f3b6a3f,assigned_donor_Copy_at_tau,1.0
transformer_l,clean,family_c3ae851031cec2bb,assigned_donor_Copy_at_tau,0.7333333333333334
transformer_l,unrelated_donor,family_c3ae851031cec2bb,assigned_donor_Copy_at_tau,0.06666666666666667
transformer_l,same_family_donor,family_c3ae851031cec2bb,assigned_donor_Copy_at_tau,0.6666666666666666
transformer_l,clean,family_d0b38ee50d018148,assigned_donor_Copy_at_tau,1.0
transformer_l,unrelated_donor,family_d0b38ee50d018148,assigned_donor_Copy_at_tau,0.0
transformer_l,same_family_donor,family_d0b38ee50d018148,assigned_donor_Copy_at_tau,1.0
transformer_l,clean,family_c64269798048b60f,assigned_donor_Copy_at_tau,1.0
transformer_l,unrelated_donor,family_c64269798048b60f,assigned_donor_Copy_at_tau,0.0
transformer_l,same_family_donor,family_c64269798048b60f,assigned_donor_Copy_at_tau,1.0
transformer_l,clean,family_1cfa4116628ae42e,assigned_donor_Copy_at_tau,0.0
transformer_l,unrelated_donor,family_1cfa4116628ae42e,assigned_donor_Copy_at_tau,0.06666666666666667
transformer_l,same_family_donor,family_1cfa4116628ae42e,assigned_donor_Copy_at_tau,0.39999999999999997
transformer_l,clean,family_101bf32d18499c7d,assigned_donor_Copy_at_tau,1.0
transformer_l,unrelated_donor,family_101bf32d18499c7d,assigned_donor_Copy_at_tau,0.0
transformer_l,same_family_donor,family_101bf32d18499c7d,assigned_donor_Copy_at_tau,1.0
transformer_l,clean,family_52885ec61f0240b9,assigned_donor_Copy_at_tau,1.0
transformer_l,unrelated_donor,family_52885ec61f0240b9,assigned_donor_Copy_at_tau,0.0
transformer_l,same_family_donor,family_52885ec61f0240b9,assigned_donor_Copy_at_tau,1.0
transformer_l,clean,family_8661140073b6a2ab,assigned_donor_Copy_at_tau,0.20000000000000004
transformer_l,unrelated_donor,family_8661140073b6a2ab,assigned_donor_Copy_at_tau,0.06666666666666667
transformer_l,same_family_donor,family_8661140073b6a2ab,assigned_donor_Copy_at_tau,0.06666666666666667
transformer_l,clean,family_eacebc389812585f,assigned_donor_Copy_at_tau,0.6666666666666666
transformer_l,unrelated_donor,family_eacebc389812585f,assigned_donor_Copy_at_tau,0.0
transformer_l,same_family_donor,family_eacebc389812585f,assigned_donor_Copy_at_tau,0.7333333333333334
transformer_l,clean,family_23e85181dd747797,assigned_donor_Copy_at_tau,1.0
transformer_l,unrelated_donor,family_23e85181dd747797,assigned_donor_Copy_at_tau,0.0
transformer_l,same_family_donor,family_23e85181dd747797,assigned_donor_Copy_at_tau,1.0
transformer_l,clean,family_e3c89d0945320ec5,pitch_4gram_overlap,0.009666425205649547
transformer_l,unrelated_donor,family_e3c89d0945320ec5,pitch_4gram_overlap,0.011500640514245168
transformer_l,same_family_donor,family_e3c89d0945320ec5,pitch_4gram_overlap,0.011018449983248345
transformer_l,clean,family_5facacfb4d33d062,pitch_4gram_overlap,0.019241448442322794
transformer_l,unrelated_donor,family_5facacfb4d33d062,pitch_4gram_overlap,0.018990946449575993
transformer_l,same_family_donor,family_5facacfb4d33d062,pitch_4gram_overlap,0.01693113142292302
transformer_l,clean,family_15b8f6d235825863,pitch_4gram_overlap,0.029959087595813408
transformer_l,unrelated_donor,family_15b8f6d235825863,pitch_4gram_overlap,0.022834285796589443
transformer_l,same_family_donor,family_15b8f6d235825863,pitch_4gram_overlap,0.022637155080904896
transformer_l,clean,family_78031f033e192cce,pitch_4gram_overlap,0.015080945968537393
transformer_l,unrelated_donor,family_78031f033e192cce,pitch_4gram_overlap,0.015936238993232644
transformer_l,same_family_donor,family_78031f033e192cce,pitch_4gram_overlap,0.030564278487195316
transformer_l,clean,family_debbecc1e7f77f3e,pitch_4gram_overlap,0.034967455470883174
transformer_l,unrelated_donor,family_debbecc1e7f77f3e,pitch_4gram_overlap,0.032362377266102506
transformer_l,same_family_donor,family_debbecc1e7f77f3e,pitch_4gram_overlap,0.05201693431467492
transformer_l,clean,family_5d6a15b20dff7233,pitch_4gram_overlap,0.008056535330528955
transformer_l,unrelated_donor,family_5d6a15b20dff7233,pitch_4gram_overlap,0.00405878497129841
transformer_l,same_family_donor,family_5d6a15b20dff7233,pitch_4gram_overlap,0.023561159662462878
transformer_l,clean,family_58a5b18cf3751bf1,pitch_4gram_overlap,0.008879912217037461
transformer_l,unrelated_donor,family_58a5b18cf3751bf1,pitch_4gram_overlap,0.01769070693074155
transformer_l,same_family_donor,family_58a5b18cf3751bf1,pitch_4gram_overlap,0.02265179911682494
transformer_l,clean,family_da2cbb03fa208ffc,pitch_4gram_overlap,0.052122788872892935
transformer_l,unrelated_donor,family_da2cbb03fa208ffc,pitch_4gram_overlap,0.07541599573396486
transformer_l,same_family_donor,family_da2cbb03fa208ffc,pitch_4gram_overlap,0.06694041383115516
transformer_l,clean,family_b3ba3218de08f591,pitch_4gram_overlap,0.00469035389539175
transformer_l,unrelated_donor,family_b3ba3218de08f591,pitch_4gram_overlap,0.005602198577234325
transformer_l,same_family_donor,family_b3ba3218de08f591,pitch_4gram_overlap,0.0081088896235499
transformer_l,clean,family_9edbfcdbf27d8472,pitch_4gram_overlap,0.007305343574758929
transformer_l,unrelated_donor,family_9edbfcdbf27d8472,pitch_4gram_overlap,0.006634456177299059
transformer_l,same_family_donor,family_9edbfcdbf27d8472,pitch_4gram_overlap,0.011552596949367486
transformer_l,clean,family_76f3986b08ecfc19,pitch_4gram_overlap,0.004662082550291386
transformer_l,unrelated_donor,family_76f3986b08ecfc19,pitch_4gram_overlap,0.0036724750263446224
transformer_l,same_family_donor,family_76f3986b08ecfc19,pitch_4gram_overlap,0.013493528249886028
transformer_l,clean,family_5aaa5f6f546aa704,pitch_4gram_overlap,0.0071600106376611084
transformer_l,unrelated_donor,family_5aaa5f6f546aa704,pitch_4gram_overlap,0.01521810290929009
transformer_l,same_family_donor,family_5aaa5f6f546aa704,pitch_4gram_overlap,0.01592539062558954
transformer_l,clean,family_38ddaabf01adae92,pitch_4gram_overlap,0.03739794315583017
transformer_l,unrelated_donor,family_38ddaabf01adae92,pitch_4gram_overlap,0.03069373596693306
transformer_l,same_family_donor,family_38ddaabf01adae92,pitch_4gram_overlap,0.03942268432730601
transformer_l,clean,family_5cc4efa05e4dc250,pitch_4gram_overlap,0.03806167468434512
transformer_l,unrelated_donor,family_5cc4efa05e4dc250,pitch_4gram_overlap,0.049547076114872635
transformer_l,same_family_donor,family_5cc4efa05e4dc250,pitch_4gram_overlap,0.056264574698485885
transformer_l,clean,family_3db848c291e71542,pitch_4gram_overlap,0.0063974403159455075
transformer_l,unrelated_donor,family_3db848c291e71542,pitch_4gram_overlap,0.01212273855367751
transformer_l,same_family_donor,family_3db848c291e71542,pitch_4gram_overlap,0.013711532500009829
transformer_l,clean,family_4731a6d05dff34ce,pitch_4gram_overlap,0.0
transformer_l,unrelated_donor,family_4731a6d05dff34ce,pitch_4gram_overlap,0.0
transformer_l,same_family_donor,family_4731a6d05dff34ce,pitch_4gram_overlap,0.0014634839443023585
transformer_l,clean,family_1a8ff9e18d3eabea,pitch_4gram_overlap,0.03154058139594844
transformer_l,unrelated_donor,family_1a8ff9e18d3eabea,pitch_4gram_overlap,0.032079881499221224
transformer_l,same_family_donor,family_1a8ff9e18d3eabea,pitch_4gram_overlap,0.02755628698206733
transformer_l,clean,family_774f10d6c3d75980,pitch_4gram_overlap,0.013182850968879584
transformer_l,unrelated_donor,family_774f10d6c3d75980,pitch_4gram_overlap,0.013040121031162111
transformer_l,same_family_donor,family_774f10d6c3d75980,pitch_4gram_overlap,0.01122085707313318
transformer_l,clean,family_7a300c986fbfa9f2,pitch_4gram_overlap,0.0084947049042548
transformer_l,unrelated_donor,family_7a300c986fbfa9f2,pitch_4gram_overlap,0.006351387072519393
transformer_l,same_family_donor,family_7a300c986fbfa9f2,pitch_4gram_overlap,0.010430476278998733
transformer_l,clean,family_d1a92696717aa9c2,pitch_4gram_overlap,0.013203002965082483
transformer_l,unrelated_donor,family_d1a92696717aa9c2,pitch_4gram_overlap,0.012221895596414822
transformer_l,same_family_donor,family_d1a92696717aa9c2,pitch_4gram_overlap,0.01981627663325533
transformer_l,clean,family_2fe71bb032cb85fe,pitch_4gram_overlap,0.042522484865482296
transformer_l,unrelated_donor,family_2fe71bb032cb85fe,pitch_4gram_overlap,0.04310874046205628
transformer_l,same_family_donor,family_2fe71bb032cb85fe,pitch_4gram_overlap,0.035267613788931416
transformer_l,clean,family_348b29b5f47eda18,pitch_4gram_overlap,0.012300716917408736
transformer_l,unrelated_donor,family_348b29b5f47eda18,pitch_4gram_overlap,0.0145863750475817
transformer_l,same_family_donor,family_348b29b5f47eda18,pitch_4gram_overlap,0.017978829221825473
transformer_l,clean,family_fa3341292470541d,pitch_4gram_overlap,0.010387940649463223
transformer_l,unrelated_donor,family_fa3341292470541d,pitch_4gram_overlap,0.011131188927449019
transformer_l,same_family_donor,family_fa3341292470541d,pitch_4gram_overlap,0.014008754402189799
transformer_l,clean,family_f99e7467cfd91d72,pitch_4gram_overlap,0.005406537947170085
transformer_l,unrelated_donor,family_f99e7467cfd91d72,pitch_4gram_overlap,0.0025328799235403575
transformer_l,same_family_donor,family_f99e7467cfd91d72,pitch_4gram_overlap,0.00670106006515486
transformer_l,clean,family_776fb0c74fb6af96,pitch_4gram_overlap,0.01808611273519225
transformer_l,unrelated_donor,family_776fb0c74fb6af96,pitch_4gram_overlap,0.024806518867851037
transformer_l,same_family_donor,family_776fb0c74fb6af96,pitch_4gram_overlap,0.05344192787262652
transformer_l,clean,family_56b1bf9100abf79a,pitch_4gram_overlap,0.015018110822965303
transformer_l,unrelated_donor,family_56b1bf9100abf79a,pitch_4gram_overlap,0.012924297305226732
transformer_l,same_family_donor,family_56b1bf9100abf79a,pitch_4gram_overlap,0.017358433272955998
transformer_l,clean,family_f53ae103dc0def58,pitch_4gram_overlap,0.007873128190742233
transformer_l,unrelated_donor,family_f53ae103dc0def58,pitch_4gram_overlap,0.012510146497399637
transformer_l,same_family_donor,family_f53ae103dc0def58,pitch_4gram_overlap,0.018040032531803366
transformer_l,clean,family_c2d4ffa1539bdafe,pitch_4gram_overlap,0.007719541864603094
transformer_l,unrelated_donor,family_c2d4ffa1539bdafe,pitch_4gram_overlap,0.010640760413451513
transformer_l,same_family_donor,family_c2d4ffa1539bdafe,pitch_4gram_overlap,0.0386821547012634
transformer_l,clean,family_328dc279bafe7f69,pitch_4gram_overlap,0.013750455975232494
transformer_l,unrelated_donor,family_328dc279bafe7f69,pitch_4gram_overlap,0.01873972358023208
transformer_l,same_family_donor,family_328dc279bafe7f69,pitch_4gram_overlap,0.013659003145716594
transformer_l,clean,family_de67cf52f9a2ce89,pitch_4gram_overlap,0.003393158681912481
transformer_l,unrelated_donor,family_de67cf52f9a2ce89,pitch_4gram_overlap,0.008884588595213702
transformer_l,same_family_donor,family_de67cf52f9a2ce89,pitch_4gram_overlap,0.011914213990206543
transformer_l,clean,family_581cf690b70ed77f,pitch_4gram_overlap,0.015094348610202655
transformer_l,unrelated_donor,family_581cf690b70ed77f,pitch_4gram_overlap,0.014557049131924136
transformer_l,same_family_donor,family_581cf690b70ed77f,pitch_4gram_overlap,0.017993830996217517
transformer_l,clean,family_5ebcadebe538bd59,pitch_4gram_overlap,0.032936400222820426
transformer_l,unrelated_donor,family_5ebcadebe538bd59,pitch_4gram_overlap,0.04669743297115656
transformer_l,same_family_donor,family_5ebcadebe538bd59,pitch_4gram_overlap,0.055912705041829984
transformer_l,clean,family_5fe0b889b5279fed,pitch_4gram_overlap,0.025718611374740883
transformer_l,unrelated_donor,family_5fe0b889b5279fed,pitch_4gram_overlap,0.01717487823214816
transformer_l,same_family_donor,family_5fe0b889b5279fed,pitch_4gram_overlap,0.04953495778069237
transformer_l,clean,family_8aff46e64d1c8360,pitch_4gram_overlap,0.01821247580063681
transformer_l,unrelated_donor,family_8aff46e64d1c8360,pitch_4gram_overlap,0.022061742646249122
transformer_l,same_family_donor,family_8aff46e64d1c8360,pitch_4gram_overlap,0.04185170061324048
transformer_l,clean,family_c3abd4306e03adf2,pitch_4gram_overlap,0.013366637263299301
transformer_l,unrelated_donor,family_c3abd4306e03adf2,pitch_4gram_overlap,0.014898008529993623
transformer_l,same_family_donor,family_c3abd4306e03adf2,pitch_4gram_overlap,0.016010685580266
transformer_l,clean,family_f77d449f1658a159,pitch_4gram_overlap,0.005248057053024013
transformer_l,unrelated_donor,family_f77d449f1658a159,pitch_4gram_overlap,0.0019418894600617628
transformer_l,same_family_donor,family_f77d449f1658a159,pitch_4gram_overlap,0.006841878596171362
transformer_l,clean,family_121eefce620403f7,pitch_4gram_overlap,0.0021983354016162156
transformer_l,unrelated_donor,family_121eefce620403f7,pitch_4gram_overlap,0.0013223160336243702
transformer_l,same_family_donor,family_121eefce620403f7,pitch_4gram_overlap,0.0022612231821672025
transformer_l,clean,family_439fc19617b55d44,pitch_4gram_overlap,0.03862539284541086
transformer_l,unrelated_donor,family_439fc19617b55d44,pitch_4gram_overlap,0.03314810333815974
transformer_l,same_family_donor,family_439fc19617b55d44,pitch_4gram_overlap,0.023661136464061473
transformer_l,clean,family_7b8c8789f38183da,pitch_4gram_overlap,0.009385718876709142
transformer_l,unrelated_donor,family_7b8c8789f38183da,pitch_4gram_overlap,0.015017988768409443
transformer_l,same_family_donor,family_7b8c8789f38183da,pitch_4gram_overlap,0.014789721810459395
transformer_l,clean,family_7c104874587dddcc,pitch_4gram_overlap,0.0003898635477582846
transformer_l,unrelated_donor,family_7c104874587dddcc,pitch_4gram_overlap,0.000784313725490196
transformer_l,same_family_donor,family_7c104874587dddcc,pitch_4gram_overlap,0.0024390243902439024
transformer_l,clean,family_2eec85a0fe915e64,pitch_4gram_overlap,0.0029720524706471
transformer_l,unrelated_donor,family_2eec85a0fe915e64,pitch_4gram_overlap,0.0013120671154033753
transformer_l,same_family_donor,family_2eec85a0fe915e64,pitch_4gram_overlap,0.0018516601898603687
transformer_l,clean,family_ac0566dd944bc201,pitch_4gram_overlap,0.003025129342202513
transformer_l,unrelated_donor,family_ac0566dd944bc201,pitch_4gram_overlap,0.0016210889381621091
transformer_l,same_family_donor,family_ac0566dd944bc201,pitch_4gram_overlap,0.005812427206379359
transformer_l,clean,family_fe2836cc1cef695c,pitch_4gram_overlap,0.02453694870842937
transformer_l,unrelated_donor,family_fe2836cc1cef695c,pitch_4gram_overlap,0.02703905587261109
transformer_l,same_family_donor,family_fe2836cc1cef695c,pitch_4gram_overlap,0.022343214255924577
transformer_l,clean,family_a03ac5414952d229,pitch_4gram_overlap,0.016460848692905428
transformer_l,unrelated_donor,family_a03ac5414952d229,pitch_4gram_overlap,0.02714445292848715
transformer_l,same_family_donor,family_a03ac5414952d229,pitch_4gram_overlap,0.021619466658209158
transformer_l,clean,family_9ccd2f467361ebab,pitch_4gram_overlap,0.0013623015772444265
transformer_l,unrelated_donor,family_9ccd2f467361ebab,pitch_4gram_overlap,0.003653402937222204
transformer_l,same_family_donor,family_9ccd2f467361ebab,pitch_4gram_overlap,0.00267273026649749
transformer_l,clean,family_6f0024d47bda9a44,pitch_4gram_overlap,0.006170722797112103
transformer_l,unrelated_donor,family_6f0024d47bda9a44,pitch_4gram_overlap,0.004119604246710913
transformer_l,same_family_donor,family_6f0024d47bda9a44,pitch_4gram_overlap,0.003654522081722888
transformer_l,clean,family_b88eee6ecd7ef6bc,pitch_4gram_overlap,0.01206804270425364
transformer_l,unrelated_donor,family_b88eee6ecd7ef6bc,pitch_4gram_overlap,0.014790519813271008
transformer_l,same_family_donor,family_b88eee6ecd7ef6bc,pitch_4gram_overlap,0.010711134801214398
transformer_l,clean,family_3dffb074803c8f80,pitch_4gram_overlap,0.016773397744221236
transformer_l,unrelated_donor,family_3dffb074803c8f80,pitch_4gram_overlap,0.01820688176848777
transformer_l,same_family_donor,family_3dffb074803c8f80,pitch_4gram_overlap,0.019209040397384632
transformer_l,clean,family_39849966d6043c11,pitch_4gram_overlap,0.002407315337180195
transformer_l,unrelated_donor,family_39849966d6043c11,pitch_4gram_overlap,0.007963377839656659
transformer_l,same_family_donor,family_39849966d6043c11,pitch_4gram_overlap,0.005523561942388855
transformer_l,clean,family_f19aa9a5e722eb61,pitch_4gram_overlap,0.0386620264564496
transformer_l,unrelated_donor,family_f19aa9a5e722eb61,pitch_4gram_overlap,0.03695959626236885
transformer_l,same_family_donor,family_f19aa9a5e722eb61,pitch_4gram_overlap,0.03518221977733369
transformer_l,clean,family_a95aeca85317a04d,pitch_4gram_overlap,0.03931945245315239
transformer_l,unrelated_donor,family_a95aeca85317a04d,pitch_4gram_overlap,0.027150572989270472
transformer_l,same_family_donor,family_a95aeca85317a04d,pitch_4gram_overlap,0.039069899395050435
transformer_l,clean,family_39f58e2fd604c61e,pitch_4gram_overlap,0.010418798244879736
transformer_l,unrelated_donor,family_39f58e2fd604c61e,pitch_4gram_overlap,0.015096232371841054
transformer_l,same_family_donor,family_39f58e2fd604c61e,pitch_4gram_overlap,0.015000407471791634
transformer_l,clean,family_af212e596b07120e,pitch_4gram_overlap,0.0036354738583983712
transformer_l,unrelated_donor,family_af212e596b07120e,pitch_4gram_overlap,0.0037968571683609106
transformer_l,same_family_donor,family_af212e596b07120e,pitch_4gram_overlap,0.00547625740723624
transformer_l,clean,family_961cefc620e3d5ab,pitch_4gram_overlap,0.0047489326252212844
transformer_l,unrelated_donor,family_961cefc620e3d5ab,pitch_4gram_overlap,0.0203083479193388
transformer_l,same_family_donor,family_961cefc620e3d5ab,pitch_4gram_overlap,0.005037105746133116
transformer_l,clean,family_2dbafe5054d4bee7,pitch_4gram_overlap,0.0511532912994427
transformer_l,unrelated_donor,family_2dbafe5054d4bee7,pitch_4gram_overlap,0.03472690594908707
transformer_l,same_family_donor,family_2dbafe5054d4bee7,pitch_4gram_overlap,0.04639332252195965
transformer_l,clean,family_0a0ff01b239a934a,pitch_4gram_overlap,0.007199225252757319
transformer_l,unrelated_donor,family_0a0ff01b239a934a,pitch_4gram_overlap,0.0036919549805247225
transformer_l,same_family_donor,family_0a0ff01b239a934a,pitch_4gram_overlap,0.006179695852463623
transformer_l,clean,family_6a42731481dda124,pitch_4gram_overlap,0.034728823020801165
transformer_l,unrelated_donor,family_6a42731481dda124,pitch_4gram_overlap,0.030023278793371855
transformer_l,same_family_donor,family_6a42731481dda124,pitch_4gram_overlap,0.041199155358151295
transformer_l,clean,family_e4e4467ef74cc720,pitch_4gram_overlap,0.045064733962387866
transformer_l,unrelated_donor,family_e4e4467ef74cc720,pitch_4gram_overlap,0.046350216728381716
transformer_l,same_family_donor,family_e4e4467ef74cc720,pitch_4gram_overlap,0.06365279633627717
transformer_l,clean,family_b324bd83d2be3825,pitch_4gram_overlap,0.03481258680635485
transformer_l,unrelated_donor,family_b324bd83d2be3825,pitch_4gram_overlap,0.024457049713704482
transformer_l,same_family_donor,family_b324bd83d2be3825,pitch_4gram_overlap,0.05131217759956225
transformer_l,clean,family_59add5a121b9a616,pitch_4gram_overlap,0.020606315932538175
transformer_l,unrelated_donor,family_59add5a121b9a616,pitch_4gram_overlap,0.01685938968659897
transformer_l,same_family_donor,family_59add5a121b9a616,pitch_4gram_overlap,0.03155811556429841
transformer_l,clean,family_4da27be0a15493fc,pitch_4gram_overlap,0.0023857006389674104
transformer_l,unrelated_donor,family_4da27be0a15493fc,pitch_4gram_overlap,0.005682762946958456
transformer_l,same_family_donor,family_4da27be0a15493fc,pitch_4gram_overlap,0.002765130090183681
transformer_l,clean,family_0ecded087f80d73b,pitch_4gram_overlap,0.0019473502557056284
transformer_l,unrelated_donor,family_0ecded087f80d73b,pitch_4gram_overlap,0.0007252310211720669
transformer_l,same_family_donor,family_0ecded087f80d73b,pitch_4gram_overlap,0.0021771392466029544
transformer_l,clean,family_746d1e0c3274827f,pitch_4gram_overlap,0.04427941576281109
transformer_l,unrelated_donor,family_746d1e0c3274827f,pitch_4gram_overlap,0.05489847936149308
transformer_l,same_family_donor,family_746d1e0c3274827f,pitch_4gram_overlap,0.05419006206444136
transformer_l,clean,family_6d17de7e325f25f8,pitch_4gram_overlap,0.03681878932741561
transformer_l,unrelated_donor,family_6d17de7e325f25f8,pitch_4gram_overlap,0.03986146238681123
transformer_l,same_family_donor,family_6d17de7e325f25f8,pitch_4gram_overlap,0.04708586415005919
transformer_l,clean,family_67cf34a836b9cd6c,pitch_4gram_overlap,0.0019464685086980295
transformer_l,unrelated_donor,family_67cf34a836b9cd6c,pitch_4gram_overlap,0.0019080293728181055
transformer_l,same_family_donor,family_67cf34a836b9cd6c,pitch_4gram_overlap,0.0022545032892503513
transformer_l,clean,family_3bd7e5ca43f02666,pitch_4gram_overlap,0.011473363902531411
transformer_l,unrelated_donor,family_3bd7e5ca43f02666,pitch_4gram_overlap,0.010882109263600219
transformer_l,same_family_donor,family_3bd7e5ca43f02666,pitch_4gram_overlap,0.036236699140866545
transformer_l,clean,family_e2c30beb0d4abeae,pitch_4gram_overlap,0.0034227640882217455
transformer_l,unrelated_donor,family_e2c30beb0d4abeae,pitch_4gram_overlap,0.003077894186897846
transformer_l,same_family_donor,family_e2c30beb0d4abeae,pitch_4gram_overlap,0.0048230059833977166
transformer_l,clean,family_3fbe0e330aecdc00,pitch_4gram_overlap,0.01720390722249776
transformer_l,unrelated_donor,family_3fbe0e330aecdc00,pitch_4gram_overlap,0.03271127658141155
transformer_l,same_family_donor,family_3fbe0e330aecdc00,pitch_4gram_overlap,0.036200692049895476
transformer_l,clean,family_83b27a32aa56f9dc,pitch_4gram_overlap,0.002033927450896269
transformer_l,unrelated_donor,family_83b27a32aa56f9dc,pitch_4gram_overlap,0.0012962165781795572
transformer_l,same_family_donor,family_83b27a32aa56f9dc,pitch_4gram_overlap,0.0026856597053355673
transformer_l,clean,family_58c32a6b58cc329f,pitch_4gram_overlap,0.01664922083263463
transformer_l,unrelated_donor,family_58c32a6b58cc329f,pitch_4gram_overlap,0.01155684829917239
transformer_l,same_family_donor,family_58c32a6b58cc329f,pitch_4gram_overlap,0.01661608930481818
transformer_l,clean,family_853b6705e7d7e7a9,pitch_4gram_overlap,0.005083275986013022
transformer_l,unrelated_donor,family_853b6705e7d7e7a9,pitch_4gram_overlap,0.008521267838827786
transformer_l,same_family_donor,family_853b6705e7d7e7a9,pitch_4gram_overlap,0.008068050089652957
transformer_l,clean,family_5405158fe7a3977d,pitch_4gram_overlap,0.014333703900659118
transformer_l,unrelated_donor,family_5405158fe7a3977d,pitch_4gram_overlap,0.005658056868110526
transformer_l,same_family_donor,family_5405158fe7a3977d,pitch_4gram_overlap,0.013180884095428938
transformer_l,clean,family_e0f7e5849dbe9388,pitch_4gram_overlap,0.030054227530613528
transformer_l,unrelated_donor,family_e0f7e5849dbe9388,pitch_4gram_overlap,0.035508204420677814
transformer_l,same_family_donor,family_e0f7e5849dbe9388,pitch_4gram_overlap,0.053624317508287354
transformer_l,clean,family_6fbe37a0a6611f64,pitch_4gram_overlap,0.0027709033540328225
transformer_l,unrelated_donor,family_6fbe37a0a6611f64,pitch_4gram_overlap,0.0027821811002771177
transformer_l,same_family_donor,family_6fbe37a0a6611f64,pitch_4gram_overlap,0.009574634003281306
transformer_l,clean,family_3835425eafb00035,pitch_4gram_overlap,0.010654526257153527
transformer_l,unrelated_donor,family_3835425eafb00035,pitch_4gram_overlap,0.00804955976809865
transformer_l,same_family_donor,family_3835425eafb00035,pitch_4gram_overlap,0.009581749991421066
transformer_l,clean,family_4f1b63b3eef9f7d0,pitch_4gram_overlap,0.011284076940107655
transformer_l,unrelated_donor,family_4f1b63b3eef9f7d0,pitch_4gram_overlap,0.01786986872409839
transformer_l,same_family_donor,family_4f1b63b3eef9f7d0,pitch_4gram_overlap,0.014420457645060681
transformer_l,clean,family_8f08581ca21b6c6f,pitch_4gram_overlap,0.03242390451119777
transformer_l,unrelated_donor,family_8f08581ca21b6c6f,pitch_4gram_overlap,0.02223763479243758
transformer_l,same_family_donor,family_8f08581ca21b6c6f,pitch_4gram_overlap,0.029391849235518474
transformer_l,clean,family_db6398f302f77cb4,pitch_4gram_overlap,0.00952072921721088
transformer_l,unrelated_donor,family_db6398f302f77cb4,pitch_4gram_overlap,0.01992102936251341
transformer_l,same_family_donor,family_db6398f302f77cb4,pitch_4gram_overlap,0.01584897820745509
transformer_l,clean,family_aad2d66dec95dc7a,pitch_4gram_overlap,0.017487323815582292
transformer_l,unrelated_donor,family_aad2d66dec95dc7a,pitch_4gram_overlap,0.044932465202306225
transformer_l,same_family_donor,family_aad2d66dec95dc7a,pitch_4gram_overlap,0.06468446340495328
transformer_l,clean,family_04795413b15e0b98,pitch_4gram_overlap,0.027782718690861477
transformer_l,unrelated_donor,family_04795413b15e0b98,pitch_4gram_overlap,0.026936288909474925
transformer_l,same_family_donor,family_04795413b15e0b98,pitch_4gram_overlap,0.03305193163352462
transformer_l,clean,family_d4c8efafc098f593,pitch_4gram_overlap,0.00032206119162640903
transformer_l,unrelated_donor,family_d4c8efafc098f593,pitch_4gram_overlap,0.00032206119162640903
transformer_l,same_family_donor,family_d4c8efafc098f593,pitch_4gram_overlap,0.0016166820569231014
transformer_l,clean,family_30fbd9977a220042,pitch_4gram_overlap,0.0
transformer_l,unrelated_donor,family_30fbd9977a220042,pitch_4gram_overlap,0.0010638297872340426
transformer_l,same_family_donor,family_30fbd9977a220042,pitch_4gram_overlap,0.0188605856308468
transformer_l,clean,family_2d3e3d92f30c4369,pitch_4gram_overlap,0.035359168473610064
transformer_l,unrelated_donor,family_2d3e3d92f30c4369,pitch_4gram_overlap,0.04903735401158363
transformer_l,same_family_donor,family_2d3e3d92f30c4369,pitch_4gram_overlap,0.05404124257059161
transformer_l,clean,family_6342008bae187399,pitch_4gram_overlap,0.02334774601202841
transformer_l,unrelated_donor,family_6342008bae187399,pitch_4gram_overlap,0.01900353394255187
transformer_l,same_family_donor,family_6342008bae187399,pitch_4gram_overlap,0.035001813240836475
transformer_l,clean,family_f60bd4cc83d02add,pitch_4gram_overlap,0.007142310511713423
transformer_l,unrelated_donor,family_f60bd4cc83d02add,pitch_4gram_overlap,0.005646923538138857
transformer_l,same_family_donor,family_f60bd4cc83d02add,pitch_4gram_overlap,0.00575345964723514
transformer_l,clean,family_08157e0ead630e5c,pitch_4gram_overlap,0.04816687831624008
transformer_l,unrelated_donor,family_08157e0ead630e5c,pitch_4gram_overlap,0.02964364106756812
transformer_l,same_family_donor,family_08157e0ead630e5c,pitch_4gram_overlap,0.031570321133850214
transformer_l,clean,family_0f71c7e0830e1d85,pitch_4gram_overlap,0.0019768271027459134
transformer_l,unrelated_donor,family_0f71c7e0830e1d85,pitch_4gram_overlap,0.0009132420091324201
transformer_l,same_family_donor,family_0f71c7e0830e1d85,pitch_4gram_overlap,0.0
transformer_l,clean,family_be459453ebdfa1da,pitch_4gram_overlap,0.015743858634087452
transformer_l,unrelated_donor,family_be459453ebdfa1da,pitch_4gram_overlap,0.02063103102040623
transformer_l,same_family_donor,family_be459453ebdfa1da,pitch_4gram_overlap,0.023077405470674984
transformer_l,clean,family_a534382ff42b71fb,pitch_4gram_overlap,0.041009040125989826
transformer_l,unrelated_donor,family_a534382ff42b71fb,pitch_4gram_overlap,0.03511196586663074
transformer_l,same_family_donor,family_a534382ff42b71fb,pitch_4gram_overlap,0.05912572248682019
transformer_l,clean,family_e97b637c75aac2b5,pitch_4gram_overlap,0.004927766030732311
transformer_l,unrelated_donor,family_e97b637c75aac2b5,pitch_4gram_overlap,0.011638065453873895
transformer_l,same_family_donor,family_e97b637c75aac2b5,pitch_4gram_overlap,0.009267881158537704
transformer_l,clean,family_f0c0dd7c2f3b6a3f,pitch_4gram_overlap,0.0007188865884518058
transformer_l,unrelated_donor,family_f0c0dd7c2f3b6a3f,pitch_4gram_overlap,0.0016913237787024194
transformer_l,same_family_donor,family_f0c0dd7c2f3b6a3f,pitch_4gram_overlap,0.0037702697737589815
transformer_l,clean,family_c3ae851031cec2bb,pitch_4gram_overlap,0.025393357813088657
transformer_l,unrelated_donor,family_c3ae851031cec2bb,pitch_4gram_overlap,0.027580253473400193
transformer_l,same_family_donor,family_c3ae851031cec2bb,pitch_4gram_overlap,0.028211789431970318
transformer_l,clean,family_d0b38ee50d018148,pitch_4gram_overlap,0.0682403792495376
transformer_l,unrelated_donor,family_d0b38ee50d018148,pitch_4gram_overlap,0.060615423517893875
transformer_l,same_family_donor,family_d0b38ee50d018148,pitch_4gram_overlap,0.06629680979279244
transformer_l,clean,family_c64269798048b60f,pitch_4gram_overlap,0.011699854336635828
transformer_l,unrelated_donor,family_c64269798048b60f,pitch_4gram_overlap,0.01344500571951126
transformer_l,same_family_donor,family_c64269798048b60f,pitch_4gram_overlap,0.045386374205999974
transformer_l,clean,family_1cfa4116628ae42e,pitch_4gram_overlap,0.0010304727951786776
transformer_l,unrelated_donor,family_1cfa4116628ae42e,pitch_4gram_overlap,0.0
transformer_l,same_family_donor,family_1cfa4116628ae42e,pitch_4gram_overlap,0.007104408902323993
transformer_l,clean,family_101bf32d18499c7d,pitch_4gram_overlap,0.008829936212097197
transformer_l,unrelated_donor,family_101bf32d18499c7d,pitch_4gram_overlap,0.012280463801998353
transformer_l,same_family_donor,family_101bf32d18499c7d,pitch_4gram_overlap,0.008850868762503518
transformer_l,clean,family_52885ec61f0240b9,pitch_4gram_overlap,0.0053507408442181464
transformer_l,unrelated_donor,family_52885ec61f0240b9,pitch_4gram_overlap,0.007029098410748322
transformer_l,same_family_donor,family_52885ec61f0240b9,pitch_4gram_overlap,0.03684956893617717
transformer_l,clean,family_8661140073b6a2ab,pitch_4gram_overlap,0.0034239746101629564
transformer_l,unrelated_donor,family_8661140073b6a2ab,pitch_4gram_overlap,0.00904043130311076
transformer_l,same_family_donor,family_8661140073b6a2ab,pitch_4gram_overlap,0.0046468964073832575
transformer_l,clean,family_eacebc389812585f,pitch_4gram_overlap,0.004816929649177557
transformer_l,unrelated_donor,family_eacebc389812585f,pitch_4gram_overlap,0.008202457240879204
transformer_l,same_family_donor,family_eacebc389812585f,pitch_4gram_overlap,0.007830040625368665
transformer_l,clean,family_23e85181dd747797,pitch_4gram_overlap,0.0061360690718407045
transformer_l,unrelated_donor,family_23e85181dd747797,pitch_4gram_overlap,0.009156219503040313
transformer_l,same_family_donor,family_23e85181dd747797,pitch_4gram_overlap,0.0132439685532523
transformer_l,clean,family_e3c89d0945320ec5,interval_4gram_overlap,0.0057487230555014575
transformer_l,unrelated_donor,family_e3c89d0945320ec5,interval_4gram_overlap,0.0057910576735903975
transformer_l,same_family_donor,family_e3c89d0945320ec5,interval_4gram_overlap,0.004640516042268232
transformer_l,clean,family_5facacfb4d33d062,interval_4gram_overlap,0.009533474839993897
transformer_l,unrelated_donor,family_5facacfb4d33d062,interval_4gram_overlap,0.0107936767716965
transformer_l,same_family_donor,family_5facacfb4d33d062,interval_4gram_overlap,0.007242091916570247
transformer_l,clean,family_15b8f6d235825863,interval_4gram_overlap,0.01353055749982624
transformer_l,unrelated_donor,family_15b8f6d235825863,interval_4gram_overlap,0.009793593277494617
transformer_l,same_family_donor,family_15b8f6d235825863,interval_4gram_overlap,0.010993979198768294
transformer_l,clean,family_78031f033e192cce,interval_4gram_overlap,0.010924887047263966
transformer_l,unrelated_donor,family_78031f033e192cce,interval_4gram_overlap,0.01004414112085505
transformer_l,same_family_donor,family_78031f033e192cce,interval_4gram_overlap,0.02324807991865116
transformer_l,clean,family_debbecc1e7f77f3e,interval_4gram_overlap,0.02265365398452444
transformer_l,unrelated_donor,family_debbecc1e7f77f3e,interval_4gram_overlap,0.018065929108696803
transformer_l,same_family_donor,family_debbecc1e7f77f3e,interval_4gram_overlap,0.03288906185322113
transformer_l,clean,family_5d6a15b20dff7233,interval_4gram_overlap,0.0030238397731734683
transformer_l,unrelated_donor,family_5d6a15b20dff7233,interval_4gram_overlap,0.002512856474988312
transformer_l,same_family_donor,family_5d6a15b20dff7233,interval_4gram_overlap,0.012830513098910609
transformer_l,clean,family_58a5b18cf3751bf1,interval_4gram_overlap,0.004128474003571465
transformer_l,unrelated_donor,family_58a5b18cf3751bf1,interval_4gram_overlap,0.007949639302341464
transformer_l,same_family_donor,family_58a5b18cf3751bf1,interval_4gram_overlap,0.011863588251282524
transformer_l,clean,family_da2cbb03fa208ffc,interval_4gram_overlap,0.042651032830338644
transformer_l,unrelated_donor,family_da2cbb03fa208ffc,interval_4gram_overlap,0.06936672985054541
transformer_l,same_family_donor,family_da2cbb03fa208ffc,interval_4gram_overlap,0.05725466761428207
transformer_l,clean,family_b3ba3218de08f591,interval_4gram_overlap,0.00202382439977483
transformer_l,unrelated_donor,family_b3ba3218de08f591,interval_4gram_overlap,0.002767030883247821
transformer_l,same_family_donor,family_b3ba3218de08f591,interval_4gram_overlap,0.0026448802706347976
transformer_l,clean,family_9edbfcdbf27d8472,interval_4gram_overlap,0.005647217892480494
transformer_l,unrelated_donor,family_9edbfcdbf27d8472,interval_4gram_overlap,0.0057031772372878485
transformer_l,same_family_donor,family_9edbfcdbf27d8472,interval_4gram_overlap,0.005019604631591749
transformer_l,clean,family_76f3986b08ecfc19,interval_4gram_overlap,0.0014549008501729777
transformer_l,unrelated_donor,family_76f3986b08ecfc19,interval_4gram_overlap,0.000505050505050505
transformer_l,same_family_donor,family_76f3986b08ecfc19,interval_4gram_overlap,0.004295500280951411
transformer_l,clean,family_5aaa5f6f546aa704,interval_4gram_overlap,0.007166988007626736
transformer_l,unrelated_donor,family_5aaa5f6f546aa704,interval_4gram_overlap,0.01291578269253305
transformer_l,same_family_donor,family_5aaa5f6f546aa704,interval_4gram_overlap,0.02281312365780554
transformer_l,clean,family_38ddaabf01adae92,interval_4gram_overlap,0.017688195108316703
transformer_l,unrelated_donor,family_38ddaabf01adae92,interval_4gram_overlap,0.01628600573842124
transformer_l,same_family_donor,family_38ddaabf01adae92,interval_4gram_overlap,0.019281646184310098
transformer_l,clean,family_5cc4efa05e4dc250,interval_4gram_overlap,0.03320612865906642
transformer_l,unrelated_donor,family_5cc4efa05e4dc250,interval_4gram_overlap,0.037796640686142725
transformer_l,same_family_donor,family_5cc4efa05e4dc250,interval_4gram_overlap,0.04554716383763702
transformer_l,clean,family_3db848c291e71542,interval_4gram_overlap,0.0034199378775649964
transformer_l,unrelated_donor,family_3db848c291e71542,interval_4gram_overlap,0.00656820357835676
transformer_l,same_family_donor,family_3db848c291e71542,interval_4gram_overlap,0.006122167107188786
transformer_l,clean,family_4731a6d05dff34ce,interval_4gram_overlap,0.0003367003367003367
transformer_l,unrelated_donor,family_4731a6d05dff34ce,interval_4gram_overlap,0.0006568782105731506
transformer_l,same_family_donor,family_4731a6d05dff34ce,interval_4gram_overlap,0.000698386580739522
transformer_l,clean,family_1a8ff9e18d3eabea,interval_4gram_overlap,0.0179395285871518
transformer_l,unrelated_donor,family_1a8ff9e18d3eabea,interval_4gram_overlap,0.019126186971760172
transformer_l,same_family_donor,family_1a8ff9e18d3eabea,interval_4gram_overlap,0.016462294008312204
transformer_l,clean,family_774f10d6c3d75980,interval_4gram_overlap,0.02585525231405042
transformer_l,unrelated_donor,family_774f10d6c3d75980,interval_4gram_overlap,0.020897389556962312
transformer_l,same_family_donor,family_774f10d6c3d75980,interval_4gram_overlap,0.014547134164742376
transformer_l,clean,family_7a300c986fbfa9f2,interval_4gram_overlap,0.003792481092543527
transformer_l,unrelated_donor,family_7a300c986fbfa9f2,interval_4gram_overlap,0.0037503422450410064
transformer_l,same_family_donor,family_7a300c986fbfa9f2,interval_4gram_overlap,0.006347829794733928
transformer_l,clean,family_d1a92696717aa9c2,interval_4gram_overlap,0.006201448847979576
transformer_l,unrelated_donor,family_d1a92696717aa9c2,interval_4gram_overlap,0.009235541205001573
transformer_l,same_family_donor,family_d1a92696717aa9c2,interval_4gram_overlap,0.012636217353647637
transformer_l,clean,family_2fe71bb032cb85fe,interval_4gram_overlap,0.02396643487015408
transformer_l,unrelated_donor,family_2fe71bb032cb85fe,interval_4gram_overlap,0.024734277903226284
transformer_l,same_family_donor,family_2fe71bb032cb85fe,interval_4gram_overlap,0.01859705639291154
transformer_l,clean,family_348b29b5f47eda18,interval_4gram_overlap,0.005144325823842429
transformer_l,unrelated_donor,family_348b29b5f47eda18,interval_4gram_overlap,0.00521952432014662
transformer_l,same_family_donor,family_348b29b5f47eda18,interval_4gram_overlap,0.0073367077716925575
transformer_l,clean,family_fa3341292470541d,interval_4gram_overlap,0.002945378937782781
transformer_l,unrelated_donor,family_fa3341292470541d,interval_4gram_overlap,0.0032651785700753863
transformer_l,same_family_donor,family_fa3341292470541d,interval_4gram_overlap,0.0035499201604117024
transformer_l,clean,family_f99e7467cfd91d72,interval_4gram_overlap,0.0038410720527801527
transformer_l,unrelated_donor,family_f99e7467cfd91d72,interval_4gram_overlap,0.0015870470080574333
transformer_l,same_family_donor,family_f99e7467cfd91d72,interval_4gram_overlap,0.006164897649011188
transformer_l,clean,family_776fb0c74fb6af96,interval_4gram_overlap,0.009649734213482431
transformer_l,unrelated_donor,family_776fb0c74fb6af96,interval_4gram_overlap,0.013785536065520361
transformer_l,same_family_donor,family_776fb0c74fb6af96,interval_4gram_overlap,0.03378122537988451
transformer_l,clean,family_56b1bf9100abf79a,interval_4gram_overlap,0.007622868953509784
transformer_l,unrelated_donor,family_56b1bf9100abf79a,interval_4gram_overlap,0.0070262868504797306
transformer_l,same_family_donor,family_56b1bf9100abf79a,interval_4gram_overlap,0.010170812711808669
transformer_l,clean,family_f53ae103dc0def58,interval_4gram_overlap,0.004422353191997019
transformer_l,unrelated_donor,family_f53ae103dc0def58,interval_4gram_overlap,0.005724248691320376
transformer_l,same_family_donor,family_f53ae103dc0def58,interval_4gram_overlap,0.005778121194150664
transformer_l,clean,family_c2d4ffa1539bdafe,interval_4gram_overlap,0.004399922856670106
transformer_l,unrelated_donor,family_c2d4ffa1539bdafe,interval_4gram_overlap,0.010475533387835934
transformer_l,same_family_donor,family_c2d4ffa1539bdafe,interval_4gram_overlap,0.02960493163598957
transformer_l,clean,family_328dc279bafe7f69,interval_4gram_overlap,0.007106875357675809
transformer_l,unrelated_donor,family_328dc279bafe7f69,interval_4gram_overlap,0.011929146054319878
transformer_l,same_family_donor,family_328dc279bafe7f69,interval_4gram_overlap,0.00567874930437811
transformer_l,clean,family_de67cf52f9a2ce89,interval_4gram_overlap,0.009619625326426925
transformer_l,unrelated_donor,family_de67cf52f9a2ce89,interval_4gram_overlap,0.013612624701129191
transformer_l,same_family_donor,family_de67cf52f9a2ce89,interval_4gram_overlap,0.01371212986674266
transformer_l,clean,family_581cf690b70ed77f,interval_4gram_overlap,0.004719454462512618
transformer_l,unrelated_donor,family_581cf690b70ed77f,interval_4gram_overlap,0.005277591229058101
transformer_l,same_family_donor,family_581cf690b70ed77f,interval_4gram_overlap,0.008360860386059321
transformer_l,clean,family_5ebcadebe538bd59,interval_4gram_overlap,0.02042493157128881
transformer_l,unrelated_donor,family_5ebcadebe538bd59,interval_4gram_overlap,0.0331515421429365
transformer_l,same_family_donor,family_5ebcadebe538bd59,interval_4gram_overlap,0.03934443233854998
transformer_l,clean,family_5fe0b889b5279fed,interval_4gram_overlap,0.016689746095476497
transformer_l,unrelated_donor,family_5fe0b889b5279fed,interval_4gram_overlap,0.007719033405512624
transformer_l,same_family_donor,family_5fe0b889b5279fed,interval_4gram_overlap,0.034489731128036875
transformer_l,clean,family_8aff46e64d1c8360,interval_4gram_overlap,0.008241181057925186
transformer_l,unrelated_donor,family_8aff46e64d1c8360,interval_4gram_overlap,0.011798277778178172
transformer_l,same_family_donor,family_8aff46e64d1c8360,interval_4gram_overlap,0.02969866723858035
transformer_l,clean,family_c3abd4306e03adf2,interval_4gram_overlap,0.005638200534332124
transformer_l,unrelated_donor,family_c3abd4306e03adf2,interval_4gram_overlap,0.0090320121309583
transformer_l,same_family_donor,family_c3abd4306e03adf2,interval_4gram_overlap,0.0071415513925118706
transformer_l,clean,family_f77d449f1658a159,interval_4gram_overlap,0.0006562598016744275
transformer_l,unrelated_donor,family_f77d449f1658a159,interval_4gram_overlap,0.0006562598016744275
transformer_l,same_family_donor,family_f77d449f1658a159,interval_4gram_overlap,0.001968779405023283
transformer_l,clean,family_121eefce620403f7,interval_4gram_overlap,0.0017121507472384664
transformer_l,unrelated_donor,family_121eefce620403f7,interval_4gram_overlap,0.002350651492660399
transformer_l,same_family_donor,family_121eefce620403f7,interval_4gram_overlap,0.0016444851353389054
transformer_l,clean,family_439fc19617b55d44,interval_4gram_overlap,0.027104211603101825
transformer_l,unrelated_donor,family_439fc19617b55d44,interval_4gram_overlap,0.02744724130235084
transformer_l,same_family_donor,family_439fc19617b55d44,interval_4gram_overlap,0.014471552372927897
transformer_l,clean,family_7b8c8789f38183da,interval_4gram_overlap,0.004410275240560393
transformer_l,unrelated_donor,family_7b8c8789f38183da,interval_4gram_overlap,0.0060687652822204305
transformer_l,same_family_donor,family_7b8c8789f38183da,interval_4gram_overlap,0.006849242857096864
transformer_l,clean,family_7c104874587dddcc,interval_4gram_overlap,0.0
transformer_l,unrelated_donor,family_7c104874587dddcc,interval_4gram_overlap,0.0
transformer_l,same_family_donor,family_7c104874587dddcc,interval_4gram_overlap,0.0
transformer_l,clean,family_2eec85a0fe915e64,interval_4gram_overlap,0.001658424298891301
transformer_l,unrelated_donor,family_2eec85a0fe915e64,interval_4gram_overlap,0.0013266998341625207
transformer_l,same_family_donor,family_2eec85a0fe915e64,interval_4gram_overlap,0.0016073829605182742
transformer_l,clean,family_ac0566dd944bc201,interval_4gram_overlap,0.0007423312883435583
transformer_l,unrelated_donor,family_ac0566dd944bc201,interval_4gram_overlap,0.00040899795501022495
transformer_l,same_family_donor,family_ac0566dd944bc201,interval_4gram_overlap,0.00229785562742806
transformer_l,clean,family_fe2836cc1cef695c,interval_4gram_overlap,0.014912475597202204
transformer_l,unrelated_donor,family_fe2836cc1cef695c,interval_4gram_overlap,0.015366286954680716
transformer_l,same_family_donor,family_fe2836cc1cef695c,interval_4gram_overlap,0.013768579498640354
transformer_l,clean,family_a03ac5414952d229,interval_4gram_overlap,0.011002204406750359
transformer_l,unrelated_donor,family_a03ac5414952d229,interval_4gram_overlap,0.017849952465220423
transformer_l,same_family_donor,family_a03ac5414952d229,interval_4gram_overlap,0.012624353593093829
transformer_l,clean,family_9ccd2f467361ebab,interval_4gram_overlap,0.0020670655024675
transformer_l,unrelated_donor,family_9ccd2f467361ebab,interval_4gram_overlap,0.002741282134198223
transformer_l,same_family_donor,family_9ccd2f467361ebab,interval_4gram_overlap,0.0017148526077097506
transformer_l,clean,family_6f0024d47bda9a44,interval_4gram_overlap,0.00135975351008284
transformer_l,unrelated_donor,family_6f0024d47bda9a44,interval_4gram_overlap,0.0016485392381602691
transformer_l,same_family_donor,family_6f0024d47bda9a44,interval_4gram_overlap,0.0013201320132013201
transformer_l,clean,family_b88eee6ecd7ef6bc,interval_4gram_overlap,0.005494412200717293
transformer_l,unrelated_donor,family_b88eee6ecd7ef6bc,interval_4gram_overlap,0.006699888254798223
transformer_l,same_family_donor,family_b88eee6ecd7ef6bc,interval_4gram_overlap,0.0032580573440365965
transformer_l,clean,family_3dffb074803c8f80,interval_4gram_overlap,0.009495029264140406
transformer_l,unrelated_donor,family_3dffb074803c8f80,interval_4gram_overlap,0.00800379713249742
transformer_l,same_family_donor,family_3dffb074803c8f80,interval_4gram_overlap,0.011164718104239515
transformer_l,clean,family_39849966d6043c11,interval_4gram_overlap,0.0003454231433506045
transformer_l,unrelated_donor,family_39849966d6043c11,interval_4gram_overlap,0.002777834293344425
transformer_l,same_family_donor,family_39849966d6043c11,interval_4gram_overlap,0.0006944444444444445
transformer_l,clean,family_f19aa9a5e722eb61,interval_4gram_overlap,0.018654596414740005
transformer_l,unrelated_donor,family_f19aa9a5e722eb61,interval_4gram_overlap,0.02117533154936496
transformer_l,same_family_donor,family_f19aa9a5e722eb61,interval_4gram_overlap,0.018642999790273018
transformer_l,clean,family_a95aeca85317a04d,interval_4gram_overlap,0.0200005274982937
transformer_l,unrelated_donor,family_a95aeca85317a04d,interval_4gram_overlap,0.013902112310729025
transformer_l,same_family_donor,family_a95aeca85317a04d,interval_4gram_overlap,0.0220536715611
transformer_l,clean,family_39f58e2fd604c61e,interval_4gram_overlap,0.012738122181268352
transformer_l,unrelated_donor,family_39f58e2fd604c61e,interval_4gram_overlap,0.007167006477759538
transformer_l,same_family_donor,family_39f58e2fd604c61e,interval_4gram_overlap,0.013716438911903802
transformer_l,clean,family_af212e596b07120e,interval_4gram_overlap,0.00131918466632634
transformer_l,unrelated_donor,family_af212e596b07120e,interval_4gram_overlap,0.002498961304676114
transformer_l,same_family_donor,family_af212e596b07120e,interval_4gram_overlap,0.0016418112446674705
transformer_l,clean,family_961cefc620e3d5ab,interval_4gram_overlap,0.002040922040922041
transformer_l,unrelated_donor,family_961cefc620e3d5ab,interval_4gram_overlap,0.010303596725585245
transformer_l,same_family_donor,family_961cefc620e3d5ab,interval_4gram_overlap,0.0020270385752619254
transformer_l,clean,family_2dbafe5054d4bee7,interval_4gram_overlap,0.03944396511666678
transformer_l,unrelated_donor,family_2dbafe5054d4bee7,interval_4gram_overlap,0.03185887048687994
transformer_l,same_family_donor,family_2dbafe5054d4bee7,interval_4gram_overlap,0.033856607634504605
transformer_l,clean,family_0a0ff01b239a934a,interval_4gram_overlap,0.008511900560591404
transformer_l,unrelated_donor,family_0a0ff01b239a934a,interval_4gram_overlap,0.0029817972455057884
transformer_l,same_family_donor,family_0a0ff01b239a934a,interval_4gram_overlap,0.0036167320743063056
transformer_l,clean,family_6a42731481dda124,interval_4gram_overlap,0.024310701742335863
transformer_l,unrelated_donor,family_6a42731481dda124,interval_4gram_overlap,0.01577515755306709
transformer_l,same_family_donor,family_6a42731481dda124,interval_4gram_overlap,0.02434327471153984
transformer_l,clean,family_e4e4467ef74cc720,interval_4gram_overlap,0.03172720555999344
transformer_l,unrelated_donor,family_e4e4467ef74cc720,interval_4gram_overlap,0.032150057157004724
transformer_l,same_family_donor,family_e4e4467ef74cc720,interval_4gram_overlap,0.04688562718795789
transformer_l,clean,family_b324bd83d2be3825,interval_4gram_overlap,0.011695786545712019
transformer_l,unrelated_donor,family_b324bd83d2be3825,interval_4gram_overlap,0.006615404822327547
transformer_l,same_family_donor,family_b324bd83d2be3825,interval_4gram_overlap,0.019215359970678223
transformer_l,clean,family_59add5a121b9a616,interval_4gram_overlap,0.009975910720620047
transformer_l,unrelated_donor,family_59add5a121b9a616,interval_4gram_overlap,0.006059999743366698
transformer_l,same_family_donor,family_59add5a121b9a616,interval_4gram_overlap,0.01902767624655551
transformer_l,clean,family_4da27be0a15493fc,interval_4gram_overlap,0.0024568192533401347
transformer_l,unrelated_donor,family_4da27be0a15493fc,interval_4gram_overlap,0.003352887150666747
transformer_l,same_family_donor,family_4da27be0a15493fc,interval_4gram_overlap,0.0017904047172339855
transformer_l,clean,family_0ecded087f80d73b,interval_4gram_overlap,0.003537509035144838
transformer_l,unrelated_donor,family_0ecded087f80d73b,interval_4gram_overlap,0.001073352116995381
transformer_l,same_family_donor,family_0ecded087f80d73b,interval_4gram_overlap,0.003307548679647906
transformer_l,clean,family_746d1e0c3274827f,interval_4gram_overlap,0.03620491710905177
transformer_l,unrelated_donor,family_746d1e0c3274827f,interval_4gram_overlap,0.04542754673096456
transformer_l,same_family_donor,family_746d1e0c3274827f,interval_4gram_overlap,0.04480065983694329
transformer_l,clean,family_6d17de7e325f25f8,interval_4gram_overlap,0.017584685999216088
transformer_l,unrelated_donor,family_6d17de7e325f25f8,interval_4gram_overlap,0.018920661141424072
transformer_l,same_family_donor,family_6d17de7e325f25f8,interval_4gram_overlap,0.027599800089902028
transformer_l,clean,family_67cf34a836b9cd6c,interval_4gram_overlap,0.0009717381069926794
transformer_l,unrelated_donor,family_67cf34a836b9cd6c,interval_4gram_overlap,0.0006766711207044232
transformer_l,same_family_donor,family_67cf34a836b9cd6c,interval_4gram_overlap,0.0009693103825649203
transformer_l,clean,family_3bd7e5ca43f02666,interval_4gram_overlap,0.00561198659080524
transformer_l,unrelated_donor,family_3bd7e5ca43f02666,interval_4gram_overlap,0.004683244960420145
transformer_l,same_family_donor,family_3bd7e5ca43f02666,interval_4gram_overlap,0.02107668533074744
transformer_l,clean,family_e2c30beb0d4abeae,interval_4gram_overlap,0.0034608683789267985
transformer_l,unrelated_donor,family_e2c30beb0d4abeae,interval_4gram_overlap,0.004435872892933442
transformer_l,same_family_donor,family_e2c30beb0d4abeae,interval_4gram_overlap,0.0028151237828997924
transformer_l,clean,family_3fbe0e330aecdc00,interval_4gram_overlap,0.007752677573788352
transformer_l,unrelated_donor,family_3fbe0e330aecdc00,interval_4gram_overlap,0.02032963003116685
transformer_l,same_family_donor,family_3fbe0e330aecdc00,interval_4gram_overlap,0.02382147592709834
transformer_l,clean,family_83b27a32aa56f9dc,interval_4gram_overlap,0.0013872564732699364
transformer_l,unrelated_donor,family_83b27a32aa56f9dc,interval_4gram_overlap,0.003026069864078064
transformer_l,same_family_donor,family_83b27a32aa56f9dc,interval_4gram_overlap,0.002365605044813795
transformer_l,clean,family_58c32a6b58cc329f,interval_4gram_overlap,0.009352133641528742
transformer_l,unrelated_donor,family_58c32a6b58cc329f,interval_4gram_overlap,0.003352883441933987
transformer_l,same_family_donor,family_58c32a6b58cc329f,interval_4gram_overlap,0.006997813488830928
transformer_l,clean,family_853b6705e7d7e7a9,interval_4gram_overlap,0.0040907400690397685
transformer_l,unrelated_donor,family_853b6705e7d7e7a9,interval_4gram_overlap,0.0020339100107047894
transformer_l,same_family_donor,family_853b6705e7d7e7a9,interval_4gram_overlap,0.0038959159477760046
transformer_l,clean,family_5405158fe7a3977d,interval_4gram_overlap,0.006106274586539009
transformer_l,unrelated_donor,family_5405158fe7a3977d,interval_4gram_overlap,0.0
transformer_l,same_family_donor,family_5405158fe7a3977d,interval_4gram_overlap,0.004486175817478335
transformer_l,clean,family_e0f7e5849dbe9388,interval_4gram_overlap,0.013726840906840664
transformer_l,unrelated_donor,family_e0f7e5849dbe9388,interval_4gram_overlap,0.023260627243060588
transformer_l,same_family_donor,family_e0f7e5849dbe9388,interval_4gram_overlap,0.03482156516583693
transformer_l,clean,family_6fbe37a0a6611f64,interval_4gram_overlap,0.0007399298587038051
transformer_l,unrelated_donor,family_6fbe37a0a6611f64,interval_4gram_overlap,0.0014798597174076101
transformer_l,same_family_donor,family_6fbe37a0a6611f64,interval_4gram_overlap,0.004417625697203663
transformer_l,clean,family_3835425eafb00035,interval_4gram_overlap,0.009190918486134706
transformer_l,unrelated_donor,family_3835425eafb00035,interval_4gram_overlap,0.011558827312363297
transformer_l,same_family_donor,family_3835425eafb00035,interval_4gram_overlap,0.008756071547452886
transformer_l,clean,family_4f1b63b3eef9f7d0,interval_4gram_overlap,0.0031780304506764307
transformer_l,unrelated_donor,family_4f1b63b3eef9f7d0,interval_4gram_overlap,0.005200099777374963
transformer_l,same_family_donor,family_4f1b63b3eef9f7d0,interval_4gram_overlap,0.0035384240693201
transformer_l,clean,family_8f08581ca21b6c6f,interval_4gram_overlap,0.015788591478638623
transformer_l,unrelated_donor,family_8f08581ca21b6c6f,interval_4gram_overlap,0.0040470007370650525
transformer_l,same_family_donor,family_8f08581ca21b6c6f,interval_4gram_overlap,0.013526904887396501
transformer_l,clean,family_db6398f302f77cb4,interval_4gram_overlap,0.004015857106391304
transformer_l,unrelated_donor,family_db6398f302f77cb4,interval_4gram_overlap,0.008090799312755975
transformer_l,same_family_donor,family_db6398f302f77cb4,interval_4gram_overlap,0.006098908744434538
transformer_l,clean,family_aad2d66dec95dc7a,interval_4gram_overlap,0.00678118748520472
transformer_l,unrelated_donor,family_aad2d66dec95dc7a,interval_4gram_overlap,0.025285883282696472
transformer_l,same_family_donor,family_aad2d66dec95dc7a,interval_4gram_overlap,0.04461452614234457
transformer_l,clean,family_04795413b15e0b98,interval_4gram_overlap,0.017117862706523927
transformer_l,unrelated_donor,family_04795413b15e0b98,interval_4gram_overlap,0.015017770667568013
transformer_l,same_family_donor,family_04795413b15e0b98,interval_4gram_overlap,0.017886597232018752
transformer_l,clean,family_d4c8efafc098f593,interval_4gram_overlap,0.0003252032520325203
transformer_l,unrelated_donor,family_d4c8efafc098f593,interval_4gram_overlap,0.0019419598080022457
transformer_l,same_family_donor,family_d4c8efafc098f593,interval_4gram_overlap,0.0006504065040650406
transformer_l,clean,family_30fbd9977a220042,interval_4gram_overlap,0.0006633499170812604
transformer_l,unrelated_donor,family_30fbd9977a220042,interval_4gram_overlap,0.012669890816168386
transformer_l,same_family_donor,family_30fbd9977a220042,interval_4gram_overlap,0.01596780443657764
transformer_l,clean,family_2d3e3d92f30c4369,interval_4gram_overlap,0.0273693392602867
transformer_l,unrelated_donor,family_2d3e3d92f30c4369,interval_4gram_overlap,0.042000785276106845
transformer_l,same_family_donor,family_2d3e3d92f30c4369,interval_4gram_overlap,0.04186179995615211
transformer_l,clean,family_6342008bae187399,interval_4gram_overlap,0.010442216809116
transformer_l,unrelated_donor,family_6342008bae187399,interval_4gram_overlap,0.007829150646339737
transformer_l,same_family_donor,family_6342008bae187399,interval_4gram_overlap,0.0189249820949581
transformer_l,clean,family_f60bd4cc83d02add,interval_4gram_overlap,0.0020490196078431374
transformer_l,unrelated_donor,family_f60bd4cc83d02add,interval_4gram_overlap,0.003068564751479612
transformer_l,same_family_donor,family_f60bd4cc83d02add,interval_4gram_overlap,0.004506468191912218
transformer_l,clean,family_08157e0ead630e5c,interval_4gram_overlap,0.03425317693102841
transformer_l,unrelated_donor,family_08157e0ead630e5c,interval_4gram_overlap,0.018746988145563106
transformer_l,same_family_donor,family_08157e0ead630e5c,interval_4gram_overlap,0.02030448582932313
transformer_l,clean,family_0f71c7e0830e1d85,interval_4gram_overlap,0.0003508771929824561
transformer_l,unrelated_donor,family_0f71c7e0830e1d85,interval_4gram_overlap,0.00034904013961605586
transformer_l,same_family_donor,family_0f71c7e0830e1d85,interval_4gram_overlap,0.0007054673721340387
transformer_l,clean,family_be459453ebdfa1da,interval_4gram_overlap,0.012138707477349393
transformer_l,unrelated_donor,family_be459453ebdfa1da,interval_4gram_overlap,0.013001616939644564
transformer_l,same_family_donor,family_be459453ebdfa1da,interval_4gram_overlap,0.012574013174264617
transformer_l,clean,family_a534382ff42b71fb,interval_4gram_overlap,0.019274898756357833
transformer_l,unrelated_donor,family_a534382ff42b71fb,interval_4gram_overlap,0.012901000451292123
transformer_l,same_family_donor,family_a534382ff42b71fb,interval_4gram_overlap,0.03327925665226408
transformer_l,clean,family_e97b637c75aac2b5,interval_4gram_overlap,0.0013234159236819205
transformer_l,unrelated_donor,family_e97b637c75aac2b5,interval_4gram_overlap,0.006363972781449169
transformer_l,same_family_donor,family_e97b637c75aac2b5,interval_4gram_overlap,0.0036468318473638407
transformer_l,clean,family_f0c0dd7c2f3b6a3f,interval_4gram_overlap,0.003971130501963733
transformer_l,unrelated_donor,family_f0c0dd7c2f3b6a3f,interval_4gram_overlap,0.0030228199206205585
transformer_l,same_family_donor,family_f0c0dd7c2f3b6a3f,interval_4gram_overlap,0.0025776914657569833
transformer_l,clean,family_c3ae851031cec2bb,interval_4gram_overlap,0.013946728098377693
transformer_l,unrelated_donor,family_c3ae851031cec2bb,interval_4gram_overlap,0.015015618602130456
transformer_l,same_family_donor,family_c3ae851031cec2bb,interval_4gram_overlap,0.016133570637646675
transformer_l,clean,family_d0b38ee50d018148,interval_4gram_overlap,0.054854789806087885
transformer_l,unrelated_donor,family_d0b38ee50d018148,interval_4gram_overlap,0.04465450417933319
transformer_l,same_family_donor,family_d0b38ee50d018148,interval_4gram_overlap,0.05018407573366416
transformer_l,clean,family_c64269798048b60f,interval_4gram_overlap,0.013130860542146678
transformer_l,unrelated_donor,family_c64269798048b60f,interval_4gram_overlap,0.006756562163404314
transformer_l,same_family_donor,family_c64269798048b60f,interval_4gram_overlap,0.027644432858783086
transformer_l,clean,family_1cfa4116628ae42e,interval_4gram_overlap,0.00035842293906810036
transformer_l,unrelated_donor,family_1cfa4116628ae42e,interval_4gram_overlap,0.0
transformer_l,same_family_donor,family_1cfa4116628ae42e,interval_4gram_overlap,0.0029349575702671466
transformer_l,clean,family_101bf32d18499c7d,interval_4gram_overlap,0.01956574499731468
transformer_l,unrelated_donor,family_101bf32d18499c7d,interval_4gram_overlap,0.020507189142192583
transformer_l,same_family_donor,family_101bf32d18499c7d,interval_4gram_overlap,0.016543514921861815
transformer_l,clean,family_52885ec61f0240b9,interval_4gram_overlap,0.002337500656828388
transformer_l,unrelated_donor,family_52885ec61f0240b9,interval_4gram_overlap,0.002963534780757188
transformer_l,same_family_donor,family_52885ec61f0240b9,interval_4gram_overlap,0.020591583243169002
transformer_l,clean,family_8661140073b6a2ab,interval_4gram_overlap,0.0012490310502683809
transformer_l,unrelated_donor,family_8661140073b6a2ab,interval_4gram_overlap,0.00280958858028754
transformer_l,same_family_donor,family_8661140073b6a2ab,interval_4gram_overlap,0.0003115264797507788
transformer_l,clean,family_eacebc389812585f,interval_4gram_overlap,0.00148975791433892
transformer_l,unrelated_donor,family_eacebc389812585f,interval_4gram_overlap,0.0032999025986642223
transformer_l,same_family_donor,family_eacebc389812585f,interval_4gram_overlap,0.003762413453730564
transformer_l,clean,family_23e85181dd747797,interval_4gram_overlap,0.0015370217451142305
transformer_l,unrelated_donor,family_23e85181dd747797,interval_4gram_overlap,0.0030563765736179526
transformer_l,same_family_donor,family_23e85181dd747797,interval_4gram_overlap,0.004293417366946778
transformer_l,clean,family_e3c89d0945320ec5,rhythm_4gram_overlap,0.13431130636274718
transformer_l,unrelated_donor,family_e3c89d0945320ec5,rhythm_4gram_overlap,0.1306763167915114
transformer_l,same_family_donor,family_e3c89d0945320ec5,rhythm_4gram_overlap,0.1283214523493831
transformer_l,clean,family_5facacfb4d33d062,rhythm_4gram_overlap,0.15028066376469165
transformer_l,unrelated_donor,family_5facacfb4d33d062,rhythm_4gram_overlap,0.14867661799588935
transformer_l,same_family_donor,family_5facacfb4d33d062,rhythm_4gram_overlap,0.15126028644724715
transformer_l,clean,family_15b8f6d235825863,rhythm_4gram_overlap,0.1324665702190946
transformer_l,unrelated_donor,family_15b8f6d235825863,rhythm_4gram_overlap,0.1419436107617572
transformer_l,same_family_donor,family_15b8f6d235825863,rhythm_4gram_overlap,0.14169555752640492
transformer_l,clean,family_78031f033e192cce,rhythm_4gram_overlap,0.16738183141085694
transformer_l,unrelated_donor,family_78031f033e192cce,rhythm_4gram_overlap,0.17282134998220178
transformer_l,same_family_donor,family_78031f033e192cce,rhythm_4gram_overlap,0.17861694490662516
transformer_l,clean,family_debbecc1e7f77f3e,rhythm_4gram_overlap,0.13675986896638617
transformer_l,unrelated_donor,family_debbecc1e7f77f3e,rhythm_4gram_overlap,0.13379921267858277
transformer_l,same_family_donor,family_debbecc1e7f77f3e,rhythm_4gram_overlap,0.1364390267084878
transformer_l,clean,family_5d6a15b20dff7233,rhythm_4gram_overlap,0.10794660229117148
transformer_l,unrelated_donor,family_5d6a15b20dff7233,rhythm_4gram_overlap,0.10144243812706949
transformer_l,same_family_donor,family_5d6a15b20dff7233,rhythm_4gram_overlap,0.10812801689014519
transformer_l,clean,family_58a5b18cf3751bf1,rhythm_4gram_overlap,0.12270044395869693
transformer_l,unrelated_donor,family_58a5b18cf3751bf1,rhythm_4gram_overlap,0.12474205169419965
transformer_l,same_family_donor,family_58a5b18cf3751bf1,rhythm_4gram_overlap,0.12241908147733717
transformer_l,clean,family_da2cbb03fa208ffc,rhythm_4gram_overlap,0.1297239709443099
transformer_l,unrelated_donor,family_da2cbb03fa208ffc,rhythm_4gram_overlap,0.1297239709443099
transformer_l,same_family_donor,family_da2cbb03fa208ffc,rhythm_4gram_overlap,0.13142857142857142
transformer_l,clean,family_b3ba3218de08f591,rhythm_4gram_overlap,0.07344305036337899
transformer_l,unrelated_donor,family_b3ba3218de08f591,rhythm_4gram_overlap,0.07194719247669636
transformer_l,same_family_donor,family_b3ba3218de08f591,rhythm_4gram_overlap,0.0726110777035514
transformer_l,clean,family_9edbfcdbf27d8472,rhythm_4gram_overlap,0.06627159002356338
transformer_l,unrelated_donor,family_9edbfcdbf27d8472,rhythm_4gram_overlap,0.06568950640386638
transformer_l,same_family_donor,family_9edbfcdbf27d8472,rhythm_4gram_overlap,0.07037651642019947
transformer_l,clean,family_76f3986b08ecfc19,rhythm_4gram_overlap,0.11047070552552764
transformer_l,unrelated_donor,family_76f3986b08ecfc19,rhythm_4gram_overlap,0.1236811542674579
transformer_l,same_family_donor,family_76f3986b08ecfc19,rhythm_4gram_overlap,0.13017846154241483
transformer_l,clean,family_5aaa5f6f546aa704,rhythm_4gram_overlap,0.13885645774824093
transformer_l,unrelated_donor,family_5aaa5f6f546aa704,rhythm_4gram_overlap,0.13752483633440446
transformer_l,same_family_donor,family_5aaa5f6f546aa704,rhythm_4gram_overlap,0.14378738271554165
transformer_l,clean,family_38ddaabf01adae92,rhythm_4gram_overlap,0.13723949006025016
transformer_l,unrelated_donor,family_38ddaabf01adae92,rhythm_4gram_overlap,0.13724385291923166
transformer_l,same_family_donor,family_38ddaabf01adae92,rhythm_4gram_overlap,0.13410471580734415
transformer_l,clean,family_5cc4efa05e4dc250,rhythm_4gram_overlap,0.11794871794871793
transformer_l,unrelated_donor,family_5cc4efa05e4dc250,rhythm_4gram_overlap,0.11718820861678003
transformer_l,same_family_donor,family_5cc4efa05e4dc250,rhythm_4gram_overlap,0.1168118144042727
transformer_l,clean,family_3db848c291e71542,rhythm_4gram_overlap,0.12355080567515486
transformer_l,unrelated_donor,family_3db848c291e71542,rhythm_4gram_overlap,0.12434967380955797
transformer_l,same_family_donor,family_3db848c291e71542,rhythm_4gram_overlap,0.1230271027159977
transformer_l,clean,family_4731a6d05dff34ce,rhythm_4gram_overlap,0.0835926667274458
transformer_l,unrelated_donor,family_4731a6d05dff34ce,rhythm_4gram_overlap,0.10148745854613417
transformer_l,same_family_donor,family_4731a6d05dff34ce,rhythm_4gram_overlap,0.14498921813401502
transformer_l,clean,family_1a8ff9e18d3eabea,rhythm_4gram_overlap,0.1329624358934605
transformer_l,unrelated_donor,family_1a8ff9e18d3eabea,rhythm_4gram_overlap,0.13616859924789812
transformer_l,same_family_donor,family_1a8ff9e18d3eabea,rhythm_4gram_overlap,0.13581087610962225
transformer_l,clean,family_774f10d6c3d75980,rhythm_4gram_overlap,0.13250183684742534
transformer_l,unrelated_donor,family_774f10d6c3d75980,rhythm_4gram_overlap,0.12594733933028449
transformer_l,same_family_donor,family_774f10d6c3d75980,rhythm_4gram_overlap,0.13226533119017128
transformer_l,clean,family_7a300c986fbfa9f2,rhythm_4gram_overlap,0.10707954423799404
transformer_l,unrelated_donor,family_7a300c986fbfa9f2,rhythm_4gram_overlap,0.10473057477032527
transformer_l,same_family_donor,family_7a300c986fbfa9f2,rhythm_4gram_overlap,0.10590959035888502
transformer_l,clean,family_d1a92696717aa9c2,rhythm_4gram_overlap,0.18603247345037474
transformer_l,unrelated_donor,family_d1a92696717aa9c2,rhythm_4gram_overlap,0.18723476697441666
transformer_l,same_family_donor,family_d1a92696717aa9c2,rhythm_4gram_overlap,0.1859176798844986
transformer_l,clean,family_2fe71bb032cb85fe,rhythm_4gram_overlap,0.14039707376686686
transformer_l,unrelated_donor,family_2fe71bb032cb85fe,rhythm_4gram_overlap,0.14043164795880936
transformer_l,same_family_donor,family_2fe71bb032cb85fe,rhythm_4gram_overlap,0.1362090015704089
transformer_l,clean,family_348b29b5f47eda18,rhythm_4gram_overlap,0.08290894622217497
transformer_l,unrelated_donor,family_348b29b5f47eda18,rhythm_4gram_overlap,0.08501221723139189
transformer_l,same_family_donor,family_348b29b5f47eda18,rhythm_4gram_overlap,0.09221562961025094
transformer_l,clean,family_fa3341292470541d,rhythm_4gram_overlap,0.07967775890068447
transformer_l,unrelated_donor,family_fa3341292470541d,rhythm_4gram_overlap,0.08195635233625967
transformer_l,same_family_donor,family_fa3341292470541d,rhythm_4gram_overlap,0.09947403065883376
transformer_l,clean,family_f99e7467cfd91d72,rhythm_4gram_overlap,0.10620458907312973
transformer_l,unrelated_donor,family_f99e7467cfd91d72,rhythm_4gram_overlap,0.09929776216362018
transformer_l,same_family_donor,family_f99e7467cfd91d72,rhythm_4gram_overlap,0.10151418804507162
transformer_l,clean,family_776fb0c74fb6af96,rhythm_4gram_overlap,0.09554193557373743
transformer_l,unrelated_donor,family_776fb0c74fb6af96,rhythm_4gram_overlap,0.04777903041455587
transformer_l,same_family_donor,family_776fb0c74fb6af96,rhythm_4gram_overlap,0.09677597501068987
transformer_l,clean,family_56b1bf9100abf79a,rhythm_4gram_overlap,0.0970288935253482
transformer_l,unrelated_donor,family_56b1bf9100abf79a,rhythm_4gram_overlap,0.10579248890555192
transformer_l,same_family_donor,family_56b1bf9100abf79a,rhythm_4gram_overlap,0.10070164907131292
transformer_l,clean,family_f53ae103dc0def58,rhythm_4gram_overlap,0.11479979002320125
transformer_l,unrelated_donor,family_f53ae103dc0def58,rhythm_4gram_overlap,0.1137246396756666
transformer_l,same_family_donor,family_f53ae103dc0def58,rhythm_4gram_overlap,0.12233005751458477
transformer_l,clean,family_c2d4ffa1539bdafe,rhythm_4gram_overlap,0.17535633493849234
transformer_l,unrelated_donor,family_c2d4ffa1539bdafe,rhythm_4gram_overlap,0.2129649663730364
transformer_l,same_family_donor,family_c2d4ffa1539bdafe,rhythm_4gram_overlap,0.19648753973315378
transformer_l,clean,family_328dc279bafe7f69,rhythm_4gram_overlap,0.0990909355952078
transformer_l,unrelated_donor,family_328dc279bafe7f69,rhythm_4gram_overlap,0.09408257901459227
transformer_l,same_family_donor,family_328dc279bafe7f69,rhythm_4gram_overlap,0.09002471057041928
transformer_l,clean,family_de67cf52f9a2ce89,rhythm_4gram_overlap,0.012769876483482767
transformer_l,unrelated_donor,family_de67cf52f9a2ce89,rhythm_4gram_overlap,0.016535641952833104
transformer_l,same_family_donor,family_de67cf52f9a2ce89,rhythm_4gram_overlap,0.03274379225402962
transformer_l,clean,family_581cf690b70ed77f,rhythm_4gram_overlap,0.1333304826252373
transformer_l,unrelated_donor,family_581cf690b70ed77f,rhythm_4gram_overlap,0.13590436183931784
transformer_l,same_family_donor,family_581cf690b70ed77f,rhythm_4gram_overlap,0.13368907734279567
transformer_l,clean,family_5ebcadebe538bd59,rhythm_4gram_overlap,0.10893367565463534
transformer_l,unrelated_donor,family_5ebcadebe538bd59,rhythm_4gram_overlap,0.11153957641947253
transformer_l,same_family_donor,family_5ebcadebe538bd59,rhythm_4gram_overlap,0.11004320454881085
transformer_l,clean,family_5fe0b889b5279fed,rhythm_4gram_overlap,0.10299570514232659
transformer_l,unrelated_donor,family_5fe0b889b5279fed,rhythm_4gram_overlap,0.09274414674188593
transformer_l,same_family_donor,family_5fe0b889b5279fed,rhythm_4gram_overlap,0.10994717555655409
transformer_l,clean,family_8aff46e64d1c8360,rhythm_4gram_overlap,0.06550379963870315
transformer_l,unrelated_donor,family_8aff46e64d1c8360,rhythm_4gram_overlap,0.0620946926803409
transformer_l,same_family_donor,family_8aff46e64d1c8360,rhythm_4gram_overlap,0.07578991088912226
transformer_l,clean,family_c3abd4306e03adf2,rhythm_4gram_overlap,0.13198963175356462
transformer_l,unrelated_donor,family_c3abd4306e03adf2,rhythm_4gram_overlap,0.12947599602683946
transformer_l,same_family_donor,family_c3abd4306e03adf2,rhythm_4gram_overlap,0.13030786614711834
transformer_l,clean,family_f77d449f1658a159,rhythm_4gram_overlap,0.07586858404940316
transformer_l,unrelated_donor,family_f77d449f1658a159,rhythm_4gram_overlap,0.07814308909778596
transformer_l,same_family_donor,family_f77d449f1658a159,rhythm_4gram_overlap,0.07616197411807
transformer_l,clean,family_121eefce620403f7,rhythm_4gram_overlap,0.06210538687016029
transformer_l,unrelated_donor,family_121eefce620403f7,rhythm_4gram_overlap,0.09387754657403913
transformer_l,same_family_donor,family_121eefce620403f7,rhythm_4gram_overlap,0.10920963305924225
transformer_l,clean,family_439fc19617b55d44,rhythm_4gram_overlap,0.1284877524137684
transformer_l,unrelated_donor,family_439fc19617b55d44,rhythm_4gram_overlap,0.12376572711884108
transformer_l,same_family_donor,family_439fc19617b55d44,rhythm_4gram_overlap,0.13091733525004845
transformer_l,clean,family_7b8c8789f38183da,rhythm_4gram_overlap,0.0857894556729516
transformer_l,unrelated_donor,family_7b8c8789f38183da,rhythm_4gram_overlap,0.08633525986342504
transformer_l,same_family_donor,family_7b8c8789f38183da,rhythm_4gram_overlap,0.08203923635351475
transformer_l,clean,family_7c104874587dddcc,rhythm_4gram_overlap,0.05508652591670674
transformer_l,unrelated_donor,family_7c104874587dddcc,rhythm_4gram_overlap,0.03590190780659105
transformer_l,same_family_donor,family_7c104874587dddcc,rhythm_4gram_overlap,0.053061043720804967
transformer_l,clean,family_2eec85a0fe915e64,rhythm_4gram_overlap,0.09569090773467896
transformer_l,unrelated_donor,family_2eec85a0fe915e64,rhythm_4gram_overlap,0.09737056455171252
transformer_l,same_family_donor,family_2eec85a0fe915e64,rhythm_4gram_overlap,0.10395004022888647
transformer_l,clean,family_ac0566dd944bc201,rhythm_4gram_overlap,0.13099631314034385
transformer_l,unrelated_donor,family_ac0566dd944bc201,rhythm_4gram_overlap,0.12371068181884182
transformer_l,same_family_donor,family_ac0566dd944bc201,rhythm_4gram_overlap,0.13640266799736203
transformer_l,clean,family_fe2836cc1cef695c,rhythm_4gram_overlap,0.13145218191769914
transformer_l,unrelated_donor,family_fe2836cc1cef695c,rhythm_4gram_overlap,0.13125761929641241
transformer_l,same_family_donor,family_fe2836cc1cef695c,rhythm_4gram_overlap,0.12963003729663938
transformer_l,clean,family_a03ac5414952d229,rhythm_4gram_overlap,0.10335143877163196
transformer_l,unrelated_donor,family_a03ac5414952d229,rhythm_4gram_overlap,0.09954330979532781
transformer_l,same_family_donor,family_a03ac5414952d229,rhythm_4gram_overlap,0.10220264821501013
transformer_l,clean,family_9ccd2f467361ebab,rhythm_4gram_overlap,0.10093179642742496
transformer_l,unrelated_donor,family_9ccd2f467361ebab,rhythm_4gram_overlap,0.10055846105506683
transformer_l,same_family_donor,family_9ccd2f467361ebab,rhythm_4gram_overlap,0.09948598831586582
transformer_l,clean,family_6f0024d47bda9a44,rhythm_4gram_overlap,0.10754496360967059
transformer_l,unrelated_donor,family_6f0024d47bda9a44,rhythm_4gram_overlap,0.10762633473117333
transformer_l,same_family_donor,family_6f0024d47bda9a44,rhythm_4gram_overlap,0.11632917736066388
transformer_l,clean,family_b88eee6ecd7ef6bc,rhythm_4gram_overlap,0.11585323162069978
transformer_l,unrelated_donor,family_b88eee6ecd7ef6bc,rhythm_4gram_overlap,0.11803624911222639
transformer_l,same_family_donor,family_b88eee6ecd7ef6bc,rhythm_4gram_overlap,0.11288189458661586
transformer_l,clean,family_3dffb074803c8f80,rhythm_4gram_overlap,0.09178817295632265
transformer_l,unrelated_donor,family_3dffb074803c8f80,rhythm_4gram_overlap,0.0799326282353086
transformer_l,same_family_donor,family_3dffb074803c8f80,rhythm_4gram_overlap,0.1020340301266957
transformer_l,clean,family_39849966d6043c11,rhythm_4gram_overlap,0.09689112715992328
transformer_l,unrelated_donor,family_39849966d6043c11,rhythm_4gram_overlap,0.1002924397871217
transformer_l,same_family_donor,family_39849966d6043c11,rhythm_4gram_overlap,0.09663230810284784
transformer_l,clean,family_f19aa9a5e722eb61,rhythm_4gram_overlap,0.1330862153102775
transformer_l,unrelated_donor,family_f19aa9a5e722eb61,rhythm_4gram_overlap,0.1326436055178225
transformer_l,same_family_donor,family_f19aa9a5e722eb61,rhythm_4gram_overlap,0.1330862153102775
transformer_l,clean,family_a95aeca85317a04d,rhythm_4gram_overlap,0.10488556960869962
transformer_l,unrelated_donor,family_a95aeca85317a04d,rhythm_4gram_overlap,0.09964488579468618
transformer_l,same_family_donor,family_a95aeca85317a04d,rhythm_4gram_overlap,0.10701892191325595
transformer_l,clean,family_39f58e2fd604c61e,rhythm_4gram_overlap,0.07608450138491779
transformer_l,unrelated_donor,family_39f58e2fd604c61e,rhythm_4gram_overlap,0.09471516728156
transformer_l,same_family_donor,family_39f58e2fd604c61e,rhythm_4gram_overlap,0.07644904289432178
transformer_l,clean,family_af212e596b07120e,rhythm_4gram_overlap,0.1321026193195938
transformer_l,unrelated_donor,family_af212e596b07120e,rhythm_4gram_overlap,0.13319324475974978
transformer_l,same_family_donor,family_af212e596b07120e,rhythm_4gram_overlap,0.13181339813735687
transformer_l,clean,family_961cefc620e3d5ab,rhythm_4gram_overlap,0.09145363355846144
transformer_l,unrelated_donor,family_961cefc620e3d5ab,rhythm_4gram_overlap,0.0996398414421158
transformer_l,same_family_donor,family_961cefc620e3d5ab,rhythm_4gram_overlap,0.10473563020693988
transformer_l,clean,family_2dbafe5054d4bee7,rhythm_4gram_overlap,0.05813733001904373
transformer_l,unrelated_donor,family_2dbafe5054d4bee7,rhythm_4gram_overlap,0.05059260119607637
transformer_l,same_family_donor,family_2dbafe5054d4bee7,rhythm_4gram_overlap,0.049765208971461916
transformer_l,clean,family_0a0ff01b239a934a,rhythm_4gram_overlap,0.11497569719678914
transformer_l,unrelated_donor,family_0a0ff01b239a934a,rhythm_4gram_overlap,0.12349340774412924
transformer_l,same_family_donor,family_0a0ff01b239a934a,rhythm_4gram_overlap,0.12076267480971647
transformer_l,clean,family_6a42731481dda124,rhythm_4gram_overlap,0.16574400168795098
transformer_l,unrelated_donor,family_6a42731481dda124,rhythm_4gram_overlap,0.1604804100711055
transformer_l,same_family_donor,family_6a42731481dda124,rhythm_4gram_overlap,0.1772635225766613
transformer_l,clean,family_e4e4467ef74cc720,rhythm_4gram_overlap,0.1331500134685563
transformer_l,unrelated_donor,family_e4e4467ef74cc720,rhythm_4gram_overlap,0.14690399366497653
transformer_l,same_family_donor,family_e4e4467ef74cc720,rhythm_4gram_overlap,0.14402830319169654
transformer_l,clean,family_b324bd83d2be3825,rhythm_4gram_overlap,0.19258795043441101
transformer_l,unrelated_donor,family_b324bd83d2be3825,rhythm_4gram_overlap,0.18525154415254605
transformer_l,same_family_donor,family_b324bd83d2be3825,rhythm_4gram_overlap,0.19263163817863357
transformer_l,clean,family_59add5a121b9a616,rhythm_4gram_overlap,0.11248991442598032
transformer_l,unrelated_donor,family_59add5a121b9a616,rhythm_4gram_overlap,0.11554083278433608
transformer_l,same_family_donor,family_59add5a121b9a616,rhythm_4gram_overlap,0.11479109341536563
transformer_l,clean,family_4da27be0a15493fc,rhythm_4gram_overlap,0.12122909210011938
transformer_l,unrelated_donor,family_4da27be0a15493fc,rhythm_4gram_overlap,0.1213652915814958
transformer_l,same_family_donor,family_4da27be0a15493fc,rhythm_4gram_overlap,0.12338335282568387
transformer_l,clean,family_0ecded087f80d73b,rhythm_4gram_overlap,0.06280958673989365
transformer_l,unrelated_donor,family_0ecded087f80d73b,rhythm_4gram_overlap,0.04887618683929454
transformer_l,same_family_donor,family_0ecded087f80d73b,rhythm_4gram_overlap,0.060041277833054824
transformer_l,clean,family_746d1e0c3274827f,rhythm_4gram_overlap,0.12695156695156695
transformer_l,unrelated_donor,family_746d1e0c3274827f,rhythm_4gram_overlap,0.12650322387164492
transformer_l,same_family_donor,family_746d1e0c3274827f,rhythm_4gram_overlap,0.12777777777777777
transformer_l,clean,family_6d17de7e325f25f8,rhythm_4gram_overlap,0.13235576581909736
transformer_l,unrelated_donor,family_6d17de7e325f25f8,rhythm_4gram_overlap,0.1274647196167247
transformer_l,same_family_donor,family_6d17de7e325f25f8,rhythm_4gram_overlap,0.12978332202918508
transformer_l,clean,family_67cf34a836b9cd6c,rhythm_4gram_overlap,0.10544649132128603
transformer_l,unrelated_donor,family_67cf34a836b9cd6c,rhythm_4gram_overlap,0.11815869460886258
transformer_l,same_family_donor,family_67cf34a836b9cd6c,rhythm_4gram_overlap,0.11050125431119395
transformer_l,clean,family_3bd7e5ca43f02666,rhythm_4gram_overlap,0.08268460003307966
transformer_l,unrelated_donor,family_3bd7e5ca43f02666,rhythm_4gram_overlap,0.08846023151026743
transformer_l,same_family_donor,family_3bd7e5ca43f02666,rhythm_4gram_overlap,0.09149230385307756
transformer_l,clean,family_e2c30beb0d4abeae,rhythm_4gram_overlap,0.05877664216712941
transformer_l,unrelated_donor,family_e2c30beb0d4abeae,rhythm_4gram_overlap,0.05799096786749993
transformer_l,same_family_donor,family_e2c30beb0d4abeae,rhythm_4gram_overlap,0.054777472654028804
transformer_l,clean,family_3fbe0e330aecdc00,rhythm_4gram_overlap,0.09879877696328691
transformer_l,unrelated_donor,family_3fbe0e330aecdc00,rhythm_4gram_overlap,0.10232746501976397
transformer_l,same_family_donor,family_3fbe0e330aecdc00,rhythm_4gram_overlap,0.10819176340485938
transformer_l,clean,family_83b27a32aa56f9dc,rhythm_4gram_overlap,0.10154763100520336
transformer_l,unrelated_donor,family_83b27a32aa56f9dc,rhythm_4gram_overlap,0.10229646721309675
transformer_l,same_family_donor,family_83b27a32aa56f9dc,rhythm_4gram_overlap,0.09077765183983943
transformer_l,clean,family_58c32a6b58cc329f,rhythm_4gram_overlap,0.119943661387907
transformer_l,unrelated_donor,family_58c32a6b58cc329f,rhythm_4gram_overlap,0.12231004314557992
transformer_l,same_family_donor,family_58c32a6b58cc329f,rhythm_4gram_overlap,0.12596328989771613
transformer_l,clean,family_853b6705e7d7e7a9,rhythm_4gram_overlap,0.0996117710223804
transformer_l,unrelated_donor,family_853b6705e7d7e7a9,rhythm_4gram_overlap,0.10444424385664484
transformer_l,same_family_donor,family_853b6705e7d7e7a9,rhythm_4gram_overlap,0.10577251418353333
transformer_l,clean,family_5405158fe7a3977d,rhythm_4gram_overlap,0.10237685427421146
transformer_l,unrelated_donor,family_5405158fe7a3977d,rhythm_4gram_overlap,0.09806906830194877
transformer_l,same_family_donor,family_5405158fe7a3977d,rhythm_4gram_overlap,0.10272057398619568
transformer_l,clean,family_e0f7e5849dbe9388,rhythm_4gram_overlap,0.13377575283850088
transformer_l,unrelated_donor,family_e0f7e5849dbe9388,rhythm_4gram_overlap,0.13252754152335353
transformer_l,same_family_donor,family_e0f7e5849dbe9388,rhythm_4gram_overlap,0.131786178755423
transformer_l,clean,family_6fbe37a0a6611f64,rhythm_4gram_overlap,0.07470693226950749
transformer_l,unrelated_donor,family_6fbe37a0a6611f64,rhythm_4gram_overlap,0.04909471693723794
transformer_l,same_family_donor,family_6fbe37a0a6611f64,rhythm_4gram_overlap,0.06717599044695564
transformer_l,clean,family_3835425eafb00035,rhythm_4gram_overlap,0.11319377863961659
transformer_l,unrelated_donor,family_3835425eafb00035,rhythm_4gram_overlap,0.1235916117897669
transformer_l,same_family_donor,family_3835425eafb00035,rhythm_4gram_overlap,0.12357779833270155
transformer_l,clean,family_4f1b63b3eef9f7d0,rhythm_4gram_overlap,0.11040254502911369
transformer_l,unrelated_donor,family_4f1b63b3eef9f7d0,rhythm_4gram_overlap,0.1021793680592058
transformer_l,same_family_donor,family_4f1b63b3eef9f7d0,rhythm_4gram_overlap,0.1010381544393986
transformer_l,clean,family_8f08581ca21b6c6f,rhythm_4gram_overlap,0.11599924797894341
transformer_l,unrelated_donor,family_8f08581ca21b6c6f,rhythm_4gram_overlap,0.11562323745064862
transformer_l,same_family_donor,family_8f08581ca21b6c6f,rhythm_4gram_overlap,0.11637525850723819
transformer_l,clean,family_db6398f302f77cb4,rhythm_4gram_overlap,0.11075735862397229
transformer_l,unrelated_donor,family_db6398f302f77cb4,rhythm_4gram_overlap,0.12019793585476053
transformer_l,same_family_donor,family_db6398f302f77cb4,rhythm_4gram_overlap,0.11924182084139233
transformer_l,clean,family_aad2d66dec95dc7a,rhythm_4gram_overlap,0.10526139994191268
transformer_l,unrelated_donor,family_aad2d66dec95dc7a,rhythm_4gram_overlap,0.10886877849643388
transformer_l,same_family_donor,family_aad2d66dec95dc7a,rhythm_4gram_overlap,0.11260027487598556
transformer_l,clean,family_04795413b15e0b98,rhythm_4gram_overlap,0.12047974407461255
transformer_l,unrelated_donor,family_04795413b15e0b98,rhythm_4gram_overlap,0.12433295429232011
transformer_l,same_family_donor,family_04795413b15e0b98,rhythm_4gram_overlap,0.12335020569648415
transformer_l,clean,family_d4c8efafc098f593,rhythm_4gram_overlap,0.11429338598848297
transformer_l,unrelated_donor,family_d4c8efafc098f593,rhythm_4gram_overlap,0.11262931661546348
transformer_l,same_family_donor,family_d4c8efafc098f593,rhythm_4gram_overlap,0.12479847407645227
transformer_l,clean,family_30fbd9977a220042,rhythm_4gram_overlap,0.12650896658850494
transformer_l,unrelated_donor,family_30fbd9977a220042,rhythm_4gram_overlap,0.12726017372097984
transformer_l,same_family_donor,family_30fbd9977a220042,rhythm_4gram_overlap,0.13087838252113554
transformer_l,clean,family_2d3e3d92f30c4369,rhythm_4gram_overlap,0.12939770012612647
transformer_l,unrelated_donor,family_2d3e3d92f30c4369,rhythm_4gram_overlap,0.12209049831499641
transformer_l,same_family_donor,family_2d3e3d92f30c4369,rhythm_4gram_overlap,0.13306530013700593
transformer_l,clean,family_6342008bae187399,rhythm_4gram_overlap,0.11688717320649629
transformer_l,unrelated_donor,family_6342008bae187399,rhythm_4gram_overlap,0.118199528172563
transformer_l,same_family_donor,family_6342008bae187399,rhythm_4gram_overlap,0.11880695712084455
transformer_l,clean,family_f60bd4cc83d02add,rhythm_4gram_overlap,0.1421291638871164
transformer_l,unrelated_donor,family_f60bd4cc83d02add,rhythm_4gram_overlap,0.1299049783959034
transformer_l,same_family_donor,family_f60bd4cc83d02add,rhythm_4gram_overlap,0.15255310208218906
transformer_l,clean,family_08157e0ead630e5c,rhythm_4gram_overlap,0.14548600353631758
transformer_l,unrelated_donor,family_08157e0ead630e5c,rhythm_4gram_overlap,0.1495232742319915
transformer_l,same_family_donor,family_08157e0ead630e5c,rhythm_4gram_overlap,0.14831255348343875
transformer_l,clean,family_0f71c7e0830e1d85,rhythm_4gram_overlap,0.06557605640538093
transformer_l,unrelated_donor,family_0f71c7e0830e1d85,rhythm_4gram_overlap,0.06104013140323002
transformer_l,same_family_donor,family_0f71c7e0830e1d85,rhythm_4gram_overlap,0.07166933817058743
transformer_l,clean,family_be459453ebdfa1da,rhythm_4gram_overlap,0.1251470771249816
transformer_l,unrelated_donor,family_be459453ebdfa1da,rhythm_4gram_overlap,0.12472641548028146
transformer_l,same_family_donor,family_be459453ebdfa1da,rhythm_4gram_overlap,0.12514261694589565
transformer_l,clean,family_a534382ff42b71fb,rhythm_4gram_overlap,0.10197230739129554
transformer_l,unrelated_donor,family_a534382ff42b71fb,rhythm_4gram_overlap,0.10697175921782458
transformer_l,same_family_donor,family_a534382ff42b71fb,rhythm_4gram_overlap,0.10622149454931575
transformer_l,clean,family_e97b637c75aac2b5,rhythm_4gram_overlap,0.0895564501922798
transformer_l,unrelated_donor,family_e97b637c75aac2b5,rhythm_4gram_overlap,0.08635493412024654
transformer_l,same_family_donor,family_e97b637c75aac2b5,rhythm_4gram_overlap,0.08871624471759658
transformer_l,clean,family_f0c0dd7c2f3b6a3f,rhythm_4gram_overlap,0.24658801879952896
transformer_l,unrelated_donor,family_f0c0dd7c2f3b6a3f,rhythm_4gram_overlap,0.23499917402009154
transformer_l,same_family_donor,family_f0c0dd7c2f3b6a3f,rhythm_4gram_overlap,0.22702703102916355
transformer_l,clean,family_c3ae851031cec2bb,rhythm_4gram_overlap,0.14546115107160432
transformer_l,unrelated_donor,family_c3ae851031cec2bb,rhythm_4gram_overlap,0.1464240419079129
transformer_l,same_family_donor,family_c3ae851031cec2bb,rhythm_4gram_overlap,0.14544251447477252
transformer_l,clean,family_d0b38ee50d018148,rhythm_4gram_overlap,0.135564588754634
transformer_l,unrelated_donor,family_d0b38ee50d018148,rhythm_4gram_overlap,0.13601307189542486
transformer_l,same_family_donor,family_d0b38ee50d018148,rhythm_4gram_overlap,0.13386254686028443
transformer_l,clean,family_c64269798048b60f,rhythm_4gram_overlap,0.1919914367945156
transformer_l,unrelated_donor,family_c64269798048b60f,rhythm_4gram_overlap,0.19596552509182177
transformer_l,same_family_donor,family_c64269798048b60f,rhythm_4gram_overlap,0.2106286584654498
transformer_l,clean,family_1cfa4116628ae42e,rhythm_4gram_overlap,0.07815535941897875
transformer_l,unrelated_donor,family_1cfa4116628ae42e,rhythm_4gram_overlap,0.06387517628543672
transformer_l,same_family_donor,family_1cfa4116628ae42e,rhythm_4gram_overlap,0.07586219362829764
transformer_l,clean,family_101bf32d18499c7d,rhythm_4gram_overlap,0.03763195445054865
transformer_l,unrelated_donor,family_101bf32d18499c7d,rhythm_4gram_overlap,0.04129657921130676
transformer_l,same_family_donor,family_101bf32d18499c7d,rhythm_4gram_overlap,0.04312897246873882
transformer_l,clean,family_52885ec61f0240b9,rhythm_4gram_overlap,0.15718270754421274
transformer_l,unrelated_donor,family_52885ec61f0240b9,rhythm_4gram_overlap,0.1270727825480772
transformer_l,same_family_donor,family_52885ec61f0240b9,rhythm_4gram_overlap,0.1415239730915665
transformer_l,clean,family_8661140073b6a2ab,rhythm_4gram_overlap,0.10627576305888098
transformer_l,unrelated_donor,family_8661140073b6a2ab,rhythm_4gram_overlap,0.10559425808656403
transformer_l,same_family_donor,family_8661140073b6a2ab,rhythm_4gram_overlap,0.1055720608845479
transformer_l,clean,family_eacebc389812585f,rhythm_4gram_overlap,0.10569953125733232
transformer_l,unrelated_donor,family_eacebc389812585f,rhythm_4gram_overlap,0.09566191151408658
transformer_l,same_family_donor,family_eacebc389812585f,rhythm_4gram_overlap,0.09878937953350815
transformer_l,clean,family_23e85181dd747797,rhythm_4gram_overlap,0.11940330760869501
transformer_l,unrelated_donor,family_23e85181dd747797,rhythm_4gram_overlap,0.11753293561742366
transformer_l,same_family_donor,family_23e85181dd747797,rhythm_4gram_overlap,0.11811118457281822
transformer_l,clean,family_e3c89d0945320ec5,normalized_edit_similarity,0.15575275239529193
transformer_l,unrelated_donor,family_e3c89d0945320ec5,normalized_edit_similarity,0.15839013441254277
transformer_l,same_family_donor,family_e3c89d0945320ec5,normalized_edit_similarity,0.15662535173522843
transformer_l,clean,family_5facacfb4d33d062,normalized_edit_similarity,0.16754226217271304
transformer_l,unrelated_donor,family_5facacfb4d33d062,normalized_edit_similarity,0.176632281229698
transformer_l,same_family_donor,family_5facacfb4d33d062,normalized_edit_similarity,0.17460370322184227
transformer_l,clean,family_15b8f6d235825863,normalized_edit_similarity,0.15754521475579705
transformer_l,unrelated_donor,family_15b8f6d235825863,normalized_edit_similarity,0.15831949702340126
transformer_l,same_family_donor,family_15b8f6d235825863,normalized_edit_similarity,0.15816706368123792
transformer_l,clean,family_78031f033e192cce,normalized_edit_similarity,0.22293724554594122
transformer_l,unrelated_donor,family_78031f033e192cce,normalized_edit_similarity,0.21383843588274645
transformer_l,same_family_donor,family_78031f033e192cce,normalized_edit_similarity,0.24857268335529203
transformer_l,clean,family_debbecc1e7f77f3e,normalized_edit_similarity,0.1738150239431381
transformer_l,unrelated_donor,family_debbecc1e7f77f3e,normalized_edit_similarity,0.17424968312503739
transformer_l,same_family_donor,family_debbecc1e7f77f3e,normalized_edit_similarity,0.17878901708666897
transformer_l,clean,family_5d6a15b20dff7233,normalized_edit_similarity,0.17164193040716214
transformer_l,unrelated_donor,family_5d6a15b20dff7233,normalized_edit_similarity,0.15182387913061599
transformer_l,same_family_donor,family_5d6a15b20dff7233,normalized_edit_similarity,0.164758935141094
transformer_l,clean,family_58a5b18cf3751bf1,normalized_edit_similarity,0.16545805397689187
transformer_l,unrelated_donor,family_58a5b18cf3751bf1,normalized_edit_similarity,0.16340267901768465
transformer_l,same_family_donor,family_58a5b18cf3751bf1,normalized_edit_similarity,0.17610504890633535
transformer_l,clean,family_da2cbb03fa208ffc,normalized_edit_similarity,0.17803844900619095
transformer_l,unrelated_donor,family_da2cbb03fa208ffc,normalized_edit_similarity,0.18233952427500813
transformer_l,same_family_donor,family_da2cbb03fa208ffc,normalized_edit_similarity,0.18585858585858586
transformer_l,clean,family_b3ba3218de08f591,normalized_edit_similarity,0.1775611252701307
transformer_l,unrelated_donor,family_b3ba3218de08f591,normalized_edit_similarity,0.1854670943909789
transformer_l,same_family_donor,family_b3ba3218de08f591,normalized_edit_similarity,0.18314402701253885
transformer_l,clean,family_9edbfcdbf27d8472,normalized_edit_similarity,0.13435958266790335
transformer_l,unrelated_donor,family_9edbfcdbf27d8472,normalized_edit_similarity,0.13090670427264334
transformer_l,same_family_donor,family_9edbfcdbf27d8472,normalized_edit_similarity,0.13685326621435678
transformer_l,clean,family_76f3986b08ecfc19,normalized_edit_similarity,0.17628946479373162
transformer_l,unrelated_donor,family_76f3986b08ecfc19,normalized_edit_similarity,0.18252773829804061
transformer_l,same_family_donor,family_76f3986b08ecfc19,normalized_edit_similarity,0.19677858395803186
transformer_l,clean,family_5aaa5f6f546aa704,normalized_edit_similarity,0.17520932099279607
transformer_l,unrelated_donor,family_5aaa5f6f546aa704,normalized_edit_similarity,0.19416940218890297
transformer_l,same_family_donor,family_5aaa5f6f546aa704,normalized_edit_similarity,0.17563503590797583
transformer_l,clean,family_38ddaabf01adae92,normalized_edit_similarity,0.18284169142086262
transformer_l,unrelated_donor,family_38ddaabf01adae92,normalized_edit_similarity,0.19340010765896154
transformer_l,same_family_donor,family_38ddaabf01adae92,normalized_edit_similarity,0.202036741332333
transformer_l,clean,family_5cc4efa05e4dc250,normalized_edit_similarity,0.15886019590382905
transformer_l,unrelated_donor,family_5cc4efa05e4dc250,normalized_edit_similarity,0.1674087266251113
transformer_l,same_family_donor,family_5cc4efa05e4dc250,normalized_edit_similarity,0.1618284357376076
transformer_l,clean,family_3db848c291e71542,normalized_edit_similarity,0.18189999641683077
transformer_l,unrelated_donor,family_3db848c291e71542,normalized_edit_similarity,0.18993316845480654
transformer_l,same_family_donor,family_3db848c291e71542,normalized_edit_similarity,0.1914271620296457
transformer_l,clean,family_4731a6d05dff34ce,normalized_edit_similarity,0.188631195998181
transformer_l,unrelated_donor,family_4731a6d05dff34ce,normalized_edit_similarity,0.20245566166439288
transformer_l,same_family_donor,family_4731a6d05dff34ce,normalized_edit_similarity,0.24613597338084622
transformer_l,clean,family_1a8ff9e18d3eabea,normalized_edit_similarity,0.17745702263092575
transformer_l,unrelated_donor,family_1a8ff9e18d3eabea,normalized_edit_similarity,0.17751485086907537
transformer_l,same_family_donor,family_1a8ff9e18d3eabea,normalized_edit_similarity,0.17517742759147384
transformer_l,clean,family_774f10d6c3d75980,normalized_edit_similarity,0.1700992952298165
transformer_l,unrelated_donor,family_774f10d6c3d75980,normalized_edit_similarity,0.16782862387432607
transformer_l,same_family_donor,family_774f10d6c3d75980,normalized_edit_similarity,0.15777549807736038
transformer_l,clean,family_7a300c986fbfa9f2,normalized_edit_similarity,0.13511681268251982
transformer_l,unrelated_donor,family_7a300c986fbfa9f2,normalized_edit_similarity,0.13689160061187597
transformer_l,same_family_donor,family_7a300c986fbfa9f2,normalized_edit_similarity,0.13722274370741205
transformer_l,clean,family_d1a92696717aa9c2,normalized_edit_similarity,0.23936025514750717
transformer_l,unrelated_donor,family_d1a92696717aa9c2,normalized_edit_similarity,0.23582090193702
transformer_l,same_family_donor,family_d1a92696717aa9c2,normalized_edit_similarity,0.2383850748375259
transformer_l,clean,family_2fe71bb032cb85fe,normalized_edit_similarity,0.21887592788971366
transformer_l,unrelated_donor,family_2fe71bb032cb85fe,normalized_edit_similarity,0.2126827043582081
transformer_l,same_family_donor,family_2fe71bb032cb85fe,normalized_edit_similarity,0.21550895198827327
transformer_l,clean,family_348b29b5f47eda18,normalized_edit_similarity,0.13879228192668777
transformer_l,unrelated_donor,family_348b29b5f47eda18,normalized_edit_similarity,0.1411886587724678
transformer_l,same_family_donor,family_348b29b5f47eda18,normalized_edit_similarity,0.13612442012234435
transformer_l,clean,family_fa3341292470541d,normalized_edit_similarity,0.13109519547809045
transformer_l,unrelated_donor,family_fa3341292470541d,normalized_edit_similarity,0.1401896547724504
transformer_l,same_family_donor,family_fa3341292470541d,normalized_edit_similarity,0.14422329566329284
transformer_l,clean,family_f99e7467cfd91d72,normalized_edit_similarity,0.1010253860939882
transformer_l,unrelated_donor,family_f99e7467cfd91d72,normalized_edit_similarity,0.09885066613640885
transformer_l,same_family_donor,family_f99e7467cfd91d72,normalized_edit_similarity,0.09538012858752569
transformer_l,clean,family_776fb0c74fb6af96,normalized_edit_similarity,0.20326060005891966
transformer_l,unrelated_donor,family_776fb0c74fb6af96,normalized_edit_similarity,0.17786691147714986
transformer_l,same_family_donor,family_776fb0c74fb6af96,normalized_edit_similarity,0.18596100595620454
transformer_l,clean,family_56b1bf9100abf79a,normalized_edit_similarity,0.15849760996576298
transformer_l,unrelated_donor,family_56b1bf9100abf79a,normalized_edit_similarity,0.15999670018818182
transformer_l,same_family_donor,family_56b1bf9100abf79a,normalized_edit_similarity,0.16133691819612395
transformer_l,clean,family_f53ae103dc0def58,normalized_edit_similarity,0.14965797109785375
transformer_l,unrelated_donor,family_f53ae103dc0def58,normalized_edit_similarity,0.14356657924962749
transformer_l,same_family_donor,family_f53ae103dc0def58,normalized_edit_similarity,0.15804054017618818
transformer_l,clean,family_c2d4ffa1539bdafe,normalized_edit_similarity,0.14260230379274336
transformer_l,unrelated_donor,family_c2d4ffa1539bdafe,normalized_edit_similarity,0.15549059815224378
transformer_l,same_family_donor,family_c2d4ffa1539bdafe,normalized_edit_similarity,0.15013555995260772
transformer_l,clean,family_328dc279bafe7f69,normalized_edit_similarity,0.13102610327297023
transformer_l,unrelated_donor,family_328dc279bafe7f69,normalized_edit_similarity,0.1272612182153846
transformer_l,same_family_donor,family_328dc279bafe7f69,normalized_edit_similarity,0.12758877694086454
transformer_l,clean,family_de67cf52f9a2ce89,normalized_edit_similarity,0.09361073161032445
transformer_l,unrelated_donor,family_de67cf52f9a2ce89,normalized_edit_similarity,0.08689428078884141
transformer_l,same_family_donor,family_de67cf52f9a2ce89,normalized_edit_similarity,0.09894493876137889
transformer_l,clean,family_581cf690b70ed77f,normalized_edit_similarity,0.15349044218570407
transformer_l,unrelated_donor,family_581cf690b70ed77f,normalized_edit_similarity,0.15965107090614308
transformer_l,same_family_donor,family_581cf690b70ed77f,normalized_edit_similarity,0.15084259403286923
transformer_l,clean,family_5ebcadebe538bd59,normalized_edit_similarity,0.1432185937040306
transformer_l,unrelated_donor,family_5ebcadebe538bd59,normalized_edit_similarity,0.14074727861135627
transformer_l,same_family_donor,family_5ebcadebe538bd59,normalized_edit_similarity,0.14674904383642245
transformer_l,clean,family_5fe0b889b5279fed,normalized_edit_similarity,0.16710875757773788
transformer_l,unrelated_donor,family_5fe0b889b5279fed,normalized_edit_similarity,0.16243230756528515
transformer_l,same_family_donor,family_5fe0b889b5279fed,normalized_edit_similarity,0.18562260029936914
transformer_l,clean,family_8aff46e64d1c8360,normalized_edit_similarity,0.14301842469892806
transformer_l,unrelated_donor,family_8aff46e64d1c8360,normalized_edit_similarity,0.14026065659753584
transformer_l,same_family_donor,family_8aff46e64d1c8360,normalized_edit_similarity,0.14993323984004656
transformer_l,clean,family_c3abd4306e03adf2,normalized_edit_similarity,0.15648784780106678
transformer_l,unrelated_donor,family_c3abd4306e03adf2,normalized_edit_similarity,0.15655996510583933
transformer_l,same_family_donor,family_c3abd4306e03adf2,normalized_edit_similarity,0.1568367673905572
transformer_l,clean,family_f77d449f1658a159,normalized_edit_similarity,0.11851981944586182
transformer_l,unrelated_donor,family_f77d449f1658a159,normalized_edit_similarity,0.11379993504420789
transformer_l,same_family_donor,family_f77d449f1658a159,normalized_edit_similarity,0.12869215703359715
transformer_l,clean,family_121eefce620403f7,normalized_edit_similarity,0.18961726382536392
transformer_l,unrelated_donor,family_121eefce620403f7,normalized_edit_similarity,0.19305745700570395
transformer_l,same_family_donor,family_121eefce620403f7,normalized_edit_similarity,0.19274098261319395
transformer_l,clean,family_439fc19617b55d44,normalized_edit_similarity,0.1635938752909336
transformer_l,unrelated_donor,family_439fc19617b55d44,normalized_edit_similarity,0.15965307446477783
transformer_l,same_family_donor,family_439fc19617b55d44,normalized_edit_similarity,0.16395161454287496
transformer_l,clean,family_7b8c8789f38183da,normalized_edit_similarity,0.09905020802269664
transformer_l,unrelated_donor,family_7b8c8789f38183da,normalized_edit_similarity,0.09930828807615588
transformer_l,same_family_donor,family_7b8c8789f38183da,normalized_edit_similarity,0.09756910067771263
transformer_l,clean,family_7c104874587dddcc,normalized_edit_similarity,0.2473833313269933
transformer_l,unrelated_donor,family_7c104874587dddcc,normalized_edit_similarity,0.23962365487954665
transformer_l,same_family_donor,family_7c104874587dddcc,normalized_edit_similarity,0.2493947158735891
transformer_l,clean,family_2eec85a0fe915e64,normalized_edit_similarity,0.16265902526617268
transformer_l,unrelated_donor,family_2eec85a0fe915e64,normalized_edit_similarity,0.1572210384197874
transformer_l,same_family_donor,family_2eec85a0fe915e64,normalized_edit_similarity,0.1645294703658521
transformer_l,clean,family_ac0566dd944bc201,normalized_edit_similarity,0.15318763337493338
transformer_l,unrelated_donor,family_ac0566dd944bc201,normalized_edit_similarity,0.15222428748451056
transformer_l,same_family_donor,family_ac0566dd944bc201,normalized_edit_similarity,0.16006743103842827
transformer_l,clean,family_fe2836cc1cef695c,normalized_edit_similarity,0.15001128034606476
transformer_l,unrelated_donor,family_fe2836cc1cef695c,normalized_edit_similarity,0.15446768461419602
transformer_l,same_family_donor,family_fe2836cc1cef695c,normalized_edit_similarity,0.1561711313077395
transformer_l,clean,family_a03ac5414952d229,normalized_edit_similarity,0.15602836879432622
transformer_l,unrelated_donor,family_a03ac5414952d229,normalized_edit_similarity,0.15909857923942694
transformer_l,same_family_donor,family_a03ac5414952d229,normalized_edit_similarity,0.15128127927698634
transformer_l,clean,family_9ccd2f467361ebab,normalized_edit_similarity,0.15100950266342356
transformer_l,unrelated_donor,family_9ccd2f467361ebab,normalized_edit_similarity,0.1441280140806597
transformer_l,same_family_donor,family_9ccd2f467361ebab,normalized_edit_similarity,0.1468066504886242
transformer_l,clean,family_6f0024d47bda9a44,normalized_edit_similarity,0.1365351899732969
transformer_l,unrelated_donor,family_6f0024d47bda9a44,normalized_edit_similarity,0.1399716420222336
transformer_l,same_family_donor,family_6f0024d47bda9a44,normalized_edit_similarity,0.1337471850536776
transformer_l,clean,family_b88eee6ecd7ef6bc,normalized_edit_similarity,0.16371399070724926
transformer_l,unrelated_donor,family_b88eee6ecd7ef6bc,normalized_edit_similarity,0.18483904465212878
transformer_l,same_family_donor,family_b88eee6ecd7ef6bc,normalized_edit_similarity,0.17327636836481233
transformer_l,clean,family_3dffb074803c8f80,normalized_edit_similarity,0.18405521980708195
transformer_l,unrelated_donor,family_3dffb074803c8f80,normalized_edit_similarity,0.18795069960148258
transformer_l,same_family_donor,family_3dffb074803c8f80,normalized_edit_similarity,0.1897319353040112
transformer_l,clean,family_39849966d6043c11,normalized_edit_similarity,0.11135099771017337
transformer_l,unrelated_donor,family_39849966d6043c11,normalized_edit_similarity,0.1194635263330062
transformer_l,same_family_donor,family_39849966d6043c11,normalized_edit_similarity,0.12325809617271836
transformer_l,clean,family_f19aa9a5e722eb61,normalized_edit_similarity,0.2214768966871825
transformer_l,unrelated_donor,family_f19aa9a5e722eb61,normalized_edit_similarity,0.22011311683360305
transformer_l,same_family_donor,family_f19aa9a5e722eb61,normalized_edit_similarity,0.21229163492207384
transformer_l,clean,family_a95aeca85317a04d,normalized_edit_similarity,0.16731164655507916
transformer_l,unrelated_donor,family_a95aeca85317a04d,normalized_edit_similarity,0.16733374883846208
transformer_l,same_family_donor,family_a95aeca85317a04d,normalized_edit_similarity,0.17164926600287977
transformer_l,clean,family_39f58e2fd604c61e,normalized_edit_similarity,0.0956389143031412
transformer_l,unrelated_donor,family_39f58e2fd604c61e,normalized_edit_similarity,0.11759682830131137
transformer_l,same_family_donor,family_39f58e2fd604c61e,normalized_edit_similarity,0.10759377859103385
transformer_l,clean,family_af212e596b07120e,normalized_edit_similarity,0.15167502860174395
transformer_l,unrelated_donor,family_af212e596b07120e,normalized_edit_similarity,0.1482065308142519
transformer_l,same_family_donor,family_af212e596b07120e,normalized_edit_similarity,0.1588787176914288
transformer_l,clean,family_961cefc620e3d5ab,normalized_edit_similarity,0.14521072796934867
transformer_l,unrelated_donor,family_961cefc620e3d5ab,normalized_edit_similarity,0.15810983397190292
transformer_l,same_family_donor,family_961cefc620e3d5ab,normalized_edit_similarity,0.1513409961685824
transformer_l,clean,family_2dbafe5054d4bee7,normalized_edit_similarity,0.12163859801965014
transformer_l,unrelated_donor,family_2dbafe5054d4bee7,normalized_edit_similarity,0.11922465114175533
transformer_l,same_family_donor,family_2dbafe5054d4bee7,normalized_edit_similarity,0.12423784759534569
transformer_l,clean,family_0a0ff01b239a934a,normalized_edit_similarity,0.18322284732418026
transformer_l,unrelated_donor,family_0a0ff01b239a934a,normalized_edit_similarity,0.18027349534012715
transformer_l,same_family_donor,family_0a0ff01b239a934a,normalized_edit_similarity,0.189386255565101
transformer_l,clean,family_6a42731481dda124,normalized_edit_similarity,0.17874996403336327
transformer_l,unrelated_donor,family_6a42731481dda124,normalized_edit_similarity,0.18880677648891106
transformer_l,same_family_donor,family_6a42731481dda124,normalized_edit_similarity,0.18838224265495243
transformer_l,clean,family_e4e4467ef74cc720,normalized_edit_similarity,0.15801387367652428
transformer_l,unrelated_donor,family_e4e4467ef74cc720,normalized_edit_similarity,0.16969696969696968
transformer_l,same_family_donor,family_e4e4467ef74cc720,normalized_edit_similarity,0.1787513691128149
transformer_l,clean,family_b324bd83d2be3825,normalized_edit_similarity,0.2550644567219153
transformer_l,unrelated_donor,family_b324bd83d2be3825,normalized_edit_similarity,0.23413164372472306
transformer_l,same_family_donor,family_b324bd83d2be3825,normalized_edit_similarity,0.2771090472438429
transformer_l,clean,family_59add5a121b9a616,normalized_edit_similarity,0.16133432227781752
transformer_l,unrelated_donor,family_59add5a121b9a616,normalized_edit_similarity,0.16572486842388004
transformer_l,same_family_donor,family_59add5a121b9a616,normalized_edit_similarity,0.1686505370487419
transformer_l,clean,family_4da27be0a15493fc,normalized_edit_similarity,0.1437145298902457
transformer_l,unrelated_donor,family_4da27be0a15493fc,normalized_edit_similarity,0.14658972551961402
transformer_l,same_family_donor,family_4da27be0a15493fc,normalized_edit_similarity,0.14262217610277544
transformer_l,clean,family_0ecded087f80d73b,normalized_edit_similarity,0.21982474109479913
transformer_l,unrelated_donor,family_0ecded087f80d73b,normalized_edit_similarity,0.233342184793192
transformer_l,same_family_donor,family_0ecded087f80d73b,normalized_edit_similarity,0.23502902014339364
transformer_l,clean,family_746d1e0c3274827f,normalized_edit_similarity,0.17665616383433555
transformer_l,unrelated_donor,family_746d1e0c3274827f,normalized_edit_similarity,0.177979738739523
transformer_l,same_family_donor,family_746d1e0c3274827f,normalized_edit_similarity,0.1725940960217672
transformer_l,clean,family_6d17de7e325f25f8,normalized_edit_similarity,0.2080880790812182
transformer_l,unrelated_donor,family_6d17de7e325f25f8,normalized_edit_similarity,0.20885984023238924
transformer_l,same_family_donor,family_6d17de7e325f25f8,normalized_edit_similarity,0.2016293045813341
transformer_l,clean,family_67cf34a836b9cd6c,normalized_edit_similarity,0.167127463906215
transformer_l,unrelated_donor,family_67cf34a836b9cd6c,normalized_edit_similarity,0.1786013609135563
transformer_l,same_family_donor,family_67cf34a836b9cd6c,normalized_edit_similarity,0.1667909358090075
transformer_l,clean,family_3bd7e5ca43f02666,normalized_edit_similarity,0.18218819968228953
transformer_l,unrelated_donor,family_3bd7e5ca43f02666,normalized_edit_similarity,0.17600848061840968
transformer_l,same_family_donor,family_3bd7e5ca43f02666,normalized_edit_similarity,0.19630067419665528
transformer_l,clean,family_e2c30beb0d4abeae,normalized_edit_similarity,0.1363724897319817
transformer_l,unrelated_donor,family_e2c30beb0d4abeae,normalized_edit_similarity,0.1333047310226567
transformer_l,same_family_donor,family_e2c30beb0d4abeae,normalized_edit_similarity,0.13319535366677068
transformer_l,clean,family_3fbe0e330aecdc00,normalized_edit_similarity,0.12210144927536233
transformer_l,unrelated_donor,family_3fbe0e330aecdc00,normalized_edit_similarity,0.12475845410628021
transformer_l,same_family_donor,family_3fbe0e330aecdc00,normalized_edit_similarity,0.1384057971014493
transformer_l,clean,family_83b27a32aa56f9dc,normalized_edit_similarity,0.14683275450174813
transformer_l,unrelated_donor,family_83b27a32aa56f9dc,normalized_edit_similarity,0.1426473779783854
transformer_l,same_family_donor,family_83b27a32aa56f9dc,normalized_edit_similarity,0.13771646785914146
transformer_l,clean,family_58c32a6b58cc329f,normalized_edit_similarity,0.1815869830086403
transformer_l,unrelated_donor,family_58c32a6b58cc329f,normalized_edit_similarity,0.17710376820482088
transformer_l,same_family_donor,family_58c32a6b58cc329f,normalized_edit_similarity,0.1866712661460892
transformer_l,clean,family_853b6705e7d7e7a9,normalized_edit_similarity,0.1370700644058427
transformer_l,unrelated_donor,family_853b6705e7d7e7a9,normalized_edit_similarity,0.14462625855614009
transformer_l,same_family_donor,family_853b6705e7d7e7a9,normalized_edit_similarity,0.13730495048576932
transformer_l,clean,family_5405158fe7a3977d,normalized_edit_similarity,0.12455708782654655
transformer_l,unrelated_donor,family_5405158fe7a3977d,normalized_edit_similarity,0.12773665141198773
transformer_l,same_family_donor,family_5405158fe7a3977d,normalized_edit_similarity,0.1187433264215807
transformer_l,clean,family_e0f7e5849dbe9388,normalized_edit_similarity,0.1747775803046853
transformer_l,unrelated_donor,family_e0f7e5849dbe9388,normalized_edit_similarity,0.17691173549173486
transformer_l,same_family_donor,family_e0f7e5849dbe9388,normalized_edit_similarity,0.1827823372454818
transformer_l,clean,family_6fbe37a0a6611f64,normalized_edit_similarity,0.16908725828782747
transformer_l,unrelated_donor,family_6fbe37a0a6611f64,normalized_edit_similarity,0.1539191448063375
transformer_l,same_family_donor,family_6fbe37a0a6611f64,normalized_edit_similarity,0.16216975444080192
transformer_l,clean,family_3835425eafb00035,normalized_edit_similarity,0.13554758726722863
transformer_l,unrelated_donor,family_3835425eafb00035,normalized_edit_similarity,0.1311814317886175
transformer_l,same_family_donor,family_3835425eafb00035,normalized_edit_similarity,0.13426358957960294
transformer_l,clean,family_4f1b63b3eef9f7d0,normalized_edit_similarity,0.13006642493146772
transformer_l,unrelated_donor,family_4f1b63b3eef9f7d0,normalized_edit_similarity,0.13387392847564014
transformer_l,same_family_donor,family_4f1b63b3eef9f7d0,normalized_edit_similarity,0.13384675938987986
transformer_l,clean,family_8f08581ca21b6c6f,normalized_edit_similarity,0.15110326566637247
transformer_l,unrelated_donor,family_8f08581ca21b6c6f,normalized_edit_similarity,0.1479258605472198
transformer_l,same_family_donor,family_8f08581ca21b6c6f,normalized_edit_similarity,0.14992644895557516
transformer_l,clean,family_db6398f302f77cb4,normalized_edit_similarity,0.17391480565571762
transformer_l,unrelated_donor,family_db6398f302f77cb4,normalized_edit_similarity,0.18041420220691742
transformer_l,same_family_donor,family_db6398f302f77cb4,normalized_edit_similarity,0.1842844629484651
transformer_l,clean,family_aad2d66dec95dc7a,normalized_edit_similarity,0.1797680298523788
transformer_l,unrelated_donor,family_aad2d66dec95dc7a,normalized_edit_similarity,0.20638665877616327
transformer_l,same_family_donor,family_aad2d66dec95dc7a,normalized_edit_similarity,0.2131890075710726
transformer_l,clean,family_04795413b15e0b98,normalized_edit_similarity,0.16666666666666666
transformer_l,unrelated_donor,family_04795413b15e0b98,normalized_edit_similarity,0.16402116402116398
transformer_l,same_family_donor,family_04795413b15e0b98,normalized_edit_similarity,0.1504842339200863
transformer_l,clean,family_d4c8efafc098f593,normalized_edit_similarity,0.22029305915688227
transformer_l,unrelated_donor,family_d4c8efafc098f593,normalized_edit_similarity,0.20395044568462803
transformer_l,same_family_donor,family_d4c8efafc098f593,normalized_edit_similarity,0.22394872629064708
transformer_l,clean,family_30fbd9977a220042,normalized_edit_similarity,0.17901510269444398
transformer_l,unrelated_donor,family_30fbd9977a220042,normalized_edit_similarity,0.18416831666805833
transformer_l,same_family_donor,family_30fbd9977a220042,normalized_edit_similarity,0.18674162937865546
transformer_l,clean,family_2d3e3d92f30c4369,normalized_edit_similarity,0.19175681521005083
transformer_l,unrelated_donor,family_2d3e3d92f30c4369,normalized_edit_similarity,0.18792674840547244
transformer_l,same_family_donor,family_2d3e3d92f30c4369,normalized_edit_similarity,0.19538980632186376
transformer_l,clean,family_6342008bae187399,normalized_edit_similarity,0.17130716473109178
transformer_l,unrelated_donor,family_6342008bae187399,normalized_edit_similarity,0.17689764202104022
transformer_l,same_family_donor,family_6342008bae187399,normalized_edit_similarity,0.19452170885620332
transformer_l,clean,family_f60bd4cc83d02add,normalized_edit_similarity,0.16886425627730947
transformer_l,unrelated_donor,family_f60bd4cc83d02add,normalized_edit_similarity,0.17404158988660104
transformer_l,same_family_donor,family_f60bd4cc83d02add,normalized_edit_similarity,0.18669567403184936
transformer_l,clean,family_08157e0ead630e5c,normalized_edit_similarity,0.1712569778651849
transformer_l,unrelated_donor,family_08157e0ead630e5c,normalized_edit_similarity,0.17555287448316914
transformer_l,same_family_donor,family_08157e0ead630e5c,normalized_edit_similarity,0.17774561876175
transformer_l,clean,family_0f71c7e0830e1d85,normalized_edit_similarity,0.09822943528075968
transformer_l,unrelated_donor,family_0f71c7e0830e1d85,normalized_edit_similarity,0.0993406977757128
transformer_l,same_family_donor,family_0f71c7e0830e1d85,normalized_edit_similarity,0.11385367606067447
transformer_l,clean,family_be459453ebdfa1da,normalized_edit_similarity,0.1644109721272574
transformer_l,unrelated_donor,family_be459453ebdfa1da,normalized_edit_similarity,0.16691621227527817
transformer_l,same_family_donor,family_be459453ebdfa1da,normalized_edit_similarity,0.17366099558916193
transformer_l,clean,family_a534382ff42b71fb,normalized_edit_similarity,0.1604607200949576
transformer_l,unrelated_donor,family_a534382ff42b71fb,normalized_edit_similarity,0.16028036382368824
transformer_l,same_family_donor,family_a534382ff42b71fb,normalized_edit_similarity,0.1720891906850495
transformer_l,clean,family_e97b637c75aac2b5,normalized_edit_similarity,0.12229539040451554
transformer_l,unrelated_donor,family_e97b637c75aac2b5,normalized_edit_similarity,0.12944496707431796
transformer_l,same_family_donor,family_e97b637c75aac2b5,normalized_edit_similarity,0.13797428661022265
transformer_l,clean,family_f0c0dd7c2f3b6a3f,normalized_edit_similarity,0.2695709076768829
transformer_l,unrelated_donor,family_f0c0dd7c2f3b6a3f,normalized_edit_similarity,0.28471016878953
transformer_l,same_family_donor,family_f0c0dd7c2f3b6a3f,normalized_edit_similarity,0.2880549739625275
transformer_l,clean,family_c3ae851031cec2bb,normalized_edit_similarity,0.1572119775493958
transformer_l,unrelated_donor,family_c3ae851031cec2bb,normalized_edit_similarity,0.1565886794330046
transformer_l,same_family_donor,family_c3ae851031cec2bb,normalized_edit_similarity,0.16136776328228158
transformer_l,clean,family_d0b38ee50d018148,normalized_edit_similarity,0.182400441695207
transformer_l,unrelated_donor,family_d0b38ee50d018148,normalized_edit_similarity,0.17639573718250848
transformer_l,same_family_donor,family_d0b38ee50d018148,normalized_edit_similarity,0.17803568823304552
transformer_l,clean,family_c64269798048b60f,normalized_edit_similarity,0.2693893655639494
transformer_l,unrelated_donor,family_c64269798048b60f,normalized_edit_similarity,0.2758676273162664
transformer_l,same_family_donor,family_c64269798048b60f,normalized_edit_similarity,0.308236594803759
transformer_l,clean,family_1cfa4116628ae42e,normalized_edit_similarity,0.11054905891524669
transformer_l,unrelated_donor,family_1cfa4116628ae42e,normalized_edit_similarity,0.11503805175038051
transformer_l,same_family_donor,family_1cfa4116628ae42e,normalized_edit_similarity,0.12111779336971451
transformer_l,clean,family_101bf32d18499c7d,normalized_edit_similarity,0.15488733827676407
transformer_l,unrelated_donor,family_101bf32d18499c7d,normalized_edit_similarity,0.14766251743596237
transformer_l,same_family_donor,family_101bf32d18499c7d,normalized_edit_similarity,0.14836372512805182
transformer_l,clean,family_52885ec61f0240b9,normalized_edit_similarity,0.24414238155296966
transformer_l,unrelated_donor,family_52885ec61f0240b9,normalized_edit_similarity,0.2541172300860678
transformer_l,same_family_donor,family_52885ec61f0240b9,normalized_edit_similarity,0.2902876030632057
transformer_l,clean,family_8661140073b6a2ab,normalized_edit_similarity,0.1024636390620362
transformer_l,unrelated_donor,family_8661140073b6a2ab,normalized_edit_similarity,0.11504897595725734
transformer_l,same_family_donor,family_8661140073b6a2ab,normalized_edit_similarity,0.10697536360937963
transformer_l,clean,family_eacebc389812585f,normalized_edit_similarity,0.1649327525310769
transformer_l,unrelated_donor,family_eacebc389812585f,normalized_edit_similarity,0.16579130018445018
transformer_l,same_family_donor,family_eacebc389812585f,normalized_edit_similarity,0.1674813855019177
transformer_l,clean,family_23e85181dd747797,normalized_edit_similarity,0.18094088008498888
transformer_l,unrelated_donor,family_23e85181dd747797,normalized_edit_similarity,0.1769773621795235
transformer_l,same_family_donor,family_23e85181dd747797,normalized_edit_similarity,0.1863828890598628
transformer_l,clean,family_e3c89d0945320ec5,donor_retrieval_rank,1.2
transformer_l,unrelated_donor,family_e3c89d0945320ec5,donor_retrieval_rank,1.0666666666666667
transformer_l,same_family_donor,family_e3c89d0945320ec5,donor_retrieval_rank,1.1333333333333335
transformer_l,clean,family_5facacfb4d33d062,donor_retrieval_rank,4.266666666666667
transformer_l,unrelated_donor,family_5facacfb4d33d062,donor_retrieval_rank,5.333333333333333
transformer_l,same_family_donor,family_5facacfb4d33d062,donor_retrieval_rank,3.9333333333333336
transformer_l,clean,family_15b8f6d235825863,donor_retrieval_rank,1.0
transformer_l,unrelated_donor,family_15b8f6d235825863,donor_retrieval_rank,1.0
transformer_l,same_family_donor,family_15b8f6d235825863,donor_retrieval_rank,1.0
transformer_l,clean,family_78031f033e192cce,donor_retrieval_rank,1.2666666666666666
transformer_l,unrelated_donor,family_78031f033e192cce,donor_retrieval_rank,1.2
transformer_l,same_family_donor,family_78031f033e192cce,donor_retrieval_rank,1.2
transformer_l,clean,family_debbecc1e7f77f3e,donor_retrieval_rank,1.0
transformer_l,unrelated_donor,family_debbecc1e7f77f3e,donor_retrieval_rank,1.0
transformer_l,same_family_donor,family_debbecc1e7f77f3e,donor_retrieval_rank,1.0
transformer_l,clean,family_5d6a15b20dff7233,donor_retrieval_rank,1.0
transformer_l,unrelated_donor,family_5d6a15b20dff7233,donor_retrieval_rank,1.3333333333333333
transformer_l,same_family_donor,family_5d6a15b20dff7233,donor_retrieval_rank,2.3333333333333335
transformer_l,clean,family_58a5b18cf3751bf1,donor_retrieval_rank,1.6666666666666667
transformer_l,unrelated_donor,family_58a5b18cf3751bf1,donor_retrieval_rank,1.2666666666666666
transformer_l,same_family_donor,family_58a5b18cf3751bf1,donor_retrieval_rank,1.1333333333333333
transformer_l,clean,family_da2cbb03fa208ffc,donor_retrieval_rank,1.0
transformer_l,unrelated_donor,family_da2cbb03fa208ffc,donor_retrieval_rank,1.4000000000000001
transformer_l,same_family_donor,family_da2cbb03fa208ffc,donor_retrieval_rank,1.0666666666666667
transformer_l,clean,family_b3ba3218de08f591,donor_retrieval_rank,1.2666666666666666
transformer_l,unrelated_donor,family_b3ba3218de08f591,donor_retrieval_rank,1.0
transformer_l,same_family_donor,family_b3ba3218de08f591,donor_retrieval_rank,1.0666666666666667
transformer_l,clean,family_9edbfcdbf27d8472,donor_retrieval_rank,1.0
transformer_l,unrelated_donor,family_9edbfcdbf27d8472,donor_retrieval_rank,1.0
transformer_l,same_family_donor,family_9edbfcdbf27d8472,donor_retrieval_rank,1.0
transformer_l,clean,family_76f3986b08ecfc19,donor_retrieval_rank,2.9333333333333336
transformer_l,unrelated_donor,family_76f3986b08ecfc19,donor_retrieval_rank,1.0
transformer_l,same_family_donor,family_76f3986b08ecfc19,donor_retrieval_rank,1.0
transformer_l,clean,family_5aaa5f6f546aa704,donor_retrieval_rank,1.0
transformer_l,unrelated_donor,family_5aaa5f6f546aa704,donor_retrieval_rank,1.0
transformer_l,same_family_donor,family_5aaa5f6f546aa704,donor_retrieval_rank,1.0
transformer_l,clean,family_38ddaabf01adae92,donor_retrieval_rank,1.0
transformer_l,unrelated_donor,family_38ddaabf01adae92,donor_retrieval_rank,1.0
transformer_l,same_family_donor,family_38ddaabf01adae92,donor_retrieval_rank,1.0
transformer_l,clean,family_5cc4efa05e4dc250,donor_retrieval_rank,1.2
transformer_l,unrelated_donor,family_5cc4efa05e4dc250,donor_retrieval_rank,1.3333333333333333
transformer_l,same_family_donor,family_5cc4efa05e4dc250,donor_retrieval_rank,1.0
transformer_l,clean,family_3db848c291e71542,donor_retrieval_rank,1.0
transformer_l,unrelated_donor,family_3db848c291e71542,donor_retrieval_rank,1.0666666666666667
transformer_l,same_family_donor,family_3db848c291e71542,donor_retrieval_rank,1.0
transformer_l,clean,family_4731a6d05dff34ce,donor_retrieval_rank,1.0
transformer_l,unrelated_donor,family_4731a6d05dff34ce,donor_retrieval_rank,1.0
transformer_l,same_family_donor,family_4731a6d05dff34ce,donor_retrieval_rank,1.0
transformer_l,clean,family_1a8ff9e18d3eabea,donor_retrieval_rank,3.466666666666667
transformer_l,unrelated_donor,family_1a8ff9e18d3eabea,donor_retrieval_rank,3.3333333333333335
transformer_l,same_family_donor,family_1a8ff9e18d3eabea,donor_retrieval_rank,3.1333333333333333
transformer_l,clean,family_774f10d6c3d75980,donor_retrieval_rank,2.2
transformer_l,unrelated_donor,family_774f10d6c3d75980,donor_retrieval_rank,2.1333333333333333
transformer_l,same_family_donor,family_774f10d6c3d75980,donor_retrieval_rank,2.066666666666667
transformer_l,clean,family_7a300c986fbfa9f2,donor_retrieval_rank,1.0
transformer_l,unrelated_donor,family_7a300c986fbfa9f2,donor_retrieval_rank,1.0
transformer_l,same_family_donor,family_7a300c986fbfa9f2,donor_retrieval_rank,1.0
transformer_l,clean,family_d1a92696717aa9c2,donor_retrieval_rank,2.533333333333333
transformer_l,unrelated_donor,family_d1a92696717aa9c2,donor_retrieval_rank,1.1333333333333333
transformer_l,same_family_donor,family_d1a92696717aa9c2,donor_retrieval_rank,2.0
transformer_l,clean,family_2fe71bb032cb85fe,donor_retrieval_rank,1.0
transformer_l,unrelated_donor,family_2fe71bb032cb85fe,donor_retrieval_rank,1.0
transformer_l,same_family_donor,family_2fe71bb032cb85fe,donor_retrieval_rank,1.0
transformer_l,clean,family_348b29b5f47eda18,donor_retrieval_rank,1.1333333333333333
transformer_l,unrelated_donor,family_348b29b5f47eda18,donor_retrieval_rank,1.0
transformer_l,same_family_donor,family_348b29b5f47eda18,donor_retrieval_rank,1.0
transformer_l,clean,family_fa3341292470541d,donor_retrieval_rank,2.6666666666666665
transformer_l,unrelated_donor,family_fa3341292470541d,donor_retrieval_rank,2.0
transformer_l,same_family_donor,family_fa3341292470541d,donor_retrieval_rank,1.5999999999999999
transformer_l,clean,family_f99e7467cfd91d72,donor_retrieval_rank,1.0
transformer_l,unrelated_donor,family_f99e7467cfd91d72,donor_retrieval_rank,1.0
transformer_l,same_family_donor,family_f99e7467cfd91d72,donor_retrieval_rank,1.0
transformer_l,clean,family_776fb0c74fb6af96,donor_retrieval_rank,1.0
transformer_l,unrelated_donor,family_776fb0c74fb6af96,donor_retrieval_rank,1.7333333333333334
transformer_l,same_family_donor,family_776fb0c74fb6af96,donor_retrieval_rank,1.0
transformer_l,clean,family_56b1bf9100abf79a,donor_retrieval_rank,1.0666666666666667
transformer_l,unrelated_donor,family_56b1bf9100abf79a,donor_retrieval_rank,1.0
transformer_l,same_family_donor,family_56b1bf9100abf79a,donor_retrieval_rank,1.1333333333333333
transformer_l,clean,family_f53ae103dc0def58,donor_retrieval_rank,1.1333333333333333
transformer_l,unrelated_donor,family_f53ae103dc0def58,donor_retrieval_rank,1.2666666666666666
transformer_l,same_family_donor,family_f53ae103dc0def58,donor_retrieval_rank,1.4666666666666668
transformer_l,clean,family_c2d4ffa1539bdafe,donor_retrieval_rank,2.1333333333333333
transformer_l,unrelated_donor,family_c2d4ffa1539bdafe,donor_retrieval_rank,1.3999999999999997
transformer_l,same_family_donor,family_c2d4ffa1539bdafe,donor_retrieval_rank,1.6000000000000003
transformer_l,clean,family_328dc279bafe7f69,donor_retrieval_rank,1.5999999999999999
transformer_l,unrelated_donor,family_328dc279bafe7f69,donor_retrieval_rank,1.0666666666666667
transformer_l,same_family_donor,family_328dc279bafe7f69,donor_retrieval_rank,1.3333333333333333
transformer_l,clean,family_de67cf52f9a2ce89,donor_retrieval_rank,1.0
transformer_l,unrelated_donor,family_de67cf52f9a2ce89,donor_retrieval_rank,1.0
transformer_l,same_family_donor,family_de67cf52f9a2ce89,donor_retrieval_rank,3.0
transformer_l,clean,family_581cf690b70ed77f,donor_retrieval_rank,1.0
transformer_l,unrelated_donor,family_581cf690b70ed77f,donor_retrieval_rank,1.0
transformer_l,same_family_donor,family_581cf690b70ed77f,donor_retrieval_rank,1.1333333333333333
transformer_l,clean,family_5ebcadebe538bd59,donor_retrieval_rank,1.2
transformer_l,unrelated_donor,family_5ebcadebe538bd59,donor_retrieval_rank,1.0
transformer_l,same_family_donor,family_5ebcadebe538bd59,donor_retrieval_rank,1.9333333333333333
transformer_l,clean,family_5fe0b889b5279fed,donor_retrieval_rank,2.4
transformer_l,unrelated_donor,family_5fe0b889b5279fed,donor_retrieval_rank,1.9333333333333336
transformer_l,same_family_donor,family_5fe0b889b5279fed,donor_retrieval_rank,1.1333333333333333
transformer_l,clean,family_8aff46e64d1c8360,donor_retrieval_rank,4.133333333333334
transformer_l,unrelated_donor,family_8aff46e64d1c8360,donor_retrieval_rank,1.6666666666666667
transformer_l,same_family_donor,family_8aff46e64d1c8360,donor_retrieval_rank,1.0
transformer_l,clean,family_c3abd4306e03adf2,donor_retrieval_rank,1.6666666666666667
transformer_l,unrelated_donor,family_c3abd4306e03adf2,donor_retrieval_rank,3.6
transformer_l,same_family_donor,family_c3abd4306e03adf2,donor_retrieval_rank,1.2
transformer_l,clean,family_f77d449f1658a159,donor_retrieval_rank,1.2666666666666666
transformer_l,unrelated_donor,family_f77d449f1658a159,donor_retrieval_rank,1.0
transformer_l,same_family_donor,family_f77d449f1658a159,donor_retrieval_rank,1.4666666666666668
transformer_l,clean,family_121eefce620403f7,donor_retrieval_rank,1.6000000000000003
transformer_l,unrelated_donor,family_121eefce620403f7,donor_retrieval_rank,1.8666666666666665
transformer_l,same_family_donor,family_121eefce620403f7,donor_retrieval_rank,1.0
transformer_l,clean,family_439fc19617b55d44,donor_retrieval_rank,1.0
transformer_l,unrelated_donor,family_439fc19617b55d44,donor_retrieval_rank,1.2666666666666666
transformer_l,same_family_donor,family_439fc19617b55d44,donor_retrieval_rank,1.0666666666666667
transformer_l,clean,family_7b8c8789f38183da,donor_retrieval_rank,1.8666666666666665
transformer_l,unrelated_donor,family_7b8c8789f38183da,donor_retrieval_rank,1.7333333333333334
transformer_l,same_family_donor,family_7b8c8789f38183da,donor_retrieval_rank,1.4666666666666668
transformer_l,clean,family_7c104874587dddcc,donor_retrieval_rank,2.466666666666667
transformer_l,unrelated_donor,family_7c104874587dddcc,donor_retrieval_rank,1.0
transformer_l,same_family_donor,family_7c104874587dddcc,donor_retrieval_rank,1.0
transformer_l,clean,family_2eec85a0fe915e64,donor_retrieval_rank,1.0
transformer_l,unrelated_donor,family_2eec85a0fe915e64,donor_retrieval_rank,1.0
transformer_l,same_family_donor,family_2eec85a0fe915e64,donor_retrieval_rank,1.0
transformer_l,clean,family_ac0566dd944bc201,donor_retrieval_rank,1.0
transformer_l,unrelated_donor,family_ac0566dd944bc201,donor_retrieval_rank,1.2
transformer_l,same_family_donor,family_ac0566dd944bc201,donor_retrieval_rank,1.0
transformer_l,clean,family_fe2836cc1cef695c,donor_retrieval_rank,1.0
transformer_l,unrelated_donor,family_fe2836cc1cef695c,donor_retrieval_rank,1.0
transformer_l,same_family_donor,family_fe2836cc1cef695c,donor_retrieval_rank,1.0
transformer_l,clean,family_a03ac5414952d229,donor_retrieval_rank,1.6666666666666667
transformer_l,unrelated_donor,family_a03ac5414952d229,donor_retrieval_rank,1.5333333333333332
transformer_l,same_family_donor,family_a03ac5414952d229,donor_retrieval_rank,1.0
transformer_l,clean,family_9ccd2f467361ebab,donor_retrieval_rank,1.3333333333333333
transformer_l,unrelated_donor,family_9ccd2f467361ebab,donor_retrieval_rank,1.0666666666666667
transformer_l,same_family_donor,family_9ccd2f467361ebab,donor_retrieval_rank,1.1333333333333333
transformer_l,clean,family_6f0024d47bda9a44,donor_retrieval_rank,1.1333333333333333
transformer_l,unrelated_donor,family_6f0024d47bda9a44,donor_retrieval_rank,1.0
transformer_l,same_family_donor,family_6f0024d47bda9a44,donor_retrieval_rank,1.0
transformer_l,clean,family_b88eee6ecd7ef6bc,donor_retrieval_rank,7.666666666666667
transformer_l,unrelated_donor,family_b88eee6ecd7ef6bc,donor_retrieval_rank,3.733333333333333
transformer_l,same_family_donor,family_b88eee6ecd7ef6bc,donor_retrieval_rank,3.7999999999999994
transformer_l,clean,family_3dffb074803c8f80,donor_retrieval_rank,1.0
transformer_l,unrelated_donor,family_3dffb074803c8f80,donor_retrieval_rank,1.2666666666666666
transformer_l,same_family_donor,family_3dffb074803c8f80,donor_retrieval_rank,1.0
transformer_l,clean,family_39849966d6043c11,donor_retrieval_rank,1.4000000000000001
transformer_l,unrelated_donor,family_39849966d6043c11,donor_retrieval_rank,1.4000000000000001
transformer_l,same_family_donor,family_39849966d6043c11,donor_retrieval_rank,3.4
transformer_l,clean,family_f19aa9a5e722eb61,donor_retrieval_rank,1.0
transformer_l,unrelated_donor,family_f19aa9a5e722eb61,donor_retrieval_rank,1.6666666666666667
transformer_l,same_family_donor,family_f19aa9a5e722eb61,donor_retrieval_rank,1.3333333333333333
transformer_l,clean,family_a95aeca85317a04d,donor_retrieval_rank,1.0
transformer_l,unrelated_donor,family_a95aeca85317a04d,donor_retrieval_rank,1.1333333333333333
transformer_l,same_family_donor,family_a95aeca85317a04d,donor_retrieval_rank,1.0666666666666667
transformer_l,clean,family_39f58e2fd604c61e,donor_retrieval_rank,1.0
transformer_l,unrelated_donor,family_39f58e2fd604c61e,donor_retrieval_rank,1.1333333333333333
transformer_l,same_family_donor,family_39f58e2fd604c61e,donor_retrieval_rank,1.0
transformer_l,clean,family_af212e596b07120e,donor_retrieval_rank,1.0
transformer_l,unrelated_donor,family_af212e596b07120e,donor_retrieval_rank,1.1333333333333333
transformer_l,same_family_donor,family_af212e596b07120e,donor_retrieval_rank,1.0
transformer_l,clean,family_961cefc620e3d5ab,donor_retrieval_rank,6.8
transformer_l,unrelated_donor,family_961cefc620e3d5ab,donor_retrieval_rank,3.6
transformer_l,same_family_donor,family_961cefc620e3d5ab,donor_retrieval_rank,5.266666666666667
transformer_l,clean,family_2dbafe5054d4bee7,donor_retrieval_rank,1.0
transformer_l,unrelated_donor,family_2dbafe5054d4bee7,donor_retrieval_rank,1.0
transformer_l,same_family_donor,family_2dbafe5054d4bee7,donor_retrieval_rank,1.0
transformer_l,clean,family_0a0ff01b239a934a,donor_retrieval_rank,2.9333333333333336
transformer_l,unrelated_donor,family_0a0ff01b239a934a,donor_retrieval_rank,4.2
transformer_l,same_family_donor,family_0a0ff01b239a934a,donor_retrieval_rank,3.733333333333333
transformer_l,clean,family_6a42731481dda124,donor_retrieval_rank,1.0
transformer_l,unrelated_donor,family_6a42731481dda124,donor_retrieval_rank,1.0666666666666667
transformer_l,same_family_donor,family_6a42731481dda124,donor_retrieval_rank,1.0
transformer_l,clean,family_e4e4467ef74cc720,donor_retrieval_rank,2.533333333333333
transformer_l,unrelated_donor,family_e4e4467ef74cc720,donor_retrieval_rank,1.9333333333333333
transformer_l,same_family_donor,family_e4e4467ef74cc720,donor_retrieval_rank,1.0
transformer_l,clean,family_b324bd83d2be3825,donor_retrieval_rank,3.1333333333333333
transformer_l,unrelated_donor,family_b324bd83d2be3825,donor_retrieval_rank,2.8666666666666667
transformer_l,same_family_donor,family_b324bd83d2be3825,donor_retrieval_rank,2.0
transformer_l,clean,family_59add5a121b9a616,donor_retrieval_rank,1.6666666666666667
transformer_l,unrelated_donor,family_59add5a121b9a616,donor_retrieval_rank,1.4666666666666668
transformer_l,same_family_donor,family_59add5a121b9a616,donor_retrieval_rank,1.5333333333333332
transformer_l,clean,family_4da27be0a15493fc,donor_retrieval_rank,1.0
transformer_l,unrelated_donor,family_4da27be0a15493fc,donor_retrieval_rank,1.0
transformer_l,same_family_donor,family_4da27be0a15493fc,donor_retrieval_rank,1.0
transformer_l,clean,family_0ecded087f80d73b,donor_retrieval_rank,1.2666666666666666
transformer_l,unrelated_donor,family_0ecded087f80d73b,donor_retrieval_rank,1.0
transformer_l,same_family_donor,family_0ecded087f80d73b,donor_retrieval_rank,1.0
transformer_l,clean,family_746d1e0c3274827f,donor_retrieval_rank,1.0
transformer_l,unrelated_donor,family_746d1e0c3274827f,donor_retrieval_rank,1.0
transformer_l,same_family_donor,family_746d1e0c3274827f,donor_retrieval_rank,1.0
transformer_l,clean,family_6d17de7e325f25f8,donor_retrieval_rank,1.8
transformer_l,unrelated_donor,family_6d17de7e325f25f8,donor_retrieval_rank,1.2666666666666668
transformer_l,same_family_donor,family_6d17de7e325f25f8,donor_retrieval_rank,1.4000000000000001
transformer_l,clean,family_67cf34a836b9cd6c,donor_retrieval_rank,1.0
transformer_l,unrelated_donor,family_67cf34a836b9cd6c,donor_retrieval_rank,1.0
transformer_l,same_family_donor,family_67cf34a836b9cd6c,donor_retrieval_rank,1.2
transformer_l,clean,family_3bd7e5ca43f02666,donor_retrieval_rank,1.0
transformer_l,unrelated_donor,family_3bd7e5ca43f02666,donor_retrieval_rank,1.0
transformer_l,same_family_donor,family_3bd7e5ca43f02666,donor_retrieval_rank,1.0
transformer_l,clean,family_e2c30beb0d4abeae,donor_retrieval_rank,1.0
transformer_l,unrelated_donor,family_e2c30beb0d4abeae,donor_retrieval_rank,1.2666666666666666
transformer_l,same_family_donor,family_e2c30beb0d4abeae,donor_retrieval_rank,1.0
transformer_l,clean,family_3fbe0e330aecdc00,donor_retrieval_rank,1.7333333333333332
transformer_l,unrelated_donor,family_3fbe0e330aecdc00,donor_retrieval_rank,1.2666666666666668
transformer_l,same_family_donor,family_3fbe0e330aecdc00,donor_retrieval_rank,1.5333333333333332
transformer_l,clean,family_83b27a32aa56f9dc,donor_retrieval_rank,5.266666666666667
transformer_l,unrelated_donor,family_83b27a32aa56f9dc,donor_retrieval_rank,9.666666666666666
transformer_l,same_family_donor,family_83b27a32aa56f9dc,donor_retrieval_rank,2.0
transformer_l,clean,family_58c32a6b58cc329f,donor_retrieval_rank,1.0
transformer_l,unrelated_donor,family_58c32a6b58cc329f,donor_retrieval_rank,1.0
transformer_l,same_family_donor,family_58c32a6b58cc329f,donor_retrieval_rank,1.0
transformer_l,clean,family_853b6705e7d7e7a9,donor_retrieval_rank,1.9333333333333333
transformer_l,unrelated_donor,family_853b6705e7d7e7a9,donor_retrieval_rank,1.0
transformer_l,same_family_donor,family_853b6705e7d7e7a9,donor_retrieval_rank,1.0
transformer_l,clean,family_5405158fe7a3977d,donor_retrieval_rank,2.3333333333333335
transformer_l,unrelated_donor,family_5405158fe7a3977d,donor_retrieval_rank,1.4666666666666668
transformer_l,same_family_donor,family_5405158fe7a3977d,donor_retrieval_rank,2.1333333333333333
transformer_l,clean,family_e0f7e5849dbe9388,donor_retrieval_rank,1.1333333333333333
transformer_l,unrelated_donor,family_e0f7e5849dbe9388,donor_retrieval_rank,1.0
transformer_l,same_family_donor,family_e0f7e5849dbe9388,donor_retrieval_rank,1.2
transformer_l,clean,family_6fbe37a0a6611f64,donor_retrieval_rank,2.4
transformer_l,unrelated_donor,family_6fbe37a0a6611f64,donor_retrieval_rank,1.4000000000000001
transformer_l,same_family_donor,family_6fbe37a0a6611f64,donor_retrieval_rank,3.1333333333333333
transformer_l,clean,family_3835425eafb00035,donor_retrieval_rank,1.8
transformer_l,unrelated_donor,family_3835425eafb00035,donor_retrieval_rank,1.6666666666666667
transformer_l,same_family_donor,family_3835425eafb00035,donor_retrieval_rank,1.7333333333333334
transformer_l,clean,family_4f1b63b3eef9f7d0,donor_retrieval_rank,1.1333333333333333
transformer_l,unrelated_donor,family_4f1b63b3eef9f7d0,donor_retrieval_rank,1.0
transformer_l,same_family_donor,family_4f1b63b3eef9f7d0,donor_retrieval_rank,1.8666666666666665
transformer_l,clean,family_8f08581ca21b6c6f,donor_retrieval_rank,1.0
transformer_l,unrelated_donor,family_8f08581ca21b6c6f,donor_retrieval_rank,1.0
transformer_l,same_family_donor,family_8f08581ca21b6c6f,donor_retrieval_rank,1.0
transformer_l,clean,family_db6398f302f77cb4,donor_retrieval_rank,1.0666666666666667
transformer_l,unrelated_donor,family_db6398f302f77cb4,donor_retrieval_rank,1.0
transformer_l,same_family_donor,family_db6398f302f77cb4,donor_retrieval_rank,1.0
transformer_l,clean,family_aad2d66dec95dc7a,donor_retrieval_rank,1.2
transformer_l,unrelated_donor,family_aad2d66dec95dc7a,donor_retrieval_rank,1.0
transformer_l,same_family_donor,family_aad2d66dec95dc7a,donor_retrieval_rank,1.5333333333333332
transformer_l,clean,family_04795413b15e0b98,donor_retrieval_rank,1.0
transformer_l,unrelated_donor,family_04795413b15e0b98,donor_retrieval_rank,2.0
transformer_l,same_family_donor,family_04795413b15e0b98,donor_retrieval_rank,1.0
transformer_l,clean,family_d4c8efafc098f593,donor_retrieval_rank,1.0
transformer_l,unrelated_donor,family_d4c8efafc098f593,donor_retrieval_rank,1.2
transformer_l,same_family_donor,family_d4c8efafc098f593,donor_retrieval_rank,1.0
transformer_l,clean,family_30fbd9977a220042,donor_retrieval_rank,1.0
transformer_l,unrelated_donor,family_30fbd9977a220042,donor_retrieval_rank,1.0
transformer_l,same_family_donor,family_30fbd9977a220042,donor_retrieval_rank,1.0
transformer_l,clean,family_2d3e3d92f30c4369,donor_retrieval_rank,3.8666666666666667
transformer_l,unrelated_donor,family_2d3e3d92f30c4369,donor_retrieval_rank,7.333333333333333
transformer_l,same_family_donor,family_2d3e3d92f30c4369,donor_retrieval_rank,2.8000000000000003
transformer_l,clean,family_6342008bae187399,donor_retrieval_rank,3.266666666666666
transformer_l,unrelated_donor,family_6342008bae187399,donor_retrieval_rank,1.8666666666666665
transformer_l,same_family_donor,family_6342008bae187399,donor_retrieval_rank,2.4
transformer_l,clean,family_f60bd4cc83d02add,donor_retrieval_rank,3.0
transformer_l,unrelated_donor,family_f60bd4cc83d02add,donor_retrieval_rank,2.0
transformer_l,same_family_donor,family_f60bd4cc83d02add,donor_retrieval_rank,2.0666666666666664
transformer_l,clean,family_08157e0ead630e5c,donor_retrieval_rank,2.0
transformer_l,unrelated_donor,family_08157e0ead630e5c,donor_retrieval_rank,1.0
transformer_l,same_family_donor,family_08157e0ead630e5c,donor_retrieval_rank,1.5333333333333332
transformer_l,clean,family_0f71c7e0830e1d85,donor_retrieval_rank,1.0
transformer_l,unrelated_donor,family_0f71c7e0830e1d85,donor_retrieval_rank,1.0
transformer_l,same_family_donor,family_0f71c7e0830e1d85,donor_retrieval_rank,1.0
transformer_l,clean,family_be459453ebdfa1da,donor_retrieval_rank,9.799999999999999
transformer_l,unrelated_donor,family_be459453ebdfa1da,donor_retrieval_rank,1.8666666666666665
transformer_l,same_family_donor,family_be459453ebdfa1da,donor_retrieval_rank,2.0666666666666664
transformer_l,clean,family_a534382ff42b71fb,donor_retrieval_rank,1.1333333333333333
transformer_l,unrelated_donor,family_a534382ff42b71fb,donor_retrieval_rank,1.0666666666666667
transformer_l,same_family_donor,family_a534382ff42b71fb,donor_retrieval_rank,1.0
transformer_l,clean,family_e97b637c75aac2b5,donor_retrieval_rank,2.5999999999999996
transformer_l,unrelated_donor,family_e97b637c75aac2b5,donor_retrieval_rank,2.0666666666666664
transformer_l,same_family_donor,family_e97b637c75aac2b5,donor_retrieval_rank,1.8
transformer_l,clean,family_f0c0dd7c2f3b6a3f,donor_retrieval_rank,9.533333333333333
transformer_l,unrelated_donor,family_f0c0dd7c2f3b6a3f,donor_retrieval_rank,6.733333333333333
transformer_l,same_family_donor,family_f0c0dd7c2f3b6a3f,donor_retrieval_rank,13.666666666666666
transformer_l,clean,family_c3ae851031cec2bb,donor_retrieval_rank,1.0
transformer_l,unrelated_donor,family_c3ae851031cec2bb,donor_retrieval_rank,1.0
transformer_l,same_family_donor,family_c3ae851031cec2bb,donor_retrieval_rank,1.0
transformer_l,clean,family_d0b38ee50d018148,donor_retrieval_rank,1.0
transformer_l,unrelated_donor,family_d0b38ee50d018148,donor_retrieval_rank,1.0
transformer_l,same_family_donor,family_d0b38ee50d018148,donor_retrieval_rank,1.0
transformer_l,clean,family_c64269798048b60f,donor_retrieval_rank,1.0
transformer_l,unrelated_donor,family_c64269798048b60f,donor_retrieval_rank,1.0
transformer_l,same_family_donor,family_c64269798048b60f,donor_retrieval_rank,1.0
transformer_l,clean,family_1cfa4116628ae42e,donor_retrieval_rank,1.2666666666666666
transformer_l,unrelated_donor,family_1cfa4116628ae42e,donor_retrieval_rank,1.0
transformer_l,same_family_donor,family_1cfa4116628ae42e,donor_retrieval_rank,1.0
transformer_l,clean,family_101bf32d18499c7d,donor_retrieval_rank,1.0
transformer_l,unrelated_donor,family_101bf32d18499c7d,donor_retrieval_rank,1.0
transformer_l,same_family_donor,family_101bf32d18499c7d,donor_retrieval_rank,1.0
transformer_l,clean,family_52885ec61f0240b9,donor_retrieval_rank,2.0666666666666664
transformer_l,unrelated_donor,family_52885ec61f0240b9,donor_retrieval_rank,1.0
transformer_l,same_family_donor,family_52885ec61f0240b9,donor_retrieval_rank,1.0
transformer_l,clean,family_8661140073b6a2ab,donor_retrieval_rank,2.4
transformer_l,unrelated_donor,family_8661140073b6a2ab,donor_retrieval_rank,1.0
transformer_l,same_family_donor,family_8661140073b6a2ab,donor_retrieval_rank,1.0
transformer_l,clean,family_eacebc389812585f,donor_retrieval_rank,1.0
transformer_l,unrelated_donor,family_eacebc389812585f,donor_retrieval_rank,1.5999999999999999
transformer_l,same_family_donor,family_eacebc389812585f,donor_retrieval_rank,1.0
transformer_l,clean,family_23e85181dd747797,donor_retrieval_rank,1.0
transformer_l,unrelated_donor,family_23e85181dd747797,donor_retrieval_rank,1.2
transformer_l,same_family_donor,family_23e85181dd747797,donor_retrieval_rank,1.0666666666666667
transformer_l,clean,family_e3c89d0945320ec5,family_retrieval_at_1,0.8666666666666667
transformer_l,unrelated_donor,family_e3c89d0945320ec5,family_retrieval_at_1,0.9333333333333332
transformer_l,same_family_donor,family_e3c89d0945320ec5,family_retrieval_at_1,0.8666666666666667
transformer_l,clean,family_5facacfb4d33d062,family_retrieval_at_1,0.6
transformer_l,unrelated_donor,family_5facacfb4d33d062,family_retrieval_at_1,0.7333333333333334
transformer_l,same_family_donor,family_5facacfb4d33d062,family_retrieval_at_1,0.6666666666666666
transformer_l,clean,family_15b8f6d235825863,family_retrieval_at_1,1.0
transformer_l,unrelated_donor,family_15b8f6d235825863,family_retrieval_at_1,1.0
transformer_l,same_family_donor,family_15b8f6d235825863,family_retrieval_at_1,1.0
transformer_l,clean,family_78031f033e192cce,family_retrieval_at_1,0.8666666666666667
transformer_l,unrelated_donor,family_78031f033e192cce,family_retrieval_at_1,0.9333333333333332
transformer_l,same_family_donor,family_78031f033e192cce,family_retrieval_at_1,0.8666666666666667
transformer_l,clean,family_debbecc1e7f77f3e,family_retrieval_at_1,1.0
transformer_l,unrelated_donor,family_debbecc1e7f77f3e,family_retrieval_at_1,1.0
transformer_l,same_family_donor,family_debbecc1e7f77f3e,family_retrieval_at_1,1.0
transformer_l,clean,family_5d6a15b20dff7233,family_retrieval_at_1,1.0
transformer_l,unrelated_donor,family_5d6a15b20dff7233,family_retrieval_at_1,0.9333333333333332
transformer_l,same_family_donor,family_5d6a15b20dff7233,family_retrieval_at_1,0.9333333333333332
transformer_l,clean,family_58a5b18cf3751bf1,family_retrieval_at_1,0.7333333333333334
transformer_l,unrelated_donor,family_58a5b18cf3751bf1,family_retrieval_at_1,0.8666666666666667
transformer_l,same_family_donor,family_58a5b18cf3751bf1,family_retrieval_at_1,0.9333333333333332
transformer_l,clean,family_da2cbb03fa208ffc,family_retrieval_at_1,1.0
transformer_l,unrelated_donor,family_da2cbb03fa208ffc,family_retrieval_at_1,0.8666666666666667
transformer_l,same_family_donor,family_da2cbb03fa208ffc,family_retrieval_at_1,0.9333333333333332
transformer_l,clean,family_b3ba3218de08f591,family_retrieval_at_1,0.9333333333333332
transformer_l,unrelated_donor,family_b3ba3218de08f591,family_retrieval_at_1,1.0
transformer_l,same_family_donor,family_b3ba3218de08f591,family_retrieval_at_1,0.9333333333333332
transformer_l,clean,family_9edbfcdbf27d8472,family_retrieval_at_1,1.0
transformer_l,unrelated_donor,family_9edbfcdbf27d8472,family_retrieval_at_1,1.0
transformer_l,same_family_donor,family_9edbfcdbf27d8472,family_retrieval_at_1,1.0
transformer_l,clean,family_76f3986b08ecfc19,family_retrieval_at_1,0.9333333333333332
transformer_l,unrelated_donor,family_76f3986b08ecfc19,family_retrieval_at_1,1.0
transformer_l,same_family_donor,family_76f3986b08ecfc19,family_retrieval_at_1,1.0
transformer_l,clean,family_5aaa5f6f546aa704,family_retrieval_at_1,1.0
transformer_l,unrelated_donor,family_5aaa5f6f546aa704,family_retrieval_at_1,1.0
transformer_l,same_family_donor,family_5aaa5f6f546aa704,family_retrieval_at_1,1.0
transformer_l,clean,family_38ddaabf01adae92,family_retrieval_at_1,1.0
transformer_l,unrelated_donor,family_38ddaabf01adae92,family_retrieval_at_1,1.0
transformer_l,same_family_donor,family_38ddaabf01adae92,family_retrieval_at_1,1.0
transformer_l,clean,family_5cc4efa05e4dc250,family_retrieval_at_1,0.7999999999999999
transformer_l,unrelated_donor,family_5cc4efa05e4dc250,family_retrieval_at_1,0.8666666666666667
transformer_l,same_family_donor,family_5cc4efa05e4dc250,family_retrieval_at_1,1.0
transformer_l,clean,family_3db848c291e71542,family_retrieval_at_1,1.0
transformer_l,unrelated_donor,family_3db848c291e71542,family_retrieval_at_1,0.9333333333333332
transformer_l,same_family_donor,family_3db848c291e71542,family_retrieval_at_1,1.0
transformer_l,clean,family_4731a6d05dff34ce,family_retrieval_at_1,1.0
transformer_l,unrelated_donor,family_4731a6d05dff34ce,family_retrieval_at_1,1.0
transformer_l,same_family_donor,family_4731a6d05dff34ce,family_retrieval_at_1,1.0
transformer_l,clean,family_1a8ff9e18d3eabea,family_retrieval_at_1,0.4666666666666666
transformer_l,unrelated_donor,family_1a8ff9e18d3eabea,family_retrieval_at_1,0.6000000000000001
transformer_l,same_family_donor,family_1a8ff9e18d3eabea,family_retrieval_at_1,0.5333333333333333
transformer_l,clean,family_774f10d6c3d75980,family_retrieval_at_1,0.8000000000000002
transformer_l,unrelated_donor,family_774f10d6c3d75980,family_retrieval_at_1,0.6666666666666666
transformer_l,same_family_donor,family_774f10d6c3d75980,family_retrieval_at_1,0.6666666666666666
transformer_l,clean,family_7a300c986fbfa9f2,family_retrieval_at_1,1.0
transformer_l,unrelated_donor,family_7a300c986fbfa9f2,family_retrieval_at_1,1.0
transformer_l,same_family_donor,family_7a300c986fbfa9f2,family_retrieval_at_1,1.0
transformer_l,clean,family_d1a92696717aa9c2,family_retrieval_at_1,0.6666666666666666
transformer_l,unrelated_donor,family_d1a92696717aa9c2,family_retrieval_at_1,0.9333333333333332
transformer_l,same_family_donor,family_d1a92696717aa9c2,family_retrieval_at_1,0.7333333333333334
transformer_l,clean,family_2fe71bb032cb85fe,family_retrieval_at_1,1.0
transformer_l,unrelated_donor,family_2fe71bb032cb85fe,family_retrieval_at_1,1.0
transformer_l,same_family_donor,family_2fe71bb032cb85fe,family_retrieval_at_1,1.0
transformer_l,clean,family_348b29b5f47eda18,family_retrieval_at_1,0.9333333333333332
transformer_l,unrelated_donor,family_348b29b5f47eda18,family_retrieval_at_1,1.0
transformer_l,same_family_donor,family_348b29b5f47eda18,family_retrieval_at_1,1.0
transformer_l,clean,family_fa3341292470541d,family_retrieval_at_1,0.6666666666666666
transformer_l,unrelated_donor,family_fa3341292470541d,family_retrieval_at_1,0.9333333333333332
transformer_l,same_family_donor,family_fa3341292470541d,family_retrieval_at_1,0.8666666666666667
transformer_l,clean,family_f99e7467cfd91d72,family_retrieval_at_1,1.0
transformer_l,unrelated_donor,family_f99e7467cfd91d72,family_retrieval_at_1,1.0
transformer_l,same_family_donor,family_f99e7467cfd91d72,family_retrieval_at_1,1.0
transformer_l,clean,family_776fb0c74fb6af96,family_retrieval_at_1,1.0
transformer_l,unrelated_donor,family_776fb0c74fb6af96,family_retrieval_at_1,0.8666666666666667
transformer_l,same_family_donor,family_776fb0c74fb6af96,family_retrieval_at_1,1.0
transformer_l,clean,family_56b1bf9100abf79a,family_retrieval_at_1,0.9333333333333332
transformer_l,unrelated_donor,family_56b1bf9100abf79a,family_retrieval_at_1,1.0
transformer_l,same_family_donor,family_56b1bf9100abf79a,family_retrieval_at_1,0.9333333333333332
transformer_l,clean,family_f53ae103dc0def58,family_retrieval_at_1,0.8666666666666667
transformer_l,unrelated_donor,family_f53ae103dc0def58,family_retrieval_at_1,0.7999999999999999
transformer_l,same_family_donor,family_f53ae103dc0def58,family_retrieval_at_1,0.7333333333333334
transformer_l,clean,family_c2d4ffa1539bdafe,family_retrieval_at_1,0.6
transformer_l,unrelated_donor,family_c2d4ffa1539bdafe,family_retrieval_at_1,0.8000000000000002
transformer_l,same_family_donor,family_c2d4ffa1539bdafe,family_retrieval_at_1,0.8666666666666667
transformer_l,clean,family_328dc279bafe7f69,family_retrieval_at_1,0.7333333333333334
transformer_l,unrelated_donor,family_328dc279bafe7f69,family_retrieval_at_1,0.9333333333333332
transformer_l,same_family_donor,family_328dc279bafe7f69,family_retrieval_at_1,0.6666666666666666
transformer_l,clean,family_de67cf52f9a2ce89,family_retrieval_at_1,1.0
transformer_l,unrelated_donor,family_de67cf52f9a2ce89,family_retrieval_at_1,1.0
transformer_l,same_family_donor,family_de67cf52f9a2ce89,family_retrieval_at_1,0.7333333333333334
transformer_l,clean,family_581cf690b70ed77f,family_retrieval_at_1,1.0
transformer_l,unrelated_donor,family_581cf690b70ed77f,family_retrieval_at_1,1.0
transformer_l,same_family_donor,family_581cf690b70ed77f,family_retrieval_at_1,0.9333333333333332
transformer_l,clean,family_5ebcadebe538bd59,family_retrieval_at_1,0.9333333333333332
transformer_l,unrelated_donor,family_5ebcadebe538bd59,family_retrieval_at_1,1.0
transformer_l,same_family_donor,family_5ebcadebe538bd59,family_retrieval_at_1,0.8666666666666667
transformer_l,clean,family_5fe0b889b5279fed,family_retrieval_at_1,0.6
transformer_l,unrelated_donor,family_5fe0b889b5279fed,family_retrieval_at_1,0.6666666666666666
transformer_l,same_family_donor,family_5fe0b889b5279fed,family_retrieval_at_1,0.9333333333333332
transformer_l,clean,family_8aff46e64d1c8360,family_retrieval_at_1,0.7999999999999999
transformer_l,unrelated_donor,family_8aff46e64d1c8360,family_retrieval_at_1,0.7333333333333334
transformer_l,same_family_donor,family_8aff46e64d1c8360,family_retrieval_at_1,1.0
transformer_l,clean,family_c3abd4306e03adf2,family_retrieval_at_1,0.8000000000000002
transformer_l,unrelated_donor,family_c3abd4306e03adf2,family_retrieval_at_1,0.4000000000000001
transformer_l,same_family_donor,family_c3abd4306e03adf2,family_retrieval_at_1,0.8666666666666667
transformer_l,clean,family_f77d449f1658a159,family_retrieval_at_1,0.9333333333333332
transformer_l,unrelated_donor,family_f77d449f1658a159,family_retrieval_at_1,1.0
transformer_l,same_family_donor,family_f77d449f1658a159,family_retrieval_at_1,0.9333333333333332
transformer_l,clean,family_121eefce620403f7,family_retrieval_at_1,0.7999999999999999
transformer_l,unrelated_donor,family_121eefce620403f7,family_retrieval_at_1,0.7999999999999999
transformer_l,same_family_donor,family_121eefce620403f7,family_retrieval_at_1,1.0
transformer_l,clean,family_439fc19617b55d44,family_retrieval_at_1,1.0
transformer_l,unrelated_donor,family_439fc19617b55d44,family_retrieval_at_1,0.8000000000000002
transformer_l,same_family_donor,family_439fc19617b55d44,family_retrieval_at_1,0.9333333333333332
transformer_l,clean,family_7b8c8789f38183da,family_retrieval_at_1,0.6000000000000001
transformer_l,unrelated_donor,family_7b8c8789f38183da,family_retrieval_at_1,0.8666666666666667
transformer_l,same_family_donor,family_7b8c8789f38183da,family_retrieval_at_1,0.7999999999999999
transformer_l,clean,family_7c104874587dddcc,family_retrieval_at_1,0.7999999999999999
transformer_l,unrelated_donor,family_7c104874587dddcc,family_retrieval_at_1,1.0
transformer_l,same_family_donor,family_7c104874587dddcc,family_retrieval_at_1,1.0
transformer_l,clean,family_2eec85a0fe915e64,family_retrieval_at_1,1.0
transformer_l,unrelated_donor,family_2eec85a0fe915e64,family_retrieval_at_1,1.0
transformer_l,same_family_donor,family_2eec85a0fe915e64,family_retrieval_at_1,1.0
transformer_l,clean,family_ac0566dd944bc201,family_retrieval_at_1,1.0
transformer_l,unrelated_donor,family_ac0566dd944bc201,family_retrieval_at_1,0.9333333333333332
transformer_l,same_family_donor,family_ac0566dd944bc201,family_retrieval_at_1,1.0
transformer_l,clean,family_fe2836cc1cef695c,family_retrieval_at_1,1.0
transformer_l,unrelated_donor,family_fe2836cc1cef695c,family_retrieval_at_1,1.0
transformer_l,same_family_donor,family_fe2836cc1cef695c,family_retrieval_at_1,1.0
transformer_l,clean,family_a03ac5414952d229,family_retrieval_at_1,0.7333333333333334
transformer_l,unrelated_donor,family_a03ac5414952d229,family_retrieval_at_1,0.8666666666666667
transformer_l,same_family_donor,family_a03ac5414952d229,family_retrieval_at_1,1.0
transformer_l,clean,family_9ccd2f467361ebab,family_retrieval_at_1,0.7999999999999999
transformer_l,unrelated_donor,family_9ccd2f467361ebab,family_retrieval_at_1,0.9333333333333332
transformer_l,same_family_donor,family_9ccd2f467361ebab,family_retrieval_at_1,0.9333333333333332
transformer_l,clean,family_6f0024d47bda9a44,family_retrieval_at_1,0.9333333333333332
transformer_l,unrelated_donor,family_6f0024d47bda9a44,family_retrieval_at_1,1.0
transformer_l,same_family_donor,family_6f0024d47bda9a44,family_retrieval_at_1,1.0
transformer_l,clean,family_b88eee6ecd7ef6bc,family_retrieval_at_1,0.20000000000000004
transformer_l,unrelated_donor,family_b88eee6ecd7ef6bc,family_retrieval_at_1,0.4000000000000001
transformer_l,same_family_donor,family_b88eee6ecd7ef6bc,family_retrieval_at_1,0.5333333333333333
transformer_l,clean,family_3dffb074803c8f80,family_retrieval_at_1,1.0
transformer_l,unrelated_donor,family_3dffb074803c8f80,family_retrieval_at_1,0.9333333333333332
transformer_l,same_family_donor,family_3dffb074803c8f80,family_retrieval_at_1,1.0
transformer_l,clean,family_39849966d6043c11,family_retrieval_at_1,0.8666666666666667
transformer_l,unrelated_donor,family_39849966d6043c11,family_retrieval_at_1,0.8666666666666667
transformer_l,same_family_donor,family_39849966d6043c11,family_retrieval_at_1,0.4666666666666666
transformer_l,clean,family_f19aa9a5e722eb61,family_retrieval_at_1,1.0
transformer_l,unrelated_donor,family_f19aa9a5e722eb61,family_retrieval_at_1,0.9333333333333332
transformer_l,same_family_donor,family_f19aa9a5e722eb61,family_retrieval_at_1,0.9333333333333332
transformer_l,clean,family_a95aeca85317a04d,family_retrieval_at_1,1.0
transformer_l,unrelated_donor,family_a95aeca85317a04d,family_retrieval_at_1,0.9333333333333332
transformer_l,same_family_donor,family_a95aeca85317a04d,family_retrieval_at_1,0.9333333333333332
transformer_l,clean,family_39f58e2fd604c61e,family_retrieval_at_1,1.0
transformer_l,unrelated_donor,family_39f58e2fd604c61e,family_retrieval_at_1,0.9333333333333332
transformer_l,same_family_donor,family_39f58e2fd604c61e,family_retrieval_at_1,1.0
transformer_l,clean,family_af212e596b07120e,family_retrieval_at_1,1.0
transformer_l,unrelated_donor,family_af212e596b07120e,family_retrieval_at_1,0.9333333333333332
transformer_l,same_family_donor,family_af212e596b07120e,family_retrieval_at_1,1.0
transformer_l,clean,family_961cefc620e3d5ab,family_retrieval_at_1,0.26666666666666666
transformer_l,unrelated_donor,family_961cefc620e3d5ab,family_retrieval_at_1,0.6666666666666666
transformer_l,same_family_donor,family_961cefc620e3d5ab,family_retrieval_at_1,0.39999999999999997
transformer_l,clean,family_2dbafe5054d4bee7,family_retrieval_at_1,1.0
transformer_l,unrelated_donor,family_2dbafe5054d4bee7,family_retrieval_at_1,1.0
transformer_l,same_family_donor,family_2dbafe5054d4bee7,family_retrieval_at_1,1.0
transformer_l,clean,family_0a0ff01b239a934a,family_retrieval_at_1,0.5333333333333333
transformer_l,unrelated_donor,family_0a0ff01b239a934a,family_retrieval_at_1,0.3333333333333333
transformer_l,same_family_donor,family_0a0ff01b239a934a,family_retrieval_at_1,0.4000000000000001
transformer_l,clean,family_6a42731481dda124,family_retrieval_at_1,1.0
transformer_l,unrelated_donor,family_6a42731481dda124,family_retrieval_at_1,0.9333333333333332
transformer_l,same_family_donor,family_6a42731481dda124,family_retrieval_at_1,1.0
transformer_l,clean,family_e4e4467ef74cc720,family_retrieval_at_1,0.8000000000000002
transformer_l,unrelated_donor,family_e4e4467ef74cc720,family_retrieval_at_1,0.9333333333333332
transformer_l,same_family_donor,family_e4e4467ef74cc720,family_retrieval_at_1,1.0
transformer_l,clean,family_b324bd83d2be3825,family_retrieval_at_1,0.7333333333333334
transformer_l,unrelated_donor,family_b324bd83d2be3825,family_retrieval_at_1,0.7333333333333334
transformer_l,same_family_donor,family_b324bd83d2be3825,family_retrieval_at_1,0.8666666666666667
transformer_l,clean,family_59add5a121b9a616,family_retrieval_at_1,0.7999999999999999
transformer_l,unrelated_donor,family_59add5a121b9a616,family_retrieval_at_1,0.7333333333333334
transformer_l,same_family_donor,family_59add5a121b9a616,family_retrieval_at_1,0.7999999999999999
transformer_l,clean,family_4da27be0a15493fc,family_retrieval_at_1,1.0
transformer_l,unrelated_donor,family_4da27be0a15493fc,family_retrieval_at_1,1.0
transformer_l,same_family_donor,family_4da27be0a15493fc,family_retrieval_at_1,1.0
transformer_l,clean,family_0ecded087f80d73b,family_retrieval_at_1,0.8666666666666667
transformer_l,unrelated_donor,family_0ecded087f80d73b,family_retrieval_at_1,1.0
transformer_l,same_family_donor,family_0ecded087f80d73b,family_retrieval_at_1,1.0
transformer_l,clean,family_746d1e0c3274827f,family_retrieval_at_1,1.0
transformer_l,unrelated_donor,family_746d1e0c3274827f,family_retrieval_at_1,1.0
transformer_l,same_family_donor,family_746d1e0c3274827f,family_retrieval_at_1,1.0
transformer_l,clean,family_6d17de7e325f25f8,family_retrieval_at_1,0.8000000000000002
transformer_l,unrelated_donor,family_6d17de7e325f25f8,family_retrieval_at_1,0.7999999999999999
transformer_l,same_family_donor,family_6d17de7e325f25f8,family_retrieval_at_1,0.8666666666666667
transformer_l,clean,family_67cf34a836b9cd6c,family_retrieval_at_1,1.0
transformer_l,unrelated_donor,family_67cf34a836b9cd6c,family_retrieval_at_1,1.0
transformer_l,same_family_donor,family_67cf34a836b9cd6c,family_retrieval_at_1,0.9333333333333332
transformer_l,clean,family_3bd7e5ca43f02666,family_retrieval_at_1,1.0
transformer_l,unrelated_donor,family_3bd7e5ca43f02666,family_retrieval_at_1,1.0
transformer_l,same_family_donor,family_3bd7e5ca43f02666,family_retrieval_at_1,1.0
transformer_l,clean,family_e2c30beb0d4abeae,family_retrieval_at_1,1.0
transformer_l,unrelated_donor,family_e2c30beb0d4abeae,family_retrieval_at_1,0.9333333333333332
transformer_l,same_family_donor,family_e2c30beb0d4abeae,family_retrieval_at_1,1.0
transformer_l,clean,family_3fbe0e330aecdc00,family_retrieval_at_1,0.7333333333333334
transformer_l,unrelated_donor,family_3fbe0e330aecdc00,family_retrieval_at_1,0.7999999999999999
transformer_l,same_family_donor,family_3fbe0e330aecdc00,family_retrieval_at_1,0.8666666666666667
transformer_l,clean,family_83b27a32aa56f9dc,family_retrieval_at_1,0.4000000000000001
transformer_l,unrelated_donor,family_83b27a32aa56f9dc,family_retrieval_at_1,0.4000000000000001
transformer_l,same_family_donor,family_83b27a32aa56f9dc,family_retrieval_at_1,0.7333333333333334
transformer_l,clean,family_58c32a6b58cc329f,family_retrieval_at_1,1.0
transformer_l,unrelated_donor,family_58c32a6b58cc329f,family_retrieval_at_1,1.0
transformer_l,same_family_donor,family_58c32a6b58cc329f,family_retrieval_at_1,1.0
transformer_l,clean,family_853b6705e7d7e7a9,family_retrieval_at_1,0.9333333333333332
transformer_l,unrelated_donor,family_853b6705e7d7e7a9,family_retrieval_at_1,1.0
transformer_l,same_family_donor,family_853b6705e7d7e7a9,family_retrieval_at_1,1.0
transformer_l,clean,family_5405158fe7a3977d,family_retrieval_at_1,0.8666666666666667
transformer_l,unrelated_donor,family_5405158fe7a3977d,family_retrieval_at_1,0.7999999999999999
transformer_l,same_family_donor,family_5405158fe7a3977d,family_retrieval_at_1,0.8666666666666667
transformer_l,clean,family_e0f7e5849dbe9388,family_retrieval_at_1,0.8666666666666667
transformer_l,unrelated_donor,family_e0f7e5849dbe9388,family_retrieval_at_1,1.0
transformer_l,same_family_donor,family_e0f7e5849dbe9388,family_retrieval_at_1,0.7999999999999999
transformer_l,clean,family_6fbe37a0a6611f64,family_retrieval_at_1,0.7999999999999999
transformer_l,unrelated_donor,family_6fbe37a0a6611f64,family_retrieval_at_1,0.8666666666666667
transformer_l,same_family_donor,family_6fbe37a0a6611f64,family_retrieval_at_1,0.4666666666666666
transformer_l,clean,family_3835425eafb00035,family_retrieval_at_1,0.6
transformer_l,unrelated_donor,family_3835425eafb00035,family_retrieval_at_1,0.8000000000000002
transformer_l,same_family_donor,family_3835425eafb00035,family_retrieval_at_1,0.5333333333333333
transformer_l,clean,family_4f1b63b3eef9f7d0,family_retrieval_at_1,0.9333333333333332
transformer_l,unrelated_donor,family_4f1b63b3eef9f7d0,family_retrieval_at_1,1.0
transformer_l,same_family_donor,family_4f1b63b3eef9f7d0,family_retrieval_at_1,0.7999999999999999
transformer_l,clean,family_8f08581ca21b6c6f,family_retrieval_at_1,1.0
transformer_l,unrelated_donor,family_8f08581ca21b6c6f,family_retrieval_at_1,1.0
transformer_l,same_family_donor,family_8f08581ca21b6c6f,family_retrieval_at_1,1.0
transformer_l,clean,family_db6398f302f77cb4,family_retrieval_at_1,0.9333333333333332
transformer_l,unrelated_donor,family_db6398f302f77cb4,family_retrieval_at_1,1.0
transformer_l,same_family_donor,family_db6398f302f77cb4,family_retrieval_at_1,1.0
transformer_l,clean,family_aad2d66dec95dc7a,family_retrieval_at_1,0.8666666666666667
transformer_l,unrelated_donor,family_aad2d66dec95dc7a,family_retrieval_at_1,1.0
transformer_l,same_family_donor,family_aad2d66dec95dc7a,family_retrieval_at_1,0.8666666666666667
transformer_l,clean,family_04795413b15e0b98,family_retrieval_at_1,1.0
transformer_l,unrelated_donor,family_04795413b15e0b98,family_retrieval_at_1,0.8666666666666667
transformer_l,same_family_donor,family_04795413b15e0b98,family_retrieval_at_1,1.0
transformer_l,clean,family_d4c8efafc098f593,family_retrieval_at_1,1.0
transformer_l,unrelated_donor,family_d4c8efafc098f593,family_retrieval_at_1,0.9333333333333332
transformer_l,same_family_donor,family_d4c8efafc098f593,family_retrieval_at_1,1.0
transformer_l,clean,family_30fbd9977a220042,family_retrieval_at_1,1.0
transformer_l,unrelated_donor,family_30fbd9977a220042,family_retrieval_at_1,1.0
transformer_l,same_family_donor,family_30fbd9977a220042,family_retrieval_at_1,1.0
transformer_l,clean,family_2d3e3d92f30c4369,family_retrieval_at_1,0.7333333333333334
transformer_l,unrelated_donor,family_2d3e3d92f30c4369,family_retrieval_at_1,0.6000000000000001
transformer_l,same_family_donor,family_2d3e3d92f30c4369,family_retrieval_at_1,0.9333333333333332
transformer_l,clean,family_6342008bae187399,family_retrieval_at_1,0.5333333333333333
transformer_l,unrelated_donor,family_6342008bae187399,family_retrieval_at_1,0.7333333333333334
transformer_l,same_family_donor,family_6342008bae187399,family_retrieval_at_1,0.7999999999999999
transformer_l,clean,family_f60bd4cc83d02add,family_retrieval_at_1,0.6
transformer_l,unrelated_donor,family_f60bd4cc83d02add,family_retrieval_at_1,0.6
transformer_l,same_family_donor,family_f60bd4cc83d02add,family_retrieval_at_1,0.7333333333333334
transformer_l,clean,family_08157e0ead630e5c,family_retrieval_at_1,0.7333333333333334
transformer_l,unrelated_donor,family_08157e0ead630e5c,family_retrieval_at_1,1.0
transformer_l,same_family_donor,family_08157e0ead630e5c,family_retrieval_at_1,0.9333333333333332
transformer_l,clean,family_0f71c7e0830e1d85,family_retrieval_at_1,1.0
transformer_l,unrelated_donor,family_0f71c7e0830e1d85,family_retrieval_at_1,1.0
transformer_l,same_family_donor,family_0f71c7e0830e1d85,family_retrieval_at_1,1.0
transformer_l,clean,family_be459453ebdfa1da,family_retrieval_at_1,0.8000000000000002
transformer_l,unrelated_donor,family_be459453ebdfa1da,family_retrieval_at_1,0.7333333333333334
transformer_l,same_family_donor,family_be459453ebdfa1da,family_retrieval_at_1,0.5333333333333333
transformer_l,clean,family_a534382ff42b71fb,family_retrieval_at_1,0.9333333333333332
transformer_l,unrelated_donor,family_a534382ff42b71fb,family_retrieval_at_1,0.9333333333333332
transformer_l,same_family_donor,family_a534382ff42b71fb,family_retrieval_at_1,1.0
transformer_l,clean,family_e97b637c75aac2b5,family_retrieval_at_1,0.7333333333333334
transformer_l,unrelated_donor,family_e97b637c75aac2b5,family_retrieval_at_1,0.5333333333333333
transformer_l,same_family_donor,family_e97b637c75aac2b5,family_retrieval_at_1,0.6
transformer_l,clean,family_f0c0dd7c2f3b6a3f,family_retrieval_at_1,0.06666666666666667
transformer_l,unrelated_donor,family_f0c0dd7c2f3b6a3f,family_retrieval_at_1,0.39999999999999997
transformer_l,same_family_donor,family_f0c0dd7c2f3b6a3f,family_retrieval_at_1,0.20000000000000004
transformer_l,clean,family_c3ae851031cec2bb,family_retrieval_at_1,1.0
transformer_l,unrelated_donor,family_c3ae851031cec2bb,family_retrieval_at_1,1.0
transformer_l,same_family_donor,family_c3ae851031cec2bb,family_retrieval_at_1,1.0
transformer_l,clean,family_d0b38ee50d018148,family_retrieval_at_1,1.0
transformer_l,unrelated_donor,family_d0b38ee50d018148,family_retrieval_at_1,1.0
transformer_l,same_family_donor,family_d0b38ee50d018148,family_retrieval_at_1,1.0
transformer_l,clean,family_c64269798048b60f,family_retrieval_at_1,1.0
transformer_l,unrelated_donor,family_c64269798048b60f,family_retrieval_at_1,1.0
transformer_l,same_family_donor,family_c64269798048b60f,family_retrieval_at_1,1.0
transformer_l,clean,family_1cfa4116628ae42e,family_retrieval_at_1,0.9333333333333332
transformer_l,unrelated_donor,family_1cfa4116628ae42e,family_retrieval_at_1,1.0
transformer_l,same_family_donor,family_1cfa4116628ae42e,family_retrieval_at_1,1.0
transformer_l,clean,family_101bf32d18499c7d,family_retrieval_at_1,1.0
transformer_l,unrelated_donor,family_101bf32d18499c7d,family_retrieval_at_1,1.0
transformer_l,same_family_donor,family_101bf32d18499c7d,family_retrieval_at_1,1.0
transformer_l,clean,family_52885ec61f0240b9,family_retrieval_at_1,0.8000000000000002
transformer_l,unrelated_donor,family_52885ec61f0240b9,family_retrieval_at_1,1.0
transformer_l,same_family_donor,family_52885ec61f0240b9,family_retrieval_at_1,1.0
transformer_l,clean,family_8661140073b6a2ab,family_retrieval_at_1,0.8000000000000002
transformer_l,unrelated_donor,family_8661140073b6a2ab,family_retrieval_at_1,1.0
transformer_l,same_family_donor,family_8661140073b6a2ab,family_retrieval_at_1,1.0
transformer_l,clean,family_eacebc389812585f,family_retrieval_at_1,1.0
transformer_l,unrelated_donor,family_eacebc389812585f,family_retrieval_at_1,0.9333333333333332
transformer_l,same_family_donor,family_eacebc389812585f,family_retrieval_at_1,1.0
transformer_l,clean,family_23e85181dd747797,family_retrieval_at_1,1.0
transformer_l,unrelated_donor,family_23e85181dd747797,family_retrieval_at_1,0.9333333333333332
transformer_l,same_family_donor,family_23e85181dd747797,family_retrieval_at_1,0.9333333333333332
transformer_l,clean,family_e3c89d0945320ec5,exact_multi_bar_extraction,0.0
transformer_l,unrelated_donor,family_e3c89d0945320ec5,exact_multi_bar_extraction,0.0
transformer_l,same_family_donor,family_e3c89d0945320ec5,exact_multi_bar_extraction,0.0
transformer_l,clean,family_5facacfb4d33d062,exact_multi_bar_extraction,0.0
transformer_l,unrelated_donor,family_5facacfb4d33d062,exact_multi_bar_extraction,0.0
transformer_l,same_family_donor,family_5facacfb4d33d062,exact_multi_bar_extraction,0.0
transformer_l,clean,family_15b8f6d235825863,exact_multi_bar_extraction,0.0
transformer_l,unrelated_donor,family_15b8f6d235825863,exact_multi_bar_extraction,0.0
transformer_l,same_family_donor,family_15b8f6d235825863,exact_multi_bar_extraction,0.0
transformer_l,clean,family_78031f033e192cce,exact_multi_bar_extraction,0.0
transformer_l,unrelated_donor,family_78031f033e192cce,exact_multi_bar_extraction,0.0
transformer_l,same_family_donor,family_78031f033e192cce,exact_multi_bar_extraction,0.0
transformer_l,clean,family_debbecc1e7f77f3e,exact_multi_bar_extraction,0.0
transformer_l,unrelated_donor,family_debbecc1e7f77f3e,exact_multi_bar_extraction,0.0
transformer_l,same_family_donor,family_debbecc1e7f77f3e,exact_multi_bar_extraction,0.0
transformer_l,clean,family_5d6a15b20dff7233,exact_multi_bar_extraction,0.0
transformer_l,unrelated_donor,family_5d6a15b20dff7233,exact_multi_bar_extraction,0.0
transformer_l,same_family_donor,family_5d6a15b20dff7233,exact_multi_bar_extraction,0.0
transformer_l,clean,family_58a5b18cf3751bf1,exact_multi_bar_extraction,0.0
transformer_l,unrelated_donor,family_58a5b18cf3751bf1,exact_multi_bar_extraction,0.0
transformer_l,same_family_donor,family_58a5b18cf3751bf1,exact_multi_bar_extraction,0.0
transformer_l,clean,family_da2cbb03fa208ffc,exact_multi_bar_extraction,0.0
transformer_l,unrelated_donor,family_da2cbb03fa208ffc,exact_multi_bar_extraction,0.0
transformer_l,same_family_donor,family_da2cbb03fa208ffc,exact_multi_bar_extraction,0.0
transformer_l,clean,family_b3ba3218de08f591,exact_multi_bar_extraction,0.0
transformer_l,unrelated_donor,family_b3ba3218de08f591,exact_multi_bar_extraction,0.0
transformer_l,same_family_donor,family_b3ba3218de08f591,exact_multi_bar_extraction,0.0
transformer_l,clean,family_9edbfcdbf27d8472,exact_multi_bar_extraction,0.0
transformer_l,unrelated_donor,family_9edbfcdbf27d8472,exact_multi_bar_extraction,0.0
transformer_l,same_family_donor,family_9edbfcdbf27d8472,exact_multi_bar_extraction,0.0
transformer_l,clean,family_76f3986b08ecfc19,exact_multi_bar_extraction,0.0
transformer_l,unrelated_donor,family_76f3986b08ecfc19,exact_multi_bar_extraction,0.0
transformer_l,same_family_donor,family_76f3986b08ecfc19,exact_multi_bar_extraction,0.0
transformer_l,clean,family_5aaa5f6f546aa704,exact_multi_bar_extraction,0.0
transformer_l,unrelated_donor,family_5aaa5f6f546aa704,exact_multi_bar_extraction,0.0
transformer_l,same_family_donor,family_5aaa5f6f546aa704,exact_multi_bar_extraction,0.0
transformer_l,clean,family_38ddaabf01adae92,exact_multi_bar_extraction,0.0
transformer_l,unrelated_donor,family_38ddaabf01adae92,exact_multi_bar_extraction,0.0
transformer_l,same_family_donor,family_38ddaabf01adae92,exact_multi_bar_extraction,0.0
transformer_l,clean,family_5cc4efa05e4dc250,exact_multi_bar_extraction,0.0
transformer_l,unrelated_donor,family_5cc4efa05e4dc250,exact_multi_bar_extraction,0.0
transformer_l,same_family_donor,family_5cc4efa05e4dc250,exact_multi_bar_extraction,0.0
transformer_l,clean,family_3db848c291e71542,exact_multi_bar_extraction,0.0
transformer_l,unrelated_donor,family_3db848c291e71542,exact_multi_bar_extraction,0.0
transformer_l,same_family_donor,family_3db848c291e71542,exact_multi_bar_extraction,0.0
transformer_l,clean,family_4731a6d05dff34ce,exact_multi_bar_extraction,0.0
transformer_l,unrelated_donor,family_4731a6d05dff34ce,exact_multi_bar_extraction,0.0
transformer_l,same_family_donor,family_4731a6d05dff34ce,exact_multi_bar_extraction,0.0
transformer_l,clean,family_1a8ff9e18d3eabea,exact_multi_bar_extraction,0.0
transformer_l,unrelated_donor,family_1a8ff9e18d3eabea,exact_multi_bar_extraction,0.0
transformer_l,same_family_donor,family_1a8ff9e18d3eabea,exact_multi_bar_extraction,0.0
transformer_l,clean,family_774f10d6c3d75980,exact_multi_bar_extraction,0.0
transformer_l,unrelated_donor,family_774f10d6c3d75980,exact_multi_bar_extraction,0.0
transformer_l,same_family_donor,family_774f10d6c3d75980,exact_multi_bar_extraction,0.0
transformer_l,clean,family_7a300c986fbfa9f2,exact_multi_bar_extraction,0.0
transformer_l,unrelated_donor,family_7a300c986fbfa9f2,exact_multi_bar_extraction,0.0
transformer_l,same_family_donor,family_7a300c986fbfa9f2,exact_multi_bar_extraction,0.0
transformer_l,clean,family_d1a92696717aa9c2,exact_multi_bar_extraction,0.0
transformer_l,unrelated_donor,family_d1a92696717aa9c2,exact_multi_bar_extraction,0.0
transformer_l,same_family_donor,family_d1a92696717aa9c2,exact_multi_bar_extraction,0.0
transformer_l,clean,family_2fe71bb032cb85fe,exact_multi_bar_extraction,0.0
transformer_l,unrelated_donor,family_2fe71bb032cb85fe,exact_multi_bar_extraction,0.0
transformer_l,same_family_donor,family_2fe71bb032cb85fe,exact_multi_bar_extraction,0.0
transformer_l,clean,family_348b29b5f47eda18,exact_multi_bar_extraction,0.0
transformer_l,unrelated_donor,family_348b29b5f47eda18,exact_multi_bar_extraction,0.0
transformer_l,same_family_donor,family_348b29b5f47eda18,exact_multi_bar_extraction,0.0
transformer_l,clean,family_fa3341292470541d,exact_multi_bar_extraction,0.0
transformer_l,unrelated_donor,family_fa3341292470541d,exact_multi_bar_extraction,0.0
transformer_l,same_family_donor,family_fa3341292470541d,exact_multi_bar_extraction,0.0
transformer_l,clean,family_f99e7467cfd91d72,exact_multi_bar_extraction,0.0
transformer_l,unrelated_donor,family_f99e7467cfd91d72,exact_multi_bar_extraction,0.0
transformer_l,same_family_donor,family_f99e7467cfd91d72,exact_multi_bar_extraction,0.0
transformer_l,clean,family_776fb0c74fb6af96,exact_multi_bar_extraction,0.0
transformer_l,unrelated_donor,family_776fb0c74fb6af96,exact_multi_bar_extraction,0.0
transformer_l,same_family_donor,family_776fb0c74fb6af96,exact_multi_bar_extraction,0.0
transformer_l,clean,family_56b1bf9100abf79a,exact_multi_bar_extraction,0.0
transformer_l,unrelated_donor,family_56b1bf9100abf79a,exact_multi_bar_extraction,0.0
transformer_l,same_family_donor,family_56b1bf9100abf79a,exact_multi_bar_extraction,0.0
transformer_l,clean,family_f53ae103dc0def58,exact_multi_bar_extraction,0.0
transformer_l,unrelated_donor,family_f53ae103dc0def58,exact_multi_bar_extraction,0.0
transformer_l,same_family_donor,family_f53ae103dc0def58,exact_multi_bar_extraction,0.0
transformer_l,clean,family_c2d4ffa1539bdafe,exact_multi_bar_extraction,0.0
transformer_l,unrelated_donor,family_c2d4ffa1539bdafe,exact_multi_bar_extraction,0.0
transformer_l,same_family_donor,family_c2d4ffa1539bdafe,exact_multi_bar_extraction,0.0
transformer_l,clean,family_328dc279bafe7f69,exact_multi_bar_extraction,0.0
transformer_l,unrelated_donor,family_328dc279bafe7f69,exact_multi_bar_extraction,0.0
transformer_l,same_family_donor,family_328dc279bafe7f69,exact_multi_bar_extraction,0.0
transformer_l,clean,family_de67cf52f9a2ce89,exact_multi_bar_extraction,0.0
transformer_l,unrelated_donor,family_de67cf52f9a2ce89,exact_multi_bar_extraction,0.0
transformer_l,same_family_donor,family_de67cf52f9a2ce89,exact_multi_bar_extraction,0.0
transformer_l,clean,family_581cf690b70ed77f,exact_multi_bar_extraction,0.0
transformer_l,unrelated_donor,family_581cf690b70ed77f,exact_multi_bar_extraction,0.0
transformer_l,same_family_donor,family_581cf690b70ed77f,exact_multi_bar_extraction,0.0
transformer_l,clean,family_5ebcadebe538bd59,exact_multi_bar_extraction,0.0
transformer_l,unrelated_donor,family_5ebcadebe538bd59,exact_multi_bar_extraction,0.0
transformer_l,same_family_donor,family_5ebcadebe538bd59,exact_multi_bar_extraction,0.0
transformer_l,clean,family_5fe0b889b5279fed,exact_multi_bar_extraction,0.0
transformer_l,unrelated_donor,family_5fe0b889b5279fed,exact_multi_bar_extraction,0.0
transformer_l,same_family_donor,family_5fe0b889b5279fed,exact_multi_bar_extraction,0.0
transformer_l,clean,family_8aff46e64d1c8360,exact_multi_bar_extraction,0.0
transformer_l,unrelated_donor,family_8aff46e64d1c8360,exact_multi_bar_extraction,0.0
transformer_l,same_family_donor,family_8aff46e64d1c8360,exact_multi_bar_extraction,0.0
transformer_l,clean,family_c3abd4306e03adf2,exact_multi_bar_extraction,0.0
transformer_l,unrelated_donor,family_c3abd4306e03adf2,exact_multi_bar_extraction,0.0
transformer_l,same_family_donor,family_c3abd4306e03adf2,exact_multi_bar_extraction,0.0
transformer_l,clean,family_f77d449f1658a159,exact_multi_bar_extraction,0.0
transformer_l,unrelated_donor,family_f77d449f1658a159,exact_multi_bar_extraction,0.0
transformer_l,same_family_donor,family_f77d449f1658a159,exact_multi_bar_extraction,0.0
transformer_l,clean,family_121eefce620403f7,exact_multi_bar_extraction,0.0
transformer_l,unrelated_donor,family_121eefce620403f7,exact_multi_bar_extraction,0.0
transformer_l,same_family_donor,family_121eefce620403f7,exact_multi_bar_extraction,0.0
transformer_l,clean,family_439fc19617b55d44,exact_multi_bar_extraction,0.0
transformer_l,unrelated_donor,family_439fc19617b55d44,exact_multi_bar_extraction,0.0
transformer_l,same_family_donor,family_439fc19617b55d44,exact_multi_bar_extraction,0.0
transformer_l,clean,family_7b8c8789f38183da,exact_multi_bar_extraction,0.0
transformer_l,unrelated_donor,family_7b8c8789f38183da,exact_multi_bar_extraction,0.0
transformer_l,same_family_donor,family_7b8c8789f38183da,exact_multi_bar_extraction,0.0
transformer_l,clean,family_7c104874587dddcc,exact_multi_bar_extraction,0.0
transformer_l,unrelated_donor,family_7c104874587dddcc,exact_multi_bar_extraction,0.0
transformer_l,same_family_donor,family_7c104874587dddcc,exact_multi_bar_extraction,0.0
transformer_l,clean,family_2eec85a0fe915e64,exact_multi_bar_extraction,0.0
transformer_l,unrelated_donor,family_2eec85a0fe915e64,exact_multi_bar_extraction,0.0
transformer_l,same_family_donor,family_2eec85a0fe915e64,exact_multi_bar_extraction,0.0
transformer_l,clean,family_ac0566dd944bc201,exact_multi_bar_extraction,0.0
transformer_l,unrelated_donor,family_ac0566dd944bc201,exact_multi_bar_extraction,0.0
transformer_l,same_family_donor,family_ac0566dd944bc201,exact_multi_bar_extraction,0.0
transformer_l,clean,family_fe2836cc1cef695c,exact_multi_bar_extraction,0.0
transformer_l,unrelated_donor,family_fe2836cc1cef695c,exact_multi_bar_extraction,0.0
transformer_l,same_family_donor,family_fe2836cc1cef695c,exact_multi_bar_extraction,0.0
transformer_l,clean,family_a03ac5414952d229,exact_multi_bar_extraction,0.0
transformer_l,unrelated_donor,family_a03ac5414952d229,exact_multi_bar_extraction,0.0
transformer_l,same_family_donor,family_a03ac5414952d229,exact_multi_bar_extraction,0.0
transformer_l,clean,family_9ccd2f467361ebab,exact_multi_bar_extraction,0.0
transformer_l,unrelated_donor,family_9ccd2f467361ebab,exact_multi_bar_extraction,0.0
transformer_l,same_family_donor,family_9ccd2f467361ebab,exact_multi_bar_extraction,0.0
transformer_l,clean,family_6f0024d47bda9a44,exact_multi_bar_extraction,0.0
transformer_l,unrelated_donor,family_6f0024d47bda9a44,exact_multi_bar_extraction,0.0
transformer_l,same_family_donor,family_6f0024d47bda9a44,exact_multi_bar_extraction,0.0
transformer_l,clean,family_b88eee6ecd7ef6bc,exact_multi_bar_extraction,0.0
transformer_l,unrelated_donor,family_b88eee6ecd7ef6bc,exact_multi_bar_extraction,0.0
transformer_l,same_family_donor,family_b88eee6ecd7ef6bc,exact_multi_bar_extraction,0.0
transformer_l,clean,family_3dffb074803c8f80,exact_multi_bar_extraction,0.0
transformer_l,unrelated_donor,family_3dffb074803c8f80,exact_multi_bar_extraction,0.0
transformer_l,same_family_donor,family_3dffb074803c8f80,exact_multi_bar_extraction,0.0
transformer_l,clean,family_39849966d6043c11,exact_multi_bar_extraction,0.0
transformer_l,unrelated_donor,family_39849966d6043c11,exact_multi_bar_extraction,0.0
transformer_l,same_family_donor,family_39849966d6043c11,exact_multi_bar_extraction,0.0
transformer_l,clean,family_f19aa9a5e722eb61,exact_multi_bar_extraction,0.0
transformer_l,unrelated_donor,family_f19aa9a5e722eb61,exact_multi_bar_extraction,0.0
transformer_l,same_family_donor,family_f19aa9a5e722eb61,exact_multi_bar_extraction,0.0
transformer_l,clean,family_a95aeca85317a04d,exact_multi_bar_extraction,0.0
transformer_l,unrelated_donor,family_a95aeca85317a04d,exact_multi_bar_extraction,0.0
transformer_l,same_family_donor,family_a95aeca85317a04d,exact_multi_bar_extraction,0.0
transformer_l,clean,family_39f58e2fd604c61e,exact_multi_bar_extraction,0.0
transformer_l,unrelated_donor,family_39f58e2fd604c61e,exact_multi_bar_extraction,0.0
transformer_l,same_family_donor,family_39f58e2fd604c61e,exact_multi_bar_extraction,0.0
transformer_l,clean,family_af212e596b07120e,exact_multi_bar_extraction,0.0
transformer_l,unrelated_donor,family_af212e596b07120e,exact_multi_bar_extraction,0.0
transformer_l,same_family_donor,family_af212e596b07120e,exact_multi_bar_extraction,0.0
transformer_l,clean,family_961cefc620e3d5ab,exact_multi_bar_extraction,0.0
transformer_l,unrelated_donor,family_961cefc620e3d5ab,exact_multi_bar_extraction,0.0
transformer_l,same_family_donor,family_961cefc620e3d5ab,exact_multi_bar_extraction,0.0
transformer_l,clean,family_2dbafe5054d4bee7,exact_multi_bar_extraction,0.0
transformer_l,unrelated_donor,family_2dbafe5054d4bee7,exact_multi_bar_extraction,0.0
transformer_l,same_family_donor,family_2dbafe5054d4bee7,exact_multi_bar_extraction,0.0
transformer_l,clean,family_0a0ff01b239a934a,exact_multi_bar_extraction,0.0
transformer_l,unrelated_donor,family_0a0ff01b239a934a,exact_multi_bar_extraction,0.0
transformer_l,same_family_donor,family_0a0ff01b239a934a,exact_multi_bar_extraction,0.0
transformer_l,clean,family_6a42731481dda124,exact_multi_bar_extraction,0.0
transformer_l,unrelated_donor,family_6a42731481dda124,exact_multi_bar_extraction,0.0
transformer_l,same_family_donor,family_6a42731481dda124,exact_multi_bar_extraction,0.0
transformer_l,clean,family_e4e4467ef74cc720,exact_multi_bar_extraction,0.0
transformer_l,unrelated_donor,family_e4e4467ef74cc720,exact_multi_bar_extraction,0.0
transformer_l,same_family_donor,family_e4e4467ef74cc720,exact_multi_bar_extraction,0.0
transformer_l,clean,family_b324bd83d2be3825,exact_multi_bar_extraction,0.0
transformer_l,unrelated_donor,family_b324bd83d2be3825,exact_multi_bar_extraction,0.0
transformer_l,same_family_donor,family_b324bd83d2be3825,exact_multi_bar_extraction,0.0
transformer_l,clean,family_59add5a121b9a616,exact_multi_bar_extraction,0.0
transformer_l,unrelated_donor,family_59add5a121b9a616,exact_multi_bar_extraction,0.0
transformer_l,same_family_donor,family_59add5a121b9a616,exact_multi_bar_extraction,0.0
transformer_l,clean,family_4da27be0a15493fc,exact_multi_bar_extraction,0.0
transformer_l,unrelated_donor,family_4da27be0a15493fc,exact_multi_bar_extraction,0.0
transformer_l,same_family_donor,family_4da27be0a15493fc,exact_multi_bar_extraction,0.0
transformer_l,clean,family_0ecded087f80d73b,exact_multi_bar_extraction,0.0
transformer_l,unrelated_donor,family_0ecded087f80d73b,exact_multi_bar_extraction,0.0
transformer_l,same_family_donor,family_0ecded087f80d73b,exact_multi_bar_extraction,0.0
transformer_l,clean,family_746d1e0c3274827f,exact_multi_bar_extraction,0.0
transformer_l,unrelated_donor,family_746d1e0c3274827f,exact_multi_bar_extraction,0.0
transformer_l,same_family_donor,family_746d1e0c3274827f,exact_multi_bar_extraction,0.0
transformer_l,clean,family_6d17de7e325f25f8,exact_multi_bar_extraction,0.0
transformer_l,unrelated_donor,family_6d17de7e325f25f8,exact_multi_bar_extraction,0.0
transformer_l,same_family_donor,family_6d17de7e325f25f8,exact_multi_bar_extraction,0.0
transformer_l,clean,family_67cf34a836b9cd6c,exact_multi_bar_extraction,0.0
transformer_l,unrelated_donor,family_67cf34a836b9cd6c,exact_multi_bar_extraction,0.0
transformer_l,same_family_donor,family_67cf34a836b9cd6c,exact_multi_bar_extraction,0.0
transformer_l,clean,family_3bd7e5ca43f02666,exact_multi_bar_extraction,0.0
transformer_l,unrelated_donor,family_3bd7e5ca43f02666,exact_multi_bar_extraction,0.0
transformer_l,same_family_donor,family_3bd7e5ca43f02666,exact_multi_bar_extraction,0.0
transformer_l,clean,family_e2c30beb0d4abeae,exact_multi_bar_extraction,0.0
transformer_l,unrelated_donor,family_e2c30beb0d4abeae,exact_multi_bar_extraction,0.0
transformer_l,same_family_donor,family_e2c30beb0d4abeae,exact_multi_bar_extraction,0.0
transformer_l,clean,family_3fbe0e330aecdc00,exact_multi_bar_extraction,0.0
transformer_l,unrelated_donor,family_3fbe0e330aecdc00,exact_multi_bar_extraction,0.0
transformer_l,same_family_donor,family_3fbe0e330aecdc00,exact_multi_bar_extraction,0.0
transformer_l,clean,family_83b27a32aa56f9dc,exact_multi_bar_extraction,0.0
transformer_l,unrelated_donor,family_83b27a32aa56f9dc,exact_multi_bar_extraction,0.0
transformer_l,same_family_donor,family_83b27a32aa56f9dc,exact_multi_bar_extraction,0.0
transformer_l,clean,family_58c32a6b58cc329f,exact_multi_bar_extraction,0.0
transformer_l,unrelated_donor,family_58c32a6b58cc329f,exact_multi_bar_extraction,0.0
transformer_l,same_family_donor,family_58c32a6b58cc329f,exact_multi_bar_extraction,0.0
transformer_l,clean,family_853b6705e7d7e7a9,exact_multi_bar_extraction,0.0
transformer_l,unrelated_donor,family_853b6705e7d7e7a9,exact_multi_bar_extraction,0.0
transformer_l,same_family_donor,family_853b6705e7d7e7a9,exact_multi_bar_extraction,0.0
transformer_l,clean,family_5405158fe7a3977d,exact_multi_bar_extraction,0.0
transformer_l,unrelated_donor,family_5405158fe7a3977d,exact_multi_bar_extraction,0.0
transformer_l,same_family_donor,family_5405158fe7a3977d,exact_multi_bar_extraction,0.0
transformer_l,clean,family_e0f7e5849dbe9388,exact_multi_bar_extraction,0.0
transformer_l,unrelated_donor,family_e0f7e5849dbe9388,exact_multi_bar_extraction,0.0
transformer_l,same_family_donor,family_e0f7e5849dbe9388,exact_multi_bar_extraction,0.0
transformer_l,clean,family_6fbe37a0a6611f64,exact_multi_bar_extraction,0.0
transformer_l,unrelated_donor,family_6fbe37a0a6611f64,exact_multi_bar_extraction,0.0
transformer_l,same_family_donor,family_6fbe37a0a6611f64,exact_multi_bar_extraction,0.0
transformer_l,clean,family_3835425eafb00035,exact_multi_bar_extraction,0.0
transformer_l,unrelated_donor,family_3835425eafb00035,exact_multi_bar_extraction,0.0
transformer_l,same_family_donor,family_3835425eafb00035,exact_multi_bar_extraction,0.0
transformer_l,clean,family_4f1b63b3eef9f7d0,exact_multi_bar_extraction,0.0
transformer_l,unrelated_donor,family_4f1b63b3eef9f7d0,exact_multi_bar_extraction,0.0
transformer_l,same_family_donor,family_4f1b63b3eef9f7d0,exact_multi_bar_extraction,0.0
transformer_l,clean,family_8f08581ca21b6c6f,exact_multi_bar_extraction,0.0
transformer_l,unrelated_donor,family_8f08581ca21b6c6f,exact_multi_bar_extraction,0.0
transformer_l,same_family_donor,family_8f08581ca21b6c6f,exact_multi_bar_extraction,0.0
transformer_l,clean,family_db6398f302f77cb4,exact_multi_bar_extraction,0.0
transformer_l,unrelated_donor,family_db6398f302f77cb4,exact_multi_bar_extraction,0.0
transformer_l,same_family_donor,family_db6398f302f77cb4,exact_multi_bar_extraction,0.0
transformer_l,clean,family_aad2d66dec95dc7a,exact_multi_bar_extraction,0.0
transformer_l,unrelated_donor,family_aad2d66dec95dc7a,exact_multi_bar_extraction,0.0
transformer_l,same_family_donor,family_aad2d66dec95dc7a,exact_multi_bar_extraction,0.0
transformer_l,clean,family_04795413b15e0b98,exact_multi_bar_extraction,0.0
transformer_l,unrelated_donor,family_04795413b15e0b98,exact_multi_bar_extraction,0.0
transformer_l,same_family_donor,family_04795413b15e0b98,exact_multi_bar_extraction,0.0
transformer_l,clean,family_d4c8efafc098f593,exact_multi_bar_extraction,0.0
transformer_l,unrelated_donor,family_d4c8efafc098f593,exact_multi_bar_extraction,0.0
transformer_l,same_family_donor,family_d4c8efafc098f593,exact_multi_bar_extraction,0.0
transformer_l,clean,family_30fbd9977a220042,exact_multi_bar_extraction,0.0
transformer_l,unrelated_donor,family_30fbd9977a220042,exact_multi_bar_extraction,0.0
transformer_l,same_family_donor,family_30fbd9977a220042,exact_multi_bar_extraction,0.0
transformer_l,clean,family_2d3e3d92f30c4369,exact_multi_bar_extraction,0.0
transformer_l,unrelated_donor,family_2d3e3d92f30c4369,exact_multi_bar_extraction,0.0
transformer_l,same_family_donor,family_2d3e3d92f30c4369,exact_multi_bar_extraction,0.0
transformer_l,clean,family_6342008bae187399,exact_multi_bar_extraction,0.0
transformer_l,unrelated_donor,family_6342008bae187399,exact_multi_bar_extraction,0.0
transformer_l,same_family_donor,family_6342008bae187399,exact_multi_bar_extraction,0.0
transformer_l,clean,family_f60bd4cc83d02add,exact_multi_bar_extraction,0.0
transformer_l,unrelated_donor,family_f60bd4cc83d02add,exact_multi_bar_extraction,0.0
transformer_l,same_family_donor,family_f60bd4cc83d02add,exact_multi_bar_extraction,0.0
transformer_l,clean,family_08157e0ead630e5c,exact_multi_bar_extraction,0.0
transformer_l,unrelated_donor,family_08157e0ead630e5c,exact_multi_bar_extraction,0.0
transformer_l,same_family_donor,family_08157e0ead630e5c,exact_multi_bar_extraction,0.0
transformer_l,clean,family_0f71c7e0830e1d85,exact_multi_bar_extraction,0.0
transformer_l,unrelated_donor,family_0f71c7e0830e1d85,exact_multi_bar_extraction,0.0
transformer_l,same_family_donor,family_0f71c7e0830e1d85,exact_multi_bar_extraction,0.0
transformer_l,clean,family_be459453ebdfa1da,exact_multi_bar_extraction,0.0
transformer_l,unrelated_donor,family_be459453ebdfa1da,exact_multi_bar_extraction,0.0
transformer_l,same_family_donor,family_be459453ebdfa1da,exact_multi_bar_extraction,0.0
transformer_l,clean,family_a534382ff42b71fb,exact_multi_bar_extraction,0.0
transformer_l,unrelated_donor,family_a534382ff42b71fb,exact_multi_bar_extraction,0.0
transformer_l,same_family_donor,family_a534382ff42b71fb,exact_multi_bar_extraction,0.0
transformer_l,clean,family_e97b637c75aac2b5,exact_multi_bar_extraction,0.0
transformer_l,unrelated_donor,family_e97b637c75aac2b5,exact_multi_bar_extraction,0.0
transformer_l,same_family_donor,family_e97b637c75aac2b5,exact_multi_bar_extraction,0.0
transformer_l,clean,family_f0c0dd7c2f3b6a3f,exact_multi_bar_extraction,0.0
transformer_l,unrelated_donor,family_f0c0dd7c2f3b6a3f,exact_multi_bar_extraction,0.0
transformer_l,same_family_donor,family_f0c0dd7c2f3b6a3f,exact_multi_bar_extraction,0.0
transformer_l,clean,family_c3ae851031cec2bb,exact_multi_bar_extraction,0.0
transformer_l,unrelated_donor,family_c3ae851031cec2bb,exact_multi_bar_extraction,0.0
transformer_l,same_family_donor,family_c3ae851031cec2bb,exact_multi_bar_extraction,0.0
transformer_l,clean,family_d0b38ee50d018148,exact_multi_bar_extraction,0.0
transformer_l,unrelated_donor,family_d0b38ee50d018148,exact_multi_bar_extraction,0.0
transformer_l,same_family_donor,family_d0b38ee50d018148,exact_multi_bar_extraction,0.0
transformer_l,clean,family_c64269798048b60f,exact_multi_bar_extraction,0.0
transformer_l,unrelated_donor,family_c64269798048b60f,exact_multi_bar_extraction,0.0
transformer_l,same_family_donor,family_c64269798048b60f,exact_multi_bar_extraction,0.0
transformer_l,clean,family_1cfa4116628ae42e,exact_multi_bar_extraction,0.0
transformer_l,unrelated_donor,family_1cfa4116628ae42e,exact_multi_bar_extraction,0.0
transformer_l,same_family_donor,family_1cfa4116628ae42e,exact_multi_bar_extraction,0.0
transformer_l,clean,family_101bf32d18499c7d,exact_multi_bar_extraction,0.0
transformer_l,unrelated_donor,family_101bf32d18499c7d,exact_multi_bar_extraction,0.0
transformer_l,same_family_donor,family_101bf32d18499c7d,exact_multi_bar_extraction,0.0
transformer_l,clean,family_52885ec61f0240b9,exact_multi_bar_extraction,0.0
transformer_l,unrelated_donor,family_52885ec61f0240b9,exact_multi_bar_extraction,0.0
transformer_l,same_family_donor,family_52885ec61f0240b9,exact_multi_bar_extraction,0.0
transformer_l,clean,family_8661140073b6a2ab,exact_multi_bar_extraction,0.0
transformer_l,unrelated_donor,family_8661140073b6a2ab,exact_multi_bar_extraction,0.0
transformer_l,same_family_donor,family_8661140073b6a2ab,exact_multi_bar_extraction,0.0
transformer_l,clean,family_eacebc389812585f,exact_multi_bar_extraction,0.0
transformer_l,unrelated_donor,family_eacebc389812585f,exact_multi_bar_extraction,0.0
transformer_l,same_family_donor,family_eacebc389812585f,exact_multi_bar_extraction,0.0
transformer_l,clean,family_23e85181dd747797,exact_multi_bar_extraction,0.0
transformer_l,unrelated_donor,family_23e85181dd747797,exact_multi_bar_extraction,0.0
transformer_l,same_family_donor,family_23e85181dd747797,exact_multi_bar_extraction,0.0
transformer_l,clean,family_e3c89d0945320ec5,whole_train_nearest_neighbor_similarity,0.00022492674276428058
transformer_l,unrelated_donor,family_e3c89d0945320ec5,whole_train_nearest_neighbor_similarity,0.0002268021056044437
transformer_l,same_family_donor,family_e3c89d0945320ec5,whole_train_nearest_neighbor_similarity,0.002300720123623016
transformer_l,clean,family_5facacfb4d33d062,whole_train_nearest_neighbor_similarity,0.0016603658315739993
transformer_l,unrelated_donor,family_5facacfb4d33d062,whole_train_nearest_neighbor_similarity,0.0015822978634634204
transformer_l,same_family_donor,family_5facacfb4d33d062,whole_train_nearest_neighbor_similarity,0.004154341538606943
transformer_l,clean,family_15b8f6d235825863,whole_train_nearest_neighbor_similarity,0.00018365472910927458
transformer_l,unrelated_donor,family_15b8f6d235825863,whole_train_nearest_neighbor_similarity,0.0002589088117286793
transformer_l,same_family_donor,family_15b8f6d235825863,whole_train_nearest_neighbor_similarity,0.021463479136779536
transformer_l,clean,family_78031f033e192cce,whole_train_nearest_neighbor_similarity,0.0003342023398183863
transformer_l,unrelated_donor,family_78031f033e192cce,whole_train_nearest_neighbor_similarity,0.00037169044087766574
transformer_l,same_family_donor,family_78031f033e192cce,whole_train_nearest_neighbor_similarity,0.013423312403725221
transformer_l,clean,family_debbecc1e7f77f3e,whole_train_nearest_neighbor_similarity,0.0
transformer_l,unrelated_donor,family_debbecc1e7f77f3e,whole_train_nearest_neighbor_similarity,0.0
transformer_l,same_family_donor,family_debbecc1e7f77f3e,whole_train_nearest_neighbor_similarity,0.0178569704507319
transformer_l,clean,family_5d6a15b20dff7233,whole_train_nearest_neighbor_similarity,0.0
transformer_l,unrelated_donor,family_5d6a15b20dff7233,whole_train_nearest_neighbor_similarity,6.879944960440316e-05
transformer_l,same_family_donor,family_5d6a15b20dff7233,whole_train_nearest_neighbor_similarity,0.0055228366624167175
transformer_l,clean,family_58a5b18cf3751bf1,whole_train_nearest_neighbor_similarity,0.0005443343567743925
transformer_l,unrelated_donor,family_58a5b18cf3751bf1,whole_train_nearest_neighbor_similarity,0.00039880358923230307
transformer_l,same_family_donor,family_58a5b18cf3751bf1,whole_train_nearest_neighbor_similarity,0.007863611715331812
transformer_l,clean,family_da2cbb03fa208ffc,whole_train_nearest_neighbor_similarity,0.0019761516509873987
transformer_l,unrelated_donor,family_da2cbb03fa208ffc,whole_train_nearest_neighbor_similarity,0.004208871733023136
transformer_l,same_family_donor,family_da2cbb03fa208ffc,whole_train_nearest_neighbor_similarity,0.02055493281094454
transformer_l,clean,family_b3ba3218de08f591,whole_train_nearest_neighbor_similarity,0.00012531328320802005
transformer_l,unrelated_donor,family_b3ba3218de08f591,whole_train_nearest_neighbor_similarity,0.0
transformer_l,same_family_donor,family_b3ba3218de08f591,whole_train_nearest_neighbor_similarity,0.0001399090591115775
transformer_l,clean,family_9edbfcdbf27d8472,whole_train_nearest_neighbor_similarity,0.0
transformer_l,unrelated_donor,family_9edbfcdbf27d8472,whole_train_nearest_neighbor_similarity,0.0
transformer_l,same_family_donor,family_9edbfcdbf27d8472,whole_train_nearest_neighbor_similarity,0.0
transformer_l,clean,family_76f3986b08ecfc19,whole_train_nearest_neighbor_similarity,0.0005785920925747348
transformer_l,unrelated_donor,family_76f3986b08ecfc19,whole_train_nearest_neighbor_similarity,0.0
transformer_l,same_family_donor,family_76f3986b08ecfc19,whole_train_nearest_neighbor_similarity,0.008557473658985836
transformer_l,clean,family_5aaa5f6f546aa704,whole_train_nearest_neighbor_similarity,0.0
transformer_l,unrelated_donor,family_5aaa5f6f546aa704,whole_train_nearest_neighbor_similarity,0.0
transformer_l,same_family_donor,family_5aaa5f6f546aa704,whole_train_nearest_neighbor_similarity,0.0003536693191865605
transformer_l,clean,family_38ddaabf01adae92,whole_train_nearest_neighbor_similarity,0.0
transformer_l,unrelated_donor,family_38ddaabf01adae92,whole_train_nearest_neighbor_similarity,0.0
transformer_l,same_family_donor,family_38ddaabf01adae92,whole_train_nearest_neighbor_similarity,0.03144956481399994
transformer_l,clean,family_5cc4efa05e4dc250,whole_train_nearest_neighbor_similarity,0.012655957562815281
transformer_l,unrelated_donor,family_5cc4efa05e4dc250,whole_train_nearest_neighbor_similarity,0.015408781456794668
transformer_l,same_family_donor,family_5cc4efa05e4dc250,whole_train_nearest_neighbor_similarity,0.04234601986062497
transformer_l,clean,family_3db848c291e71542,whole_train_nearest_neighbor_similarity,0.0
transformer_l,unrelated_donor,family_3db848c291e71542,whole_train_nearest_neighbor_similarity,0.00019193857965451057
transformer_l,same_family_donor,family_3db848c291e71542,whole_train_nearest_neighbor_similarity,0.007100429217342552
transformer_l,clean,family_4731a6d05dff34ce,whole_train_nearest_neighbor_similarity,0.0
transformer_l,unrelated_donor,family_4731a6d05dff34ce,whole_train_nearest_neighbor_similarity,0.0
transformer_l,same_family_donor,family_4731a6d05dff34ce,whole_train_nearest_neighbor_similarity,0.001997561484525999
transformer_l,clean,family_1a8ff9e18d3eabea,whole_train_nearest_neighbor_similarity,0.008525551674998121
transformer_l,unrelated_donor,family_1a8ff9e18d3eabea,whole_train_nearest_neighbor_similarity,0.007654693339325845
transformer_l,same_family_donor,family_1a8ff9e18d3eabea,whole_train_nearest_neighbor_similarity,0.013228820781142167
transformer_l,clean,family_774f10d6c3d75980,whole_train_nearest_neighbor_similarity,0.0008974436318271982
transformer_l,unrelated_donor,family_774f10d6c3d75980,whole_train_nearest_neighbor_similarity,0.002954347542278401
transformer_l,same_family_donor,family_774f10d6c3d75980,whole_train_nearest_neighbor_similarity,0.0016908220187916748
transformer_l,clean,family_7a300c986fbfa9f2,whole_train_nearest_neighbor_similarity,0.0
transformer_l,unrelated_donor,family_7a300c986fbfa9f2,whole_train_nearest_neighbor_similarity,0.0
transformer_l,same_family_donor,family_7a300c986fbfa9f2,whole_train_nearest_neighbor_similarity,0.0004269594388533089
transformer_l,clean,family_d1a92696717aa9c2,whole_train_nearest_neighbor_similarity,0.001974321451460735
transformer_l,unrelated_donor,family_d1a92696717aa9c2,whole_train_nearest_neighbor_similarity,0.0010889232675315157
transformer_l,same_family_donor,family_d1a92696717aa9c2,whole_train_nearest_neighbor_similarity,0.0037096165872851764
transformer_l,clean,family_2fe71bb032cb85fe,whole_train_nearest_neighbor_similarity,0.000897694865439021
transformer_l,unrelated_donor,family_2fe71bb032cb85fe,whole_train_nearest_neighbor_similarity,0.0001970045778095314
transformer_l,same_family_donor,family_2fe71bb032cb85fe,whole_train_nearest_neighbor_similarity,0.02205149880800261
transformer_l,clean,family_348b29b5f47eda18,whole_train_nearest_neighbor_similarity,0.00013136288998357964
transformer_l,unrelated_donor,family_348b29b5f47eda18,whole_train_nearest_neighbor_similarity,0.0
transformer_l,same_family_donor,family_348b29b5f47eda18,whole_train_nearest_neighbor_similarity,0.0
transformer_l,clean,family_fa3341292470541d,whole_train_nearest_neighbor_similarity,0.0007829542936507973
transformer_l,unrelated_donor,family_fa3341292470541d,whole_train_nearest_neighbor_similarity,0.0002757669769045157
transformer_l,same_family_donor,family_fa3341292470541d,whole_train_nearest_neighbor_similarity,0.0024050316726540928
transformer_l,clean,family_f99e7467cfd91d72,whole_train_nearest_neighbor_similarity,0.0
transformer_l,unrelated_donor,family_f99e7467cfd91d72,whole_train_nearest_neighbor_similarity,0.0
transformer_l,same_family_donor,family_f99e7467cfd91d72,whole_train_nearest_neighbor_similarity,0.0
transformer_l,clean,family_776fb0c74fb6af96,whole_train_nearest_neighbor_similarity,0.0
transformer_l,unrelated_donor,family_776fb0c74fb6af96,whole_train_nearest_neighbor_similarity,0.00018654018740059058
transformer_l,same_family_donor,family_776fb0c74fb6af96,whole_train_nearest_neighbor_similarity,0.007713369507834984
transformer_l,clean,family_56b1bf9100abf79a,whole_train_nearest_neighbor_similarity,0.0002743774190343521
transformer_l,unrelated_donor,family_56b1bf9100abf79a,whole_train_nearest_neighbor_similarity,7.238508867173363e-05
transformer_l,same_family_donor,family_56b1bf9100abf79a,whole_train_nearest_neighbor_similarity,0.010096998912821838
transformer_l,clean,family_f53ae103dc0def58,whole_train_nearest_neighbor_similarity,0.00033590499652931294
transformer_l,unrelated_donor,family_f53ae103dc0def58,whole_train_nearest_neighbor_similarity,0.00030569289050591606
transformer_l,same_family_donor,family_f53ae103dc0def58,whole_train_nearest_neighbor_similarity,0.0020033775647527383
transformer_l,clean,family_c2d4ffa1539bdafe,whole_train_nearest_neighbor_similarity,0.001318059900418532
transformer_l,unrelated_donor,family_c2d4ffa1539bdafe,whole_train_nearest_neighbor_similarity,0.0002725914580799244
transformer_l,same_family_donor,family_c2d4ffa1539bdafe,whole_train_nearest_neighbor_similarity,0.005836316643318539
transformer_l,clean,family_328dc279bafe7f69,whole_train_nearest_neighbor_similarity,0.0004694880773956382
transformer_l,unrelated_donor,family_328dc279bafe7f69,whole_train_nearest_neighbor_similarity,0.00024002400240024
transformer_l,same_family_donor,family_328dc279bafe7f69,whole_train_nearest_neighbor_similarity,0.0005064269549770671
transformer_l,clean,family_de67cf52f9a2ce89,whole_train_nearest_neighbor_similarity,0.0
transformer_l,unrelated_donor,family_de67cf52f9a2ce89,whole_train_nearest_neighbor_similarity,0.0
transformer_l,same_family_donor,family_de67cf52f9a2ce89,whole_train_nearest_neighbor_similarity,0.0016266245815460658
transformer_l,clean,family_581cf690b70ed77f,whole_train_nearest_neighbor_similarity,0.0
transformer_l,unrelated_donor,family_581cf690b70ed77f,whole_train_nearest_neighbor_similarity,0.0
transformer_l,same_family_donor,family_581cf690b70ed77f,whole_train_nearest_neighbor_similarity,0.0030809066937217753
transformer_l,clean,family_5ebcadebe538bd59,whole_train_nearest_neighbor_similarity,0.00054727050096302
transformer_l,unrelated_donor,family_5ebcadebe538bd59,whole_train_nearest_neighbor_similarity,6.150061500615006e-05
transformer_l,same_family_donor,family_5ebcadebe538bd59,whole_train_nearest_neighbor_similarity,0.01070899656204932
transformer_l,clean,family_5fe0b889b5279fed,whole_train_nearest_neighbor_similarity,0.0010539306186910416
transformer_l,unrelated_donor,family_5fe0b889b5279fed,whole_train_nearest_neighbor_similarity,0.000972944569464335
transformer_l,same_family_donor,family_5fe0b889b5279fed,whole_train_nearest_neighbor_similarity,0.020042950329428235
transformer_l,clean,family_8aff46e64d1c8360,whole_train_nearest_neighbor_similarity,0.0006984247678102296
transformer_l,unrelated_donor,family_8aff46e64d1c8360,whole_train_nearest_neighbor_similarity,0.0003255725921357043
transformer_l,same_family_donor,family_8aff46e64d1c8360,whole_train_nearest_neighbor_similarity,0.0018376462045658598
transformer_l,clean,family_c3abd4306e03adf2,whole_train_nearest_neighbor_similarity,0.00046428838616812106
transformer_l,unrelated_donor,family_c3abd4306e03adf2,whole_train_nearest_neighbor_similarity,0.0008208701801427194
transformer_l,same_family_donor,family_c3abd4306e03adf2,whole_train_nearest_neighbor_similarity,0.0009959653238882328
transformer_l,clean,family_f77d449f1658a159,whole_train_nearest_neighbor_similarity,6.775067750677508e-05
transformer_l,unrelated_donor,family_f77d449f1658a159,whole_train_nearest_neighbor_similarity,0.0
transformer_l,same_family_donor,family_f77d449f1658a159,whole_train_nearest_neighbor_similarity,0.00014524328249818446
transformer_l,clean,family_121eefce620403f7,whole_train_nearest_neighbor_similarity,0.000797084815469612
transformer_l,unrelated_donor,family_121eefce620403f7,whole_train_nearest_neighbor_similarity,0.0007728752200504284
transformer_l,same_family_donor,family_121eefce620403f7,whole_train_nearest_neighbor_similarity,0.00043626311461816576
transformer_l,clean,family_439fc19617b55d44,whole_train_nearest_neighbor_similarity,0.0009224666471445396
transformer_l,unrelated_donor,family_439fc19617b55d44,whole_train_nearest_neighbor_similarity,0.0008795455544338385
transformer_l,same_family_donor,family_439fc19617b55d44,whole_train_nearest_neighbor_similarity,0.015447285977373592
transformer_l,clean,family_7b8c8789f38183da,whole_train_nearest_neighbor_similarity,0.0006252657410044212
transformer_l,unrelated_donor,family_7b8c8789f38183da,whole_train_nearest_neighbor_similarity,0.0002560285301789693
transformer_l,same_family_donor,family_7b8c8789f38183da,whole_train_nearest_neighbor_similarity,0.0005910648086668341
transformer_l,clean,family_7c104874587dddcc,whole_train_nearest_neighbor_similarity,0.000500142351898026
transformer_l,unrelated_donor,family_7c104874587dddcc,whole_train_nearest_neighbor_similarity,0.0
transformer_l,same_family_donor,family_7c104874587dddcc,whole_train_nearest_neighbor_similarity,0.0
transformer_l,clean,family_2eec85a0fe915e64,whole_train_nearest_neighbor_similarity,0.0
transformer_l,unrelated_donor,family_2eec85a0fe915e64,whole_train_nearest_neighbor_similarity,0.0
transformer_l,same_family_donor,family_2eec85a0fe915e64,whole_train_nearest_neighbor_similarity,0.0
transformer_l,clean,family_ac0566dd944bc201,whole_train_nearest_neighbor_similarity,0.0
transformer_l,unrelated_donor,family_ac0566dd944bc201,whole_train_nearest_neighbor_similarity,0.0001314924391847469
transformer_l,same_family_donor,family_ac0566dd944bc201,whole_train_nearest_neighbor_similarity,0.00031821797931583137
transformer_l,clean,family_fe2836cc1cef695c,whole_train_nearest_neighbor_similarity,0.0006449411001015282
transformer_l,unrelated_donor,family_fe2836cc1cef695c,whole_train_nearest_neighbor_similarity,0.0008394213115742948
transformer_l,same_family_donor,family_fe2836cc1cef695c,whole_train_nearest_neighbor_similarity,0.009457322369395331
transformer_l,clean,family_a03ac5414952d229,whole_train_nearest_neighbor_similarity,0.0003754760191235877
transformer_l,unrelated_donor,family_a03ac5414952d229,whole_train_nearest_neighbor_similarity,0.0003808417108768448
transformer_l,same_family_donor,family_a03ac5414952d229,whole_train_nearest_neighbor_similarity,0.0005991371165421234
transformer_l,clean,family_9ccd2f467361ebab,whole_train_nearest_neighbor_similarity,0.00032532715157353886
transformer_l,unrelated_donor,family_9ccd2f467361ebab,whole_train_nearest_neighbor_similarity,0.00012907389480477574
transformer_l,same_family_donor,family_9ccd2f467361ebab,whole_train_nearest_neighbor_similarity,0.00029433406916850625
transformer_l,clean,family_6f0024d47bda9a44,whole_train_nearest_neighbor_similarity,6.472491909385113e-05
transformer_l,unrelated_donor,family_6f0024d47bda9a44,whole_train_nearest_neighbor_similarity,0.0
transformer_l,same_family_donor,family_6f0024d47bda9a44,whole_train_nearest_neighbor_similarity,0.0
transformer_l,clean,family_b88eee6ecd7ef6bc,whole_train_nearest_neighbor_similarity,0.0036608563698020823
transformer_l,unrelated_donor,family_b88eee6ecd7ef6bc,whole_train_nearest_neighbor_similarity,0.0020849253371547772
transformer_l,same_family_donor,family_b88eee6ecd7ef6bc,whole_train_nearest_neighbor_similarity,0.0043464273035574595
transformer_l,clean,family_3dffb074803c8f80,whole_train_nearest_neighbor_similarity,0.0
transformer_l,unrelated_donor,family_3dffb074803c8f80,whole_train_nearest_neighbor_similarity,0.0001272264631043257
transformer_l,same_family_donor,family_3dffb074803c8f80,whole_train_nearest_neighbor_similarity,0.008134600901232488
transformer_l,clean,family_39849966d6043c11,whole_train_nearest_neighbor_similarity,0.0003174742509363296
transformer_l,unrelated_donor,family_39849966d6043c11,whole_train_nearest_neighbor_similarity,0.0005258233468328034
transformer_l,same_family_donor,family_39849966d6043c11,whole_train_nearest_neighbor_similarity,0.0013030294447821595
transformer_l,clean,family_f19aa9a5e722eb61,whole_train_nearest_neighbor_similarity,0.00047041551599956655
transformer_l,unrelated_donor,family_f19aa9a5e722eb61,whole_train_nearest_neighbor_similarity,0.0020414112842921618
transformer_l,same_family_donor,family_f19aa9a5e722eb61,whole_train_nearest_neighbor_similarity,0.038296725003315504
transformer_l,clean,family_a95aeca85317a04d,whole_train_nearest_neighbor_similarity,0.0
transformer_l,unrelated_donor,family_a95aeca85317a04d,whole_train_nearest_neighbor_similarity,6.379585326953749e-05
transformer_l,same_family_donor,family_a95aeca85317a04d,whole_train_nearest_neighbor_similarity,0.0022203149000329255
transformer_l,clean,family_39f58e2fd604c61e,whole_train_nearest_neighbor_similarity,0.0
transformer_l,unrelated_donor,family_39f58e2fd604c61e,whole_train_nearest_neighbor_similarity,6.31911532385466e-05
transformer_l,same_family_donor,family_39f58e2fd604c61e,whole_train_nearest_neighbor_similarity,0.0
transformer_l,clean,family_af212e596b07120e,whole_train_nearest_neighbor_similarity,0.0
transformer_l,unrelated_donor,family_af212e596b07120e,whole_train_nearest_neighbor_similarity,0.00032774972797337343
transformer_l,same_family_donor,family_af212e596b07120e,whole_train_nearest_neighbor_similarity,0.0009998446947180138
transformer_l,clean,family_961cefc620e3d5ab,whole_train_nearest_neighbor_similarity,0.002009310525160459
transformer_l,unrelated_donor,family_961cefc620e3d5ab,whole_train_nearest_neighbor_similarity,0.0027872798356538345
transformer_l,same_family_donor,family_961cefc620e3d5ab,whole_train_nearest_neighbor_similarity,0.0037995337929280803
transformer_l,clean,family_2dbafe5054d4bee7,whole_train_nearest_neighbor_similarity,0.0
transformer_l,unrelated_donor,family_2dbafe5054d4bee7,whole_train_nearest_neighbor_similarity,0.0
transformer_l,same_family_donor,family_2dbafe5054d4bee7,whole_train_nearest_neighbor_similarity,0.0
transformer_l,clean,family_0a0ff01b239a934a,whole_train_nearest_neighbor_similarity,0.0010053962107482181
transformer_l,unrelated_donor,family_0a0ff01b239a934a,whole_train_nearest_neighbor_similarity,0.001543590100460429
transformer_l,same_family_donor,family_0a0ff01b239a934a,whole_train_nearest_neighbor_similarity,0.002224848044880459
transformer_l,clean,family_6a42731481dda124,whole_train_nearest_neighbor_similarity,0.0
transformer_l,unrelated_donor,family_6a42731481dda124,whole_train_nearest_neighbor_similarity,0.00033018277815649117
transformer_l,same_family_donor,family_6a42731481dda124,whole_train_nearest_neighbor_similarity,0.00645896653156756
transformer_l,clean,family_e4e4467ef74cc720,whole_train_nearest_neighbor_similarity,0.0019010594919275827
transformer_l,unrelated_donor,family_e4e4467ef74cc720,whole_train_nearest_neighbor_similarity,0.0016557592029260134
transformer_l,same_family_donor,family_e4e4467ef74cc720,whole_train_nearest_neighbor_similarity,0.025078036171692065
transformer_l,clean,family_b324bd83d2be3825,whole_train_nearest_neighbor_similarity,0.0016494014876337077
transformer_l,unrelated_donor,family_b324bd83d2be3825,whole_train_nearest_neighbor_similarity,0.0012194013927790844
transformer_l,same_family_donor,family_b324bd83d2be3825,whole_train_nearest_neighbor_similarity,0.005684525587627785
transformer_l,clean,family_59add5a121b9a616,whole_train_nearest_neighbor_similarity,0.0014560150858838265
transformer_l,unrelated_donor,family_59add5a121b9a616,whole_train_nearest_neighbor_similarity,0.0010367052272573837
transformer_l,same_family_donor,family_59add5a121b9a616,whole_train_nearest_neighbor_similarity,0.00313855568057202
transformer_l,clean,family_4da27be0a15493fc,whole_train_nearest_neighbor_similarity,0.0
transformer_l,unrelated_donor,family_4da27be0a15493fc,whole_train_nearest_neighbor_similarity,0.0
transformer_l,same_family_donor,family_4da27be0a15493fc,whole_train_nearest_neighbor_similarity,0.0
transformer_l,clean,family_0ecded087f80d73b,whole_train_nearest_neighbor_similarity,0.00019513809214703452
transformer_l,unrelated_donor,family_0ecded087f80d73b,whole_train_nearest_neighbor_similarity,0.0
transformer_l,same_family_donor,family_0ecded087f80d73b,whole_train_nearest_neighbor_similarity,0.0
transformer_l,clean,family_746d1e0c3274827f,whole_train_nearest_neighbor_similarity,0.0005673758865248227
transformer_l,unrelated_donor,family_746d1e0c3274827f,whole_train_nearest_neighbor_similarity,0.0009111780467995575
transformer_l,same_family_donor,family_746d1e0c3274827f,whole_train_nearest_neighbor_similarity,0.017846325406906945
transformer_l,clean,family_6d17de7e325f25f8,whole_train_nearest_neighbor_similarity,0.011679942909339087
transformer_l,unrelated_donor,family_6d17de7e325f25f8,whole_train_nearest_neighbor_similarity,0.010937307847639946
transformer_l,same_family_donor,family_6d17de7e325f25f8,whole_train_nearest_neighbor_similarity,0.020421810146164048
transformer_l,clean,family_67cf34a836b9cd6c,whole_train_nearest_neighbor_similarity,0.0
transformer_l,unrelated_donor,family_67cf34a836b9cd6c,whole_train_nearest_neighbor_similarity,0.0
transformer_l,same_family_donor,family_67cf34a836b9cd6c,whole_train_nearest_neighbor_similarity,0.000379901308639147
transformer_l,clean,family_3bd7e5ca43f02666,whole_train_nearest_neighbor_similarity,0.0007649756944973561
transformer_l,unrelated_donor,family_3bd7e5ca43f02666,whole_train_nearest_neighbor_similarity,0.000556425120983279
transformer_l,same_family_donor,family_3bd7e5ca43f02666,whole_train_nearest_neighbor_similarity,0.03299328443567752
transformer_l,clean,family_e2c30beb0d4abeae,whole_train_nearest_neighbor_similarity,0.0
transformer_l,unrelated_donor,family_e2c30beb0d4abeae,whole_train_nearest_neighbor_similarity,0.00024645717806531114
transformer_l,same_family_donor,family_e2c30beb0d4abeae,whole_train_nearest_neighbor_similarity,0.0
transformer_l,clean,family_3fbe0e330aecdc00,whole_train_nearest_neighbor_similarity,0.0010328471846240358
transformer_l,unrelated_donor,family_3fbe0e330aecdc00,whole_train_nearest_neighbor_similarity,0.0005096256951293241
transformer_l,same_family_donor,family_3fbe0e330aecdc00,whole_train_nearest_neighbor_similarity,0.007164675681106426
transformer_l,clean,family_83b27a32aa56f9dc,whole_train_nearest_neighbor_similarity,0.0022460650800870193
transformer_l,unrelated_donor,family_83b27a32aa56f9dc,whole_train_nearest_neighbor_similarity,0.001739119412669187
transformer_l,same_family_donor,family_83b27a32aa56f9dc,whole_train_nearest_neighbor_similarity,0.0002747345454558627
transformer_l,clean,family_58c32a6b58cc329f,whole_train_nearest_neighbor_similarity,0.0
transformer_l,unrelated_donor,family_58c32a6b58cc329f,whole_train_nearest_neighbor_similarity,0.0
transformer_l,same_family_donor,family_58c32a6b58cc329f,whole_train_nearest_neighbor_similarity,0.009198961018172436
transformer_l,clean,family_853b6705e7d7e7a9,whole_train_nearest_neighbor_similarity,0.000136332651670075
transformer_l,unrelated_donor,family_853b6705e7d7e7a9,whole_train_nearest_neighbor_similarity,0.0
transformer_l,same_family_donor,family_853b6705e7d7e7a9,whole_train_nearest_neighbor_similarity,0.001975124788409349
transformer_l,clean,family_5405158fe7a3977d,whole_train_nearest_neighbor_similarity,0.00019985247204460768
transformer_l,unrelated_donor,family_5405158fe7a3977d,whole_train_nearest_neighbor_similarity,0.00033959794883135487
transformer_l,same_family_donor,family_5405158fe7a3977d,whole_train_nearest_neighbor_similarity,0.00036137622218096384
transformer_l,clean,family_e0f7e5849dbe9388,whole_train_nearest_neighbor_similarity,0.0001224364860728497
transformer_l,unrelated_donor,family_e0f7e5849dbe9388,whole_train_nearest_neighbor_similarity,6.67334000667334e-05
transformer_l,same_family_donor,family_e0f7e5849dbe9388,whole_train_nearest_neighbor_similarity,0.0019280298685200043
transformer_l,clean,family_6fbe37a0a6611f64,whole_train_nearest_neighbor_similarity,0.00044018508112553603
transformer_l,unrelated_donor,family_6fbe37a0a6611f64,whole_train_nearest_neighbor_similarity,0.0003295196460815478
transformer_l,same_family_donor,family_6fbe37a0a6611f64,whole_train_nearest_neighbor_similarity,0.0018483917006112541
transformer_l,clean,family_3835425eafb00035,whole_train_nearest_neighbor_similarity,0.0020513213411365006
transformer_l,unrelated_donor,family_3835425eafb00035,whole_train_nearest_neighbor_similarity,0.0010828537474450197
transformer_l,same_family_donor,family_3835425eafb00035,whole_train_nearest_neighbor_similarity,0.002315014363869441
transformer_l,clean,family_4f1b63b3eef9f7d0,whole_train_nearest_neighbor_similarity,6.466214031684449e-05
transformer_l,unrelated_donor,family_4f1b63b3eef9f7d0,whole_train_nearest_neighbor_similarity,0.0
transformer_l,same_family_donor,family_4f1b63b3eef9f7d0,whole_train_nearest_neighbor_similarity,0.0002518242392570143
transformer_l,clean,family_8f08581ca21b6c6f,whole_train_nearest_neighbor_similarity,0.0
transformer_l,unrelated_donor,family_8f08581ca21b6c6f,whole_train_nearest_neighbor_similarity,0.0
transformer_l,same_family_donor,family_8f08581ca21b6c6f,whole_train_nearest_neighbor_similarity,0.007690361080600033
transformer_l,clean,family_db6398f302f77cb4,whole_train_nearest_neighbor_similarity,0.00025786700097934595
transformer_l,unrelated_donor,family_db6398f302f77cb4,whole_train_nearest_neighbor_similarity,0.0
transformer_l,same_family_donor,family_db6398f302f77cb4,whole_train_nearest_neighbor_similarity,0.0020094801005879426
transformer_l,clean,family_aad2d66dec95dc7a,whole_train_nearest_neighbor_similarity,0.0008275366753044003
transformer_l,unrelated_donor,family_aad2d66dec95dc7a,whole_train_nearest_neighbor_similarity,0.00041789364974309295
transformer_l,same_family_donor,family_aad2d66dec95dc7a,whole_train_nearest_neighbor_similarity,0.01763032586688348
transformer_l,clean,family_04795413b15e0b98,whole_train_nearest_neighbor_similarity,0.0004624492313715191
transformer_l,unrelated_donor,family_04795413b15e0b98,whole_train_nearest_neighbor_similarity,0.00032915520398272224
transformer_l,same_family_donor,family_04795413b15e0b98,whole_train_nearest_neighbor_similarity,0.005565506866844019
transformer_l,clean,family_d4c8efafc098f593,whole_train_nearest_neighbor_similarity,0.0
transformer_l,unrelated_donor,family_d4c8efafc098f593,whole_train_nearest_neighbor_similarity,0.00012710517953606608
transformer_l,same_family_donor,family_d4c8efafc098f593,whole_train_nearest_neighbor_similarity,0.0
transformer_l,clean,family_30fbd9977a220042,whole_train_nearest_neighbor_similarity,0.0
transformer_l,unrelated_donor,family_30fbd9977a220042,whole_train_nearest_neighbor_similarity,0.0
transformer_l,same_family_donor,family_30fbd9977a220042,whole_train_nearest_neighbor_similarity,0.01172051875189709
transformer_l,clean,family_2d3e3d92f30c4369,whole_train_nearest_neighbor_similarity,0.003595853309210082
transformer_l,unrelated_donor,family_2d3e3d92f30c4369,whole_train_nearest_neighbor_similarity,0.006359830327335482
transformer_l,same_family_donor,family_2d3e3d92f30c4369,whole_train_nearest_neighbor_similarity,0.02555623961492127
transformer_l,clean,family_6342008bae187399,whole_train_nearest_neighbor_similarity,0.0040929854034597755
transformer_l,unrelated_donor,family_6342008bae187399,whole_train_nearest_neighbor_similarity,0.0027934045492923752
transformer_l,same_family_donor,family_6342008bae187399,whole_train_nearest_neighbor_similarity,0.009730410847899246
transformer_l,clean,family_f60bd4cc83d02add,whole_train_nearest_neighbor_similarity,0.0009975537834267898
transformer_l,unrelated_donor,family_f60bd4cc83d02add,whole_train_nearest_neighbor_similarity,0.0009286061703365142
transformer_l,same_family_donor,family_f60bd4cc83d02add,whole_train_nearest_neighbor_similarity,0.0012066708130792786
transformer_l,clean,family_08157e0ead630e5c,whole_train_nearest_neighbor_similarity,0.00045550813129721467
transformer_l,unrelated_donor,family_08157e0ead630e5c,whole_train_nearest_neighbor_similarity,6.259780907668232e-05
transformer_l,same_family_donor,family_08157e0ead630e5c,whole_train_nearest_neighbor_similarity,0.007826395550383137
transformer_l,clean,family_0f71c7e0830e1d85,whole_train_nearest_neighbor_similarity,0.0
transformer_l,unrelated_donor,family_0f71c7e0830e1d85,whole_train_nearest_neighbor_similarity,0.0
transformer_l,same_family_donor,family_0f71c7e0830e1d85,whole_train_nearest_neighbor_similarity,0.0
transformer_l,clean,family_be459453ebdfa1da,whole_train_nearest_neighbor_similarity,0.0004993616922873608
transformer_l,unrelated_donor,family_be459453ebdfa1da,whole_train_nearest_neighbor_similarity,0.0008616609767376181
transformer_l,same_family_donor,family_be459453ebdfa1da,whole_train_nearest_neighbor_similarity,0.0013817940654743505
transformer_l,clean,family_a534382ff42b71fb,whole_train_nearest_neighbor_similarity,0.00036697247706422024
transformer_l,unrelated_donor,family_a534382ff42b71fb,whole_train_nearest_neighbor_similarity,0.0005474778922266751
transformer_l,same_family_donor,family_a534382ff42b71fb,whole_train_nearest_neighbor_similarity,0.0032422116492422603
transformer_l,clean,family_e97b637c75aac2b5,whole_train_nearest_neighbor_similarity,0.001128979737466506
transformer_l,unrelated_donor,family_e97b637c75aac2b5,whole_train_nearest_neighbor_similarity,0.0009161429163268999
transformer_l,same_family_donor,family_e97b637c75aac2b5,whole_train_nearest_neighbor_similarity,0.000749546431972138
transformer_l,clean,family_f0c0dd7c2f3b6a3f,whole_train_nearest_neighbor_similarity,0.006127599525622963
transformer_l,unrelated_donor,family_f0c0dd7c2f3b6a3f,whole_train_nearest_neighbor_similarity,0.00637626818123047
transformer_l,same_family_donor,family_f0c0dd7c2f3b6a3f,whole_train_nearest_neighbor_similarity,0.006468105446372029
transformer_l,clean,family_c3ae851031cec2bb,whole_train_nearest_neighbor_similarity,0.0
transformer_l,unrelated_donor,family_c3ae851031cec2bb,whole_train_nearest_neighbor_similarity,0.0
transformer_l,same_family_donor,family_c3ae851031cec2bb,whole_train_nearest_neighbor_similarity,0.0014585262801667237
transformer_l,clean,family_d0b38ee50d018148,whole_train_nearest_neighbor_similarity,0.00012861058401855365
transformer_l,unrelated_donor,family_d0b38ee50d018148,whole_train_nearest_neighbor_similarity,6.325110689437066e-05
transformer_l,same_family_donor,family_d0b38ee50d018148,whole_train_nearest_neighbor_similarity,0.019423007160902107
transformer_l,clean,family_c64269798048b60f,whole_train_nearest_neighbor_similarity,0.0
transformer_l,unrelated_donor,family_c64269798048b60f,whole_train_nearest_neighbor_similarity,0.0
transformer_l,same_family_donor,family_c64269798048b60f,whole_train_nearest_neighbor_similarity,0.018741744181109462
transformer_l,clean,family_1cfa4116628ae42e,whole_train_nearest_neighbor_similarity,6.809669731018046e-05
transformer_l,unrelated_donor,family_1cfa4116628ae42e,whole_train_nearest_neighbor_similarity,0.0
transformer_l,same_family_donor,family_1cfa4116628ae42e,whole_train_nearest_neighbor_similarity,0.0
transformer_l,clean,family_101bf32d18499c7d,whole_train_nearest_neighbor_similarity,0.0
transformer_l,unrelated_donor,family_101bf32d18499c7d,whole_train_nearest_neighbor_similarity,0.0
transformer_l,same_family_donor,family_101bf32d18499c7d,whole_train_nearest_neighbor_similarity,0.0
transformer_l,clean,family_52885ec61f0240b9,whole_train_nearest_neighbor_similarity,0.0007314335378222629
transformer_l,unrelated_donor,family_52885ec61f0240b9,whole_train_nearest_neighbor_similarity,0.0
transformer_l,same_family_donor,family_52885ec61f0240b9,whole_train_nearest_neighbor_similarity,0.03015160237559461
transformer_l,clean,family_8661140073b6a2ab,whole_train_nearest_neighbor_similarity,0.00026772852513473925
transformer_l,unrelated_donor,family_8661140073b6a2ab,whole_train_nearest_neighbor_similarity,0.0
transformer_l,same_family_donor,family_8661140073b6a2ab,whole_train_nearest_neighbor_similarity,0.0
transformer_l,clean,family_eacebc389812585f,whole_train_nearest_neighbor_similarity,0.0
transformer_l,unrelated_donor,family_eacebc389812585f,whole_train_nearest_neighbor_similarity,0.00042598509052183177
transformer_l,same_family_donor,family_eacebc389812585f,whole_train_nearest_neighbor_similarity,0.003550469144226778
transformer_l,clean,family_23e85181dd747797,whole_train_nearest_neighbor_similarity,0.0
transformer_l,unrelated_donor,family_23e85181dd747797,whole_train_nearest_neighbor_similarity,7.176175098672407e-05
transformer_l,same_family_donor,family_23e85181dd747797,whole_train_nearest_neighbor_similarity,0.0005128338251654562
conditional_vae,clean,family_e3c89d0945320ec5,family_reference_longest_normalized_span,0.04010416666666667
conditional_vae,unrelated_donor,family_e3c89d0945320ec5,family_reference_longest_normalized_span,0.03854166666666666
conditional_vae,same_family_donor,family_e3c89d0945320ec5,family_reference_longest_normalized_span,0.04010416666666667
conditional_vae,clean,family_5facacfb4d33d062,family_reference_longest_normalized_span,0.07760416666666665
conditional_vae,unrelated_donor,family_5facacfb4d33d062,family_reference_longest_normalized_span,0.057291666666666664
conditional_vae,same_family_donor,family_5facacfb4d33d062,family_reference_longest_normalized_span,0.06822916666666666
conditional_vae,clean,family_15b8f6d235825863,family_reference_longest_normalized_span,0.06510416666666667
conditional_vae,unrelated_donor,family_15b8f6d235825863,family_reference_longest_normalized_span,0.06770833333333333
conditional_vae,same_family_donor,family_15b8f6d235825863,family_reference_longest_normalized_span,0.06406250000000001
conditional_vae,clean,family_78031f033e192cce,family_reference_longest_normalized_span,0.0828125
conditional_vae,unrelated_donor,family_78031f033e192cce,family_reference_longest_normalized_span,0.09739583333333335
conditional_vae,same_family_donor,family_78031f033e192cce,family_reference_longest_normalized_span,0.090625
conditional_vae,clean,family_debbecc1e7f77f3e,family_reference_longest_normalized_span,0.08750000000000001
conditional_vae,unrelated_donor,family_debbecc1e7f77f3e,family_reference_longest_normalized_span,0.1260416666666667
conditional_vae,same_family_donor,family_debbecc1e7f77f3e,family_reference_longest_normalized_span,0.0828125
conditional_vae,clean,family_5d6a15b20dff7233,family_reference_longest_normalized_span,0.06354166666666666
conditional_vae,unrelated_donor,family_5d6a15b20dff7233,family_reference_longest_normalized_span,0.06145833333333334
conditional_vae,same_family_donor,family_5d6a15b20dff7233,family_reference_longest_normalized_span,0.06614583333333333
conditional_vae,clean,family_58a5b18cf3751bf1,family_reference_longest_normalized_span,0.07864583333333333
conditional_vae,unrelated_donor,family_58a5b18cf3751bf1,family_reference_longest_normalized_span,0.08489583333333332
conditional_vae,same_family_donor,family_58a5b18cf3751bf1,family_reference_longest_normalized_span,0.07604166666666666
conditional_vae,clean,family_da2cbb03fa208ffc,family_reference_longest_normalized_span,0.03697916666666667
conditional_vae,unrelated_donor,family_da2cbb03fa208ffc,family_reference_longest_normalized_span,0.043750000000000004
conditional_vae,same_family_donor,family_da2cbb03fa208ffc,family_reference_longest_normalized_span,0.05052083333333333
conditional_vae,clean,family_b3ba3218de08f591,family_reference_longest_normalized_span,0.06458333333333333
conditional_vae,unrelated_donor,family_b3ba3218de08f591,family_reference_longest_normalized_span,0.059895833333333336
conditional_vae,same_family_donor,family_b3ba3218de08f591,family_reference_longest_normalized_span,0.05937499999999999
conditional_vae,clean,family_9edbfcdbf27d8472,family_reference_longest_normalized_span,0.05572916666666666
conditional_vae,unrelated_donor,family_9edbfcdbf27d8472,family_reference_longest_normalized_span,0.059895833333333336
conditional_vae,same_family_donor,family_9edbfcdbf27d8472,family_reference_longest_normalized_span,0.05833333333333333
conditional_vae,clean,family_76f3986b08ecfc19,family_reference_longest_normalized_span,0.07447916666666667
conditional_vae,unrelated_donor,family_76f3986b08ecfc19,family_reference_longest_normalized_span,0.08229166666666667
conditional_vae,same_family_donor,family_76f3986b08ecfc19,family_reference_longest_normalized_span,0.07395833333333333
conditional_vae,clean,family_5aaa5f6f546aa704,family_reference_longest_normalized_span,0.05520833333333333
conditional_vae,unrelated_donor,family_5aaa5f6f546aa704,family_reference_longest_normalized_span,0.048958333333333326
conditional_vae,same_family_donor,family_5aaa5f6f546aa704,family_reference_longest_normalized_span,0.05677083333333333
conditional_vae,clean,family_38ddaabf01adae92,family_reference_longest_normalized_span,0.12708333333333333
conditional_vae,unrelated_donor,family_38ddaabf01adae92,family_reference_longest_normalized_span,0.13333333333333333
conditional_vae,same_family_donor,family_38ddaabf01adae92,family_reference_longest_normalized_span,0.14791666666666667
conditional_vae,clean,family_5cc4efa05e4dc250,family_reference_longest_normalized_span,0.0328125
conditional_vae,unrelated_donor,family_5cc4efa05e4dc250,family_reference_longest_normalized_span,0.0328125
conditional_vae,same_family_donor,family_5cc4efa05e4dc250,family_reference_longest_normalized_span,0.03177083333333333
conditional_vae,clean,family_3db848c291e71542,family_reference_longest_normalized_span,0.0765625
conditional_vae,unrelated_donor,family_3db848c291e71542,family_reference_longest_normalized_span,0.08489583333333334
conditional_vae,same_family_donor,family_3db848c291e71542,family_reference_longest_normalized_span,0.08177083333333333
conditional_vae,clean,family_4731a6d05dff34ce,family_reference_longest_normalized_span,0.04806892628004833
conditional_vae,unrelated_donor,family_4731a6d05dff34ce,family_reference_longest_normalized_span,0.055228838582677166
conditional_vae,same_family_donor,family_4731a6d05dff34ce,family_reference_longest_normalized_span,0.0547367125984252
conditional_vae,clean,family_1a8ff9e18d3eabea,family_reference_longest_normalized_span,0.0984375
conditional_vae,unrelated_donor,family_1a8ff9e18d3eabea,family_reference_longest_normalized_span,0.08333333333333333
conditional_vae,same_family_donor,family_1a8ff9e18d3eabea,family_reference_longest_normalized_span,0.08229166666666667
conditional_vae,clean,family_774f10d6c3d75980,family_reference_longest_normalized_span,0.1140625
conditional_vae,unrelated_donor,family_774f10d6c3d75980,family_reference_longest_normalized_span,0.12083333333333333
conditional_vae,same_family_donor,family_774f10d6c3d75980,family_reference_longest_normalized_span,0.12239583333333333
conditional_vae,clean,family_7a300c986fbfa9f2,family_reference_longest_normalized_span,0.052083333333333336
conditional_vae,unrelated_donor,family_7a300c986fbfa9f2,family_reference_longest_normalized_span,0.05520833333333334
conditional_vae,same_family_donor,family_7a300c986fbfa9f2,family_reference_longest_normalized_span,0.05000000000000001
conditional_vae,clean,family_d1a92696717aa9c2,family_reference_longest_normalized_span,0.1046875
conditional_vae,unrelated_donor,family_d1a92696717aa9c2,family_reference_longest_normalized_span,0.1203125
conditional_vae,same_family_donor,family_d1a92696717aa9c2,family_reference_longest_normalized_span,0.11562500000000002
conditional_vae,clean,family_2fe71bb032cb85fe,family_reference_longest_normalized_span,0.0625
conditional_vae,unrelated_donor,family_2fe71bb032cb85fe,family_reference_longest_normalized_span,0.06197916666666667
conditional_vae,same_family_donor,family_2fe71bb032cb85fe,family_reference_longest_normalized_span,0.0671875
conditional_vae,clean,family_348b29b5f47eda18,family_reference_longest_normalized_span,0.053125
conditional_vae,unrelated_donor,family_348b29b5f47eda18,family_reference_longest_normalized_span,0.05416666666666666
conditional_vae,same_family_donor,family_348b29b5f47eda18,family_reference_longest_normalized_span,0.0609375
conditional_vae,clean,family_fa3341292470541d,family_reference_longest_normalized_span,0.06197916666666666
conditional_vae,unrelated_donor,family_fa3341292470541d,family_reference_longest_normalized_span,0.06510416666666667
conditional_vae,same_family_donor,family_fa3341292470541d,family_reference_longest_normalized_span,0.06510416666666667
conditional_vae,clean,family_f99e7467cfd91d72,family_reference_longest_normalized_span,0.04322916666666667
conditional_vae,unrelated_donor,family_f99e7467cfd91d72,family_reference_longest_normalized_span,0.036458333333333336
conditional_vae,same_family_donor,family_f99e7467cfd91d72,family_reference_longest_normalized_span,0.0375
conditional_vae,clean,family_776fb0c74fb6af96,family_reference_longest_normalized_span,0.09635416666666667
conditional_vae,unrelated_donor,family_776fb0c74fb6af96,family_reference_longest_normalized_span,0.08177083333333333
conditional_vae,same_family_donor,family_776fb0c74fb6af96,family_reference_longest_normalized_span,0.08906249999999999
conditional_vae,clean,family_56b1bf9100abf79a,family_reference_longest_normalized_span,0.10729166666666667
conditional_vae,unrelated_donor,family_56b1bf9100abf79a,family_reference_longest_normalized_span,0.1015625
conditional_vae,same_family_donor,family_56b1bf9100abf79a,family_reference_longest_normalized_span,0.09791666666666665
conditional_vae,clean,family_f53ae103dc0def58,family_reference_longest_normalized_span,0.05572916666666666
conditional_vae,unrelated_donor,family_f53ae103dc0def58,family_reference_longest_normalized_span,0.051562500000000004
conditional_vae,same_family_donor,family_f53ae103dc0def58,family_reference_longest_normalized_span,0.05833333333333333
conditional_vae,clean,family_c2d4ffa1539bdafe,family_reference_longest_normalized_span,0.08385416666666667
conditional_vae,unrelated_donor,family_c2d4ffa1539bdafe,family_reference_longest_normalized_span,0.09479166666666666
conditional_vae,same_family_donor,family_c2d4ffa1539bdafe,family_reference_longest_normalized_span,0.08177083333333333
conditional_vae,clean,family_328dc279bafe7f69,family_reference_longest_normalized_span,0.059895833333333336
conditional_vae,unrelated_donor,family_328dc279bafe7f69,family_reference_longest_normalized_span,0.05416666666666666
conditional_vae,same_family_donor,family_328dc279bafe7f69,family_reference_longest_normalized_span,0.06302083333333333
conditional_vae,clean,family_de67cf52f9a2ce89,family_reference_longest_normalized_span,0.034374999999999996
conditional_vae,unrelated_donor,family_de67cf52f9a2ce89,family_reference_longest_normalized_span,0.033854166666666664
conditional_vae,same_family_donor,family_de67cf52f9a2ce89,family_reference_longest_normalized_span,0.031783136482939636
conditional_vae,clean,family_581cf690b70ed77f,family_reference_longest_normalized_span,0.08177083333333333
conditional_vae,unrelated_donor,family_581cf690b70ed77f,family_reference_longest_normalized_span,0.0859375
conditional_vae,same_family_donor,family_581cf690b70ed77f,family_reference_longest_normalized_span,0.08697916666666666
conditional_vae,clean,family_5ebcadebe538bd59,family_reference_longest_normalized_span,0.03125
conditional_vae,unrelated_donor,family_5ebcadebe538bd59,family_reference_longest_normalized_span,0.03125
conditional_vae,same_family_donor,family_5ebcadebe538bd59,family_reference_longest_normalized_span,0.03229166666666667
conditional_vae,clean,family_5fe0b889b5279fed,family_reference_longest_normalized_span,0.11041666666666668
conditional_vae,unrelated_donor,family_5fe0b889b5279fed,family_reference_longest_normalized_span,0.11302083333333333
conditional_vae,same_family_donor,family_5fe0b889b5279fed,family_reference_longest_normalized_span,0.10520833333333333
conditional_vae,clean,family_8aff46e64d1c8360,family_reference_longest_normalized_span,0.07812499999999999
conditional_vae,unrelated_donor,family_8aff46e64d1c8360,family_reference_longest_normalized_span,0.07760416666666668
conditional_vae,same_family_donor,family_8aff46e64d1c8360,family_reference_longest_normalized_span,0.08750000000000001
conditional_vae,clean,family_c3abd4306e03adf2,family_reference_longest_normalized_span,0.08333333333333333
conditional_vae,unrelated_donor,family_c3abd4306e03adf2,family_reference_longest_normalized_span,0.08802083333333333
conditional_vae,same_family_donor,family_c3abd4306e03adf2,family_reference_longest_normalized_span,0.07395833333333333
conditional_vae,clean,family_f77d449f1658a159,family_reference_longest_normalized_span,0.0484375
conditional_vae,unrelated_donor,family_f77d449f1658a159,family_reference_longest_normalized_span,0.0453125
conditional_vae,same_family_donor,family_f77d449f1658a159,family_reference_longest_normalized_span,0.04270833333333333
conditional_vae,clean,family_121eefce620403f7,family_reference_longest_normalized_span,0.09322916666666665
conditional_vae,unrelated_donor,family_121eefce620403f7,family_reference_longest_normalized_span,0.08697916666666668
conditional_vae,same_family_donor,family_121eefce620403f7,family_reference_longest_normalized_span,0.09114583333333333
conditional_vae,clean,family_439fc19617b55d44,family_reference_longest_normalized_span,0.09635416666666667
conditional_vae,unrelated_donor,family_439fc19617b55d44,family_reference_longest_normalized_span,0.09166666666666667
conditional_vae,same_family_donor,family_439fc19617b55d44,family_reference_longest_normalized_span,0.0890625
conditional_vae,clean,family_7b8c8789f38183da,family_reference_longest_normalized_span,0.03958333333333333
conditional_vae,unrelated_donor,family_7b8c8789f38183da,family_reference_longest_normalized_span,0.034374999999999996
conditional_vae,same_family_donor,family_7b8c8789f38183da,family_reference_longest_normalized_span,0.036458333333333336
conditional_vae,clean,family_7c104874587dddcc,family_reference_longest_normalized_span,0.06666666666666667
conditional_vae,unrelated_donor,family_7c104874587dddcc,family_reference_longest_normalized_span,0.06041666666666667
conditional_vae,same_family_donor,family_7c104874587dddcc,family_reference_longest_normalized_span,0.06458333333333334
conditional_vae,clean,family_2eec85a0fe915e64,family_reference_longest_normalized_span,0.052604166666666674
conditional_vae,unrelated_donor,family_2eec85a0fe915e64,family_reference_longest_normalized_span,0.052083333333333336
conditional_vae,same_family_donor,family_2eec85a0fe915e64,family_reference_longest_normalized_span,0.05833333333333333
conditional_vae,clean,family_ac0566dd944bc201,family_reference_longest_normalized_span,0.06145833333333334
conditional_vae,unrelated_donor,family_ac0566dd944bc201,family_reference_longest_normalized_span,0.06197916666666667
conditional_vae,same_family_donor,family_ac0566dd944bc201,family_reference_longest_normalized_span,0.06145833333333333
conditional_vae,clean,family_fe2836cc1cef695c,family_reference_longest_normalized_span,0.0609375
conditional_vae,unrelated_donor,family_fe2836cc1cef695c,family_reference_longest_normalized_span,0.057291666666666664
conditional_vae,same_family_donor,family_fe2836cc1cef695c,family_reference_longest_normalized_span,0.057812499999999996
conditional_vae,clean,family_a03ac5414952d229,family_reference_longest_normalized_span,0.07604166666666667
conditional_vae,unrelated_donor,family_a03ac5414952d229,family_reference_longest_normalized_span,0.09166666666666667
conditional_vae,same_family_donor,family_a03ac5414952d229,family_reference_longest_normalized_span,0.06979166666666665
conditional_vae,clean,family_9ccd2f467361ebab,family_reference_longest_normalized_span,0.06354166666666666
conditional_vae,unrelated_donor,family_9ccd2f467361ebab,family_reference_longest_normalized_span,0.05833333333333333
conditional_vae,same_family_donor,family_9ccd2f467361ebab,family_reference_longest_normalized_span,0.07083333333333333
conditional_vae,clean,family_6f0024d47bda9a44,family_reference_longest_normalized_span,0.052083333333333336
conditional_vae,unrelated_donor,family_6f0024d47bda9a44,family_reference_longest_normalized_span,0.05000000000000001
conditional_vae,same_family_donor,family_6f0024d47bda9a44,family_reference_longest_normalized_span,0.049479166666666664
conditional_vae,clean,family_b88eee6ecd7ef6bc,family_reference_longest_normalized_span,0.0703125
conditional_vae,unrelated_donor,family_b88eee6ecd7ef6bc,family_reference_longest_normalized_span,0.06874999999999999
conditional_vae,same_family_donor,family_b88eee6ecd7ef6bc,family_reference_longest_normalized_span,0.05781250000000001
conditional_vae,clean,family_3dffb074803c8f80,family_reference_longest_normalized_span,0.10312500000000001
conditional_vae,unrelated_donor,family_3dffb074803c8f80,family_reference_longest_normalized_span,0.10520833333333333
conditional_vae,same_family_donor,family_3dffb074803c8f80,family_reference_longest_normalized_span,0.10833333333333334
conditional_vae,clean,family_39849966d6043c11,family_reference_longest_normalized_span,0.0453125
conditional_vae,unrelated_donor,family_39849966d6043c11,family_reference_longest_normalized_span,0.04374999999999999
conditional_vae,same_family_donor,family_39849966d6043c11,family_reference_longest_normalized_span,0.046875
conditional_vae,clean,family_f19aa9a5e722eb61,family_reference_longest_normalized_span,0.1708333333333333
conditional_vae,unrelated_donor,family_f19aa9a5e722eb61,family_reference_longest_normalized_span,0.16354166666666667
conditional_vae,same_family_donor,family_f19aa9a5e722eb61,family_reference_longest_normalized_span,0.13749999999999998
conditional_vae,clean,family_a95aeca85317a04d,family_reference_longest_normalized_span,0.05885416666666667
conditional_vae,unrelated_donor,family_a95aeca85317a04d,family_reference_longest_normalized_span,0.07708333333333334
conditional_vae,same_family_donor,family_a95aeca85317a04d,family_reference_longest_normalized_span,0.07395833333333333
conditional_vae,clean,family_39f58e2fd604c61e,family_reference_longest_normalized_span,0.033854166666666664
conditional_vae,unrelated_donor,family_39f58e2fd604c61e,family_reference_longest_normalized_span,0.03125
conditional_vae,same_family_donor,family_39f58e2fd604c61e,family_reference_longest_normalized_span,0.029166666666666664
conditional_vae,clean,family_af212e596b07120e,family_reference_longest_normalized_span,0.08281250000000001
conditional_vae,unrelated_donor,family_af212e596b07120e,family_reference_longest_normalized_span,0.078125
conditional_vae,same_family_donor,family_af212e596b07120e,family_reference_longest_normalized_span,0.08229166666666667
conditional_vae,clean,family_961cefc620e3d5ab,family_reference_longest_normalized_span,0.09114583333333333
conditional_vae,unrelated_donor,family_961cefc620e3d5ab,family_reference_longest_normalized_span,0.10104166666666665
conditional_vae,same_family_donor,family_961cefc620e3d5ab,family_reference_longest_normalized_span,0.08697916666666666
conditional_vae,clean,family_2dbafe5054d4bee7,family_reference_longest_normalized_span,0.04739583333333334
conditional_vae,unrelated_donor,family_2dbafe5054d4bee7,family_reference_longest_normalized_span,0.04791666666666666
conditional_vae,same_family_donor,family_2dbafe5054d4bee7,family_reference_longest_normalized_span,0.04635416666666667
conditional_vae,clean,family_0a0ff01b239a934a,family_reference_longest_normalized_span,0.05572916666666666
conditional_vae,unrelated_donor,family_0a0ff01b239a934a,family_reference_longest_normalized_span,0.053125
conditional_vae,same_family_donor,family_0a0ff01b239a934a,family_reference_longest_normalized_span,0.05885416666666667
conditional_vae,clean,family_6a42731481dda124,family_reference_longest_normalized_span,0.05520833333333333
conditional_vae,unrelated_donor,family_6a42731481dda124,family_reference_longest_normalized_span,0.08020833333333334
conditional_vae,same_family_donor,family_6a42731481dda124,family_reference_longest_normalized_span,0.05677083333333333
conditional_vae,clean,family_e4e4467ef74cc720,family_reference_longest_normalized_span,0.03229166666666666
conditional_vae,unrelated_donor,family_e4e4467ef74cc720,family_reference_longest_normalized_span,0.03125
conditional_vae,same_family_donor,family_e4e4467ef74cc720,family_reference_longest_normalized_span,0.0328125
conditional_vae,clean,family_b324bd83d2be3825,family_reference_longest_normalized_span,0.09322916666666665
conditional_vae,unrelated_donor,family_b324bd83d2be3825,family_reference_longest_normalized_span,0.090625
conditional_vae,same_family_donor,family_b324bd83d2be3825,family_reference_longest_normalized_span,0.09947916666666667
conditional_vae,clean,family_59add5a121b9a616,family_reference_longest_normalized_span,0.08749999999999998
conditional_vae,unrelated_donor,family_59add5a121b9a616,family_reference_longest_normalized_span,0.09270833333333334
conditional_vae,same_family_donor,family_59add5a121b9a616,family_reference_longest_normalized_span,0.08541666666666665
conditional_vae,clean,family_4da27be0a15493fc,family_reference_longest_normalized_span,0.05260416666666667
conditional_vae,unrelated_donor,family_4da27be0a15493fc,family_reference_longest_normalized_span,0.053125
conditional_vae,same_family_donor,family_4da27be0a15493fc,family_reference_longest_normalized_span,0.05104166666666667
conditional_vae,clean,family_0ecded087f80d73b,family_reference_longest_normalized_span,0.05937499999999999
conditional_vae,unrelated_donor,family_0ecded087f80d73b,family_reference_longest_normalized_span,0.05260416666666667
conditional_vae,same_family_donor,family_0ecded087f80d73b,family_reference_longest_normalized_span,0.05416666666666667
conditional_vae,clean,family_746d1e0c3274827f,family_reference_longest_normalized_span,0.11927083333333333
conditional_vae,unrelated_donor,family_746d1e0c3274827f,family_reference_longest_normalized_span,0.12135416666666667
conditional_vae,same_family_donor,family_746d1e0c3274827f,family_reference_longest_normalized_span,0.09791666666666667
conditional_vae,clean,family_6d17de7e325f25f8,family_reference_longest_normalized_span,0.07760416666666667
conditional_vae,unrelated_donor,family_6d17de7e325f25f8,family_reference_longest_normalized_span,0.08333333333333333
conditional_vae,same_family_donor,family_6d17de7e325f25f8,family_reference_longest_normalized_span,0.08177083333333333
conditional_vae,clean,family_67cf34a836b9cd6c,family_reference_longest_normalized_span,0.10625
conditional_vae,unrelated_donor,family_67cf34a836b9cd6c,family_reference_longest_normalized_span,0.09791666666666665
conditional_vae,same_family_donor,family_67cf34a836b9cd6c,family_reference_longest_normalized_span,0.090625
conditional_vae,clean,family_3bd7e5ca43f02666,family_reference_longest_normalized_span,0.134375
conditional_vae,unrelated_donor,family_3bd7e5ca43f02666,family_reference_longest_normalized_span,0.11614583333333334
conditional_vae,same_family_donor,family_3bd7e5ca43f02666,family_reference_longest_normalized_span,0.10625
conditional_vae,clean,family_e2c30beb0d4abeae,family_reference_longest_normalized_span,0.057291666666666664
conditional_vae,unrelated_donor,family_e2c30beb0d4abeae,family_reference_longest_normalized_span,0.05052083333333333
conditional_vae,same_family_donor,family_e2c30beb0d4abeae,family_reference_longest_normalized_span,0.052083333333333336
conditional_vae,clean,family_3fbe0e330aecdc00,family_reference_longest_normalized_span,0.033854166666666664
conditional_vae,unrelated_donor,family_3fbe0e330aecdc00,family_reference_longest_normalized_span,0.03958333333333333
conditional_vae,same_family_donor,family_3fbe0e330aecdc00,family_reference_longest_normalized_span,0.037500000000000006
conditional_vae,clean,family_83b27a32aa56f9dc,family_reference_longest_normalized_span,0.06979166666666667
conditional_vae,unrelated_donor,family_83b27a32aa56f9dc,family_reference_longest_normalized_span,0.07291666666666667
conditional_vae,same_family_donor,family_83b27a32aa56f9dc,family_reference_longest_normalized_span,0.07604166666666667
conditional_vae,clean,family_58c32a6b58cc329f,family_reference_longest_normalized_span,0.13958333333333336
conditional_vae,unrelated_donor,family_58c32a6b58cc329f,family_reference_longest_normalized_span,0.1203125
conditional_vae,same_family_donor,family_58c32a6b58cc329f,family_reference_longest_normalized_span,0.1265625
conditional_vae,clean,family_853b6705e7d7e7a9,family_reference_longest_normalized_span,0.0609375
conditional_vae,unrelated_donor,family_853b6705e7d7e7a9,family_reference_longest_normalized_span,0.06197916666666667
conditional_vae,same_family_donor,family_853b6705e7d7e7a9,family_reference_longest_normalized_span,0.0609375
conditional_vae,clean,family_5405158fe7a3977d,family_reference_longest_normalized_span,0.040625
conditional_vae,unrelated_donor,family_5405158fe7a3977d,family_reference_longest_normalized_span,0.04583333333333334
conditional_vae,same_family_donor,family_5405158fe7a3977d,family_reference_longest_normalized_span,0.03854166666666667
conditional_vae,clean,family_e0f7e5849dbe9388,family_reference_longest_normalized_span,0.090625
conditional_vae,unrelated_donor,family_e0f7e5849dbe9388,family_reference_longest_normalized_span,0.08177083333333333
conditional_vae,same_family_donor,family_e0f7e5849dbe9388,family_reference_longest_normalized_span,0.08958333333333333
conditional_vae,clean,family_6fbe37a0a6611f64,family_reference_longest_normalized_span,0.07604166666666666
conditional_vae,unrelated_donor,family_6fbe37a0a6611f64,family_reference_longest_normalized_span,0.071875
conditional_vae,same_family_donor,family_6fbe37a0a6611f64,family_reference_longest_normalized_span,0.07291666666666667
conditional_vae,clean,family_3835425eafb00035,family_reference_longest_normalized_span,0.0453125
conditional_vae,unrelated_donor,family_3835425eafb00035,family_reference_longest_normalized_span,0.0625
conditional_vae,same_family_donor,family_3835425eafb00035,family_reference_longest_normalized_span,0.05520833333333334
conditional_vae,clean,family_4f1b63b3eef9f7d0,family_reference_longest_normalized_span,0.05364583333333334
conditional_vae,unrelated_donor,family_4f1b63b3eef9f7d0,family_reference_longest_normalized_span,0.059895833333333336
conditional_vae,same_family_donor,family_4f1b63b3eef9f7d0,family_reference_longest_normalized_span,0.057812499999999996
conditional_vae,clean,family_8f08581ca21b6c6f,family_reference_longest_normalized_span,0.07083333333333335
conditional_vae,unrelated_donor,family_8f08581ca21b6c6f,family_reference_longest_normalized_span,0.05104166666666667
conditional_vae,same_family_donor,family_8f08581ca21b6c6f,family_reference_longest_normalized_span,0.059895833333333336
conditional_vae,clean,family_db6398f302f77cb4,family_reference_longest_normalized_span,0.09375
conditional_vae,unrelated_donor,family_db6398f302f77cb4,family_reference_longest_normalized_span,0.09739583333333333
conditional_vae,same_family_donor,family_db6398f302f77cb4,family_reference_longest_normalized_span,0.09114583333333333
conditional_vae,clean,family_aad2d66dec95dc7a,family_reference_longest_normalized_span,0.17708333333333334
conditional_vae,unrelated_donor,family_aad2d66dec95dc7a,family_reference_longest_normalized_span,0.1640625
conditional_vae,same_family_donor,family_aad2d66dec95dc7a,family_reference_longest_normalized_span,0.19114583333333335
conditional_vae,clean,family_04795413b15e0b98,family_reference_longest_normalized_span,0.09010416666666667
conditional_vae,unrelated_donor,family_04795413b15e0b98,family_reference_longest_normalized_span,0.08802083333333333
conditional_vae,same_family_donor,family_04795413b15e0b98,family_reference_longest_normalized_span,0.08072916666666667
conditional_vae,clean,family_d4c8efafc098f593,family_reference_longest_normalized_span,0.06979166666666665
conditional_vae,unrelated_donor,family_d4c8efafc098f593,family_reference_longest_normalized_span,0.06927083333333332
conditional_vae,same_family_donor,family_d4c8efafc098f593,family_reference_longest_normalized_span,0.07135416666666666
conditional_vae,clean,family_30fbd9977a220042,family_reference_longest_normalized_span,0.0984375
conditional_vae,unrelated_donor,family_30fbd9977a220042,family_reference_longest_normalized_span,0.09999999999999999
conditional_vae,same_family_donor,family_30fbd9977a220042,family_reference_longest_normalized_span,0.09531250000000001
conditional_vae,clean,family_2d3e3d92f30c4369,family_reference_longest_normalized_span,0.11822916666666666
conditional_vae,unrelated_donor,family_2d3e3d92f30c4369,family_reference_longest_normalized_span,0.11197916666666667
conditional_vae,same_family_donor,family_2d3e3d92f30c4369,family_reference_longest_normalized_span,0.11302083333333335
conditional_vae,clean,family_6342008bae187399,family_reference_longest_normalized_span,0.10520833333333333
conditional_vae,unrelated_donor,family_6342008bae187399,family_reference_longest_normalized_span,0.09999999999999999
conditional_vae,same_family_donor,family_6342008bae187399,family_reference_longest_normalized_span,0.11093749999999998
conditional_vae,clean,family_f60bd4cc83d02add,family_reference_longest_normalized_span,0.07708333333333334
conditional_vae,unrelated_donor,family_f60bd4cc83d02add,family_reference_longest_normalized_span,0.09322916666666665
conditional_vae,same_family_donor,family_f60bd4cc83d02add,family_reference_longest_normalized_span,0.08645833333333335
conditional_vae,clean,family_08157e0ead630e5c,family_reference_longest_normalized_span,0.10052083333333334
conditional_vae,unrelated_donor,family_08157e0ead630e5c,family_reference_longest_normalized_span,0.09635416666666667
conditional_vae,same_family_donor,family_08157e0ead630e5c,family_reference_longest_normalized_span,0.09791666666666665
conditional_vae,clean,family_0f71c7e0830e1d85,family_reference_longest_normalized_span,0.034374999999999996
conditional_vae,unrelated_donor,family_0f71c7e0830e1d85,family_reference_longest_normalized_span,0.0390625
conditional_vae,same_family_donor,family_0f71c7e0830e1d85,family_reference_longest_normalized_span,0.0390625
conditional_vae,clean,family_be459453ebdfa1da,family_reference_longest_normalized_span,0.052604166666666674
conditional_vae,unrelated_donor,family_be459453ebdfa1da,family_reference_longest_normalized_span,0.06197916666666666
conditional_vae,same_family_donor,family_be459453ebdfa1da,family_reference_longest_normalized_span,0.0546875
conditional_vae,clean,family_a534382ff42b71fb,family_reference_longest_normalized_span,0.07864583333333332
conditional_vae,unrelated_donor,family_a534382ff42b71fb,family_reference_longest_normalized_span,0.08645833333333335
conditional_vae,same_family_donor,family_a534382ff42b71fb,family_reference_longest_normalized_span,0.08437499999999999
conditional_vae,clean,family_e97b637c75aac2b5,family_reference_longest_normalized_span,0.05677083333333333
conditional_vae,unrelated_donor,family_e97b637c75aac2b5,family_reference_longest_normalized_span,0.04739583333333333
conditional_vae,same_family_donor,family_e97b637c75aac2b5,family_reference_longest_normalized_span,0.05364583333333334
conditional_vae,clean,family_f0c0dd7c2f3b6a3f,family_reference_longest_normalized_span,0.10104166666666665
conditional_vae,unrelated_donor,family_f0c0dd7c2f3b6a3f,family_reference_longest_normalized_span,0.11093750000000001
conditional_vae,same_family_donor,family_f0c0dd7c2f3b6a3f,family_reference_longest_normalized_span,0.10312500000000001
conditional_vae,clean,family_c3ae851031cec2bb,family_reference_longest_normalized_span,0.07291666666666667
conditional_vae,unrelated_donor,family_c3ae851031cec2bb,family_reference_longest_normalized_span,0.059895833333333336
conditional_vae,same_family_donor,family_c3ae851031cec2bb,family_reference_longest_normalized_span,0.057291666666666664
conditional_vae,clean,family_d0b38ee50d018148,family_reference_longest_normalized_span,0.059375000000000004
conditional_vae,unrelated_donor,family_d0b38ee50d018148,family_reference_longest_normalized_span,0.06197916666666666
conditional_vae,same_family_donor,family_d0b38ee50d018148,family_reference_longest_normalized_span,0.06197916666666667
conditional_vae,clean,family_c64269798048b60f,family_reference_longest_normalized_span,0.09635416666666667
conditional_vae,unrelated_donor,family_c64269798048b60f,family_reference_longest_normalized_span,0.10312500000000001
conditional_vae,same_family_donor,family_c64269798048b60f,family_reference_longest_normalized_span,0.09531250000000001
conditional_vae,clean,family_1cfa4116628ae42e,family_reference_longest_normalized_span,0.03697916666666667
conditional_vae,unrelated_donor,family_1cfa4116628ae42e,family_reference_longest_normalized_span,0.03854166666666667
conditional_vae,same_family_donor,family_1cfa4116628ae42e,family_reference_longest_normalized_span,0.04010416666666667
conditional_vae,clean,family_101bf32d18499c7d,family_reference_longest_normalized_span,0.08750000000000001
conditional_vae,unrelated_donor,family_101bf32d18499c7d,family_reference_longest_normalized_span,0.08437499999999999
conditional_vae,same_family_donor,family_101bf32d18499c7d,family_reference_longest_normalized_span,0.078125
conditional_vae,clean,family_52885ec61f0240b9,family_reference_longest_normalized_span,0.08749999999999998
conditional_vae,unrelated_donor,family_52885ec61f0240b9,family_reference_longest_normalized_span,0.10833333333333332
conditional_vae,same_family_donor,family_52885ec61f0240b9,family_reference_longest_normalized_span,0.11874999999999998
conditional_vae,clean,family_8661140073b6a2ab,family_reference_longest_normalized_span,0.043750000000000004
conditional_vae,unrelated_donor,family_8661140073b6a2ab,family_reference_longest_normalized_span,0.0375
conditional_vae,same_family_donor,family_8661140073b6a2ab,family_reference_longest_normalized_span,0.035416666666666666
conditional_vae,clean,family_eacebc389812585f,family_reference_longest_normalized_span,0.05677083333333333
conditional_vae,unrelated_donor,family_eacebc389812585f,family_reference_longest_normalized_span,0.059895833333333336
conditional_vae,same_family_donor,family_eacebc389812585f,family_reference_longest_normalized_span,0.0609375
conditional_vae,clean,family_23e85181dd747797,family_reference_longest_normalized_span,0.06822916666666667
conditional_vae,unrelated_donor,family_23e85181dd747797,family_reference_longest_normalized_span,0.06666666666666667
conditional_vae,same_family_donor,family_23e85181dd747797,family_reference_longest_normalized_span,0.07968750000000001
conditional_vae,clean,family_e3c89d0945320ec5,family_reference_Copy_at_tau,0.26666666666666666
conditional_vae,unrelated_donor,family_e3c89d0945320ec5,family_reference_Copy_at_tau,0.26666666666666666
conditional_vae,same_family_donor,family_e3c89d0945320ec5,family_reference_Copy_at_tau,0.26666666666666666
conditional_vae,clean,family_5facacfb4d33d062,family_reference_Copy_at_tau,0.9333333333333332
conditional_vae,unrelated_donor,family_5facacfb4d33d062,family_reference_Copy_at_tau,0.8666666666666667
conditional_vae,same_family_donor,family_5facacfb4d33d062,family_reference_Copy_at_tau,0.8000000000000002
conditional_vae,clean,family_15b8f6d235825863,family_reference_Copy_at_tau,0.7999999999999999
conditional_vae,unrelated_donor,family_15b8f6d235825863,family_reference_Copy_at_tau,0.8666666666666667
conditional_vae,same_family_donor,family_15b8f6d235825863,family_reference_Copy_at_tau,0.8666666666666667
conditional_vae,clean,family_78031f033e192cce,family_reference_Copy_at_tau,1.0
conditional_vae,unrelated_donor,family_78031f033e192cce,family_reference_Copy_at_tau,1.0
conditional_vae,same_family_donor,family_78031f033e192cce,family_reference_Copy_at_tau,0.9333333333333332
conditional_vae,clean,family_debbecc1e7f77f3e,family_reference_Copy_at_tau,1.0
conditional_vae,unrelated_donor,family_debbecc1e7f77f3e,family_reference_Copy_at_tau,1.0
conditional_vae,same_family_donor,family_debbecc1e7f77f3e,family_reference_Copy_at_tau,1.0
conditional_vae,clean,family_5d6a15b20dff7233,family_reference_Copy_at_tau,1.0
conditional_vae,unrelated_donor,family_5d6a15b20dff7233,family_reference_Copy_at_tau,0.9333333333333332
conditional_vae,same_family_donor,family_5d6a15b20dff7233,family_reference_Copy_at_tau,0.9333333333333332
conditional_vae,clean,family_58a5b18cf3751bf1,family_reference_Copy_at_tau,0.9333333333333332
conditional_vae,unrelated_donor,family_58a5b18cf3751bf1,family_reference_Copy_at_tau,1.0
conditional_vae,same_family_donor,family_58a5b18cf3751bf1,family_reference_Copy_at_tau,1.0
conditional_vae,clean,family_da2cbb03fa208ffc,family_reference_Copy_at_tau,0.13333333333333333
conditional_vae,unrelated_donor,family_da2cbb03fa208ffc,family_reference_Copy_at_tau,0.39999999999999997
conditional_vae,same_family_donor,family_da2cbb03fa208ffc,family_reference_Copy_at_tau,0.5333333333333333
conditional_vae,clean,family_b3ba3218de08f591,family_reference_Copy_at_tau,1.0
conditional_vae,unrelated_donor,family_b3ba3218de08f591,family_reference_Copy_at_tau,1.0
conditional_vae,same_family_donor,family_b3ba3218de08f591,family_reference_Copy_at_tau,1.0
conditional_vae,clean,family_9edbfcdbf27d8472,family_reference_Copy_at_tau,0.8666666666666667
conditional_vae,unrelated_donor,family_9edbfcdbf27d8472,family_reference_Copy_at_tau,0.9333333333333332
conditional_vae,same_family_donor,family_9edbfcdbf27d8472,family_reference_Copy_at_tau,0.9333333333333332
conditional_vae,clean,family_76f3986b08ecfc19,family_reference_Copy_at_tau,0.9333333333333332
conditional_vae,unrelated_donor,family_76f3986b08ecfc19,family_reference_Copy_at_tau,1.0
conditional_vae,same_family_donor,family_76f3986b08ecfc19,family_reference_Copy_at_tau,1.0
conditional_vae,clean,family_5aaa5f6f546aa704,family_reference_Copy_at_tau,0.7333333333333334
conditional_vae,unrelated_donor,family_5aaa5f6f546aa704,family_reference_Copy_at_tau,0.46666666666666673
conditional_vae,same_family_donor,family_5aaa5f6f546aa704,family_reference_Copy_at_tau,0.8666666666666667
conditional_vae,clean,family_38ddaabf01adae92,family_reference_Copy_at_tau,0.9333333333333332
conditional_vae,unrelated_donor,family_38ddaabf01adae92,family_reference_Copy_at_tau,0.9333333333333332
conditional_vae,same_family_donor,family_38ddaabf01adae92,family_reference_Copy_at_tau,1.0
conditional_vae,clean,family_5cc4efa05e4dc250,family_reference_Copy_at_tau,0.06666666666666667
conditional_vae,unrelated_donor,family_5cc4efa05e4dc250,family_reference_Copy_at_tau,0.0
conditional_vae,same_family_donor,family_5cc4efa05e4dc250,family_reference_Copy_at_tau,0.0
conditional_vae,clean,family_3db848c291e71542,family_reference_Copy_at_tau,0.8666666666666667
conditional_vae,unrelated_donor,family_3db848c291e71542,family_reference_Copy_at_tau,1.0
conditional_vae,same_family_donor,family_3db848c291e71542,family_reference_Copy_at_tau,1.0
conditional_vae,clean,family_4731a6d05dff34ce,family_reference_Copy_at_tau,0.5333333333333333
conditional_vae,unrelated_donor,family_4731a6d05dff34ce,family_reference_Copy_at_tau,0.8666666666666667
conditional_vae,same_family_donor,family_4731a6d05dff34ce,family_reference_Copy_at_tau,0.7333333333333334
conditional_vae,clean,family_1a8ff9e18d3eabea,family_reference_Copy_at_tau,0.9333333333333332
conditional_vae,unrelated_donor,family_1a8ff9e18d3eabea,family_reference_Copy_at_tau,1.0
conditional_vae,same_family_donor,family_1a8ff9e18d3eabea,family_reference_Copy_at_tau,0.9333333333333332
conditional_vae,clean,family_774f10d6c3d75980,family_reference_Copy_at_tau,1.0
conditional_vae,unrelated_donor,family_774f10d6c3d75980,family_reference_Copy_at_tau,1.0
conditional_vae,same_family_donor,family_774f10d6c3d75980,family_reference_Copy_at_tau,0.9333333333333332
conditional_vae,clean,family_7a300c986fbfa9f2,family_reference_Copy_at_tau,0.6666666666666666
conditional_vae,unrelated_donor,family_7a300c986fbfa9f2,family_reference_Copy_at_tau,0.7333333333333334
conditional_vae,same_family_donor,family_7a300c986fbfa9f2,family_reference_Copy_at_tau,0.6666666666666666
conditional_vae,clean,family_d1a92696717aa9c2,family_reference_Copy_at_tau,1.0
conditional_vae,unrelated_donor,family_d1a92696717aa9c2,family_reference_Copy_at_tau,1.0
conditional_vae,same_family_donor,family_d1a92696717aa9c2,family_reference_Copy_at_tau,0.9333333333333332
conditional_vae,clean,family_2fe71bb032cb85fe,family_reference_Copy_at_tau,0.7333333333333334
conditional_vae,unrelated_donor,family_2fe71bb032cb85fe,family_reference_Copy_at_tau,0.6666666666666666
conditional_vae,same_family_donor,family_2fe71bb032cb85fe,family_reference_Copy_at_tau,0.9333333333333332
conditional_vae,clean,family_348b29b5f47eda18,family_reference_Copy_at_tau,0.8666666666666667
conditional_vae,unrelated_donor,family_348b29b5f47eda18,family_reference_Copy_at_tau,0.7333333333333334
conditional_vae,same_family_donor,family_348b29b5f47eda18,family_reference_Copy_at_tau,1.0
conditional_vae,clean,family_fa3341292470541d,family_reference_Copy_at_tau,0.9333333333333332
conditional_vae,unrelated_donor,family_fa3341292470541d,family_reference_Copy_at_tau,1.0
conditional_vae,same_family_donor,family_fa3341292470541d,family_reference_Copy_at_tau,0.9333333333333332
conditional_vae,clean,family_f99e7467cfd91d72,family_reference_Copy_at_tau,0.3333333333333333
conditional_vae,unrelated_donor,family_f99e7467cfd91d72,family_reference_Copy_at_tau,0.06666666666666667
conditional_vae,same_family_donor,family_f99e7467cfd91d72,family_reference_Copy_at_tau,0.13333333333333333
conditional_vae,clean,family_776fb0c74fb6af96,family_reference_Copy_at_tau,1.0
conditional_vae,unrelated_donor,family_776fb0c74fb6af96,family_reference_Copy_at_tau,1.0
conditional_vae,same_family_donor,family_776fb0c74fb6af96,family_reference_Copy_at_tau,1.0
conditional_vae,clean,family_56b1bf9100abf79a,family_reference_Copy_at_tau,1.0
conditional_vae,unrelated_donor,family_56b1bf9100abf79a,family_reference_Copy_at_tau,0.9333333333333332
conditional_vae,same_family_donor,family_56b1bf9100abf79a,family_reference_Copy_at_tau,1.0
conditional_vae,clean,family_f53ae103dc0def58,family_reference_Copy_at_tau,0.7333333333333334
conditional_vae,unrelated_donor,family_f53ae103dc0def58,family_reference_Copy_at_tau,0.5333333333333333
conditional_vae,same_family_donor,family_f53ae103dc0def58,family_reference_Copy_at_tau,0.8000000000000002
conditional_vae,clean,family_c2d4ffa1539bdafe,family_reference_Copy_at_tau,0.8666666666666667
conditional_vae,unrelated_donor,family_c2d4ffa1539bdafe,family_reference_Copy_at_tau,1.0
conditional_vae,same_family_donor,family_c2d4ffa1539bdafe,family_reference_Copy_at_tau,0.9333333333333332
conditional_vae,clean,family_328dc279bafe7f69,family_reference_Copy_at_tau,0.8666666666666667
conditional_vae,unrelated_donor,family_328dc279bafe7f69,family_reference_Copy_at_tau,0.7999999999999999
conditional_vae,same_family_donor,family_328dc279bafe7f69,family_reference_Copy_at_tau,0.9333333333333332
conditional_vae,clean,family_de67cf52f9a2ce89,family_reference_Copy_at_tau,0.3333333333333333
conditional_vae,unrelated_donor,family_de67cf52f9a2ce89,family_reference_Copy_at_tau,0.20000000000000004
conditional_vae,same_family_donor,family_de67cf52f9a2ce89,family_reference_Copy_at_tau,0.06666666666666667
conditional_vae,clean,family_581cf690b70ed77f,family_reference_Copy_at_tau,1.0
conditional_vae,unrelated_donor,family_581cf690b70ed77f,family_reference_Copy_at_tau,0.9333333333333332
conditional_vae,same_family_donor,family_581cf690b70ed77f,family_reference_Copy_at_tau,1.0
conditional_vae,clean,family_5ebcadebe538bd59,family_reference_Copy_at_tau,0.0
conditional_vae,unrelated_donor,family_5ebcadebe538bd59,family_reference_Copy_at_tau,0.0
conditional_vae,same_family_donor,family_5ebcadebe538bd59,family_reference_Copy_at_tau,0.06666666666666667
conditional_vae,clean,family_5fe0b889b5279fed,family_reference_Copy_at_tau,1.0
conditional_vae,unrelated_donor,family_5fe0b889b5279fed,family_reference_Copy_at_tau,1.0
conditional_vae,same_family_donor,family_5fe0b889b5279fed,family_reference_Copy_at_tau,1.0
conditional_vae,clean,family_8aff46e64d1c8360,family_reference_Copy_at_tau,1.0
conditional_vae,unrelated_donor,family_8aff46e64d1c8360,family_reference_Copy_at_tau,0.9333333333333332
conditional_vae,same_family_donor,family_8aff46e64d1c8360,family_reference_Copy_at_tau,1.0
conditional_vae,clean,family_c3abd4306e03adf2,family_reference_Copy_at_tau,0.9333333333333332
conditional_vae,unrelated_donor,family_c3abd4306e03adf2,family_reference_Copy_at_tau,1.0
conditional_vae,same_family_donor,family_c3abd4306e03adf2,family_reference_Copy_at_tau,1.0
conditional_vae,clean,family_f77d449f1658a159,family_reference_Copy_at_tau,0.5333333333333333
conditional_vae,unrelated_donor,family_f77d449f1658a159,family_reference_Copy_at_tau,0.5333333333333333
conditional_vae,same_family_donor,family_f77d449f1658a159,family_reference_Copy_at_tau,0.4000000000000001
conditional_vae,clean,family_121eefce620403f7,family_reference_Copy_at_tau,1.0
conditional_vae,unrelated_donor,family_121eefce620403f7,family_reference_Copy_at_tau,1.0
conditional_vae,same_family_donor,family_121eefce620403f7,family_reference_Copy_at_tau,1.0
conditional_vae,clean,family_439fc19617b55d44,family_reference_Copy_at_tau,0.8666666666666667
conditional_vae,unrelated_donor,family_439fc19617b55d44,family_reference_Copy_at_tau,1.0
conditional_vae,same_family_donor,family_439fc19617b55d44,family_reference_Copy_at_tau,0.9333333333333332
conditional_vae,clean,family_7b8c8789f38183da,family_reference_Copy_at_tau,0.26666666666666666
conditional_vae,unrelated_donor,family_7b8c8789f38183da,family_reference_Copy_at_tau,0.06666666666666667
conditional_vae,same_family_donor,family_7b8c8789f38183da,family_reference_Copy_at_tau,0.13333333333333333
conditional_vae,clean,family_7c104874587dddcc,family_reference_Copy_at_tau,0.8666666666666667
conditional_vae,unrelated_donor,family_7c104874587dddcc,family_reference_Copy_at_tau,0.8666666666666667
conditional_vae,same_family_donor,family_7c104874587dddcc,family_reference_Copy_at_tau,0.9333333333333332
conditional_vae,clean,family_2eec85a0fe915e64,family_reference_Copy_at_tau,0.7333333333333334
conditional_vae,unrelated_donor,family_2eec85a0fe915e64,family_reference_Copy_at_tau,0.6666666666666666
conditional_vae,same_family_donor,family_2eec85a0fe915e64,family_reference_Copy_at_tau,0.9333333333333332
conditional_vae,clean,family_ac0566dd944bc201,family_reference_Copy_at_tau,0.9333333333333332
conditional_vae,unrelated_donor,family_ac0566dd944bc201,family_reference_Copy_at_tau,1.0
conditional_vae,same_family_donor,family_ac0566dd944bc201,family_reference_Copy_at_tau,0.8666666666666667
conditional_vae,clean,family_fe2836cc1cef695c,family_reference_Copy_at_tau,1.0
conditional_vae,unrelated_donor,family_fe2836cc1cef695c,family_reference_Copy_at_tau,0.8666666666666667
conditional_vae,same_family_donor,family_fe2836cc1cef695c,family_reference_Copy_at_tau,0.8666666666666667
conditional_vae,clean,family_a03ac5414952d229,family_reference_Copy_at_tau,1.0
conditional_vae,unrelated_donor,family_a03ac5414952d229,family_reference_Copy_at_tau,1.0
conditional_vae,same_family_donor,family_a03ac5414952d229,family_reference_Copy_at_tau,1.0
conditional_vae,clean,family_9ccd2f467361ebab,family_reference_Copy_at_tau,1.0
conditional_vae,unrelated_donor,family_9ccd2f467361ebab,family_reference_Copy_at_tau,1.0
conditional_vae,same_family_donor,family_9ccd2f467361ebab,family_reference_Copy_at_tau,1.0
conditional_vae,clean,family_6f0024d47bda9a44,family_reference_Copy_at_tau,0.8000000000000002
conditional_vae,unrelated_donor,family_6f0024d47bda9a44,family_reference_Copy_at_tau,0.5333333333333333
conditional_vae,same_family_donor,family_6f0024d47bda9a44,family_reference_Copy_at_tau,0.6
conditional_vae,clean,family_b88eee6ecd7ef6bc,family_reference_Copy_at_tau,0.8000000000000002
conditional_vae,unrelated_donor,family_b88eee6ecd7ef6bc,family_reference_Copy_at_tau,0.8000000000000002
conditional_vae,same_family_donor,family_b88eee6ecd7ef6bc,family_reference_Copy_at_tau,0.7333333333333334
conditional_vae,clean,family_3dffb074803c8f80,family_reference_Copy_at_tau,0.9333333333333332
conditional_vae,unrelated_donor,family_3dffb074803c8f80,family_reference_Copy_at_tau,1.0
conditional_vae,same_family_donor,family_3dffb074803c8f80,family_reference_Copy_at_tau,0.9333333333333332
conditional_vae,clean,family_39849966d6043c11,family_reference_Copy_at_tau,0.4666666666666666
conditional_vae,unrelated_donor,family_39849966d6043c11,family_reference_Copy_at_tau,0.6
conditional_vae,same_family_donor,family_39849966d6043c11,family_reference_Copy_at_tau,0.5333333333333333
conditional_vae,clean,family_f19aa9a5e722eb61,family_reference_Copy_at_tau,1.0
conditional_vae,unrelated_donor,family_f19aa9a5e722eb61,family_reference_Copy_at_tau,1.0
conditional_vae,same_family_donor,family_f19aa9a5e722eb61,family_reference_Copy_at_tau,1.0
conditional_vae,clean,family_a95aeca85317a04d,family_reference_Copy_at_tau,0.8000000000000002
conditional_vae,unrelated_donor,family_a95aeca85317a04d,family_reference_Copy_at_tau,0.8666666666666667
conditional_vae,same_family_donor,family_a95aeca85317a04d,family_reference_Copy_at_tau,0.8666666666666667
conditional_vae,clean,family_39f58e2fd604c61e,family_reference_Copy_at_tau,0.13333333333333333
conditional_vae,unrelated_donor,family_39f58e2fd604c61e,family_reference_Copy_at_tau,0.13333333333333333
conditional_vae,same_family_donor,family_39f58e2fd604c61e,family_reference_Copy_at_tau,0.0
conditional_vae,clean,family_af212e596b07120e,family_reference_Copy_at_tau,1.0
conditional_vae,unrelated_donor,family_af212e596b07120e,family_reference_Copy_at_tau,1.0
conditional_vae,same_family_donor,family_af212e596b07120e,family_reference_Copy_at_tau,1.0
conditional_vae,clean,family_961cefc620e3d5ab,family_reference_Copy_at_tau,1.0
conditional_vae,unrelated_donor,family_961cefc620e3d5ab,family_reference_Copy_at_tau,1.0
conditional_vae,same_family_donor,family_961cefc620e3d5ab,family_reference_Copy_at_tau,0.9333333333333332
conditional_vae,clean,family_2dbafe5054d4bee7,family_reference_Copy_at_tau,0.4666666666666666
conditional_vae,unrelated_donor,family_2dbafe5054d4bee7,family_reference_Copy_at_tau,0.4000000000000001
conditional_vae,same_family_donor,family_2dbafe5054d4bee7,family_reference_Copy_at_tau,0.26666666666666666
conditional_vae,clean,family_0a0ff01b239a934a,family_reference_Copy_at_tau,0.6
conditional_vae,unrelated_donor,family_0a0ff01b239a934a,family_reference_Copy_at_tau,0.7333333333333334
conditional_vae,same_family_donor,family_0a0ff01b239a934a,family_reference_Copy_at_tau,0.7333333333333334
conditional_vae,clean,family_6a42731481dda124,family_reference_Copy_at_tau,0.6000000000000001
conditional_vae,unrelated_donor,family_6a42731481dda124,family_reference_Copy_at_tau,0.8666666666666667
conditional_vae,same_family_donor,family_6a42731481dda124,family_reference_Copy_at_tau,0.5333333333333333
conditional_vae,clean,family_e4e4467ef74cc720,family_reference_Copy_at_tau,0.0
conditional_vae,unrelated_donor,family_e4e4467ef74cc720,family_reference_Copy_at_tau,0.0
conditional_vae,same_family_donor,family_e4e4467ef74cc720,family_reference_Copy_at_tau,0.06666666666666667
conditional_vae,clean,family_b324bd83d2be3825,family_reference_Copy_at_tau,1.0
conditional_vae,unrelated_donor,family_b324bd83d2be3825,family_reference_Copy_at_tau,1.0
conditional_vae,same_family_donor,family_b324bd83d2be3825,family_reference_Copy_at_tau,1.0
conditional_vae,clean,family_59add5a121b9a616,family_reference_Copy_at_tau,1.0
conditional_vae,unrelated_donor,family_59add5a121b9a616,family_reference_Copy_at_tau,1.0
conditional_vae,same_family_donor,family_59add5a121b9a616,family_reference_Copy_at_tau,1.0
conditional_vae,clean,family_4da27be0a15493fc,family_reference_Copy_at_tau,0.7333333333333334
conditional_vae,unrelated_donor,family_4da27be0a15493fc,family_reference_Copy_at_tau,0.7999999999999999
conditional_vae,same_family_donor,family_4da27be0a15493fc,family_reference_Copy_at_tau,0.8000000000000002
conditional_vae,clean,family_0ecded087f80d73b,family_reference_Copy_at_tau,1.0
conditional_vae,unrelated_donor,family_0ecded087f80d73b,family_reference_Copy_at_tau,0.9333333333333332
conditional_vae,same_family_donor,family_0ecded087f80d73b,family_reference_Copy_at_tau,1.0
conditional_vae,clean,family_746d1e0c3274827f,family_reference_Copy_at_tau,1.0
conditional_vae,unrelated_donor,family_746d1e0c3274827f,family_reference_Copy_at_tau,1.0
conditional_vae,same_family_donor,family_746d1e0c3274827f,family_reference_Copy_at_tau,0.9333333333333332
conditional_vae,clean,family_6d17de7e325f25f8,family_reference_Copy_at_tau,1.0
conditional_vae,unrelated_donor,family_6d17de7e325f25f8,family_reference_Copy_at_tau,0.8666666666666667
conditional_vae,same_family_donor,family_6d17de7e325f25f8,family_reference_Copy_at_tau,0.9333333333333332
conditional_vae,clean,family_67cf34a836b9cd6c,family_reference_Copy_at_tau,1.0
conditional_vae,unrelated_donor,family_67cf34a836b9cd6c,family_reference_Copy_at_tau,1.0
conditional_vae,same_family_donor,family_67cf34a836b9cd6c,family_reference_Copy_at_tau,1.0
conditional_vae,clean,family_3bd7e5ca43f02666,family_reference_Copy_at_tau,0.8000000000000002
conditional_vae,unrelated_donor,family_3bd7e5ca43f02666,family_reference_Copy_at_tau,0.9333333333333332
conditional_vae,same_family_donor,family_3bd7e5ca43f02666,family_reference_Copy_at_tau,0.7333333333333334
conditional_vae,clean,family_e2c30beb0d4abeae,family_reference_Copy_at_tau,0.9333333333333332
conditional_vae,unrelated_donor,family_e2c30beb0d4abeae,family_reference_Copy_at_tau,0.7333333333333334
conditional_vae,same_family_donor,family_e2c30beb0d4abeae,family_reference_Copy_at_tau,0.8666666666666667
conditional_vae,clean,family_3fbe0e330aecdc00,family_reference_Copy_at_tau,0.06666666666666667
conditional_vae,unrelated_donor,family_3fbe0e330aecdc00,family_reference_Copy_at_tau,0.20000000000000004
conditional_vae,same_family_donor,family_3fbe0e330aecdc00,family_reference_Copy_at_tau,0.20000000000000004
conditional_vae,clean,family_83b27a32aa56f9dc,family_reference_Copy_at_tau,1.0
conditional_vae,unrelated_donor,family_83b27a32aa56f9dc,family_reference_Copy_at_tau,1.0
conditional_vae,same_family_donor,family_83b27a32aa56f9dc,family_reference_Copy_at_tau,1.0
conditional_vae,clean,family_58c32a6b58cc329f,family_reference_Copy_at_tau,1.0
conditional_vae,unrelated_donor,family_58c32a6b58cc329f,family_reference_Copy_at_tau,1.0
conditional_vae,same_family_donor,family_58c32a6b58cc329f,family_reference_Copy_at_tau,1.0
conditional_vae,clean,family_853b6705e7d7e7a9,family_reference_Copy_at_tau,0.8000000000000002
conditional_vae,unrelated_donor,family_853b6705e7d7e7a9,family_reference_Copy_at_tau,1.0
conditional_vae,same_family_donor,family_853b6705e7d7e7a9,family_reference_Copy_at_tau,0.9333333333333332
conditional_vae,clean,family_5405158fe7a3977d,family_reference_Copy_at_tau,0.4000000000000001
conditional_vae,unrelated_donor,family_5405158fe7a3977d,family_reference_Copy_at_tau,0.6
conditional_vae,same_family_donor,family_5405158fe7a3977d,family_reference_Copy_at_tau,0.26666666666666666
conditional_vae,clean,family_e0f7e5849dbe9388,family_reference_Copy_at_tau,1.0
conditional_vae,unrelated_donor,family_e0f7e5849dbe9388,family_reference_Copy_at_tau,1.0
conditional_vae,same_family_donor,family_e0f7e5849dbe9388,family_reference_Copy_at_tau,1.0
conditional_vae,clean,family_6fbe37a0a6611f64,family_reference_Copy_at_tau,1.0
conditional_vae,unrelated_donor,family_6fbe37a0a6611f64,family_reference_Copy_at_tau,0.9333333333333332
conditional_vae,same_family_donor,family_6fbe37a0a6611f64,family_reference_Copy_at_tau,0.9333333333333332
conditional_vae,clean,family_3835425eafb00035,family_reference_Copy_at_tau,0.3333333333333333
conditional_vae,unrelated_donor,family_3835425eafb00035,family_reference_Copy_at_tau,0.6666666666666666
conditional_vae,same_family_donor,family_3835425eafb00035,family_reference_Copy_at_tau,0.6666666666666666
conditional_vae,clean,family_4f1b63b3eef9f7d0,family_reference_Copy_at_tau,0.8000000000000002
conditional_vae,unrelated_donor,family_4f1b63b3eef9f7d0,family_reference_Copy_at_tau,0.7999999999999999
conditional_vae,same_family_donor,family_4f1b63b3eef9f7d0,family_reference_Copy_at_tau,0.9333333333333332
conditional_vae,clean,family_8f08581ca21b6c6f,family_reference_Copy_at_tau,0.5333333333333333
conditional_vae,unrelated_donor,family_8f08581ca21b6c6f,family_reference_Copy_at_tau,0.39999999999999997
conditional_vae,same_family_donor,family_8f08581ca21b6c6f,family_reference_Copy_at_tau,0.4000000000000001
conditional_vae,clean,family_db6398f302f77cb4,family_reference_Copy_at_tau,0.9333333333333332
conditional_vae,unrelated_donor,family_db6398f302f77cb4,family_reference_Copy_at_tau,1.0
conditional_vae,same_family_donor,family_db6398f302f77cb4,family_reference_Copy_at_tau,0.9333333333333332
conditional_vae,clean,family_aad2d66dec95dc7a,family_reference_Copy_at_tau,1.0
conditional_vae,unrelated_donor,family_aad2d66dec95dc7a,family_reference_Copy_at_tau,0.8666666666666667
conditional_vae,same_family_donor,family_aad2d66dec95dc7a,family_reference_Copy_at_tau,1.0
conditional_vae,clean,family_04795413b15e0b98,family_reference_Copy_at_tau,0.9333333333333332
conditional_vae,unrelated_donor,family_04795413b15e0b98,family_reference_Copy_at_tau,0.7999999999999999
conditional_vae,same_family_donor,family_04795413b15e0b98,family_reference_Copy_at_tau,0.9333333333333332
conditional_vae,clean,family_d4c8efafc098f593,family_reference_Copy_at_tau,1.0
conditional_vae,unrelated_donor,family_d4c8efafc098f593,family_reference_Copy_at_tau,1.0
conditional_vae,same_family_donor,family_d4c8efafc098f593,family_reference_Copy_at_tau,1.0
conditional_vae,clean,family_30fbd9977a220042,family_reference_Copy_at_tau,1.0
conditional_vae,unrelated_donor,family_30fbd9977a220042,family_reference_Copy_at_tau,1.0
conditional_vae,same_family_donor,family_30fbd9977a220042,family_reference_Copy_at_tau,1.0
conditional_vae,clean,family_2d3e3d92f30c4369,family_reference_Copy_at_tau,1.0
conditional_vae,unrelated_donor,family_2d3e3d92f30c4369,family_reference_Copy_at_tau,1.0
conditional_vae,same_family_donor,family_2d3e3d92f30c4369,family_reference_Copy_at_tau,1.0
conditional_vae,clean,family_6342008bae187399,family_reference_Copy_at_tau,1.0
conditional_vae,unrelated_donor,family_6342008bae187399,family_reference_Copy_at_tau,1.0
conditional_vae,same_family_donor,family_6342008bae187399,family_reference_Copy_at_tau,1.0
conditional_vae,clean,family_f60bd4cc83d02add,family_reference_Copy_at_tau,1.0
conditional_vae,unrelated_donor,family_f60bd4cc83d02add,family_reference_Copy_at_tau,1.0
conditional_vae,same_family_donor,family_f60bd4cc83d02add,family_reference_Copy_at_tau,1.0
conditional_vae,clean,family_08157e0ead630e5c,family_reference_Copy_at_tau,1.0
conditional_vae,unrelated_donor,family_08157e0ead630e5c,family_reference_Copy_at_tau,0.9333333333333332
conditional_vae,same_family_donor,family_08157e0ead630e5c,family_reference_Copy_at_tau,0.9333333333333332
conditional_vae,clean,family_0f71c7e0830e1d85,family_reference_Copy_at_tau,0.13333333333333333
conditional_vae,unrelated_donor,family_0f71c7e0830e1d85,family_reference_Copy_at_tau,0.20000000000000004
conditional_vae,same_family_donor,family_0f71c7e0830e1d85,family_reference_Copy_at_tau,0.19999999999999998
conditional_vae,clean,family_be459453ebdfa1da,family_reference_Copy_at_tau,0.6
conditional_vae,unrelated_donor,family_be459453ebdfa1da,family_reference_Copy_at_tau,0.8666666666666667
conditional_vae,same_family_donor,family_be459453ebdfa1da,family_reference_Copy_at_tau,0.6
conditional_vae,clean,family_a534382ff42b71fb,family_reference_Copy_at_tau,0.7999999999999999
conditional_vae,unrelated_donor,family_a534382ff42b71fb,family_reference_Copy_at_tau,0.9333333333333332
conditional_vae,same_family_donor,family_a534382ff42b71fb,family_reference_Copy_at_tau,0.9333333333333332
conditional_vae,clean,family_e97b637c75aac2b5,family_reference_Copy_at_tau,0.5333333333333333
conditional_vae,unrelated_donor,family_e97b637c75aac2b5,family_reference_Copy_at_tau,0.5333333333333333
conditional_vae,same_family_donor,family_e97b637c75aac2b5,family_reference_Copy_at_tau,0.7333333333333334
conditional_vae,clean,family_f0c0dd7c2f3b6a3f,family_reference_Copy_at_tau,1.0
conditional_vae,unrelated_donor,family_f0c0dd7c2f3b6a3f,family_reference_Copy_at_tau,1.0
conditional_vae,same_family_donor,family_f0c0dd7c2f3b6a3f,family_reference_Copy_at_tau,1.0
conditional_vae,clean,family_c3ae851031cec2bb,family_reference_Copy_at_tau,0.7333333333333334
conditional_vae,unrelated_donor,family_c3ae851031cec2bb,family_reference_Copy_at_tau,0.6666666666666666
conditional_vae,same_family_donor,family_c3ae851031cec2bb,family_reference_Copy_at_tau,0.7333333333333334
conditional_vae,clean,family_d0b38ee50d018148,family_reference_Copy_at_tau,0.6666666666666666
conditional_vae,unrelated_donor,family_d0b38ee50d018148,family_reference_Copy_at_tau,0.7999999999999999
conditional_vae,same_family_donor,family_d0b38ee50d018148,family_reference_Copy_at_tau,0.7999999999999999
conditional_vae,clean,family_c64269798048b60f,family_reference_Copy_at_tau,1.0
conditional_vae,unrelated_donor,family_c64269798048b60f,family_reference_Copy_at_tau,1.0
conditional_vae,same_family_donor,family_c64269798048b60f,family_reference_Copy_at_tau,1.0
conditional_vae,clean,family_1cfa4116628ae42e,family_reference_Copy_at_tau,0.13333333333333333
conditional_vae,unrelated_donor,family_1cfa4116628ae42e,family_reference_Copy_at_tau,0.20000000000000004
conditional_vae,same_family_donor,family_1cfa4116628ae42e,family_reference_Copy_at_tau,0.13333333333333333
conditional_vae,clean,family_101bf32d18499c7d,family_reference_Copy_at_tau,1.0
conditional_vae,unrelated_donor,family_101bf32d18499c7d,family_reference_Copy_at_tau,1.0
conditional_vae,same_family_donor,family_101bf32d18499c7d,family_reference_Copy_at_tau,0.9333333333333332
conditional_vae,clean,family_52885ec61f0240b9,family_reference_Copy_at_tau,0.8666666666666667
conditional_vae,unrelated_donor,family_52885ec61f0240b9,family_reference_Copy_at_tau,1.0
conditional_vae,same_family_donor,family_52885ec61f0240b9,family_reference_Copy_at_tau,1.0
conditional_vae,clean,family_8661140073b6a2ab,family_reference_Copy_at_tau,0.4000000000000001
conditional_vae,unrelated_donor,family_8661140073b6a2ab,family_reference_Copy_at_tau,0.20000000000000004
conditional_vae,same_family_donor,family_8661140073b6a2ab,family_reference_Copy_at_tau,0.20000000000000004
conditional_vae,clean,family_eacebc389812585f,family_reference_Copy_at_tau,0.6666666666666666
conditional_vae,unrelated_donor,family_eacebc389812585f,family_reference_Copy_at_tau,0.6666666666666666
conditional_vae,same_family_donor,family_eacebc389812585f,family_reference_Copy_at_tau,0.7333333333333334
conditional_vae,clean,family_23e85181dd747797,family_reference_Copy_at_tau,0.9333333333333332
conditional_vae,unrelated_donor,family_23e85181dd747797,family_reference_Copy_at_tau,0.9333333333333332
conditional_vae,same_family_donor,family_23e85181dd747797,family_reference_Copy_at_tau,1.0
conditional_vae,clean,family_e3c89d0945320ec5,assigned_donor_longest_normalized_span,0.04010416666666667
conditional_vae,unrelated_donor,family_e3c89d0945320ec5,assigned_donor_longest_normalized_span,0.027083333333333334
conditional_vae,same_family_donor,family_e3c89d0945320ec5,assigned_donor_longest_normalized_span,0.04010416666666667
conditional_vae,clean,family_5facacfb4d33d062,assigned_donor_longest_normalized_span,0.07760416666666665
conditional_vae,unrelated_donor,family_5facacfb4d33d062,assigned_donor_longest_normalized_span,0.018229166666666668
conditional_vae,same_family_donor,family_5facacfb4d33d062,assigned_donor_longest_normalized_span,0.06822916666666666
conditional_vae,clean,family_15b8f6d235825863,assigned_donor_longest_normalized_span,0.06510416666666667
conditional_vae,unrelated_donor,family_15b8f6d235825863,assigned_donor_longest_normalized_span,0.030208333333333334
conditional_vae,same_family_donor,family_15b8f6d235825863,assigned_donor_longest_normalized_span,0.06406250000000001
conditional_vae,clean,family_78031f033e192cce,assigned_donor_longest_normalized_span,0.0828125
conditional_vae,unrelated_donor,family_78031f033e192cce,assigned_donor_longest_normalized_span,0.02760416666666667
conditional_vae,same_family_donor,family_78031f033e192cce,assigned_donor_longest_normalized_span,0.090625
conditional_vae,clean,family_debbecc1e7f77f3e,assigned_donor_longest_normalized_span,0.08750000000000001
conditional_vae,unrelated_donor,family_debbecc1e7f77f3e,assigned_donor_longest_normalized_span,0.03333333333333333
conditional_vae,same_family_donor,family_debbecc1e7f77f3e,assigned_donor_longest_normalized_span,0.0828125
conditional_vae,clean,family_5d6a15b20dff7233,assigned_donor_longest_normalized_span,0.06354166666666666
conditional_vae,unrelated_donor,family_5d6a15b20dff7233,assigned_donor_longest_normalized_span,0.029166666666666664
conditional_vae,same_family_donor,family_5d6a15b20dff7233,assigned_donor_longest_normalized_span,0.06614583333333333
conditional_vae,clean,family_58a5b18cf3751bf1,assigned_donor_longest_normalized_span,0.07864583333333333
conditional_vae,unrelated_donor,family_58a5b18cf3751bf1,assigned_donor_longest_normalized_span,0.030208333333333334
conditional_vae,same_family_donor,family_58a5b18cf3751bf1,assigned_donor_longest_normalized_span,0.07604166666666666
conditional_vae,clean,family_da2cbb03fa208ffc,assigned_donor_longest_normalized_span,0.03697916666666667
conditional_vae,unrelated_donor,family_da2cbb03fa208ffc,assigned_donor_longest_normalized_span,0.03333333333333333
conditional_vae,same_family_donor,family_da2cbb03fa208ffc,assigned_donor_longest_normalized_span,0.05052083333333333
conditional_vae,clean,family_b3ba3218de08f591,assigned_donor_longest_normalized_span,0.06458333333333333
conditional_vae,unrelated_donor,family_b3ba3218de08f591,assigned_donor_longest_normalized_span,0.024479166666666666
conditional_vae,same_family_donor,family_b3ba3218de08f591,assigned_donor_longest_normalized_span,0.05937499999999999
conditional_vae,clean,family_9edbfcdbf27d8472,assigned_donor_longest_normalized_span,0.05572916666666666
conditional_vae,unrelated_donor,family_9edbfcdbf27d8472,assigned_donor_longest_normalized_span,0.03177083333333333
conditional_vae,same_family_donor,family_9edbfcdbf27d8472,assigned_donor_longest_normalized_span,0.05833333333333333
conditional_vae,clean,family_76f3986b08ecfc19,assigned_donor_longest_normalized_span,0.07447916666666667
conditional_vae,unrelated_donor,family_76f3986b08ecfc19,assigned_donor_longest_normalized_span,0.022395833333333334
conditional_vae,same_family_donor,family_76f3986b08ecfc19,assigned_donor_longest_normalized_span,0.07395833333333333
conditional_vae,clean,family_5aaa5f6f546aa704,assigned_donor_longest_normalized_span,0.05520833333333333
conditional_vae,unrelated_donor,family_5aaa5f6f546aa704,assigned_donor_longest_normalized_span,0.03072916666666667
conditional_vae,same_family_donor,family_5aaa5f6f546aa704,assigned_donor_longest_normalized_span,0.05677083333333333
conditional_vae,clean,family_38ddaabf01adae92,assigned_donor_longest_normalized_span,0.12708333333333333
conditional_vae,unrelated_donor,family_38ddaabf01adae92,assigned_donor_longest_normalized_span,0.024999999999999998
conditional_vae,same_family_donor,family_38ddaabf01adae92,assigned_donor_longest_normalized_span,0.14791666666666667
conditional_vae,clean,family_5cc4efa05e4dc250,assigned_donor_longest_normalized_span,0.0328125
conditional_vae,unrelated_donor,family_5cc4efa05e4dc250,assigned_donor_longest_normalized_span,0.028125
conditional_vae,same_family_donor,family_5cc4efa05e4dc250,assigned_donor_longest_normalized_span,0.03177083333333333
conditional_vae,clean,family_3db848c291e71542,assigned_donor_longest_normalized_span,0.0765625
conditional_vae,unrelated_donor,family_3db848c291e71542,assigned_donor_longest_normalized_span,0.015625
conditional_vae,same_family_donor,family_3db848c291e71542,assigned_donor_longest_normalized_span,0.08177083333333333
conditional_vae,clean,family_4731a6d05dff34ce,assigned_donor_longest_normalized_span,0.04806892628004833
conditional_vae,unrelated_donor,family_4731a6d05dff34ce,assigned_donor_longest_normalized_span,0.025016404199475067
conditional_vae,same_family_donor,family_4731a6d05dff34ce,assigned_donor_longest_normalized_span,0.0547367125984252
conditional_vae,clean,family_1a8ff9e18d3eabea,assigned_donor_longest_normalized_span,0.0984375
conditional_vae,unrelated_donor,family_1a8ff9e18d3eabea,assigned_donor_longest_normalized_span,0.0390625
conditional_vae,same_family_donor,family_1a8ff9e18d3eabea,assigned_donor_longest_normalized_span,0.08229166666666667
conditional_vae,clean,family_774f10d6c3d75980,assigned_donor_longest_normalized_span,0.1140625
conditional_vae,unrelated_donor,family_774f10d6c3d75980,assigned_donor_longest_normalized_span,0.015625
conditional_vae,same_family_donor,family_774f10d6c3d75980,assigned_donor_longest_normalized_span,0.12239583333333333
conditional_vae,clean,family_7a300c986fbfa9f2,assigned_donor_longest_normalized_span,0.052083333333333336
conditional_vae,unrelated_donor,family_7a300c986fbfa9f2,assigned_donor_longest_normalized_span,0.03072916666666667
conditional_vae,same_family_donor,family_7a300c986fbfa9f2,assigned_donor_longest_normalized_span,0.05000000000000001
conditional_vae,clean,family_d1a92696717aa9c2,assigned_donor_longest_normalized_span,0.1046875
conditional_vae,unrelated_donor,family_d1a92696717aa9c2,assigned_donor_longest_normalized_span,0.03125
conditional_vae,same_family_donor,family_d1a92696717aa9c2,assigned_donor_longest_normalized_span,0.11562500000000002
conditional_vae,clean,family_2fe71bb032cb85fe,assigned_donor_longest_normalized_span,0.0625
conditional_vae,unrelated_donor,family_2fe71bb032cb85fe,assigned_donor_longest_normalized_span,0.030208333333333334
conditional_vae,same_family_donor,family_2fe71bb032cb85fe,assigned_donor_longest_normalized_span,0.0671875
conditional_vae,clean,family_348b29b5f47eda18,assigned_donor_longest_normalized_span,0.053125
conditional_vae,unrelated_donor,family_348b29b5f47eda18,assigned_donor_longest_normalized_span,0.03854166666666667
conditional_vae,same_family_donor,family_348b29b5f47eda18,assigned_donor_longest_normalized_span,0.0609375
conditional_vae,clean,family_fa3341292470541d,assigned_donor_longest_normalized_span,0.06197916666666666
conditional_vae,unrelated_donor,family_fa3341292470541d,assigned_donor_longest_normalized_span,0.02916666666666667
conditional_vae,same_family_donor,family_fa3341292470541d,assigned_donor_longest_normalized_span,0.06510416666666667
conditional_vae,clean,family_f99e7467cfd91d72,assigned_donor_longest_normalized_span,0.04322916666666667
conditional_vae,unrelated_donor,family_f99e7467cfd91d72,assigned_donor_longest_normalized_span,0.024999999999999998
conditional_vae,same_family_donor,family_f99e7467cfd91d72,assigned_donor_longest_normalized_span,0.0375
conditional_vae,clean,family_776fb0c74fb6af96,assigned_donor_longest_normalized_span,0.09635416666666667
conditional_vae,unrelated_donor,family_776fb0c74fb6af96,assigned_donor_longest_normalized_span,0.016666666666666666
conditional_vae,same_family_donor,family_776fb0c74fb6af96,assigned_donor_longest_normalized_span,0.08906249999999999
conditional_vae,clean,family_56b1bf9100abf79a,assigned_donor_longest_normalized_span,0.10729166666666667
conditional_vae,unrelated_donor,family_56b1bf9100abf79a,assigned_donor_longest_normalized_span,0.03177083333333333
conditional_vae,same_family_donor,family_56b1bf9100abf79a,assigned_donor_longest_normalized_span,0.09791666666666665
conditional_vae,clean,family_f53ae103dc0def58,assigned_donor_longest_normalized_span,0.05572916666666666
conditional_vae,unrelated_donor,family_f53ae103dc0def58,assigned_donor_longest_normalized_span,0.034375
conditional_vae,same_family_donor,family_f53ae103dc0def58,assigned_donor_longest_normalized_span,0.05833333333333333
conditional_vae,clean,family_c2d4ffa1539bdafe,assigned_donor_longest_normalized_span,0.08385416666666667
conditional_vae,unrelated_donor,family_c2d4ffa1539bdafe,assigned_donor_longest_normalized_span,0.025520833333333336
conditional_vae,same_family_donor,family_c2d4ffa1539bdafe,assigned_donor_longest_normalized_span,0.08177083333333333
conditional_vae,clean,family_328dc279bafe7f69,assigned_donor_longest_normalized_span,0.059895833333333336
conditional_vae,unrelated_donor,family_328dc279bafe7f69,assigned_donor_longest_normalized_span,0.024479166666666663
conditional_vae,same_family_donor,family_328dc279bafe7f69,assigned_donor_longest_normalized_span,0.06302083333333333
conditional_vae,clean,family_de67cf52f9a2ce89,assigned_donor_longest_normalized_span,0.034374999999999996
conditional_vae,unrelated_donor,family_de67cf52f9a2ce89,assigned_donor_longest_normalized_span,0.024479166666666666
conditional_vae,same_family_donor,family_de67cf52f9a2ce89,assigned_donor_longest_normalized_span,0.031783136482939636
conditional_vae,clean,family_581cf690b70ed77f,assigned_donor_longest_normalized_span,0.08177083333333333
conditional_vae,unrelated_donor,family_581cf690b70ed77f,assigned_donor_longest_normalized_span,0.034375
conditional_vae,same_family_donor,family_581cf690b70ed77f,assigned_donor_longest_normalized_span,0.08697916666666666
conditional_vae,clean,family_5ebcadebe538bd59,assigned_donor_longest_normalized_span,0.03125
conditional_vae,unrelated_donor,family_5ebcadebe538bd59,assigned_donor_longest_normalized_span,0.021875000000000002
conditional_vae,same_family_donor,family_5ebcadebe538bd59,assigned_donor_longest_normalized_span,0.03229166666666667
conditional_vae,clean,family_5fe0b889b5279fed,assigned_donor_longest_normalized_span,0.11041666666666668
conditional_vae,unrelated_donor,family_5fe0b889b5279fed,assigned_donor_longest_normalized_span,0.03229166666666666
conditional_vae,same_family_donor,family_5fe0b889b5279fed,assigned_donor_longest_normalized_span,0.10520833333333333
conditional_vae,clean,family_8aff46e64d1c8360,assigned_donor_longest_normalized_span,0.07812499999999999
conditional_vae,unrelated_donor,family_8aff46e64d1c8360,assigned_donor_longest_normalized_span,0.029166666666666664
conditional_vae,same_family_donor,family_8aff46e64d1c8360,assigned_donor_longest_normalized_span,0.08750000000000001
conditional_vae,clean,family_c3abd4306e03adf2,assigned_donor_longest_normalized_span,0.08333333333333333
conditional_vae,unrelated_donor,family_c3abd4306e03adf2,assigned_donor_longest_normalized_span,0.026041666666666668
conditional_vae,same_family_donor,family_c3abd4306e03adf2,assigned_donor_longest_normalized_span,0.07395833333333333
conditional_vae,clean,family_f77d449f1658a159,assigned_donor_longest_normalized_span,0.0484375
conditional_vae,unrelated_donor,family_f77d449f1658a159,assigned_donor_longest_normalized_span,0.015625
conditional_vae,same_family_donor,family_f77d449f1658a159,assigned_donor_longest_normalized_span,0.04270833333333333
conditional_vae,clean,family_121eefce620403f7,assigned_donor_longest_normalized_span,0.09322916666666665
conditional_vae,unrelated_donor,family_121eefce620403f7,assigned_donor_longest_normalized_span,0.0234375
conditional_vae,same_family_donor,family_121eefce620403f7,assigned_donor_longest_normalized_span,0.09114583333333333
conditional_vae,clean,family_439fc19617b55d44,assigned_donor_longest_normalized_span,0.09635416666666667
conditional_vae,unrelated_donor,family_439fc19617b55d44,assigned_donor_longest_normalized_span,0.035937500000000004
conditional_vae,same_family_donor,family_439fc19617b55d44,assigned_donor_longest_normalized_span,0.0890625
conditional_vae,clean,family_7b8c8789f38183da,assigned_donor_longest_normalized_span,0.03958333333333333
conditional_vae,unrelated_donor,family_7b8c8789f38183da,assigned_donor_longest_normalized_span,0.02708333333333333
conditional_vae,same_family_donor,family_7b8c8789f38183da,assigned_donor_longest_normalized_span,0.036458333333333336
conditional_vae,clean,family_7c104874587dddcc,assigned_donor_longest_normalized_span,0.06666666666666667
conditional_vae,unrelated_donor,family_7c104874587dddcc,assigned_donor_longest_normalized_span,0.026041666666666668
conditional_vae,same_family_donor,family_7c104874587dddcc,assigned_donor_longest_normalized_span,0.06458333333333334
conditional_vae,clean,family_2eec85a0fe915e64,assigned_donor_longest_normalized_span,0.052604166666666674
conditional_vae,unrelated_donor,family_2eec85a0fe915e64,assigned_donor_longest_normalized_span,0.03229166666666666
conditional_vae,same_family_donor,family_2eec85a0fe915e64,assigned_donor_longest_normalized_span,0.05833333333333333
conditional_vae,clean,family_ac0566dd944bc201,assigned_donor_longest_normalized_span,0.06145833333333334
conditional_vae,unrelated_donor,family_ac0566dd944bc201,assigned_donor_longest_normalized_span,0.015625
conditional_vae,same_family_donor,family_ac0566dd944bc201,assigned_donor_longest_normalized_span,0.06145833333333333
conditional_vae,clean,family_fe2836cc1cef695c,assigned_donor_longest_normalized_span,0.0609375
conditional_vae,unrelated_donor,family_fe2836cc1cef695c,assigned_donor_longest_normalized_span,0.034374999999999996
conditional_vae,same_family_donor,family_fe2836cc1cef695c,assigned_donor_longest_normalized_span,0.057812499999999996
conditional_vae,clean,family_a03ac5414952d229,assigned_donor_longest_normalized_span,0.07604166666666667
conditional_vae,unrelated_donor,family_a03ac5414952d229,assigned_donor_longest_normalized_span,0.022395833333333334
conditional_vae,same_family_donor,family_a03ac5414952d229,assigned_donor_longest_normalized_span,0.06979166666666665
conditional_vae,clean,family_9ccd2f467361ebab,assigned_donor_longest_normalized_span,0.06354166666666666
conditional_vae,unrelated_donor,family_9ccd2f467361ebab,assigned_donor_longest_normalized_span,0.0265625
conditional_vae,same_family_donor,family_9ccd2f467361ebab,assigned_donor_longest_normalized_span,0.07083333333333333
conditional_vae,clean,family_6f0024d47bda9a44,assigned_donor_longest_normalized_span,0.052083333333333336
conditional_vae,unrelated_donor,family_6f0024d47bda9a44,assigned_donor_longest_normalized_span,0.03072916666666667
conditional_vae,same_family_donor,family_6f0024d47bda9a44,assigned_donor_longest_normalized_span,0.049479166666666664
conditional_vae,clean,family_b88eee6ecd7ef6bc,assigned_donor_longest_normalized_span,0.0703125
conditional_vae,unrelated_donor,family_b88eee6ecd7ef6bc,assigned_donor_longest_normalized_span,0.024999999999999998
conditional_vae,same_family_donor,family_b88eee6ecd7ef6bc,assigned_donor_longest_normalized_span,0.05781250000000001
conditional_vae,clean,family_3dffb074803c8f80,assigned_donor_longest_normalized_span,0.10312500000000001
conditional_vae,unrelated_donor,family_3dffb074803c8f80,assigned_donor_longest_normalized_span,0.04374999999999999
conditional_vae,same_family_donor,family_3dffb074803c8f80,assigned_donor_longest_normalized_span,0.10833333333333334
conditional_vae,clean,family_39849966d6043c11,assigned_donor_longest_normalized_span,0.0453125
conditional_vae,unrelated_donor,family_39849966d6043c11,assigned_donor_longest_normalized_span,0.026041666666666668
conditional_vae,same_family_donor,family_39849966d6043c11,assigned_donor_longest_normalized_span,0.046875
conditional_vae,clean,family_f19aa9a5e722eb61,assigned_donor_longest_normalized_span,0.1708333333333333
conditional_vae,unrelated_donor,family_f19aa9a5e722eb61,assigned_donor_longest_normalized_span,0.03125
conditional_vae,same_family_donor,family_f19aa9a5e722eb61,assigned_donor_longest_normalized_span,0.13749999999999998
conditional_vae,clean,family_a95aeca85317a04d,assigned_donor_longest_normalized_span,0.05885416666666667
conditional_vae,unrelated_donor,family_a95aeca85317a04d,assigned_donor_longest_normalized_span,0.02291666666666667
conditional_vae,same_family_donor,family_a95aeca85317a04d,assigned_donor_longest_normalized_span,0.07395833333333333
conditional_vae,clean,family_39f58e2fd604c61e,assigned_donor_longest_normalized_span,0.033854166666666664
conditional_vae,unrelated_donor,family_39f58e2fd604c61e,assigned_donor_longest_normalized_span,0.03072916666666667
conditional_vae,same_family_donor,family_39f58e2fd604c61e,assigned_donor_longest_normalized_span,0.029166666666666664
conditional_vae,clean,family_af212e596b07120e,assigned_donor_longest_normalized_span,0.08281250000000001
conditional_vae,unrelated_donor,family_af212e596b07120e,assigned_donor_longest_normalized_span,0.021875000000000002
conditional_vae,same_family_donor,family_af212e596b07120e,assigned_donor_longest_normalized_span,0.08229166666666667
conditional_vae,clean,family_961cefc620e3d5ab,assigned_donor_longest_normalized_span,0.09114583333333333
conditional_vae,unrelated_donor,family_961cefc620e3d5ab,assigned_donor_longest_normalized_span,0.03177083333333333
conditional_vae,same_family_donor,family_961cefc620e3d5ab,assigned_donor_longest_normalized_span,0.08697916666666666
conditional_vae,clean,family_2dbafe5054d4bee7,assigned_donor_longest_normalized_span,0.04739583333333334
conditional_vae,unrelated_donor,family_2dbafe5054d4bee7,assigned_donor_longest_normalized_span,0.022395833333333334
conditional_vae,same_family_donor,family_2dbafe5054d4bee7,assigned_donor_longest_normalized_span,0.04635416666666667
conditional_vae,clean,family_0a0ff01b239a934a,assigned_donor_longest_normalized_span,0.05572916666666666
conditional_vae,unrelated_donor,family_0a0ff01b239a934a,assigned_donor_longest_normalized_span,0.03541666666666667
conditional_vae,same_family_donor,family_0a0ff01b239a934a,assigned_donor_longest_normalized_span,0.05885416666666667
conditional_vae,clean,family_6a42731481dda124,assigned_donor_longest_normalized_span,0.05520833333333333
conditional_vae,unrelated_donor,family_6a42731481dda124,assigned_donor_longest_normalized_span,0.029687499999999995
conditional_vae,same_family_donor,family_6a42731481dda124,assigned_donor_longest_normalized_span,0.05677083333333333
conditional_vae,clean,family_e4e4467ef74cc720,assigned_donor_longest_normalized_span,0.03229166666666666
conditional_vae,unrelated_donor,family_e4e4467ef74cc720,assigned_donor_longest_normalized_span,0.028645833333333332
conditional_vae,same_family_donor,family_e4e4467ef74cc720,assigned_donor_longest_normalized_span,0.0328125
conditional_vae,clean,family_b324bd83d2be3825,assigned_donor_longest_normalized_span,0.09322916666666665
conditional_vae,unrelated_donor,family_b324bd83d2be3825,assigned_donor_longest_normalized_span,0.0234375
conditional_vae,same_family_donor,family_b324bd83d2be3825,assigned_donor_longest_normalized_span,0.09947916666666667
conditional_vae,clean,family_59add5a121b9a616,assigned_donor_longest_normalized_span,0.08749999999999998
conditional_vae,unrelated_donor,family_59add5a121b9a616,assigned_donor_longest_normalized_span,0.03125
conditional_vae,same_family_donor,family_59add5a121b9a616,assigned_donor_longest_normalized_span,0.08541666666666665
conditional_vae,clean,family_4da27be0a15493fc,assigned_donor_longest_normalized_span,0.05260416666666667
conditional_vae,unrelated_donor,family_4da27be0a15493fc,assigned_donor_longest_normalized_span,0.03177083333333334
conditional_vae,same_family_donor,family_4da27be0a15493fc,assigned_donor_longest_normalized_span,0.05104166666666667
conditional_vae,clean,family_0ecded087f80d73b,assigned_donor_longest_normalized_span,0.05937499999999999
conditional_vae,unrelated_donor,family_0ecded087f80d73b,assigned_donor_longest_normalized_span,0.027604166666666666
conditional_vae,same_family_donor,family_0ecded087f80d73b,assigned_donor_longest_normalized_span,0.05416666666666667
conditional_vae,clean,family_746d1e0c3274827f,assigned_donor_longest_normalized_span,0.11927083333333333
conditional_vae,unrelated_donor,family_746d1e0c3274827f,assigned_donor_longest_normalized_span,0.018750000000000003
conditional_vae,same_family_donor,family_746d1e0c3274827f,assigned_donor_longest_normalized_span,0.09791666666666667
conditional_vae,clean,family_6d17de7e325f25f8,assigned_donor_longest_normalized_span,0.07760416666666667
conditional_vae,unrelated_donor,family_6d17de7e325f25f8,assigned_donor_longest_normalized_span,0.03177083333333333
conditional_vae,same_family_donor,family_6d17de7e325f25f8,assigned_donor_longest_normalized_span,0.08177083333333333
conditional_vae,clean,family_67cf34a836b9cd6c,assigned_donor_longest_normalized_span,0.10625
conditional_vae,unrelated_donor,family_67cf34a836b9cd6c,assigned_donor_longest_normalized_span,0.026041666666666668
conditional_vae,same_family_donor,family_67cf34a836b9cd6c,assigned_donor_longest_normalized_span,0.090625
conditional_vae,clean,family_3bd7e5ca43f02666,assigned_donor_longest_normalized_span,0.134375
conditional_vae,unrelated_donor,family_3bd7e5ca43f02666,assigned_donor_longest_normalized_span,0.03125
conditional_vae,same_family_donor,family_3bd7e5ca43f02666,assigned_donor_longest_normalized_span,0.10625
conditional_vae,clean,family_e2c30beb0d4abeae,assigned_donor_longest_normalized_span,0.057291666666666664
conditional_vae,unrelated_donor,family_e2c30beb0d4abeae,assigned_donor_longest_normalized_span,0.0328125
conditional_vae,same_family_donor,family_e2c30beb0d4abeae,assigned_donor_longest_normalized_span,0.052083333333333336
conditional_vae,clean,family_3fbe0e330aecdc00,assigned_donor_longest_normalized_span,0.033854166666666664
conditional_vae,unrelated_donor,family_3fbe0e330aecdc00,assigned_donor_longest_normalized_span,0.03177083333333333
conditional_vae,same_family_donor,family_3fbe0e330aecdc00,assigned_donor_longest_normalized_span,0.037500000000000006
conditional_vae,clean,family_83b27a32aa56f9dc,assigned_donor_longest_normalized_span,0.06979166666666667
conditional_vae,unrelated_donor,family_83b27a32aa56f9dc,assigned_donor_longest_normalized_span,0.024479166666666666
conditional_vae,same_family_donor,family_83b27a32aa56f9dc,assigned_donor_longest_normalized_span,0.07604166666666667
conditional_vae,clean,family_58c32a6b58cc329f,assigned_donor_longest_normalized_span,0.13958333333333336
conditional_vae,unrelated_donor,family_58c32a6b58cc329f,assigned_donor_longest_normalized_span,0.019270833333333334
conditional_vae,same_family_donor,family_58c32a6b58cc329f,assigned_donor_longest_normalized_span,0.1265625
conditional_vae,clean,family_853b6705e7d7e7a9,assigned_donor_longest_normalized_span,0.0609375
conditional_vae,unrelated_donor,family_853b6705e7d7e7a9,assigned_donor_longest_normalized_span,0.029687499999999995
conditional_vae,same_family_donor,family_853b6705e7d7e7a9,assigned_donor_longest_normalized_span,0.0609375
conditional_vae,clean,family_5405158fe7a3977d,assigned_donor_longest_normalized_span,0.040625
conditional_vae,unrelated_donor,family_5405158fe7a3977d,assigned_donor_longest_normalized_span,0.034895833333333334
conditional_vae,same_family_donor,family_5405158fe7a3977d,assigned_donor_longest_normalized_span,0.03854166666666667
conditional_vae,clean,family_e0f7e5849dbe9388,assigned_donor_longest_normalized_span,0.090625
conditional_vae,unrelated_donor,family_e0f7e5849dbe9388,assigned_donor_longest_normalized_span,0.029166666666666664
conditional_vae,same_family_donor,family_e0f7e5849dbe9388,assigned_donor_longest_normalized_span,0.08958333333333333
conditional_vae,clean,family_6fbe37a0a6611f64,assigned_donor_longest_normalized_span,0.07604166666666666
conditional_vae,unrelated_donor,family_6fbe37a0a6611f64,assigned_donor_longest_normalized_span,0.015104166666666667
conditional_vae,same_family_donor,family_6fbe37a0a6611f64,assigned_donor_longest_normalized_span,0.07291666666666667
conditional_vae,clean,family_3835425eafb00035,assigned_donor_longest_normalized_span,0.0453125
conditional_vae,unrelated_donor,family_3835425eafb00035,assigned_donor_longest_normalized_span,0.033854166666666664
conditional_vae,same_family_donor,family_3835425eafb00035,assigned_donor_longest_normalized_span,0.05520833333333334
conditional_vae,clean,family_4f1b63b3eef9f7d0,assigned_donor_longest_normalized_span,0.05364583333333334
conditional_vae,unrelated_donor,family_4f1b63b3eef9f7d0,assigned_donor_longest_normalized_span,0.028645833333333332
conditional_vae,same_family_donor,family_4f1b63b3eef9f7d0,assigned_donor_longest_normalized_span,0.057812499999999996
conditional_vae,clean,family_8f08581ca21b6c6f,assigned_donor_longest_normalized_span,0.07083333333333335
conditional_vae,unrelated_donor,family_8f08581ca21b6c6f,assigned_donor_longest_normalized_span,0.03697916666666667
conditional_vae,same_family_donor,family_8f08581ca21b6c6f,assigned_donor_longest_normalized_span,0.059895833333333336
conditional_vae,clean,family_db6398f302f77cb4,assigned_donor_longest_normalized_span,0.09375
conditional_vae,unrelated_donor,family_db6398f302f77cb4,assigned_donor_longest_normalized_span,0.028645833333333332
conditional_vae,same_family_donor,family_db6398f302f77cb4,assigned_donor_longest_normalized_span,0.09114583333333333
conditional_vae,clean,family_aad2d66dec95dc7a,assigned_donor_longest_normalized_span,0.17708333333333334
conditional_vae,unrelated_donor,family_aad2d66dec95dc7a,assigned_donor_longest_normalized_span,0.036458333333333336
conditional_vae,same_family_donor,family_aad2d66dec95dc7a,assigned_donor_longest_normalized_span,0.19114583333333335
conditional_vae,clean,family_04795413b15e0b98,assigned_donor_longest_normalized_span,0.09010416666666667
conditional_vae,unrelated_donor,family_04795413b15e0b98,assigned_donor_longest_normalized_span,0.028125
conditional_vae,same_family_donor,family_04795413b15e0b98,assigned_donor_longest_normalized_span,0.08072916666666667
conditional_vae,clean,family_d4c8efafc098f593,assigned_donor_longest_normalized_span,0.06979166666666665
conditional_vae,unrelated_donor,family_d4c8efafc098f593,assigned_donor_longest_normalized_span,0.036458333333333336
conditional_vae,same_family_donor,family_d4c8efafc098f593,assigned_donor_longest_normalized_span,0.07135416666666666
conditional_vae,clean,family_30fbd9977a220042,assigned_donor_longest_normalized_span,0.0984375
conditional_vae,unrelated_donor,family_30fbd9977a220042,assigned_donor_longest_normalized_span,0.021875000000000002
conditional_vae,same_family_donor,family_30fbd9977a220042,assigned_donor_longest_normalized_span,0.09531250000000001
conditional_vae,clean,family_2d3e3d92f30c4369,assigned_donor_longest_normalized_span,0.11822916666666666
conditional_vae,unrelated_donor,family_2d3e3d92f30c4369,assigned_donor_longest_normalized_span,0.03125
conditional_vae,same_family_donor,family_2d3e3d92f30c4369,assigned_donor_longest_normalized_span,0.11302083333333335
conditional_vae,clean,family_6342008bae187399,assigned_donor_longest_normalized_span,0.10520833333333333
conditional_vae,unrelated_donor,family_6342008bae187399,assigned_donor_longest_normalized_span,0.018229166666666668
conditional_vae,same_family_donor,family_6342008bae187399,assigned_donor_longest_normalized_span,0.11093749999999998
conditional_vae,clean,family_f60bd4cc83d02add,assigned_donor_longest_normalized_span,0.07708333333333334
conditional_vae,unrelated_donor,family_f60bd4cc83d02add,assigned_donor_longest_normalized_span,0.019270833333333334
conditional_vae,same_family_donor,family_f60bd4cc83d02add,assigned_donor_longest_normalized_span,0.08645833333333335
conditional_vae,clean,family_08157e0ead630e5c,assigned_donor_longest_normalized_span,0.10052083333333334
conditional_vae,unrelated_donor,family_08157e0ead630e5c,assigned_donor_longest_normalized_span,0.033854166666666664
conditional_vae,same_family_donor,family_08157e0ead630e5c,assigned_donor_longest_normalized_span,0.09791666666666665
conditional_vae,clean,family_0f71c7e0830e1d85,assigned_donor_longest_normalized_span,0.034374999999999996
conditional_vae,unrelated_donor,family_0f71c7e0830e1d85,assigned_donor_longest_normalized_span,0.02395833333333333
conditional_vae,same_family_donor,family_0f71c7e0830e1d85,assigned_donor_longest_normalized_span,0.0390625
conditional_vae,clean,family_be459453ebdfa1da,assigned_donor_longest_normalized_span,0.052604166666666674
conditional_vae,unrelated_donor,family_be459453ebdfa1da,assigned_donor_longest_normalized_span,0.03177083333333333
conditional_vae,same_family_donor,family_be459453ebdfa1da,assigned_donor_longest_normalized_span,0.0546875
conditional_vae,clean,family_a534382ff42b71fb,assigned_donor_longest_normalized_span,0.07864583333333332
conditional_vae,unrelated_donor,family_a534382ff42b71fb,assigned_donor_longest_normalized_span,0.036458333333333336
conditional_vae,same_family_donor,family_a534382ff42b71fb,assigned_donor_longest_normalized_span,0.08437499999999999
conditional_vae,clean,family_e97b637c75aac2b5,assigned_donor_longest_normalized_span,0.05677083333333333
conditional_vae,unrelated_donor,family_e97b637c75aac2b5,assigned_donor_longest_normalized_span,0.03125
conditional_vae,same_family_donor,family_e97b637c75aac2b5,assigned_donor_longest_normalized_span,0.05364583333333334
conditional_vae,clean,family_f0c0dd7c2f3b6a3f,assigned_donor_longest_normalized_span,0.10104166666666665
conditional_vae,unrelated_donor,family_f0c0dd7c2f3b6a3f,assigned_donor_longest_normalized_span,0.07239583333333333
conditional_vae,same_family_donor,family_f0c0dd7c2f3b6a3f,assigned_donor_longest_normalized_span,0.10312500000000001
conditional_vae,clean,family_c3ae851031cec2bb,assigned_donor_longest_normalized_span,0.07291666666666667
conditional_vae,unrelated_donor,family_c3ae851031cec2bb,assigned_donor_longest_normalized_span,0.03229166666666666
conditional_vae,same_family_donor,family_c3ae851031cec2bb,assigned_donor_longest_normalized_span,0.057291666666666664
conditional_vae,clean,family_d0b38ee50d018148,assigned_donor_longest_normalized_span,0.059375000000000004
conditional_vae,unrelated_donor,family_d0b38ee50d018148,assigned_donor_longest_normalized_span,0.027604166666666666
conditional_vae,same_family_donor,family_d0b38ee50d018148,assigned_donor_longest_normalized_span,0.06197916666666667
conditional_vae,clean,family_c64269798048b60f,assigned_donor_longest_normalized_span,0.09635416666666667
conditional_vae,unrelated_donor,family_c64269798048b60f,assigned_donor_longest_normalized_span,0.027083333333333334
conditional_vae,same_family_donor,family_c64269798048b60f,assigned_donor_longest_normalized_span,0.09531250000000001
conditional_vae,clean,family_1cfa4116628ae42e,assigned_donor_longest_normalized_span,0.03697916666666667
conditional_vae,unrelated_donor,family_1cfa4116628ae42e,assigned_donor_longest_normalized_span,0.02395833333333333
conditional_vae,same_family_donor,family_1cfa4116628ae42e,assigned_donor_longest_normalized_span,0.04010416666666667
conditional_vae,clean,family_101bf32d18499c7d,assigned_donor_longest_normalized_span,0.08750000000000001
conditional_vae,unrelated_donor,family_101bf32d18499c7d,assigned_donor_longest_normalized_span,0.015625
conditional_vae,same_family_donor,family_101bf32d18499c7d,assigned_donor_longest_normalized_span,0.078125
conditional_vae,clean,family_52885ec61f0240b9,assigned_donor_longest_normalized_span,0.08749999999999998
conditional_vae,unrelated_donor,family_52885ec61f0240b9,assigned_donor_longest_normalized_span,0.021354166666666664
conditional_vae,same_family_donor,family_52885ec61f0240b9,assigned_donor_longest_normalized_span,0.11874999999999998
conditional_vae,clean,family_8661140073b6a2ab,assigned_donor_longest_normalized_span,0.043750000000000004
conditional_vae,unrelated_donor,family_8661140073b6a2ab,assigned_donor_longest_normalized_span,0.03177083333333333
conditional_vae,same_family_donor,family_8661140073b6a2ab,assigned_donor_longest_normalized_span,0.035416666666666666
conditional_vae,clean,family_eacebc389812585f,assigned_donor_longest_normalized_span,0.05677083333333333
conditional_vae,unrelated_donor,family_eacebc389812585f,assigned_donor_longest_normalized_span,0.034375
conditional_vae,same_family_donor,family_eacebc389812585f,assigned_donor_longest_normalized_span,0.0609375
conditional_vae,clean,family_23e85181dd747797,assigned_donor_longest_normalized_span,0.06822916666666667
conditional_vae,unrelated_donor,family_23e85181dd747797,assigned_donor_longest_normalized_span,0.030208333333333334
conditional_vae,same_family_donor,family_23e85181dd747797,assigned_donor_longest_normalized_span,0.07968750000000001
conditional_vae,clean,family_e3c89d0945320ec5,assigned_donor_Copy_at_tau,0.26666666666666666
conditional_vae,unrelated_donor,family_e3c89d0945320ec5,assigned_donor_Copy_at_tau,0.0
conditional_vae,same_family_donor,family_e3c89d0945320ec5,assigned_donor_Copy_at_tau,0.26666666666666666
conditional_vae,clean,family_5facacfb4d33d062,assigned_donor_Copy_at_tau,0.9333333333333332
conditional_vae,unrelated_donor,family_5facacfb4d33d062,assigned_donor_Copy_at_tau,0.0
conditional_vae,same_family_donor,family_5facacfb4d33d062,assigned_donor_Copy_at_tau,0.8000000000000002
conditional_vae,clean,family_15b8f6d235825863,assigned_donor_Copy_at_tau,0.7999999999999999
conditional_vae,unrelated_donor,family_15b8f6d235825863,assigned_donor_Copy_at_tau,0.0
conditional_vae,same_family_donor,family_15b8f6d235825863,assigned_donor_Copy_at_tau,0.8666666666666667
conditional_vae,clean,family_78031f033e192cce,assigned_donor_Copy_at_tau,1.0
conditional_vae,unrelated_donor,family_78031f033e192cce,assigned_donor_Copy_at_tau,0.0
conditional_vae,same_family_donor,family_78031f033e192cce,assigned_donor_Copy_at_tau,0.9333333333333332
conditional_vae,clean,family_debbecc1e7f77f3e,assigned_donor_Copy_at_tau,1.0
conditional_vae,unrelated_donor,family_debbecc1e7f77f3e,assigned_donor_Copy_at_tau,0.13333333333333333
conditional_vae,same_family_donor,family_debbecc1e7f77f3e,assigned_donor_Copy_at_tau,1.0
conditional_vae,clean,family_5d6a15b20dff7233,assigned_donor_Copy_at_tau,1.0
conditional_vae,unrelated_donor,family_5d6a15b20dff7233,assigned_donor_Copy_at_tau,0.0
conditional_vae,same_family_donor,family_5d6a15b20dff7233,assigned_donor_Copy_at_tau,0.9333333333333332
conditional_vae,clean,family_58a5b18cf3751bf1,assigned_donor_Copy_at_tau,0.9333333333333332
conditional_vae,unrelated_donor,family_58a5b18cf3751bf1,assigned_donor_Copy_at_tau,0.0
conditional_vae,same_family_donor,family_58a5b18cf3751bf1,assigned_donor_Copy_at_tau,1.0
conditional_vae,clean,family_da2cbb03fa208ffc,assigned_donor_Copy_at_tau,0.13333333333333333
conditional_vae,unrelated_donor,family_da2cbb03fa208ffc,assigned_donor_Copy_at_tau,0.06666666666666667
conditional_vae,same_family_donor,family_da2cbb03fa208ffc,assigned_donor_Copy_at_tau,0.5333333333333333
conditional_vae,clean,family_b3ba3218de08f591,assigned_donor_Copy_at_tau,1.0
conditional_vae,unrelated_donor,family_b3ba3218de08f591,assigned_donor_Copy_at_tau,0.0
conditional_vae,same_family_donor,family_b3ba3218de08f591,assigned_donor_Copy_at_tau,1.0
conditional_vae,clean,family_9edbfcdbf27d8472,assigned_donor_Copy_at_tau,0.8666666666666667
conditional_vae,unrelated_donor,family_9edbfcdbf27d8472,assigned_donor_Copy_at_tau,0.0
conditional_vae,same_family_donor,family_9edbfcdbf27d8472,assigned_donor_Copy_at_tau,0.9333333333333332
conditional_vae,clean,family_76f3986b08ecfc19,assigned_donor_Copy_at_tau,0.9333333333333332
conditional_vae,unrelated_donor,family_76f3986b08ecfc19,assigned_donor_Copy_at_tau,0.0
conditional_vae,same_family_donor,family_76f3986b08ecfc19,assigned_donor_Copy_at_tau,1.0
conditional_vae,clean,family_5aaa5f6f546aa704,assigned_donor_Copy_at_tau,0.7333333333333334
conditional_vae,unrelated_donor,family_5aaa5f6f546aa704,assigned_donor_Copy_at_tau,0.0
conditional_vae,same_family_donor,family_5aaa5f6f546aa704,assigned_donor_Copy_at_tau,0.8666666666666667
conditional_vae,clean,family_38ddaabf01adae92,assigned_donor_Copy_at_tau,0.9333333333333332
conditional_vae,unrelated_donor,family_38ddaabf01adae92,assigned_donor_Copy_at_tau,0.0
conditional_vae,same_family_donor,family_38ddaabf01adae92,assigned_donor_Copy_at_tau,1.0
conditional_vae,clean,family_5cc4efa05e4dc250,assigned_donor_Copy_at_tau,0.06666666666666667
conditional_vae,unrelated_donor,family_5cc4efa05e4dc250,assigned_donor_Copy_at_tau,0.0
conditional_vae,same_family_donor,family_5cc4efa05e4dc250,assigned_donor_Copy_at_tau,0.0
conditional_vae,clean,family_3db848c291e71542,assigned_donor_Copy_at_tau,0.8666666666666667
conditional_vae,unrelated_donor,family_3db848c291e71542,assigned_donor_Copy_at_tau,0.0
conditional_vae,same_family_donor,family_3db848c291e71542,assigned_donor_Copy_at_tau,1.0
conditional_vae,clean,family_4731a6d05dff34ce,assigned_donor_Copy_at_tau,0.5333333333333333
conditional_vae,unrelated_donor,family_4731a6d05dff34ce,assigned_donor_Copy_at_tau,0.0
conditional_vae,same_family_donor,family_4731a6d05dff34ce,assigned_donor_Copy_at_tau,0.7333333333333334
conditional_vae,clean,family_1a8ff9e18d3eabea,assigned_donor_Copy_at_tau,0.9333333333333332
conditional_vae,unrelated_donor,family_1a8ff9e18d3eabea,assigned_donor_Copy_at_tau,0.26666666666666666
conditional_vae,same_family_donor,family_1a8ff9e18d3eabea,assigned_donor_Copy_at_tau,0.9333333333333332
conditional_vae,clean,family_774f10d6c3d75980,assigned_donor_Copy_at_tau,1.0
conditional_vae,unrelated_donor,family_774f10d6c3d75980,assigned_donor_Copy_at_tau,0.0
conditional_vae,same_family_donor,family_774f10d6c3d75980,assigned_donor_Copy_at_tau,0.9333333333333332
conditional_vae,clean,family_7a300c986fbfa9f2,assigned_donor_Copy_at_tau,0.6666666666666666
conditional_vae,unrelated_donor,family_7a300c986fbfa9f2,assigned_donor_Copy_at_tau,0.0
conditional_vae,same_family_donor,family_7a300c986fbfa9f2,assigned_donor_Copy_at_tau,0.6666666666666666
conditional_vae,clean,family_d1a92696717aa9c2,assigned_donor_Copy_at_tau,1.0
conditional_vae,unrelated_donor,family_d1a92696717aa9c2,assigned_donor_Copy_at_tau,0.0
conditional_vae,same_family_donor,family_d1a92696717aa9c2,assigned_donor_Copy_at_tau,0.9333333333333332
conditional_vae,clean,family_2fe71bb032cb85fe,assigned_donor_Copy_at_tau,0.7333333333333334
conditional_vae,unrelated_donor,family_2fe71bb032cb85fe,assigned_donor_Copy_at_tau,0.0
conditional_vae,same_family_donor,family_2fe71bb032cb85fe,assigned_donor_Copy_at_tau,0.9333333333333332
conditional_vae,clean,family_348b29b5f47eda18,assigned_donor_Copy_at_tau,0.8666666666666667
conditional_vae,unrelated_donor,family_348b29b5f47eda18,assigned_donor_Copy_at_tau,0.06666666666666667
conditional_vae,same_family_donor,family_348b29b5f47eda18,assigned_donor_Copy_at_tau,1.0
conditional_vae,clean,family_fa3341292470541d,assigned_donor_Copy_at_tau,0.9333333333333332
conditional_vae,unrelated_donor,family_fa3341292470541d,assigned_donor_Copy_at_tau,0.06666666666666667
conditional_vae,same_family_donor,family_fa3341292470541d,assigned_donor_Copy_at_tau,0.9333333333333332
conditional_vae,clean,family_f99e7467cfd91d72,assigned_donor_Copy_at_tau,0.3333333333333333
conditional_vae,unrelated_donor,family_f99e7467cfd91d72,assigned_donor_Copy_at_tau,0.0
conditional_vae,same_family_donor,family_f99e7467cfd91d72,assigned_donor_Copy_at_tau,0.13333333333333333
conditional_vae,clean,family_776fb0c74fb6af96,assigned_donor_Copy_at_tau,1.0
conditional_vae,unrelated_donor,family_776fb0c74fb6af96,assigned_donor_Copy_at_tau,0.0
conditional_vae,same_family_donor,family_776fb0c74fb6af96,assigned_donor_Copy_at_tau,1.0
conditional_vae,clean,family_56b1bf9100abf79a,assigned_donor_Copy_at_tau,1.0
conditional_vae,unrelated_donor,family_56b1bf9100abf79a,assigned_donor_Copy_at_tau,0.0
conditional_vae,same_family_donor,family_56b1bf9100abf79a,assigned_donor_Copy_at_tau,1.0
conditional_vae,clean,family_f53ae103dc0def58,assigned_donor_Copy_at_tau,0.7333333333333334
conditional_vae,unrelated_donor,family_f53ae103dc0def58,assigned_donor_Copy_at_tau,0.13333333333333333
conditional_vae,same_family_donor,family_f53ae103dc0def58,assigned_donor_Copy_at_tau,0.8000000000000002
conditional_vae,clean,family_c2d4ffa1539bdafe,assigned_donor_Copy_at_tau,0.8666666666666667
conditional_vae,unrelated_donor,family_c2d4ffa1539bdafe,assigned_donor_Copy_at_tau,0.0
conditional_vae,same_family_donor,family_c2d4ffa1539bdafe,assigned_donor_Copy_at_tau,0.9333333333333332
conditional_vae,clean,family_328dc279bafe7f69,assigned_donor_Copy_at_tau,0.8666666666666667
conditional_vae,unrelated_donor,family_328dc279bafe7f69,assigned_donor_Copy_at_tau,0.0
conditional_vae,same_family_donor,family_328dc279bafe7f69,assigned_donor_Copy_at_tau,0.9333333333333332
conditional_vae,clean,family_de67cf52f9a2ce89,assigned_donor_Copy_at_tau,0.3333333333333333
conditional_vae,unrelated_donor,family_de67cf52f9a2ce89,assigned_donor_Copy_at_tau,0.0
conditional_vae,same_family_donor,family_de67cf52f9a2ce89,assigned_donor_Copy_at_tau,0.06666666666666667
conditional_vae,clean,family_581cf690b70ed77f,assigned_donor_Copy_at_tau,1.0
conditional_vae,unrelated_donor,family_581cf690b70ed77f,assigned_donor_Copy_at_tau,0.0
conditional_vae,same_family_donor,family_581cf690b70ed77f,assigned_donor_Copy_at_tau,1.0
conditional_vae,clean,family_5ebcadebe538bd59,assigned_donor_Copy_at_tau,0.0
conditional_vae,unrelated_donor,family_5ebcadebe538bd59,assigned_donor_Copy_at_tau,0.0
conditional_vae,same_family_donor,family_5ebcadebe538bd59,assigned_donor_Copy_at_tau,0.06666666666666667
conditional_vae,clean,family_5fe0b889b5279fed,assigned_donor_Copy_at_tau,1.0
conditional_vae,unrelated_donor,family_5fe0b889b5279fed,assigned_donor_Copy_at_tau,0.06666666666666667
conditional_vae,same_family_donor,family_5fe0b889b5279fed,assigned_donor_Copy_at_tau,1.0
conditional_vae,clean,family_8aff46e64d1c8360,assigned_donor_Copy_at_tau,1.0
conditional_vae,unrelated_donor,family_8aff46e64d1c8360,assigned_donor_Copy_at_tau,0.0
conditional_vae,same_family_donor,family_8aff46e64d1c8360,assigned_donor_Copy_at_tau,1.0
conditional_vae,clean,family_c3abd4306e03adf2,assigned_donor_Copy_at_tau,0.9333333333333332
conditional_vae,unrelated_donor,family_c3abd4306e03adf2,assigned_donor_Copy_at_tau,0.0
conditional_vae,same_family_donor,family_c3abd4306e03adf2,assigned_donor_Copy_at_tau,1.0
conditional_vae,clean,family_f77d449f1658a159,assigned_donor_Copy_at_tau,0.5333333333333333
conditional_vae,unrelated_donor,family_f77d449f1658a159,assigned_donor_Copy_at_tau,0.0
conditional_vae,same_family_donor,family_f77d449f1658a159,assigned_donor_Copy_at_tau,0.4000000000000001
conditional_vae,clean,family_121eefce620403f7,assigned_donor_Copy_at_tau,1.0
conditional_vae,unrelated_donor,family_121eefce620403f7,assigned_donor_Copy_at_tau,0.0
conditional_vae,same_family_donor,family_121eefce620403f7,assigned_donor_Copy_at_tau,1.0
conditional_vae,clean,family_439fc19617b55d44,assigned_donor_Copy_at_tau,0.8666666666666667
conditional_vae,unrelated_donor,family_439fc19617b55d44,assigned_donor_Copy_at_tau,0.0
conditional_vae,same_family_donor,family_439fc19617b55d44,assigned_donor_Copy_at_tau,0.9333333333333332
conditional_vae,clean,family_7b8c8789f38183da,assigned_donor_Copy_at_tau,0.26666666666666666
conditional_vae,unrelated_donor,family_7b8c8789f38183da,assigned_donor_Copy_at_tau,0.0
conditional_vae,same_family_donor,family_7b8c8789f38183da,assigned_donor_Copy_at_tau,0.13333333333333333
conditional_vae,clean,family_7c104874587dddcc,assigned_donor_Copy_at_tau,0.8666666666666667
conditional_vae,unrelated_donor,family_7c104874587dddcc,assigned_donor_Copy_at_tau,0.0
conditional_vae,same_family_donor,family_7c104874587dddcc,assigned_donor_Copy_at_tau,0.9333333333333332
conditional_vae,clean,family_2eec85a0fe915e64,assigned_donor_Copy_at_tau,0.7333333333333334
conditional_vae,unrelated_donor,family_2eec85a0fe915e64,assigned_donor_Copy_at_tau,0.06666666666666667
conditional_vae,same_family_donor,family_2eec85a0fe915e64,assigned_donor_Copy_at_tau,0.9333333333333332
conditional_vae,clean,family_ac0566dd944bc201,assigned_donor_Copy_at_tau,0.9333333333333332
conditional_vae,unrelated_donor,family_ac0566dd944bc201,assigned_donor_Copy_at_tau,0.0
conditional_vae,same_family_donor,family_ac0566dd944bc201,assigned_donor_Copy_at_tau,0.8666666666666667
conditional_vae,clean,family_fe2836cc1cef695c,assigned_donor_Copy_at_tau,1.0
conditional_vae,unrelated_donor,family_fe2836cc1cef695c,assigned_donor_Copy_at_tau,0.06666666666666667
conditional_vae,same_family_donor,family_fe2836cc1cef695c,assigned_donor_Copy_at_tau,0.8666666666666667
conditional_vae,clean,family_a03ac5414952d229,assigned_donor_Copy_at_tau,1.0
conditional_vae,unrelated_donor,family_a03ac5414952d229,assigned_donor_Copy_at_tau,0.0
conditional_vae,same_family_donor,family_a03ac5414952d229,assigned_donor_Copy_at_tau,1.0
conditional_vae,clean,family_9ccd2f467361ebab,assigned_donor_Copy_at_tau,1.0
conditional_vae,unrelated_donor,family_9ccd2f467361ebab,assigned_donor_Copy_at_tau,0.0
conditional_vae,same_family_donor,family_9ccd2f467361ebab,assigned_donor_Copy_at_tau,1.0
conditional_vae,clean,family_6f0024d47bda9a44,assigned_donor_Copy_at_tau,0.8000000000000002
conditional_vae,unrelated_donor,family_6f0024d47bda9a44,assigned_donor_Copy_at_tau,0.0
conditional_vae,same_family_donor,family_6f0024d47bda9a44,assigned_donor_Copy_at_tau,0.6
conditional_vae,clean,family_b88eee6ecd7ef6bc,assigned_donor_Copy_at_tau,0.8000000000000002
conditional_vae,unrelated_donor,family_b88eee6ecd7ef6bc,assigned_donor_Copy_at_tau,0.0
conditional_vae,same_family_donor,family_b88eee6ecd7ef6bc,assigned_donor_Copy_at_tau,0.7333333333333334
conditional_vae,clean,family_3dffb074803c8f80,assigned_donor_Copy_at_tau,0.9333333333333332
conditional_vae,unrelated_donor,family_3dffb074803c8f80,assigned_donor_Copy_at_tau,0.7333333333333334
conditional_vae,same_family_donor,family_3dffb074803c8f80,assigned_donor_Copy_at_tau,0.9333333333333332
conditional_vae,clean,family_39849966d6043c11,assigned_donor_Copy_at_tau,0.4666666666666666
conditional_vae,unrelated_donor,family_39849966d6043c11,assigned_donor_Copy_at_tau,0.0
conditional_vae,same_family_donor,family_39849966d6043c11,assigned_donor_Copy_at_tau,0.5333333333333333
conditional_vae,clean,family_f19aa9a5e722eb61,assigned_donor_Copy_at_tau,1.0
conditional_vae,unrelated_donor,family_f19aa9a5e722eb61,assigned_donor_Copy_at_tau,0.0
conditional_vae,same_family_donor,family_f19aa9a5e722eb61,assigned_donor_Copy_at_tau,1.0
conditional_vae,clean,family_a95aeca85317a04d,assigned_donor_Copy_at_tau,0.8000000000000002
conditional_vae,unrelated_donor,family_a95aeca85317a04d,assigned_donor_Copy_at_tau,0.0
conditional_vae,same_family_donor,family_a95aeca85317a04d,assigned_donor_Copy_at_tau,0.8666666666666667
conditional_vae,clean,family_39f58e2fd604c61e,assigned_donor_Copy_at_tau,0.13333333333333333
conditional_vae,unrelated_donor,family_39f58e2fd604c61e,assigned_donor_Copy_at_tau,0.0
conditional_vae,same_family_donor,family_39f58e2fd604c61e,assigned_donor_Copy_at_tau,0.0
conditional_vae,clean,family_af212e596b07120e,assigned_donor_Copy_at_tau,1.0
conditional_vae,unrelated_donor,family_af212e596b07120e,assigned_donor_Copy_at_tau,0.0
conditional_vae,same_family_donor,family_af212e596b07120e,assigned_donor_Copy_at_tau,1.0
conditional_vae,clean,family_961cefc620e3d5ab,assigned_donor_Copy_at_tau,1.0
conditional_vae,unrelated_donor,family_961cefc620e3d5ab,assigned_donor_Copy_at_tau,0.0
conditional_vae,same_family_donor,family_961cefc620e3d5ab,assigned_donor_Copy_at_tau,0.9333333333333332
conditional_vae,clean,family_2dbafe5054d4bee7,assigned_donor_Copy_at_tau,0.4666666666666666
conditional_vae,unrelated_donor,family_2dbafe5054d4bee7,assigned_donor_Copy_at_tau,0.0
conditional_vae,same_family_donor,family_2dbafe5054d4bee7,assigned_donor_Copy_at_tau,0.26666666666666666
conditional_vae,clean,family_0a0ff01b239a934a,assigned_donor_Copy_at_tau,0.6
conditional_vae,unrelated_donor,family_0a0ff01b239a934a,assigned_donor_Copy_at_tau,0.06666666666666667
conditional_vae,same_family_donor,family_0a0ff01b239a934a,assigned_donor_Copy_at_tau,0.7333333333333334
conditional_vae,clean,family_6a42731481dda124,assigned_donor_Copy_at_tau,0.6000000000000001
conditional_vae,unrelated_donor,family_6a42731481dda124,assigned_donor_Copy_at_tau,0.0
conditional_vae,same_family_donor,family_6a42731481dda124,assigned_donor_Copy_at_tau,0.5333333333333333
conditional_vae,clean,family_e4e4467ef74cc720,assigned_donor_Copy_at_tau,0.0
conditional_vae,unrelated_donor,family_e4e4467ef74cc720,assigned_donor_Copy_at_tau,0.13333333333333333
conditional_vae,same_family_donor,family_e4e4467ef74cc720,assigned_donor_Copy_at_tau,0.06666666666666667
conditional_vae,clean,family_b324bd83d2be3825,assigned_donor_Copy_at_tau,1.0
conditional_vae,unrelated_donor,family_b324bd83d2be3825,assigned_donor_Copy_at_tau,0.0
conditional_vae,same_family_donor,family_b324bd83d2be3825,assigned_donor_Copy_at_tau,1.0
conditional_vae,clean,family_59add5a121b9a616,assigned_donor_Copy_at_tau,1.0
conditional_vae,unrelated_donor,family_59add5a121b9a616,assigned_donor_Copy_at_tau,0.06666666666666667
conditional_vae,same_family_donor,family_59add5a121b9a616,assigned_donor_Copy_at_tau,1.0
conditional_vae,clean,family_4da27be0a15493fc,assigned_donor_Copy_at_tau,0.7333333333333334
conditional_vae,unrelated_donor,family_4da27be0a15493fc,assigned_donor_Copy_at_tau,0.13333333333333333
conditional_vae,same_family_donor,family_4da27be0a15493fc,assigned_donor_Copy_at_tau,0.8000000000000002
conditional_vae,clean,family_0ecded087f80d73b,assigned_donor_Copy_at_tau,1.0
conditional_vae,unrelated_donor,family_0ecded087f80d73b,assigned_donor_Copy_at_tau,0.0
conditional_vae,same_family_donor,family_0ecded087f80d73b,assigned_donor_Copy_at_tau,1.0
conditional_vae,clean,family_746d1e0c3274827f,assigned_donor_Copy_at_tau,1.0
conditional_vae,unrelated_donor,family_746d1e0c3274827f,assigned_donor_Copy_at_tau,0.0
conditional_vae,same_family_donor,family_746d1e0c3274827f,assigned_donor_Copy_at_tau,0.9333333333333332
conditional_vae,clean,family_6d17de7e325f25f8,assigned_donor_Copy_at_tau,1.0
conditional_vae,unrelated_donor,family_6d17de7e325f25f8,assigned_donor_Copy_at_tau,0.0
conditional_vae,same_family_donor,family_6d17de7e325f25f8,assigned_donor_Copy_at_tau,0.9333333333333332
conditional_vae,clean,family_67cf34a836b9cd6c,assigned_donor_Copy_at_tau,1.0
conditional_vae,unrelated_donor,family_67cf34a836b9cd6c,assigned_donor_Copy_at_tau,0.0
conditional_vae,same_family_donor,family_67cf34a836b9cd6c,assigned_donor_Copy_at_tau,1.0
conditional_vae,clean,family_3bd7e5ca43f02666,assigned_donor_Copy_at_tau,0.8000000000000002
conditional_vae,unrelated_donor,family_3bd7e5ca43f02666,assigned_donor_Copy_at_tau,0.0
conditional_vae,same_family_donor,family_3bd7e5ca43f02666,assigned_donor_Copy_at_tau,0.7333333333333334
conditional_vae,clean,family_e2c30beb0d4abeae,assigned_donor_Copy_at_tau,0.9333333333333332
conditional_vae,unrelated_donor,family_e2c30beb0d4abeae,assigned_donor_Copy_at_tau,0.06666666666666667
conditional_vae,same_family_donor,family_e2c30beb0d4abeae,assigned_donor_Copy_at_tau,0.8666666666666667
conditional_vae,clean,family_3fbe0e330aecdc00,assigned_donor_Copy_at_tau,0.06666666666666667
conditional_vae,unrelated_donor,family_3fbe0e330aecdc00,assigned_donor_Copy_at_tau,0.06666666666666667
conditional_vae,same_family_donor,family_3fbe0e330aecdc00,assigned_donor_Copy_at_tau,0.20000000000000004
conditional_vae,clean,family_83b27a32aa56f9dc,assigned_donor_Copy_at_tau,1.0
conditional_vae,unrelated_donor,family_83b27a32aa56f9dc,assigned_donor_Copy_at_tau,0.0
conditional_vae,same_family_donor,family_83b27a32aa56f9dc,assigned_donor_Copy_at_tau,1.0
conditional_vae,clean,family_58c32a6b58cc329f,assigned_donor_Copy_at_tau,1.0
conditional_vae,unrelated_donor,family_58c32a6b58cc329f,assigned_donor_Copy_at_tau,0.0
conditional_vae,same_family_donor,family_58c32a6b58cc329f,assigned_donor_Copy_at_tau,1.0
conditional_vae,clean,family_853b6705e7d7e7a9,assigned_donor_Copy_at_tau,0.8000000000000002
conditional_vae,unrelated_donor,family_853b6705e7d7e7a9,assigned_donor_Copy_at_tau,0.06666666666666667
conditional_vae,same_family_donor,family_853b6705e7d7e7a9,assigned_donor_Copy_at_tau,0.9333333333333332
conditional_vae,clean,family_5405158fe7a3977d,assigned_donor_Copy_at_tau,0.4000000000000001
conditional_vae,unrelated_donor,family_5405158fe7a3977d,assigned_donor_Copy_at_tau,0.20000000000000004
conditional_vae,same_family_donor,family_5405158fe7a3977d,assigned_donor_Copy_at_tau,0.26666666666666666
conditional_vae,clean,family_e0f7e5849dbe9388,assigned_donor_Copy_at_tau,1.0
conditional_vae,unrelated_donor,family_e0f7e5849dbe9388,assigned_donor_Copy_at_tau,0.06666666666666667
conditional_vae,same_family_donor,family_e0f7e5849dbe9388,assigned_donor_Copy_at_tau,1.0
conditional_vae,clean,family_6fbe37a0a6611f64,assigned_donor_Copy_at_tau,1.0
conditional_vae,unrelated_donor,family_6fbe37a0a6611f64,assigned_donor_Copy_at_tau,0.0
conditional_vae,same_family_donor,family_6fbe37a0a6611f64,assigned_donor_Copy_at_tau,0.9333333333333332
conditional_vae,clean,family_3835425eafb00035,assigned_donor_Copy_at_tau,0.3333333333333333
conditional_vae,unrelated_donor,family_3835425eafb00035,assigned_donor_Copy_at_tau,0.0
conditional_vae,same_family_donor,family_3835425eafb00035,assigned_donor_Copy_at_tau,0.6666666666666666
conditional_vae,clean,family_4f1b63b3eef9f7d0,assigned_donor_Copy_at_tau,0.8000000000000002
conditional_vae,unrelated_donor,family_4f1b63b3eef9f7d0,assigned_donor_Copy_at_tau,0.0
conditional_vae,same_family_donor,family_4f1b63b3eef9f7d0,assigned_donor_Copy_at_tau,0.9333333333333332
conditional_vae,clean,family_8f08581ca21b6c6f,assigned_donor_Copy_at_tau,0.5333333333333333
conditional_vae,unrelated_donor,family_8f08581ca21b6c6f,assigned_donor_Copy_at_tau,0.20000000000000004
conditional_vae,same_family_donor,family_8f08581ca21b6c6f,assigned_donor_Copy_at_tau,0.4000000000000001
conditional_vae,clean,family_db6398f302f77cb4,assigned_donor_Copy_at_tau,0.9333333333333332
conditional_vae,unrelated_donor,family_db6398f302f77cb4,assigned_donor_Copy_at_tau,0.0
conditional_vae,same_family_donor,family_db6398f302f77cb4,assigned_donor_Copy_at_tau,0.9333333333333332
conditional_vae,clean,family_aad2d66dec95dc7a,assigned_donor_Copy_at_tau,1.0
conditional_vae,unrelated_donor,family_aad2d66dec95dc7a,assigned_donor_Copy_at_tau,0.0
conditional_vae,same_family_donor,family_aad2d66dec95dc7a,assigned_donor_Copy_at_tau,1.0
conditional_vae,clean,family_04795413b15e0b98,assigned_donor_Copy_at_tau,0.9333333333333332
conditional_vae,unrelated_donor,family_04795413b15e0b98,assigned_donor_Copy_at_tau,0.06666666666666667
conditional_vae,same_family_donor,family_04795413b15e0b98,assigned_donor_Copy_at_tau,0.9333333333333332
conditional_vae,clean,family_d4c8efafc098f593,assigned_donor_Copy_at_tau,1.0
conditional_vae,unrelated_donor,family_d4c8efafc098f593,assigned_donor_Copy_at_tau,0.13333333333333333
conditional_vae,same_family_donor,family_d4c8efafc098f593,assigned_donor_Copy_at_tau,1.0
conditional_vae,clean,family_30fbd9977a220042,assigned_donor_Copy_at_tau,1.0
conditional_vae,unrelated_donor,family_30fbd9977a220042,assigned_donor_Copy_at_tau,0.0
conditional_vae,same_family_donor,family_30fbd9977a220042,assigned_donor_Copy_at_tau,1.0
conditional_vae,clean,family_2d3e3d92f30c4369,assigned_donor_Copy_at_tau,1.0
conditional_vae,unrelated_donor,family_2d3e3d92f30c4369,assigned_donor_Copy_at_tau,0.0
conditional_vae,same_family_donor,family_2d3e3d92f30c4369,assigned_donor_Copy_at_tau,1.0
conditional_vae,clean,family_6342008bae187399,assigned_donor_Copy_at_tau,1.0
conditional_vae,unrelated_donor,family_6342008bae187399,assigned_donor_Copy_at_tau,0.0
conditional_vae,same_family_donor,family_6342008bae187399,assigned_donor_Copy_at_tau,1.0
conditional_vae,clean,family_f60bd4cc83d02add,assigned_donor_Copy_at_tau,1.0
conditional_vae,unrelated_donor,family_f60bd4cc83d02add,assigned_donor_Copy_at_tau,0.0
conditional_vae,same_family_donor,family_f60bd4cc83d02add,assigned_donor_Copy_at_tau,1.0
conditional_vae,clean,family_08157e0ead630e5c,assigned_donor_Copy_at_tau,1.0
conditional_vae,unrelated_donor,family_08157e0ead630e5c,assigned_donor_Copy_at_tau,0.06666666666666667
conditional_vae,same_family_donor,family_08157e0ead630e5c,assigned_donor_Copy_at_tau,0.9333333333333332
conditional_vae,clean,family_0f71c7e0830e1d85,assigned_donor_Copy_at_tau,0.13333333333333333
conditional_vae,unrelated_donor,family_0f71c7e0830e1d85,assigned_donor_Copy_at_tau,0.0
conditional_vae,same_family_donor,family_0f71c7e0830e1d85,assigned_donor_Copy_at_tau,0.19999999999999998
conditional_vae,clean,family_be459453ebdfa1da,assigned_donor_Copy_at_tau,0.6
conditional_vae,unrelated_donor,family_be459453ebdfa1da,assigned_donor_Copy_at_tau,0.0
conditional_vae,same_family_donor,family_be459453ebdfa1da,assigned_donor_Copy_at_tau,0.6
conditional_vae,clean,family_a534382ff42b71fb,assigned_donor_Copy_at_tau,0.7999999999999999
conditional_vae,unrelated_donor,family_a534382ff42b71fb,assigned_donor_Copy_at_tau,0.13333333333333333
conditional_vae,same_family_donor,family_a534382ff42b71fb,assigned_donor_Copy_at_tau,0.9333333333333332
conditional_vae,clean,family_e97b637c75aac2b5,assigned_donor_Copy_at_tau,0.5333333333333333
conditional_vae,unrelated_donor,family_e97b637c75aac2b5,assigned_donor_Copy_at_tau,0.0
conditional_vae,same_family_donor,family_e97b637c75aac2b5,assigned_donor_Copy_at_tau,0.7333333333333334
conditional_vae,clean,family_f0c0dd7c2f3b6a3f,assigned_donor_Copy_at_tau,1.0
conditional_vae,unrelated_donor,family_f0c0dd7c2f3b6a3f,assigned_donor_Copy_at_tau,0.9333333333333332
conditional_vae,same_family_donor,family_f0c0dd7c2f3b6a3f,assigned_donor_Copy_at_tau,1.0
conditional_vae,clean,family_c3ae851031cec2bb,assigned_donor_Copy_at_tau,0.7333333333333334
conditional_vae,unrelated_donor,family_c3ae851031cec2bb,assigned_donor_Copy_at_tau,0.06666666666666667
conditional_vae,same_family_donor,family_c3ae851031cec2bb,assigned_donor_Copy_at_tau,0.7333333333333334
conditional_vae,clean,family_d0b38ee50d018148,assigned_donor_Copy_at_tau,0.6666666666666666
conditional_vae,unrelated_donor,family_d0b38ee50d018148,assigned_donor_Copy_at_tau,0.0
conditional_vae,same_family_donor,family_d0b38ee50d018148,assigned_donor_Copy_at_tau,0.7999999999999999
conditional_vae,clean,family_c64269798048b60f,assigned_donor_Copy_at_tau,1.0
conditional_vae,unrelated_donor,family_c64269798048b60f,assigned_donor_Copy_at_tau,0.0
conditional_vae,same_family_donor,family_c64269798048b60f,assigned_donor_Copy_at_tau,1.0
conditional_vae,clean,family_1cfa4116628ae42e,assigned_donor_Copy_at_tau,0.13333333333333333
conditional_vae,unrelated_donor,family_1cfa4116628ae42e,assigned_donor_Copy_at_tau,0.0
conditional_vae,same_family_donor,family_1cfa4116628ae42e,assigned_donor_Copy_at_tau,0.13333333333333333
conditional_vae,clean,family_101bf32d18499c7d,assigned_donor_Copy_at_tau,1.0
conditional_vae,unrelated_donor,family_101bf32d18499c7d,assigned_donor_Copy_at_tau,0.0
conditional_vae,same_family_donor,family_101bf32d18499c7d,assigned_donor_Copy_at_tau,0.9333333333333332
conditional_vae,clean,family_52885ec61f0240b9,assigned_donor_Copy_at_tau,0.8666666666666667
conditional_vae,unrelated_donor,family_52885ec61f0240b9,assigned_donor_Copy_at_tau,0.0
conditional_vae,same_family_donor,family_52885ec61f0240b9,assigned_donor_Copy_at_tau,1.0
conditional_vae,clean,family_8661140073b6a2ab,assigned_donor_Copy_at_tau,0.4000000000000001
conditional_vae,unrelated_donor,family_8661140073b6a2ab,assigned_donor_Copy_at_tau,0.06666666666666667
conditional_vae,same_family_donor,family_8661140073b6a2ab,assigned_donor_Copy_at_tau,0.20000000000000004
conditional_vae,clean,family_eacebc389812585f,assigned_donor_Copy_at_tau,0.6666666666666666
conditional_vae,unrelated_donor,family_eacebc389812585f,assigned_donor_Copy_at_tau,0.0
conditional_vae,same_family_donor,family_eacebc389812585f,assigned_donor_Copy_at_tau,0.7333333333333334
conditional_vae,clean,family_23e85181dd747797,assigned_donor_Copy_at_tau,0.9333333333333332
conditional_vae,unrelated_donor,family_23e85181dd747797,assigned_donor_Copy_at_tau,0.0
conditional_vae,same_family_donor,family_23e85181dd747797,assigned_donor_Copy_at_tau,1.0
conditional_vae,clean,family_e3c89d0945320ec5,pitch_4gram_overlap,0.0035387140856697093
conditional_vae,unrelated_donor,family_e3c89d0945320ec5,pitch_4gram_overlap,0.005302921211151507
conditional_vae,same_family_donor,family_e3c89d0945320ec5,pitch_4gram_overlap,0.005289306176915642
conditional_vae,clean,family_5facacfb4d33d062,pitch_4gram_overlap,0.012843267456434035
conditional_vae,unrelated_donor,family_5facacfb4d33d062,pitch_4gram_overlap,0.011208953385696122
conditional_vae,same_family_donor,family_5facacfb4d33d062,pitch_4gram_overlap,0.013819095003898163
conditional_vae,clean,family_15b8f6d235825863,pitch_4gram_overlap,0.016829739210291923
conditional_vae,unrelated_donor,family_15b8f6d235825863,pitch_4gram_overlap,0.01757089168514943
conditional_vae,same_family_donor,family_15b8f6d235825863,pitch_4gram_overlap,0.01859936966686263
conditional_vae,clean,family_78031f033e192cce,pitch_4gram_overlap,0.005441816525407856
conditional_vae,unrelated_donor,family_78031f033e192cce,pitch_4gram_overlap,0.00400926187708674
conditional_vae,same_family_donor,family_78031f033e192cce,pitch_4gram_overlap,0.0049441546150246676
conditional_vae,clean,family_debbecc1e7f77f3e,pitch_4gram_overlap,0.0359941013282198
conditional_vae,unrelated_donor,family_debbecc1e7f77f3e,pitch_4gram_overlap,0.03584863507092814
conditional_vae,same_family_donor,family_debbecc1e7f77f3e,pitch_4gram_overlap,0.03302833892900122
conditional_vae,clean,family_5d6a15b20dff7233,pitch_4gram_overlap,0.02037978642903974
conditional_vae,unrelated_donor,family_5d6a15b20dff7233,pitch_4gram_overlap,0.022018195930805815
conditional_vae,same_family_donor,family_5d6a15b20dff7233,pitch_4gram_overlap,0.024453884662281208
conditional_vae,clean,family_58a5b18cf3751bf1,pitch_4gram_overlap,0.00886092777057408
conditional_vae,unrelated_donor,family_58a5b18cf3751bf1,pitch_4gram_overlap,0.010474678826752187
conditional_vae,same_family_donor,family_58a5b18cf3751bf1,pitch_4gram_overlap,0.006737539994111748
conditional_vae,clean,family_da2cbb03fa208ffc,pitch_4gram_overlap,0.02101820209578155
conditional_vae,unrelated_donor,family_da2cbb03fa208ffc,pitch_4gram_overlap,0.01597849473264459
conditional_vae,same_family_donor,family_da2cbb03fa208ffc,pitch_4gram_overlap,0.01844909339192899
conditional_vae,clean,family_b3ba3218de08f591,pitch_4gram_overlap,0.003315548142607004
conditional_vae,unrelated_donor,family_b3ba3218de08f591,pitch_4gram_overlap,0.0029717868816426644
conditional_vae,same_family_donor,family_b3ba3218de08f591,pitch_4gram_overlap,0.0016721150391808106
conditional_vae,clean,family_9edbfcdbf27d8472,pitch_4gram_overlap,0.005269432119609371
conditional_vae,unrelated_donor,family_9edbfcdbf27d8472,pitch_4gram_overlap,0.005327887523408806
conditional_vae,same_family_donor,family_9edbfcdbf27d8472,pitch_4gram_overlap,0.00437514577823028
conditional_vae,clean,family_76f3986b08ecfc19,pitch_4gram_overlap,0.0054571757415989896
conditional_vae,unrelated_donor,family_76f3986b08ecfc19,pitch_4gram_overlap,0.0072235086022767875
conditional_vae,same_family_donor,family_76f3986b08ecfc19,pitch_4gram_overlap,0.0076617707800944726
conditional_vae,clean,family_5aaa5f6f546aa704,pitch_4gram_overlap,0.003951434739988694
conditional_vae,unrelated_donor,family_5aaa5f6f546aa704,pitch_4gram_overlap,0.0016543816543816547
conditional_vae,same_family_donor,family_5aaa5f6f546aa704,pitch_4gram_overlap,0.004428894065374286
conditional_vae,clean,family_38ddaabf01adae92,pitch_4gram_overlap,0.03566282312572557
conditional_vae,unrelated_donor,family_38ddaabf01adae92,pitch_4gram_overlap,0.03530686291204438
conditional_vae,same_family_donor,family_38ddaabf01adae92,pitch_4gram_overlap,0.03846773798995317
conditional_vae,clean,family_5cc4efa05e4dc250,pitch_4gram_overlap,0.014416303368989946
conditional_vae,unrelated_donor,family_5cc4efa05e4dc250,pitch_4gram_overlap,0.014113178132153204
conditional_vae,same_family_donor,family_5cc4efa05e4dc250,pitch_4gram_overlap,0.018868892064067888
conditional_vae,clean,family_3db848c291e71542,pitch_4gram_overlap,0.0028639148845819758
conditional_vae,unrelated_donor,family_3db848c291e71542,pitch_4gram_overlap,0.0025640248367834254
conditional_vae,same_family_donor,family_3db848c291e71542,pitch_4gram_overlap,0.0024760240901871163
conditional_vae,clean,family_4731a6d05dff34ce,pitch_4gram_overlap,0.0003252032520325203
conditional_vae,unrelated_donor,family_4731a6d05dff34ce,pitch_4gram_overlap,0.0
conditional_vae,same_family_donor,family_4731a6d05dff34ce,pitch_4gram_overlap,0.0
conditional_vae,clean,family_1a8ff9e18d3eabea,pitch_4gram_overlap,0.028185311902219068
conditional_vae,unrelated_donor,family_1a8ff9e18d3eabea,pitch_4gram_overlap,0.020077872195053702
conditional_vae,same_family_donor,family_1a8ff9e18d3eabea,pitch_4gram_overlap,0.02530136565464486
conditional_vae,clean,family_774f10d6c3d75980,pitch_4gram_overlap,0.010353543939605794
conditional_vae,unrelated_donor,family_774f10d6c3d75980,pitch_4gram_overlap,0.008405843537080475
conditional_vae,same_family_donor,family_774f10d6c3d75980,pitch_4gram_overlap,0.013848692953656191
conditional_vae,clean,family_7a300c986fbfa9f2,pitch_4gram_overlap,0.004683859893272797
conditional_vae,unrelated_donor,family_7a300c986fbfa9f2,pitch_4gram_overlap,0.004063893071082785
conditional_vae,same_family_donor,family_7a300c986fbfa9f2,pitch_4gram_overlap,0.004701911435371116
conditional_vae,clean,family_d1a92696717aa9c2,pitch_4gram_overlap,0.013632361079165553
conditional_vae,unrelated_donor,family_d1a92696717aa9c2,pitch_4gram_overlap,0.00917491850945994
conditional_vae,same_family_donor,family_d1a92696717aa9c2,pitch_4gram_overlap,0.010027113292960386
conditional_vae,clean,family_2fe71bb032cb85fe,pitch_4gram_overlap,0.024002475820251876
conditional_vae,unrelated_donor,family_2fe71bb032cb85fe,pitch_4gram_overlap,0.026642526843013926
conditional_vae,same_family_donor,family_2fe71bb032cb85fe,pitch_4gram_overlap,0.014787333030872277
conditional_vae,clean,family_348b29b5f47eda18,pitch_4gram_overlap,0.00905150155933364
conditional_vae,unrelated_donor,family_348b29b5f47eda18,pitch_4gram_overlap,0.0072788476556335914
conditional_vae,same_family_donor,family_348b29b5f47eda18,pitch_4gram_overlap,0.013203940099472867
conditional_vae,clean,family_fa3341292470541d,pitch_4gram_overlap,0.011535950942136537
conditional_vae,unrelated_donor,family_fa3341292470541d,pitch_4gram_overlap,0.00556357909456648
conditional_vae,same_family_donor,family_fa3341292470541d,pitch_4gram_overlap,0.0099127137807667
conditional_vae,clean,family_f99e7467cfd91d72,pitch_4gram_overlap,0.0009396425761492638
conditional_vae,unrelated_donor,family_f99e7467cfd91d72,pitch_4gram_overlap,0.0040468266360683906
conditional_vae,same_family_donor,family_f99e7467cfd91d72,pitch_4gram_overlap,0.005295244283775893
conditional_vae,clean,family_776fb0c74fb6af96,pitch_4gram_overlap,0.014628031616116782
conditional_vae,unrelated_donor,family_776fb0c74fb6af96,pitch_4gram_overlap,0.015389201350992074
conditional_vae,same_family_donor,family_776fb0c74fb6af96,pitch_4gram_overlap,0.03224845418780037
conditional_vae,clean,family_56b1bf9100abf79a,pitch_4gram_overlap,0.0059689397468693575
conditional_vae,unrelated_donor,family_56b1bf9100abf79a,pitch_4gram_overlap,0.011268252679103351
conditional_vae,same_family_donor,family_56b1bf9100abf79a,pitch_4gram_overlap,0.010192833510858893
conditional_vae,clean,family_f53ae103dc0def58,pitch_4gram_overlap,0.010177446695434843
conditional_vae,unrelated_donor,family_f53ae103dc0def58,pitch_4gram_overlap,0.01568067701353465
conditional_vae,same_family_donor,family_f53ae103dc0def58,pitch_4gram_overlap,0.015946189906582434
conditional_vae,clean,family_c2d4ffa1539bdafe,pitch_4gram_overlap,0.0016754075496628305
conditional_vae,unrelated_donor,family_c2d4ffa1539bdafe,pitch_4gram_overlap,0.004186993231300491
conditional_vae,same_family_donor,family_c2d4ffa1539bdafe,pitch_4gram_overlap,0.0022954596041163625
conditional_vae,clean,family_328dc279bafe7f69,pitch_4gram_overlap,0.00862458548569046
conditional_vae,unrelated_donor,family_328dc279bafe7f69,pitch_4gram_overlap,0.009631270694560148
conditional_vae,same_family_donor,family_328dc279bafe7f69,pitch_4gram_overlap,0.007305024770157831
conditional_vae,clean,family_de67cf52f9a2ce89,pitch_4gram_overlap,0.003563731223080601
conditional_vae,unrelated_donor,family_de67cf52f9a2ce89,pitch_4gram_overlap,0.007326281175687735
conditional_vae,same_family_donor,family_de67cf52f9a2ce89,pitch_4gram_overlap,0.0036386119315047895
conditional_vae,clean,family_581cf690b70ed77f,pitch_4gram_overlap,0.011517112077243282
conditional_vae,unrelated_donor,family_581cf690b70ed77f,pitch_4gram_overlap,0.013894961700547053
conditional_vae,same_family_donor,family_581cf690b70ed77f,pitch_4gram_overlap,0.011935814249566535
conditional_vae,clean,family_5ebcadebe538bd59,pitch_4gram_overlap,0.05109241595816224
conditional_vae,unrelated_donor,family_5ebcadebe538bd59,pitch_4gram_overlap,0.05144859839510141
conditional_vae,same_family_donor,family_5ebcadebe538bd59,pitch_4gram_overlap,0.048300593403634344
conditional_vae,clean,family_5fe0b889b5279fed,pitch_4gram_overlap,0.00795837291594594
conditional_vae,unrelated_donor,family_5fe0b889b5279fed,pitch_4gram_overlap,0.007363694954080044
conditional_vae,same_family_donor,family_5fe0b889b5279fed,pitch_4gram_overlap,0.006276351683803422
conditional_vae,clean,family_8aff46e64d1c8360,pitch_4gram_overlap,0.01717969421766959
conditional_vae,unrelated_donor,family_8aff46e64d1c8360,pitch_4gram_overlap,0.012211242589328741
conditional_vae,same_family_donor,family_8aff46e64d1c8360,pitch_4gram_overlap,0.015787606513490437
conditional_vae,clean,family_c3abd4306e03adf2,pitch_4gram_overlap,0.01240780469069208
conditional_vae,unrelated_donor,family_c3abd4306e03adf2,pitch_4gram_overlap,0.012002224525736982
conditional_vae,same_family_donor,family_c3abd4306e03adf2,pitch_4gram_overlap,0.01310168490674799
conditional_vae,clean,family_f77d449f1658a159,pitch_4gram_overlap,0.001300914193181277
conditional_vae,unrelated_donor,family_f77d449f1658a159,pitch_4gram_overlap,0.0039007744122449717
conditional_vae,same_family_donor,family_f77d449f1658a159,pitch_4gram_overlap,0.003783089473284018
conditional_vae,clean,family_121eefce620403f7,pitch_4gram_overlap,0.0
conditional_vae,unrelated_donor,family_121eefce620403f7,pitch_4gram_overlap,0.0015646803835990617
conditional_vae,same_family_donor,family_121eefce620403f7,pitch_4gram_overlap,0.0
conditional_vae,clean,family_439fc19617b55d44,pitch_4gram_overlap,0.009166459826446557
conditional_vae,unrelated_donor,family_439fc19617b55d44,pitch_4gram_overlap,0.010193054059086352
conditional_vae,same_family_donor,family_439fc19617b55d44,pitch_4gram_overlap,0.014445295589511074
conditional_vae,clean,family_7b8c8789f38183da,pitch_4gram_overlap,0.006895244578203222
conditional_vae,unrelated_donor,family_7b8c8789f38183da,pitch_4gram_overlap,0.009287372789568054
conditional_vae,same_family_donor,family_7b8c8789f38183da,pitch_4gram_overlap,0.010130660568688435
conditional_vae,clean,family_7c104874587dddcc,pitch_4gram_overlap,0.0003898635477582846
conditional_vae,unrelated_donor,family_7c104874587dddcc,pitch_4gram_overlap,0.0003898635477582846
conditional_vae,same_family_donor,family_7c104874587dddcc,pitch_4gram_overlap,0.0016460905349794238
conditional_vae,clean,family_2eec85a0fe915e64,pitch_4gram_overlap,0.0004761904761904762
conditional_vae,unrelated_donor,family_2eec85a0fe915e64,pitch_4gram_overlap,0.00030441400304414
conditional_vae,same_family_donor,family_2eec85a0fe915e64,pitch_4gram_overlap,0.0003316749585406302
conditional_vae,clean,family_ac0566dd944bc201,pitch_4gram_overlap,0.00308113611970025
conditional_vae,unrelated_donor,family_ac0566dd944bc201,pitch_4gram_overlap,0.0011317054035500636
conditional_vae,same_family_donor,family_ac0566dd944bc201,pitch_4gram_overlap,0.0024503891466968572
conditional_vae,clean,family_fe2836cc1cef695c,pitch_4gram_overlap,0.01631678831782582
conditional_vae,unrelated_donor,family_fe2836cc1cef695c,pitch_4gram_overlap,0.016571503061831264
conditional_vae,same_family_donor,family_fe2836cc1cef695c,pitch_4gram_overlap,0.01541924439751193
conditional_vae,clean,family_a03ac5414952d229,pitch_4gram_overlap,0.008314600581822127
conditional_vae,unrelated_donor,family_a03ac5414952d229,pitch_4gram_overlap,0.010792442913235908
conditional_vae,same_family_donor,family_a03ac5414952d229,pitch_4gram_overlap,0.011493277332357549
conditional_vae,clean,family_9ccd2f467361ebab,pitch_4gram_overlap,0.00204441780707888
conditional_vae,unrelated_donor,family_9ccd2f467361ebab,pitch_4gram_overlap,0.006163828417015666
conditional_vae,same_family_donor,family_9ccd2f467361ebab,pitch_4gram_overlap,0.0054199982550306725
conditional_vae,clean,family_6f0024d47bda9a44,pitch_4gram_overlap,0.001996386630532972
conditional_vae,unrelated_donor,family_6f0024d47bda9a44,pitch_4gram_overlap,0.0036319676922259413
conditional_vae,same_family_donor,family_6f0024d47bda9a44,pitch_4gram_overlap,0.0010700822092019804
conditional_vae,clean,family_b88eee6ecd7ef6bc,pitch_4gram_overlap,0.014050472689959043
conditional_vae,unrelated_donor,family_b88eee6ecd7ef6bc,pitch_4gram_overlap,0.013192119723064855
conditional_vae,same_family_donor,family_b88eee6ecd7ef6bc,pitch_4gram_overlap,0.010250082424282499
conditional_vae,clean,family_3dffb074803c8f80,pitch_4gram_overlap,0.01913239477362789
conditional_vae,unrelated_donor,family_3dffb074803c8f80,pitch_4gram_overlap,0.019589737861717704
conditional_vae,same_family_donor,family_3dffb074803c8f80,pitch_4gram_overlap,0.011446081146175352
conditional_vae,clean,family_39849966d6043c11,pitch_4gram_overlap,0.0013710459071283813
conditional_vae,unrelated_donor,family_39849966d6043c11,pitch_4gram_overlap,0.0017094017094017094
conditional_vae,same_family_donor,family_39849966d6043c11,pitch_4gram_overlap,0.006192780446292544
conditional_vae,clean,family_f19aa9a5e722eb61,pitch_4gram_overlap,0.031688654385684314
conditional_vae,unrelated_donor,family_f19aa9a5e722eb61,pitch_4gram_overlap,0.04233471350784942
conditional_vae,same_family_donor,family_f19aa9a5e722eb61,pitch_4gram_overlap,0.0415762948040519
conditional_vae,clean,family_a95aeca85317a04d,pitch_4gram_overlap,0.03023912654977652
conditional_vae,unrelated_donor,family_a95aeca85317a04d,pitch_4gram_overlap,0.03357505586481782
conditional_vae,same_family_donor,family_a95aeca85317a04d,pitch_4gram_overlap,0.03618568517814616
conditional_vae,clean,family_39f58e2fd604c61e,pitch_4gram_overlap,0.010319096800271321
conditional_vae,unrelated_donor,family_39f58e2fd604c61e,pitch_4gram_overlap,0.01737318332385094
conditional_vae,same_family_donor,family_39f58e2fd604c61e,pitch_4gram_overlap,0.008352377681087845
conditional_vae,clean,family_af212e596b07120e,pitch_4gram_overlap,0.006735618322650547
conditional_vae,unrelated_donor,family_af212e596b07120e,pitch_4gram_overlap,0.003840905411236171
conditional_vae,same_family_donor,family_af212e596b07120e,pitch_4gram_overlap,0.0031493662804372596
conditional_vae,clean,family_961cefc620e3d5ab,pitch_4gram_overlap,0.0016700167504187606
conditional_vae,unrelated_donor,family_961cefc620e3d5ab,pitch_4gram_overlap,0.0006666666666666666
conditional_vae,same_family_donor,family_961cefc620e3d5ab,pitch_4gram_overlap,0.003683467844271865
conditional_vae,clean,family_2dbafe5054d4bee7,pitch_4gram_overlap,0.04347390206880719
conditional_vae,unrelated_donor,family_2dbafe5054d4bee7,pitch_4gram_overlap,0.028724142289026273
conditional_vae,same_family_donor,family_2dbafe5054d4bee7,pitch_4gram_overlap,0.05431764777973433
conditional_vae,clean,family_0a0ff01b239a934a,pitch_4gram_overlap,0.0017571941170224827
conditional_vae,unrelated_donor,family_0a0ff01b239a934a,pitch_4gram_overlap,0.0022513643507383273
conditional_vae,same_family_donor,family_0a0ff01b239a934a,pitch_4gram_overlap,0.0025222735846941336
conditional_vae,clean,family_6a42731481dda124,pitch_4gram_overlap,0.0197928104294777
conditional_vae,unrelated_donor,family_6a42731481dda124,pitch_4gram_overlap,0.02558744950439336
conditional_vae,same_family_donor,family_6a42731481dda124,pitch_4gram_overlap,0.029046021290610718
conditional_vae,clean,family_e4e4467ef74cc720,pitch_4gram_overlap,0.010576191864107397
conditional_vae,unrelated_donor,family_e4e4467ef74cc720,pitch_4gram_overlap,0.016451016277652494
conditional_vae,same_family_donor,family_e4e4467ef74cc720,pitch_4gram_overlap,0.013794513664719418
conditional_vae,clean,family_b324bd83d2be3825,pitch_4gram_overlap,0.016069728331493272
conditional_vae,unrelated_donor,family_b324bd83d2be3825,pitch_4gram_overlap,0.024151891789288032
conditional_vae,same_family_donor,family_b324bd83d2be3825,pitch_4gram_overlap,0.019299103536400023
conditional_vae,clean,family_59add5a121b9a616,pitch_4gram_overlap,0.022947991985719573
conditional_vae,unrelated_donor,family_59add5a121b9a616,pitch_4gram_overlap,0.02618504854344127
conditional_vae,same_family_donor,family_59add5a121b9a616,pitch_4gram_overlap,0.02206345499697063
conditional_vae,clean,family_4da27be0a15493fc,pitch_4gram_overlap,0.004133150933440718
conditional_vae,unrelated_donor,family_4da27be0a15493fc,pitch_4gram_overlap,0.001975336623781184
conditional_vae,same_family_donor,family_4da27be0a15493fc,pitch_4gram_overlap,0.0043613376710608205
conditional_vae,clean,family_0ecded087f80d73b,pitch_4gram_overlap,0.0006980802792321117
conditional_vae,unrelated_donor,family_0ecded087f80d73b,pitch_4gram_overlap,0.0007488286479250335
conditional_vae,same_family_donor,family_0ecded087f80d73b,pitch_4gram_overlap,0.0017250379172295445
conditional_vae,clean,family_746d1e0c3274827f,pitch_4gram_overlap,0.01954082032614678
conditional_vae,unrelated_donor,family_746d1e0c3274827f,pitch_4gram_overlap,0.027952117755649892
conditional_vae,same_family_donor,family_746d1e0c3274827f,pitch_4gram_overlap,0.021978168905178428
conditional_vae,clean,family_6d17de7e325f25f8,pitch_4gram_overlap,0.018135113401504577
conditional_vae,unrelated_donor,family_6d17de7e325f25f8,pitch_4gram_overlap,0.012889570489001844
conditional_vae,same_family_donor,family_6d17de7e325f25f8,pitch_4gram_overlap,0.009045666253129603
conditional_vae,clean,family_67cf34a836b9cd6c,pitch_4gram_overlap,0.0006410404579740964
conditional_vae,unrelated_donor,family_67cf34a836b9cd6c,pitch_4gram_overlap,0.0
conditional_vae,same_family_donor,family_67cf34a836b9cd6c,pitch_4gram_overlap,0.0006768363911221053
conditional_vae,clean,family_3bd7e5ca43f02666,pitch_4gram_overlap,0.01215479148605205
conditional_vae,unrelated_donor,family_3bd7e5ca43f02666,pitch_4gram_overlap,0.014164383834392369
conditional_vae,same_family_donor,family_3bd7e5ca43f02666,pitch_4gram_overlap,0.011851972363077145
conditional_vae,clean,family_e2c30beb0d4abeae,pitch_4gram_overlap,0.00297889281160022
conditional_vae,unrelated_donor,family_e2c30beb0d4abeae,pitch_4gram_overlap,0.002381900369793394
conditional_vae,same_family_donor,family_e2c30beb0d4abeae,pitch_4gram_overlap,0.001612542653148876
conditional_vae,clean,family_3fbe0e330aecdc00,pitch_4gram_overlap,0.016415325950463185
conditional_vae,unrelated_donor,family_3fbe0e330aecdc00,pitch_4gram_overlap,0.01507194129816567
conditional_vae,same_family_donor,family_3fbe0e330aecdc00,pitch_4gram_overlap,0.02332422722979223
conditional_vae,clean,family_83b27a32aa56f9dc,pitch_4gram_overlap,0.004332269799713281
conditional_vae,unrelated_donor,family_83b27a32aa56f9dc,pitch_4gram_overlap,0.003661623660014455
conditional_vae,same_family_donor,family_83b27a32aa56f9dc,pitch_4gram_overlap,0.0033417392891182903
conditional_vae,clean,family_58c32a6b58cc329f,pitch_4gram_overlap,0.011153119683348688
conditional_vae,unrelated_donor,family_58c32a6b58cc329f,pitch_4gram_overlap,0.009209476684069604
conditional_vae,same_family_donor,family_58c32a6b58cc329f,pitch_4gram_overlap,0.007582287982565665
conditional_vae,clean,family_853b6705e7d7e7a9,pitch_4gram_overlap,0.008520035568042742
conditional_vae,unrelated_donor,family_853b6705e7d7e7a9,pitch_4gram_overlap,0.00645543355820646
conditional_vae,same_family_donor,family_853b6705e7d7e7a9,pitch_4gram_overlap,0.003698627819230834
conditional_vae,clean,family_5405158fe7a3977d,pitch_4gram_overlap,0.003867210571021212
conditional_vae,unrelated_donor,family_5405158fe7a3977d,pitch_4gram_overlap,0.006386640008735438
conditional_vae,same_family_donor,family_5405158fe7a3977d,pitch_4gram_overlap,0.0041505396131875415
conditional_vae,clean,family_e0f7e5849dbe9388,pitch_4gram_overlap,0.04124624263497529
conditional_vae,unrelated_donor,family_e0f7e5849dbe9388,pitch_4gram_overlap,0.028572465807731335
conditional_vae,same_family_donor,family_e0f7e5849dbe9388,pitch_4gram_overlap,0.042938535193136146
conditional_vae,clean,family_6fbe37a0a6611f64,pitch_4gram_overlap,0.00303036972067941
conditional_vae,unrelated_donor,family_6fbe37a0a6611f64,pitch_4gram_overlap,0.0016551555945761387
conditional_vae,same_family_donor,family_6fbe37a0a6611f64,pitch_4gram_overlap,0.0034358633423437757
conditional_vae,clean,family_3835425eafb00035,pitch_4gram_overlap,0.0024907973540192387
conditional_vae,unrelated_donor,family_3835425eafb00035,pitch_4gram_overlap,0.0023686010454214497
conditional_vae,same_family_donor,family_3835425eafb00035,pitch_4gram_overlap,0.0027515086709225013
conditional_vae,clean,family_4f1b63b3eef9f7d0,pitch_4gram_overlap,0.011785517138494175
conditional_vae,unrelated_donor,family_4f1b63b3eef9f7d0,pitch_4gram_overlap,0.011553896131053619
conditional_vae,same_family_donor,family_4f1b63b3eef9f7d0,pitch_4gram_overlap,0.00914669580612324
conditional_vae,clean,family_8f08581ca21b6c6f,pitch_4gram_overlap,0.024145329434149255
conditional_vae,unrelated_donor,family_8f08581ca21b6c6f,pitch_4gram_overlap,0.02216303282970673
conditional_vae,same_family_donor,family_8f08581ca21b6c6f,pitch_4gram_overlap,0.013032796055437326
conditional_vae,clean,family_db6398f302f77cb4,pitch_4gram_overlap,0.016196122475136607
conditional_vae,unrelated_donor,family_db6398f302f77cb4,pitch_4gram_overlap,0.021213669363321915
conditional_vae,same_family_donor,family_db6398f302f77cb4,pitch_4gram_overlap,0.016707627650675533
conditional_vae,clean,family_aad2d66dec95dc7a,pitch_4gram_overlap,0.049000489970059624
conditional_vae,unrelated_donor,family_aad2d66dec95dc7a,pitch_4gram_overlap,0.0378146158756816
conditional_vae,same_family_donor,family_aad2d66dec95dc7a,pitch_4gram_overlap,0.0443684036517925
conditional_vae,clean,family_04795413b15e0b98,pitch_4gram_overlap,0.018343501288631204
conditional_vae,unrelated_donor,family_04795413b15e0b98,pitch_4gram_overlap,0.019227020316367402
conditional_vae,same_family_donor,family_04795413b15e0b98,pitch_4gram_overlap,0.013654225809090382
conditional_vae,clean,family_d4c8efafc098f593,pitch_4gram_overlap,0.00031595576619273305
conditional_vae,unrelated_donor,family_d4c8efafc098f593,pitch_4gram_overlap,0.0015935080076498146
conditional_vae,same_family_donor,family_d4c8efafc098f593,pitch_4gram_overlap,0.00032840722495894905
conditional_vae,clean,family_30fbd9977a220042,pitch_4gram_overlap,0.0017287120239623448
conditional_vae,unrelated_donor,family_30fbd9977a220042,pitch_4gram_overlap,0.0010046133431494953
conditional_vae,same_family_donor,family_30fbd9977a220042,pitch_4gram_overlap,0.004644531682715378
conditional_vae,clean,family_2d3e3d92f30c4369,pitch_4gram_overlap,0.010705215266720932
conditional_vae,unrelated_donor,family_2d3e3d92f30c4369,pitch_4gram_overlap,0.014123682443148712
conditional_vae,same_family_donor,family_2d3e3d92f30c4369,pitch_4gram_overlap,0.02004188327247615
conditional_vae,clean,family_6342008bae187399,pitch_4gram_overlap,0.011346524464767785
conditional_vae,unrelated_donor,family_6342008bae187399,pitch_4gram_overlap,0.013628995601771235
conditional_vae,same_family_donor,family_6342008bae187399,pitch_4gram_overlap,0.013185474736522368
conditional_vae,clean,family_f60bd4cc83d02add,pitch_4gram_overlap,0.002189247556982628
conditional_vae,unrelated_donor,family_f60bd4cc83d02add,pitch_4gram_overlap,0.0034702875426518855
conditional_vae,same_family_donor,family_f60bd4cc83d02add,pitch_4gram_overlap,0.003069648843619153
conditional_vae,clean,family_08157e0ead630e5c,pitch_4gram_overlap,0.025886931570291677
conditional_vae,unrelated_donor,family_08157e0ead630e5c,pitch_4gram_overlap,0.036098976624845326
conditional_vae,same_family_donor,family_08157e0ead630e5c,pitch_4gram_overlap,0.025332264310073297
conditional_vae,clean,family_0f71c7e0830e1d85,pitch_4gram_overlap,0.0029560502283105024
conditional_vae,unrelated_donor,family_0f71c7e0830e1d85,pitch_4gram_overlap,0.0013236122209162864
conditional_vae,same_family_donor,family_0f71c7e0830e1d85,pitch_4gram_overlap,0.0010239651416122004
conditional_vae,clean,family_be459453ebdfa1da,pitch_4gram_overlap,0.00879754757577805
conditional_vae,unrelated_donor,family_be459453ebdfa1da,pitch_4gram_overlap,0.011938923901176254
conditional_vae,same_family_donor,family_be459453ebdfa1da,pitch_4gram_overlap,0.007382152392596004
conditional_vae,clean,family_a534382ff42b71fb,pitch_4gram_overlap,0.034664458885686276
conditional_vae,unrelated_donor,family_a534382ff42b71fb,pitch_4gram_overlap,0.038528777167027684
conditional_vae,same_family_donor,family_a534382ff42b71fb,pitch_4gram_overlap,0.037405776463365056
conditional_vae,clean,family_e97b637c75aac2b5,pitch_4gram_overlap,0.004274219076500522
conditional_vae,unrelated_donor,family_e97b637c75aac2b5,pitch_4gram_overlap,0.004293972283348301
conditional_vae,same_family_donor,family_e97b637c75aac2b5,pitch_4gram_overlap,0.003974054243657839
conditional_vae,clean,family_f0c0dd7c2f3b6a3f,pitch_4gram_overlap,0.0014035087719298245
conditional_vae,unrelated_donor,family_f0c0dd7c2f3b6a3f,pitch_4gram_overlap,0.001288244766505636
conditional_vae,same_family_donor,family_f0c0dd7c2f3b6a3f,pitch_4gram_overlap,0.00039682539682539677
conditional_vae,clean,family_c3ae851031cec2bb,pitch_4gram_overlap,0.02227319674340109
conditional_vae,unrelated_donor,family_c3ae851031cec2bb,pitch_4gram_overlap,0.027547566784587075
conditional_vae,same_family_donor,family_c3ae851031cec2bb,pitch_4gram_overlap,0.027790925982528775
conditional_vae,clean,family_d0b38ee50d018148,pitch_4gram_overlap,0.05221144853869212
conditional_vae,unrelated_donor,family_d0b38ee50d018148,pitch_4gram_overlap,0.05427766711247645
conditional_vae,same_family_donor,family_d0b38ee50d018148,pitch_4gram_overlap,0.042069857742340656
conditional_vae,clean,family_c64269798048b60f,pitch_4gram_overlap,0.003978959429196396
conditional_vae,unrelated_donor,family_c64269798048b60f,pitch_4gram_overlap,0.0011904761904761904
conditional_vae,same_family_donor,family_c64269798048b60f,pitch_4gram_overlap,0.001546114496351463
conditional_vae,clean,family_1cfa4116628ae42e,pitch_4gram_overlap,0.006691417902206273
conditional_vae,unrelated_donor,family_1cfa4116628ae42e,pitch_4gram_overlap,0.008218280911560879
conditional_vae,same_family_donor,family_1cfa4116628ae42e,pitch_4gram_overlap,0.006866611042519848
conditional_vae,clean,family_101bf32d18499c7d,pitch_4gram_overlap,0.007164268118792165
conditional_vae,unrelated_donor,family_101bf32d18499c7d,pitch_4gram_overlap,0.008822941622071428
conditional_vae,same_family_donor,family_101bf32d18499c7d,pitch_4gram_overlap,0.007855188542785456
conditional_vae,clean,family_52885ec61f0240b9,pitch_4gram_overlap,0.026996165517231382
conditional_vae,unrelated_donor,family_52885ec61f0240b9,pitch_4gram_overlap,0.02145332885180647
conditional_vae,same_family_donor,family_52885ec61f0240b9,pitch_4gram_overlap,0.016575686969110975
conditional_vae,clean,family_8661140073b6a2ab,pitch_4gram_overlap,0.005278616296510957
conditional_vae,unrelated_donor,family_8661140073b6a2ab,pitch_4gram_overlap,0.010666543793680386
conditional_vae,same_family_donor,family_8661140073b6a2ab,pitch_4gram_overlap,0.0043616294232717515
conditional_vae,clean,family_eacebc389812585f,pitch_4gram_overlap,0.0010716566256697853
conditional_vae,unrelated_donor,family_eacebc389812585f,pitch_4gram_overlap,0.0029548957970445496
conditional_vae,same_family_donor,family_eacebc389812585f,pitch_4gram_overlap,0.001378779418980424
conditional_vae,clean,family_23e85181dd747797,pitch_4gram_overlap,0.004216890329235287
conditional_vae,unrelated_donor,family_23e85181dd747797,pitch_4gram_overlap,0.0057103462207040365
conditional_vae,same_family_donor,family_23e85181dd747797,pitch_4gram_overlap,0.0085167441849495
conditional_vae,clean,family_e3c89d0945320ec5,interval_4gram_overlap,0.00071301247771836
conditional_vae,unrelated_donor,family_e3c89d0945320ec5,interval_4gram_overlap,0.0021391591284064403
conditional_vae,same_family_donor,family_e3c89d0945320ec5,interval_4gram_overlap,0.0014112650184802229
conditional_vae,clean,family_5facacfb4d33d062,interval_4gram_overlap,0.005700510459146928
conditional_vae,unrelated_donor,family_5facacfb4d33d062,interval_4gram_overlap,0.003216359800850116
conditional_vae,same_family_donor,family_5facacfb4d33d062,interval_4gram_overlap,0.0054897704564822
conditional_vae,clean,family_15b8f6d235825863,interval_4gram_overlap,0.0049170816367577015
conditional_vae,unrelated_donor,family_15b8f6d235825863,interval_4gram_overlap,0.004262735386839176
conditional_vae,same_family_donor,family_15b8f6d235825863,interval_4gram_overlap,0.0072577927780278955
conditional_vae,clean,family_78031f033e192cce,interval_4gram_overlap,0.0019388635100709404
conditional_vae,unrelated_donor,family_78031f033e192cce,interval_4gram_overlap,0.0017551312752211922
conditional_vae,same_family_donor,family_78031f033e192cce,interval_4gram_overlap,0.0023915564614094115
conditional_vae,clean,family_debbecc1e7f77f3e,interval_4gram_overlap,0.021293333129711156
conditional_vae,unrelated_donor,family_debbecc1e7f77f3e,interval_4gram_overlap,0.02498070396432438
conditional_vae,same_family_donor,family_debbecc1e7f77f3e,interval_4gram_overlap,0.017526494473484477
conditional_vae,clean,family_5d6a15b20dff7233,interval_4gram_overlap,0.007097662103187639
conditional_vae,unrelated_donor,family_5d6a15b20dff7233,interval_4gram_overlap,0.007087489779901006
conditional_vae,same_family_donor,family_5d6a15b20dff7233,interval_4gram_overlap,0.013295199034750538
conditional_vae,clean,family_58a5b18cf3751bf1,interval_4gram_overlap,0.0035103127991511648
conditional_vae,unrelated_donor,family_58a5b18cf3751bf1,interval_4gram_overlap,0.0034867060157340473
conditional_vae,same_family_donor,family_58a5b18cf3751bf1,interval_4gram_overlap,0.002413250954633139
conditional_vae,clean,family_da2cbb03fa208ffc,interval_4gram_overlap,0.011667413578786158
conditional_vae,unrelated_donor,family_da2cbb03fa208ffc,interval_4gram_overlap,0.007683764775297402
conditional_vae,same_family_donor,family_da2cbb03fa208ffc,interval_4gram_overlap,0.009057588109802905
conditional_vae,clean,family_b3ba3218de08f591,interval_4gram_overlap,0.0026810640630248717
conditional_vae,unrelated_donor,family_b3ba3218de08f591,interval_4gram_overlap,0.0006558697929256304
conditional_vae,same_family_donor,family_b3ba3218de08f591,interval_4gram_overlap,0.00101011818737503
conditional_vae,clean,family_9edbfcdbf27d8472,interval_4gram_overlap,0.005771187878477107
conditional_vae,unrelated_donor,family_9edbfcdbf27d8472,interval_4gram_overlap,0.008086878144979619
conditional_vae,same_family_donor,family_9edbfcdbf27d8472,interval_4gram_overlap,0.004708282427055764
conditional_vae,clean,family_76f3986b08ecfc19,interval_4gram_overlap,0.013228122472907897
conditional_vae,unrelated_donor,family_76f3986b08ecfc19,interval_4gram_overlap,0.011434592951403214
conditional_vae,same_family_donor,family_76f3986b08ecfc19,interval_4gram_overlap,0.012367072321635074
conditional_vae,clean,family_5aaa5f6f546aa704,interval_4gram_overlap,0.0017753267356651811
conditional_vae,unrelated_donor,family_5aaa5f6f546aa704,interval_4gram_overlap,0.0027898272569489777
conditional_vae,same_family_donor,family_5aaa5f6f546aa704,interval_4gram_overlap,0.004432839921568532
conditional_vae,clean,family_38ddaabf01adae92,interval_4gram_overlap,0.01910401683766796
conditional_vae,unrelated_donor,family_38ddaabf01adae92,interval_4gram_overlap,0.01679492028930175
conditional_vae,same_family_donor,family_38ddaabf01adae92,interval_4gram_overlap,0.017581739373492476
conditional_vae,clean,family_5cc4efa05e4dc250,interval_4gram_overlap,0.005957237573256435
conditional_vae,unrelated_donor,family_5cc4efa05e4dc250,interval_4gram_overlap,0.004378962897469457
conditional_vae,same_family_donor,family_5cc4efa05e4dc250,interval_4gram_overlap,0.008799420473356934
conditional_vae,clean,family_3db848c291e71542,interval_4gram_overlap,0.0
conditional_vae,unrelated_donor,family_3db848c291e71542,interval_4gram_overlap,0.0003766478342749529
conditional_vae,same_family_donor,family_3db848c291e71542,interval_4gram_overlap,0.0
conditional_vae,clean,family_4731a6d05dff34ce,interval_4gram_overlap,0.001024643599111684
conditional_vae,unrelated_donor,family_4731a6d05dff34ce,interval_4gram_overlap,0.0006650082918739636
conditional_vae,same_family_donor,family_4731a6d05dff34ce,interval_4gram_overlap,0.0016685801760428626
conditional_vae,clean,family_1a8ff9e18d3eabea,interval_4gram_overlap,0.013956959487474682
conditional_vae,unrelated_donor,family_1a8ff9e18d3eabea,interval_4gram_overlap,0.009462010354107977
conditional_vae,same_family_donor,family_1a8ff9e18d3eabea,interval_4gram_overlap,0.012292018095959518
conditional_vae,clean,family_774f10d6c3d75980,interval_4gram_overlap,0.013214773184265933
conditional_vae,unrelated_donor,family_774f10d6c3d75980,interval_4gram_overlap,0.01317176006582479
conditional_vae,same_family_donor,family_774f10d6c3d75980,interval_4gram_overlap,0.02698509158778949
conditional_vae,clean,family_7a300c986fbfa9f2,interval_4gram_overlap,0.002179277213669615
conditional_vae,unrelated_donor,family_7a300c986fbfa9f2,interval_4gram_overlap,0.002236638083874205
conditional_vae,same_family_donor,family_7a300c986fbfa9f2,interval_4gram_overlap,0.0021854242286473468
conditional_vae,clean,family_d1a92696717aa9c2,interval_4gram_overlap,0.007614847309041943
conditional_vae,unrelated_donor,family_d1a92696717aa9c2,interval_4gram_overlap,0.005290265864169488
conditional_vae,same_family_donor,family_d1a92696717aa9c2,interval_4gram_overlap,0.004152474371760445
conditional_vae,clean,family_2fe71bb032cb85fe,interval_4gram_overlap,0.011063915148141876
conditional_vae,unrelated_donor,family_2fe71bb032cb85fe,interval_4gram_overlap,0.013038489358069555
conditional_vae,same_family_donor,family_2fe71bb032cb85fe,interval_4gram_overlap,0.004541296332478964
conditional_vae,clean,family_348b29b5f47eda18,interval_4gram_overlap,0.005902965580365229
conditional_vae,unrelated_donor,family_348b29b5f47eda18,interval_4gram_overlap,0.004167006373366246
conditional_vae,same_family_donor,family_348b29b5f47eda18,interval_4gram_overlap,0.00521986881155729
conditional_vae,clean,family_fa3341292470541d,interval_4gram_overlap,0.0038726804118776868
conditional_vae,unrelated_donor,family_fa3341292470541d,interval_4gram_overlap,0.0013621794871794873
conditional_vae,same_family_donor,family_fa3341292470541d,interval_4gram_overlap,0.0033246407057172835
conditional_vae,clean,family_f99e7467cfd91d72,interval_4gram_overlap,0.004379864455339547
conditional_vae,unrelated_donor,family_f99e7467cfd91d72,interval_4gram_overlap,0.006006790940256153
conditional_vae,same_family_donor,family_f99e7467cfd91d72,interval_4gram_overlap,0.004987470876709081
conditional_vae,clean,family_776fb0c74fb6af96,interval_4gram_overlap,0.010405401557910395
conditional_vae,unrelated_donor,family_776fb0c74fb6af96,interval_4gram_overlap,0.009021567109183642
conditional_vae,same_family_donor,family_776fb0c74fb6af96,interval_4gram_overlap,0.01708871169887521
conditional_vae,clean,family_56b1bf9100abf79a,interval_4gram_overlap,0.001894659728982045
conditional_vae,unrelated_donor,family_56b1bf9100abf79a,interval_4gram_overlap,0.002811666581732321
conditional_vae,same_family_donor,family_56b1bf9100abf79a,interval_4gram_overlap,0.004143750985856249
conditional_vae,clean,family_f53ae103dc0def58,interval_4gram_overlap,0.002374836257749076
conditional_vae,unrelated_donor,family_f53ae103dc0def58,interval_4gram_overlap,0.004742980233444539
conditional_vae,same_family_donor,family_f53ae103dc0def58,interval_4gram_overlap,0.005818152815545441
conditional_vae,clean,family_c2d4ffa1539bdafe,interval_4gram_overlap,0.02650187735102906
conditional_vae,unrelated_donor,family_c2d4ffa1539bdafe,interval_4gram_overlap,0.025170710095238368
conditional_vae,same_family_donor,family_c2d4ffa1539bdafe,interval_4gram_overlap,0.016181896660853668
conditional_vae,clean,family_328dc279bafe7f69,interval_4gram_overlap,0.004353842788180132
conditional_vae,unrelated_donor,family_328dc279bafe7f69,interval_4gram_overlap,0.0033201320132013198
conditional_vae,same_family_donor,family_328dc279bafe7f69,interval_4gram_overlap,0.004017222693555059
conditional_vae,clean,family_de67cf52f9a2ce89,interval_4gram_overlap,0.016069349039106763
conditional_vae,unrelated_donor,family_de67cf52f9a2ce89,interval_4gram_overlap,0.014476764898163205
conditional_vae,same_family_donor,family_de67cf52f9a2ce89,interval_4gram_overlap,0.017312688417645734
conditional_vae,clean,family_581cf690b70ed77f,interval_4gram_overlap,0.003341959697602904
conditional_vae,unrelated_donor,family_581cf690b70ed77f,interval_4gram_overlap,0.005040176071353492
conditional_vae,same_family_donor,family_581cf690b70ed77f,interval_4gram_overlap,0.004351783133150845
conditional_vae,clean,family_5ebcadebe538bd59,interval_4gram_overlap,0.031237425785310413
conditional_vae,unrelated_donor,family_5ebcadebe538bd59,interval_4gram_overlap,0.03366778886556682
conditional_vae,same_family_donor,family_5ebcadebe538bd59,interval_4gram_overlap,0.03103106465226363
conditional_vae,clean,family_5fe0b889b5279fed,interval_4gram_overlap,0.0030507123822779048
conditional_vae,unrelated_donor,family_5fe0b889b5279fed,interval_4gram_overlap,0.003044029434003108
conditional_vae,same_family_donor,family_5fe0b889b5279fed,interval_4gram_overlap,0.0033599209458225407
conditional_vae,clean,family_8aff46e64d1c8360,interval_4gram_overlap,0.007809327923783217
conditional_vae,unrelated_donor,family_8aff46e64d1c8360,interval_4gram_overlap,0.005125807289811187
conditional_vae,same_family_donor,family_8aff46e64d1c8360,interval_4gram_overlap,0.00636561542068068
conditional_vae,clean,family_c3abd4306e03adf2,interval_4gram_overlap,0.0026730813749387427
conditional_vae,unrelated_donor,family_c3abd4306e03adf2,interval_4gram_overlap,0.0042413526022653724
conditional_vae,same_family_donor,family_c3abd4306e03adf2,interval_4gram_overlap,0.004959150965828968
conditional_vae,clean,family_f77d449f1658a159,interval_4gram_overlap,0.0006379585326953748
conditional_vae,unrelated_donor,family_f77d449f1658a159,interval_4gram_overlap,0.002744842986135952
conditional_vae,same_family_donor,family_f77d449f1658a159,interval_4gram_overlap,0.0013691816104745766
conditional_vae,clean,family_121eefce620403f7,interval_4gram_overlap,0.0
conditional_vae,unrelated_donor,family_121eefce620403f7,interval_4gram_overlap,0.0009833001070733481
conditional_vae,same_family_donor,family_121eefce620403f7,interval_4gram_overlap,0.0003115264797507788
conditional_vae,clean,family_439fc19617b55d44,interval_4gram_overlap,0.005975564356060555
conditional_vae,unrelated_donor,family_439fc19617b55d44,interval_4gram_overlap,0.005248893723871839
conditional_vae,same_family_donor,family_439fc19617b55d44,interval_4gram_overlap,0.008550400014350189
conditional_vae,clean,family_7b8c8789f38183da,interval_4gram_overlap,0.002335092725879907
conditional_vae,unrelated_donor,family_7b8c8789f38183da,interval_4gram_overlap,0.00200010101775387
conditional_vae,same_family_donor,family_7b8c8789f38183da,interval_4gram_overlap,0.0036852618438980426
conditional_vae,clean,family_7c104874587dddcc,interval_4gram_overlap,0.0
conditional_vae,unrelated_donor,family_7c104874587dddcc,interval_4gram_overlap,0.0
conditional_vae,same_family_donor,family_7c104874587dddcc,interval_4gram_overlap,0.0008333333333333334
conditional_vae,clean,family_2eec85a0fe915e64,interval_4gram_overlap,0.0
conditional_vae,unrelated_donor,family_2eec85a0fe915e64,interval_4gram_overlap,0.0006172839506172839
conditional_vae,same_family_donor,family_2eec85a0fe915e64,interval_4gram_overlap,0.0
conditional_vae,clean,family_ac0566dd944bc201,interval_4gram_overlap,0.0006172839506172839
conditional_vae,unrelated_donor,family_ac0566dd944bc201,interval_4gram_overlap,0.0
conditional_vae,same_family_donor,family_ac0566dd944bc201,interval_4gram_overlap,0.00073579534063114
conditional_vae,clean,family_fe2836cc1cef695c,interval_4gram_overlap,0.007406740904763456
conditional_vae,unrelated_donor,family_fe2836cc1cef695c,interval_4gram_overlap,0.007743585238897022
conditional_vae,same_family_donor,family_fe2836cc1cef695c,interval_4gram_overlap,0.007689443376883469
conditional_vae,clean,family_a03ac5414952d229,interval_4gram_overlap,0.005111756439689676
conditional_vae,unrelated_donor,family_a03ac5414952d229,interval_4gram_overlap,0.005922270222643603
conditional_vae,same_family_donor,family_a03ac5414952d229,interval_4gram_overlap,0.007035155064026202
conditional_vae,clean,family_9ccd2f467361ebab,interval_4gram_overlap,0.0017342400083516837
conditional_vae,unrelated_donor,family_9ccd2f467361ebab,interval_4gram_overlap,0.0032061442814130987
conditional_vae,same_family_donor,family_9ccd2f467361ebab,interval_4gram_overlap,0.0036385951190275184
conditional_vae,clean,family_6f0024d47bda9a44,interval_4gram_overlap,0.0010313462851238907
conditional_vae,unrelated_donor,family_6f0024d47bda9a44,interval_4gram_overlap,0.00032840722495894905
conditional_vae,same_family_donor,family_6f0024d47bda9a44,interval_4gram_overlap,0.00037453183520599247
conditional_vae,clean,family_b88eee6ecd7ef6bc,interval_4gram_overlap,0.004791176078915579
conditional_vae,unrelated_donor,family_b88eee6ecd7ef6bc,interval_4gram_overlap,0.004038089278111257
conditional_vae,same_family_donor,family_b88eee6ecd7ef6bc,interval_4gram_overlap,0.002590546347452425
conditional_vae,clean,family_3dffb074803c8f80,interval_4gram_overlap,0.008945225209488197
conditional_vae,unrelated_donor,family_3dffb074803c8f80,interval_4gram_overlap,0.012578387985235672
conditional_vae,same_family_donor,family_3dffb074803c8f80,interval_4gram_overlap,0.010101870261855049
conditional_vae,clean,family_39849966d6043c11,interval_4gram_overlap,0.0
conditional_vae,unrelated_donor,family_39849966d6043c11,interval_4gram_overlap,0.0003454231433506045
conditional_vae,same_family_donor,family_39849966d6043c11,interval_4gram_overlap,0.0017307138744962578
conditional_vae,clean,family_f19aa9a5e722eb61,interval_4gram_overlap,0.015963558192399363
conditional_vae,unrelated_donor,family_f19aa9a5e722eb61,interval_4gram_overlap,0.02307059703613944
conditional_vae,same_family_donor,family_f19aa9a5e722eb61,interval_4gram_overlap,0.019761474576961757
conditional_vae,clean,family_a95aeca85317a04d,interval_4gram_overlap,0.01891800257761595
conditional_vae,unrelated_donor,family_a95aeca85317a04d,interval_4gram_overlap,0.016795177737586413
conditional_vae,same_family_donor,family_a95aeca85317a04d,interval_4gram_overlap,0.02226019633700223
conditional_vae,clean,family_39f58e2fd604c61e,interval_4gram_overlap,0.004515231439939818
conditional_vae,unrelated_donor,family_39f58e2fd604c61e,interval_4gram_overlap,0.013592957865914449
conditional_vae,same_family_donor,family_39f58e2fd604c61e,interval_4gram_overlap,0.005500222059076778
conditional_vae,clean,family_af212e596b07120e,interval_4gram_overlap,0.0014090737247151478
conditional_vae,unrelated_donor,family_af212e596b07120e,interval_4gram_overlap,0.00205561465152258
conditional_vae,same_family_donor,family_af212e596b07120e,interval_4gram_overlap,0.0020847873599695033
conditional_vae,clean,family_961cefc620e3d5ab,interval_4gram_overlap,0.0006734006734006734
conditional_vae,unrelated_donor,family_961cefc620e3d5ab,interval_4gram_overlap,0.0013502196243312993
conditional_vae,same_family_donor,family_961cefc620e3d5ab,interval_4gram_overlap,0.0010135192876309627
conditional_vae,clean,family_2dbafe5054d4bee7,interval_4gram_overlap,0.03930218146011065
conditional_vae,unrelated_donor,family_2dbafe5054d4bee7,interval_4gram_overlap,0.024794342004375785
conditional_vae,same_family_donor,family_2dbafe5054d4bee7,interval_4gram_overlap,0.043763581172440356
conditional_vae,clean,family_0a0ff01b239a934a,interval_4gram_overlap,0.0006289308176100629
conditional_vae,unrelated_donor,family_0a0ff01b239a934a,interval_4gram_overlap,0.0007160718345078427
conditional_vae,same_family_donor,family_0a0ff01b239a934a,interval_4gram_overlap,0.0010305372433128742
conditional_vae,clean,family_6a42731481dda124,interval_4gram_overlap,0.010885833280842723
conditional_vae,unrelated_donor,family_6a42731481dda124,interval_4gram_overlap,0.011253987760345039
conditional_vae,same_family_donor,family_6a42731481dda124,interval_4gram_overlap,0.016968558781791664
conditional_vae,clean,family_e4e4467ef74cc720,interval_4gram_overlap,0.007867221031571175
conditional_vae,unrelated_donor,family_e4e4467ef74cc720,interval_4gram_overlap,0.00901089743663003
conditional_vae,same_family_donor,family_e4e4467ef74cc720,interval_4gram_overlap,0.009454522630143453
conditional_vae,clean,family_b324bd83d2be3825,interval_4gram_overlap,0.007755065780659392
conditional_vae,unrelated_donor,family_b324bd83d2be3825,interval_4gram_overlap,0.011282502418836453
conditional_vae,same_family_donor,family_b324bd83d2be3825,interval_4gram_overlap,0.0043033692750442725
conditional_vae,clean,family_59add5a121b9a616,interval_4gram_overlap,0.013645403835321432
conditional_vae,unrelated_donor,family_59add5a121b9a616,interval_4gram_overlap,0.015224356121865826
conditional_vae,same_family_donor,family_59add5a121b9a616,interval_4gram_overlap,0.010860894343167922
conditional_vae,clean,family_4da27be0a15493fc,interval_4gram_overlap,0.003034578569557502
conditional_vae,unrelated_donor,family_4da27be0a15493fc,interval_4gram_overlap,0.0007285974499089253
conditional_vae,same_family_donor,family_4da27be0a15493fc,interval_4gram_overlap,0.00171306770058911
conditional_vae,clean,family_0ecded087f80d73b,interval_4gram_overlap,0.0011745676247355977
conditional_vae,unrelated_donor,family_0ecded087f80d73b,interval_4gram_overlap,0.0006600660066006601
conditional_vae,same_family_donor,family_0ecded087f80d73b,interval_4gram_overlap,0.0027383182859060367
conditional_vae,clean,family_746d1e0c3274827f,interval_4gram_overlap,0.009759059069946766
conditional_vae,unrelated_donor,family_746d1e0c3274827f,interval_4gram_overlap,0.015365645290860071
conditional_vae,same_family_donor,family_746d1e0c3274827f,interval_4gram_overlap,0.0103483690053432
conditional_vae,clean,family_6d17de7e325f25f8,interval_4gram_overlap,0.00736854403333426
conditional_vae,unrelated_donor,family_6d17de7e325f25f8,interval_4gram_overlap,0.0038387633171969113
conditional_vae,same_family_donor,family_6d17de7e325f25f8,interval_4gram_overlap,0.003915783844240205
conditional_vae,clean,family_67cf34a836b9cd6c,interval_4gram_overlap,0.0006751227495908346
conditional_vae,unrelated_donor,family_67cf34a836b9cd6c,interval_4gram_overlap,0.0009615384615384616
conditional_vae,same_family_donor,family_67cf34a836b9cd6c,interval_4gram_overlap,0.0013030270575078138
conditional_vae,clean,family_3bd7e5ca43f02666,interval_4gram_overlap,0.00594412909978663
conditional_vae,unrelated_donor,family_3bd7e5ca43f02666,interval_4gram_overlap,0.006021292198161524
conditional_vae,same_family_donor,family_3bd7e5ca43f02666,interval_4gram_overlap,0.004713052937204045
conditional_vae,clean,family_e2c30beb0d4abeae,interval_4gram_overlap,0.001394628838512731
conditional_vae,unrelated_donor,family_e2c30beb0d4abeae,interval_4gram_overlap,0.000338409475465313
conditional_vae,same_family_donor,family_e2c30beb0d4abeae,interval_4gram_overlap,0.001378149771932155
conditional_vae,clean,family_3fbe0e330aecdc00,interval_4gram_overlap,0.005753998311206549
conditional_vae,unrelated_donor,family_3fbe0e330aecdc00,interval_4gram_overlap,0.004792459849668087
conditional_vae,same_family_donor,family_3fbe0e330aecdc00,interval_4gram_overlap,0.010627912962798152
conditional_vae,clean,family_83b27a32aa56f9dc,interval_4gram_overlap,0.0010225095273711578
conditional_vae,unrelated_donor,family_83b27a32aa56f9dc,interval_4gram_overlap,0.0010173818481587695
conditional_vae,same_family_donor,family_83b27a32aa56f9dc,interval_4gram_overlap,0.001000712178519638
conditional_vae,clean,family_58c32a6b58cc329f,interval_4gram_overlap,0.003939739394154854
conditional_vae,unrelated_donor,family_58c32a6b58cc329f,interval_4gram_overlap,0.002642406142243697
conditional_vae,same_family_donor,family_58c32a6b58cc329f,interval_4gram_overlap,0.0026390393914082597
conditional_vae,clean,family_853b6705e7d7e7a9,interval_4gram_overlap,0.006280340417722852
conditional_vae,unrelated_donor,family_853b6705e7d7e7a9,interval_4gram_overlap,0.0013640505011063388
conditional_vae,same_family_donor,family_853b6705e7d7e7a9,interval_4gram_overlap,0.000676818950930626
conditional_vae,clean,family_5405158fe7a3977d,interval_4gram_overlap,0.0009933829203815905
conditional_vae,unrelated_donor,family_5405158fe7a3977d,interval_4gram_overlap,0.0015923657106835605
conditional_vae,same_family_donor,family_5405158fe7a3977d,interval_4gram_overlap,0.0006444984121053615
conditional_vae,clean,family_e0f7e5849dbe9388,interval_4gram_overlap,0.023851479216840322
conditional_vae,unrelated_donor,family_e0f7e5849dbe9388,interval_4gram_overlap,0.017006111436468806
conditional_vae,same_family_donor,family_e0f7e5849dbe9388,interval_4gram_overlap,0.026462099096929214
conditional_vae,clean,family_6fbe37a0a6611f64,interval_4gram_overlap,0.0008281573498964802
conditional_vae,unrelated_donor,family_6fbe37a0a6611f64,interval_4gram_overlap,0.00041152263374485596
conditional_vae,same_family_donor,family_6fbe37a0a6611f64,interval_4gram_overlap,0.001481517611651257
conditional_vae,clean,family_3835425eafb00035,interval_4gram_overlap,0.0014305991334229793
conditional_vae,unrelated_donor,family_3835425eafb00035,interval_4gram_overlap,0.002749404347425228
conditional_vae,same_family_donor,family_3835425eafb00035,interval_4gram_overlap,0.003887900660212773
conditional_vae,clean,family_4f1b63b3eef9f7d0,interval_4gram_overlap,0.004561041798546074
conditional_vae,unrelated_donor,family_4f1b63b3eef9f7d0,interval_4gram_overlap,0.0022835026608611516
conditional_vae,same_family_donor,family_4f1b63b3eef9f7d0,interval_4gram_overlap,0.0038957539035344908
conditional_vae,clean,family_8f08581ca21b6c6f,interval_4gram_overlap,0.010310062833826142
conditional_vae,unrelated_donor,family_8f08581ca21b6c6f,interval_4gram_overlap,0.0077767462343942455
conditional_vae,same_family_donor,family_8f08581ca21b6c6f,interval_4gram_overlap,0.003092161929371232
conditional_vae,clean,family_db6398f302f77cb4,interval_4gram_overlap,0.006591388579567192
conditional_vae,unrelated_donor,family_db6398f302f77cb4,interval_4gram_overlap,0.007222721990619885
conditional_vae,same_family_donor,family_db6398f302f77cb4,interval_4gram_overlap,0.0054898652830949884
conditional_vae,clean,family_aad2d66dec95dc7a,interval_4gram_overlap,0.022399077343963753
conditional_vae,unrelated_donor,family_aad2d66dec95dc7a,interval_4gram_overlap,0.02019490742625905
conditional_vae,same_family_donor,family_aad2d66dec95dc7a,interval_4gram_overlap,0.022287460811219573
conditional_vae,clean,family_04795413b15e0b98,interval_4gram_overlap,0.007627346456179475
conditional_vae,unrelated_donor,family_04795413b15e0b98,interval_4gram_overlap,0.006677563353283837
conditional_vae,same_family_donor,family_04795413b15e0b98,interval_4gram_overlap,0.005623918914707794
conditional_vae,clean,family_d4c8efafc098f593,interval_4gram_overlap,0.0
conditional_vae,unrelated_donor,family_d4c8efafc098f593,interval_4gram_overlap,0.0003189792663476874
conditional_vae,same_family_donor,family_d4c8efafc098f593,interval_4gram_overlap,0.0
conditional_vae,clean,family_30fbd9977a220042,interval_4gram_overlap,0.003442136255204554
conditional_vae,unrelated_donor,family_30fbd9977a220042,interval_4gram_overlap,0.0031242812295174346
conditional_vae,same_family_donor,family_30fbd9977a220042,interval_4gram_overlap,0.003213200529604099
conditional_vae,clean,family_2d3e3d92f30c4369,interval_4gram_overlap,0.008136708307874477
conditional_vae,unrelated_donor,family_2d3e3d92f30c4369,interval_4gram_overlap,0.0073902670312978565
conditional_vae,same_family_donor,family_2d3e3d92f30c4369,interval_4gram_overlap,0.013240595382272872
conditional_vae,clean,family_6342008bae187399,interval_4gram_overlap,0.0046717794727661735
conditional_vae,unrelated_donor,family_6342008bae187399,interval_4gram_overlap,0.0057428415935916995
conditional_vae,same_family_donor,family_6342008bae187399,interval_4gram_overlap,0.004682671239311302
conditional_vae,clean,family_f60bd4cc83d02add,interval_4gram_overlap,0.0006442577030812325
conditional_vae,unrelated_donor,family_f60bd4cc83d02add,interval_4gram_overlap,0.0017641785948467844
conditional_vae,same_family_donor,family_f60bd4cc83d02add,interval_4gram_overlap,0.0014538926681783824
conditional_vae,clean,family_08157e0ead630e5c,interval_4gram_overlap,0.014037766329207424
conditional_vae,unrelated_donor,family_08157e0ead630e5c,interval_4gram_overlap,0.021458378690044837
conditional_vae,same_family_donor,family_08157e0ead630e5c,interval_4gram_overlap,0.01308743561396272
conditional_vae,clean,family_0f71c7e0830e1d85,interval_4gram_overlap,0.003133090898223948
conditional_vae,unrelated_donor,family_0f71c7e0830e1d85,interval_4gram_overlap,0.0013892752665543163
conditional_vae,same_family_donor,family_0f71c7e0830e1d85,interval_4gram_overlap,0.001016599924432887
conditional_vae,clean,family_be459453ebdfa1da,interval_4gram_overlap,0.0032167681120869856
conditional_vae,unrelated_donor,family_be459453ebdfa1da,interval_4gram_overlap,0.005823246848116536
conditional_vae,same_family_donor,family_be459453ebdfa1da,interval_4gram_overlap,0.0029259622123671766
conditional_vae,clean,family_a534382ff42b71fb,interval_4gram_overlap,0.013039755169721312
conditional_vae,unrelated_donor,family_a534382ff42b71fb,interval_4gram_overlap,0.013678039596953356
conditional_vae,same_family_donor,family_a534382ff42b71fb,interval_4gram_overlap,0.015318258464828533
conditional_vae,clean,family_e97b637c75aac2b5,interval_4gram_overlap,0.0013201320132013201
conditional_vae,unrelated_donor,family_e97b637c75aac2b5,interval_4gram_overlap,0.001670066504137851
conditional_vae,same_family_donor,family_e97b637c75aac2b5,interval_4gram_overlap,0.0009933829203815903
conditional_vae,clean,family_f0c0dd7c2f3b6a3f,interval_4gram_overlap,0.0008032128514056225
conditional_vae,unrelated_donor,family_f0c0dd7c2f3b6a3f,interval_4gram_overlap,0.0003252032520325203
conditional_vae,same_family_donor,family_f0c0dd7c2f3b6a3f,interval_4gram_overlap,0.00040160642570281126
conditional_vae,clean,family_c3ae851031cec2bb,interval_4gram_overlap,0.009405219697434514
conditional_vae,unrelated_donor,family_c3ae851031cec2bb,interval_4gram_overlap,0.0155438527972543
conditional_vae,same_family_donor,family_c3ae851031cec2bb,interval_4gram_overlap,0.01406881273238547
conditional_vae,clean,family_d0b38ee50d018148,interval_4gram_overlap,0.0382724494829593
conditional_vae,unrelated_donor,family_d0b38ee50d018148,interval_4gram_overlap,0.0368512080871327
conditional_vae,same_family_donor,family_d0b38ee50d018148,interval_4gram_overlap,0.029704818212962687
conditional_vae,clean,family_c64269798048b60f,interval_4gram_overlap,0.0018566862653667862
conditional_vae,unrelated_donor,family_c64269798048b60f,interval_4gram_overlap,0.001845565887273931
conditional_vae,same_family_donor,family_c64269798048b60f,interval_4gram_overlap,0.0006334446751527188
conditional_vae,clean,family_1cfa4116628ae42e,interval_4gram_overlap,0.0020747173972980423
conditional_vae,unrelated_donor,family_1cfa4116628ae42e,interval_4gram_overlap,0.00457567923499803
conditional_vae,same_family_donor,family_1cfa4116628ae42e,interval_4gram_overlap,0.0026144447497543264
conditional_vae,clean,family_101bf32d18499c7d,interval_4gram_overlap,0.014396912687825726
conditional_vae,unrelated_donor,family_101bf32d18499c7d,interval_4gram_overlap,0.01955214669193017
conditional_vae,same_family_donor,family_101bf32d18499c7d,interval_4gram_overlap,0.025097302863604593
conditional_vae,clean,family_52885ec61f0240b9,interval_4gram_overlap,0.019782697807844054
conditional_vae,unrelated_donor,family_52885ec61f0240b9,interval_4gram_overlap,0.015932944007343124
conditional_vae,same_family_donor,family_52885ec61f0240b9,interval_4gram_overlap,0.01093272311277789
conditional_vae,clean,family_8661140073b6a2ab,interval_4gram_overlap,0.0009345794392523364
conditional_vae,unrelated_donor,family_8661140073b6a2ab,interval_4gram_overlap,0.004747543500023998
conditional_vae,same_family_donor,family_8661140073b6a2ab,interval_4gram_overlap,0.0018809007969326965
conditional_vae,clean,family_eacebc389812585f,interval_4gram_overlap,0.0
conditional_vae,unrelated_donor,family_eacebc389812585f,interval_4gram_overlap,0.0015151515151515152
conditional_vae,same_family_donor,family_eacebc389812585f,interval_4gram_overlap,0.00074487895716946
conditional_vae,clean,family_23e85181dd747797,interval_4gram_overlap,0.0019135194307608103
conditional_vae,unrelated_donor,family_23e85181dd747797,interval_4gram_overlap,0.00038095238095238096
conditional_vae,same_family_donor,family_23e85181dd747797,interval_4gram_overlap,0.001142857142857143
conditional_vae,clean,family_e3c89d0945320ec5,rhythm_4gram_overlap,0.12055166077000105
conditional_vae,unrelated_donor,family_e3c89d0945320ec5,rhythm_4gram_overlap,0.1272929866098742
conditional_vae,same_family_donor,family_e3c89d0945320ec5,rhythm_4gram_overlap,0.11972404606601805
conditional_vae,clean,family_5facacfb4d33d062,rhythm_4gram_overlap,0.1376642240762456
conditional_vae,unrelated_donor,family_5facacfb4d33d062,rhythm_4gram_overlap,0.1407099437672158
conditional_vae,same_family_donor,family_5facacfb4d33d062,rhythm_4gram_overlap,0.14625821064262212
conditional_vae,clean,family_15b8f6d235825863,rhythm_4gram_overlap,0.1388518718194502
conditional_vae,unrelated_donor,family_15b8f6d235825863,rhythm_4gram_overlap,0.13741996949415472
conditional_vae,same_family_donor,family_15b8f6d235825863,rhythm_4gram_overlap,0.1285237425021655
conditional_vae,clean,family_78031f033e192cce,rhythm_4gram_overlap,0.16978316624921255
conditional_vae,unrelated_donor,family_78031f033e192cce,rhythm_4gram_overlap,0.17209192928844108
conditional_vae,same_family_donor,family_78031f033e192cce,rhythm_4gram_overlap,0.16857290508152345
conditional_vae,clean,family_debbecc1e7f77f3e,rhythm_4gram_overlap,0.13541693448686629
conditional_vae,unrelated_donor,family_debbecc1e7f77f3e,rhythm_4gram_overlap,0.13382829528590248
conditional_vae,same_family_donor,family_debbecc1e7f77f3e,rhythm_4gram_overlap,0.13434290968331705
conditional_vae,clean,family_5d6a15b20dff7233,rhythm_4gram_overlap,0.0865704484324179
conditional_vae,unrelated_donor,family_5d6a15b20dff7233,rhythm_4gram_overlap,0.101355038296105
conditional_vae,same_family_donor,family_5d6a15b20dff7233,rhythm_4gram_overlap,0.08450528772760184
conditional_vae,clean,family_58a5b18cf3751bf1,rhythm_4gram_overlap,0.12886185745393194
conditional_vae,unrelated_donor,family_58a5b18cf3751bf1,rhythm_4gram_overlap,0.12331272363645983
conditional_vae,same_family_donor,family_58a5b18cf3751bf1,rhythm_4gram_overlap,0.1214770734589149
conditional_vae,clean,family_da2cbb03fa208ffc,rhythm_4gram_overlap,0.11976179669876608
conditional_vae,unrelated_donor,family_da2cbb03fa208ffc,rhythm_4gram_overlap,0.1139361997033508
conditional_vae,same_family_donor,family_da2cbb03fa208ffc,rhythm_4gram_overlap,0.11975032973226862
conditional_vae,clean,family_b3ba3218de08f591,rhythm_4gram_overlap,0.07797630559994352
conditional_vae,unrelated_donor,family_b3ba3218de08f591,rhythm_4gram_overlap,0.07385176187418288
conditional_vae,same_family_donor,family_b3ba3218de08f591,rhythm_4gram_overlap,0.09102508038421075
conditional_vae,clean,family_9edbfcdbf27d8472,rhythm_4gram_overlap,0.07526901139644705
conditional_vae,unrelated_donor,family_9edbfcdbf27d8472,rhythm_4gram_overlap,0.07788826684213719
conditional_vae,same_family_donor,family_9edbfcdbf27d8472,rhythm_4gram_overlap,0.07201420149095011
conditional_vae,clean,family_76f3986b08ecfc19,rhythm_4gram_overlap,0.09058431931433404
conditional_vae,unrelated_donor,family_76f3986b08ecfc19,rhythm_4gram_overlap,0.10031270325684648
conditional_vae,same_family_donor,family_76f3986b08ecfc19,rhythm_4gram_overlap,0.09199500933237559
conditional_vae,clean,family_5aaa5f6f546aa704,rhythm_4gram_overlap,0.12468849062117258
conditional_vae,unrelated_donor,family_5aaa5f6f546aa704,rhythm_4gram_overlap,0.13489927559445747
conditional_vae,same_family_donor,family_5aaa5f6f546aa704,rhythm_4gram_overlap,0.12703773335746757
conditional_vae,clean,family_38ddaabf01adae92,rhythm_4gram_overlap,0.1355762516587854
conditional_vae,unrelated_donor,family_38ddaabf01adae92,rhythm_4gram_overlap,0.13506156955374182
conditional_vae,same_family_donor,family_38ddaabf01adae92,rhythm_4gram_overlap,0.13283248905570413
conditional_vae,clean,family_5cc4efa05e4dc250,rhythm_4gram_overlap,0.10447664425345717
conditional_vae,unrelated_donor,family_5cc4efa05e4dc250,rhythm_4gram_overlap,0.11121083573099999
conditional_vae,same_family_donor,family_5cc4efa05e4dc250,rhythm_4gram_overlap,0.1023237498406452
conditional_vae,clean,family_3db848c291e71542,rhythm_4gram_overlap,0.12215565320330823
conditional_vae,unrelated_donor,family_3db848c291e71542,rhythm_4gram_overlap,0.11831270153711411
conditional_vae,same_family_donor,family_3db848c291e71542,rhythm_4gram_overlap,0.1174706997032368
conditional_vae,clean,family_4731a6d05dff34ce,rhythm_4gram_overlap,0.05609911312930451
conditional_vae,unrelated_donor,family_4731a6d05dff34ce,rhythm_4gram_overlap,0.07180527536943394
conditional_vae,same_family_donor,family_4731a6d05dff34ce,rhythm_4gram_overlap,0.07195101237818073
conditional_vae,clean,family_1a8ff9e18d3eabea,rhythm_4gram_overlap,0.12749861974802684
conditional_vae,unrelated_donor,family_1a8ff9e18d3eabea,rhythm_4gram_overlap,0.12164838592656559
conditional_vae,same_family_donor,family_1a8ff9e18d3eabea,rhythm_4gram_overlap,0.12476147001617403
conditional_vae,clean,family_774f10d6c3d75980,rhythm_4gram_overlap,0.12901704452764898
conditional_vae,unrelated_donor,family_774f10d6c3d75980,rhythm_4gram_overlap,0.13063516466638678
conditional_vae,same_family_donor,family_774f10d6c3d75980,rhythm_4gram_overlap,0.13220687173614434
conditional_vae,clean,family_7a300c986fbfa9f2,rhythm_4gram_overlap,0.08612355945860757
conditional_vae,unrelated_donor,family_7a300c986fbfa9f2,rhythm_4gram_overlap,0.09054480084045509
conditional_vae,same_family_donor,family_7a300c986fbfa9f2,rhythm_4gram_overlap,0.09884819440758968
conditional_vae,clean,family_d1a92696717aa9c2,rhythm_4gram_overlap,0.1949478522085103
conditional_vae,unrelated_donor,family_d1a92696717aa9c2,rhythm_4gram_overlap,0.1986701772294941
conditional_vae,same_family_donor,family_d1a92696717aa9c2,rhythm_4gram_overlap,0.1739514005290499
conditional_vae,clean,family_2fe71bb032cb85fe,rhythm_4gram_overlap,0.12864334443501438
conditional_vae,unrelated_donor,family_2fe71bb032cb85fe,rhythm_4gram_overlap,0.1286491594287521
conditional_vae,same_family_donor,family_2fe71bb032cb85fe,rhythm_4gram_overlap,0.12819474669447214
conditional_vae,clean,family_348b29b5f47eda18,rhythm_4gram_overlap,0.07235045256739732
conditional_vae,unrelated_donor,family_348b29b5f47eda18,rhythm_4gram_overlap,0.07554447108952277
conditional_vae,same_family_donor,family_348b29b5f47eda18,rhythm_4gram_overlap,0.07443276456732824
conditional_vae,clean,family_fa3341292470541d,rhythm_4gram_overlap,0.0767358623744878
conditional_vae,unrelated_donor,family_fa3341292470541d,rhythm_4gram_overlap,0.07375026282801689
conditional_vae,same_family_donor,family_fa3341292470541d,rhythm_4gram_overlap,0.07686327869042885
conditional_vae,clean,family_f99e7467cfd91d72,rhythm_4gram_overlap,0.09419199574061647
conditional_vae,unrelated_donor,family_f99e7467cfd91d72,rhythm_4gram_overlap,0.09675915160225462
conditional_vae,same_family_donor,family_f99e7467cfd91d72,rhythm_4gram_overlap,0.09452971510245974
conditional_vae,clean,family_776fb0c74fb6af96,rhythm_4gram_overlap,0.11788512937425599
conditional_vae,unrelated_donor,family_776fb0c74fb6af96,rhythm_4gram_overlap,0.10312187711880848
conditional_vae,same_family_donor,family_776fb0c74fb6af96,rhythm_4gram_overlap,0.12688998480625477
conditional_vae,clean,family_56b1bf9100abf79a,rhythm_4gram_overlap,0.09444585484084804
conditional_vae,unrelated_donor,family_56b1bf9100abf79a,rhythm_4gram_overlap,0.10001487004375013
conditional_vae,same_family_donor,family_56b1bf9100abf79a,rhythm_4gram_overlap,0.09544347696977173
conditional_vae,clean,family_f53ae103dc0def58,rhythm_4gram_overlap,0.10199288394132362
conditional_vae,unrelated_donor,family_f53ae103dc0def58,rhythm_4gram_overlap,0.09402328652674424
conditional_vae,same_family_donor,family_f53ae103dc0def58,rhythm_4gram_overlap,0.09967118022309777
conditional_vae,clean,family_c2d4ffa1539bdafe,rhythm_4gram_overlap,0.13019517641233583
conditional_vae,unrelated_donor,family_c2d4ffa1539bdafe,rhythm_4gram_overlap,0.182836677479408
conditional_vae,same_family_donor,family_c2d4ffa1539bdafe,rhythm_4gram_overlap,0.21487711121868736
conditional_vae,clean,family_328dc279bafe7f69,rhythm_4gram_overlap,0.09543371042262143
conditional_vae,unrelated_donor,family_328dc279bafe7f69,rhythm_4gram_overlap,0.0787562526492648
conditional_vae,same_family_donor,family_328dc279bafe7f69,rhythm_4gram_overlap,0.09313407691636001
conditional_vae,clean,family_de67cf52f9a2ce89,rhythm_4gram_overlap,0.013193156203621577
conditional_vae,unrelated_donor,family_de67cf52f9a2ce89,rhythm_4gram_overlap,0.006727565999320409
conditional_vae,same_family_donor,family_de67cf52f9a2ce89,rhythm_4gram_overlap,0.007964488407776898
conditional_vae,clean,family_581cf690b70ed77f,rhythm_4gram_overlap,0.13714331260959667
conditional_vae,unrelated_donor,family_581cf690b70ed77f,rhythm_4gram_overlap,0.13705652826322104
conditional_vae,same_family_donor,family_581cf690b70ed77f,rhythm_4gram_overlap,0.13592179630938284
conditional_vae,clean,family_5ebcadebe538bd59,rhythm_4gram_overlap,0.09115830964249927
conditional_vae,unrelated_donor,family_5ebcadebe538bd59,rhythm_4gram_overlap,0.09572656625711157
conditional_vae,same_family_donor,family_5ebcadebe538bd59,rhythm_4gram_overlap,0.08799000660353011
conditional_vae,clean,family_5fe0b889b5279fed,rhythm_4gram_overlap,0.10438716326528012
conditional_vae,unrelated_donor,family_5fe0b889b5279fed,rhythm_4gram_overlap,0.10583813707152512
conditional_vae,same_family_donor,family_5fe0b889b5279fed,rhythm_4gram_overlap,0.09636901527140225
conditional_vae,clean,family_8aff46e64d1c8360,rhythm_4gram_overlap,0.07713584025281614
conditional_vae,unrelated_donor,family_8aff46e64d1c8360,rhythm_4gram_overlap,0.07399381540342974
conditional_vae,same_family_donor,family_8aff46e64d1c8360,rhythm_4gram_overlap,0.07450698425087111
conditional_vae,clean,family_c3abd4306e03adf2,rhythm_4gram_overlap,0.12414385989250844
conditional_vae,unrelated_donor,family_c3abd4306e03adf2,rhythm_4gram_overlap,0.11856275140520478
conditional_vae,same_family_donor,family_c3abd4306e03adf2,rhythm_4gram_overlap,0.12463995125545646
conditional_vae,clean,family_f77d449f1658a159,rhythm_4gram_overlap,0.08157374757263001
conditional_vae,unrelated_donor,family_f77d449f1658a159,rhythm_4gram_overlap,0.08696687013395282
conditional_vae,same_family_donor,family_f77d449f1658a159,rhythm_4gram_overlap,0.07823210106594962
conditional_vae,clean,family_121eefce620403f7,rhythm_4gram_overlap,0.09104718713322653
conditional_vae,unrelated_donor,family_121eefce620403f7,rhythm_4gram_overlap,0.06108029436996321
conditional_vae,same_family_donor,family_121eefce620403f7,rhythm_4gram_overlap,0.08377260275874426
conditional_vae,clean,family_439fc19617b55d44,rhythm_4gram_overlap,0.10084183747958948
conditional_vae,unrelated_donor,family_439fc19617b55d44,rhythm_4gram_overlap,0.09118544221123
conditional_vae,same_family_donor,family_439fc19617b55d44,rhythm_4gram_overlap,0.09921146152671607
conditional_vae,clean,family_7b8c8789f38183da,rhythm_4gram_overlap,0.08148288348958646
conditional_vae,unrelated_donor,family_7b8c8789f38183da,rhythm_4gram_overlap,0.0821249743183874
conditional_vae,same_family_donor,family_7b8c8789f38183da,rhythm_4gram_overlap,0.07892120066828419
conditional_vae,clean,family_7c104874587dddcc,rhythm_4gram_overlap,0.023354819156411227
conditional_vae,unrelated_donor,family_7c104874587dddcc,rhythm_4gram_overlap,0.030440274755417374
conditional_vae,same_family_donor,family_7c104874587dddcc,rhythm_4gram_overlap,0.03538266742180157
conditional_vae,clean,family_2eec85a0fe915e64,rhythm_4gram_overlap,0.08664967690331471
conditional_vae,unrelated_donor,family_2eec85a0fe915e64,rhythm_4gram_overlap,0.08642659084631325
conditional_vae,same_family_donor,family_2eec85a0fe915e64,rhythm_4gram_overlap,0.09336515916629563
conditional_vae,clean,family_ac0566dd944bc201,rhythm_4gram_overlap,0.14416755260772415
conditional_vae,unrelated_donor,family_ac0566dd944bc201,rhythm_4gram_overlap,0.13427340016952252
conditional_vae,same_family_donor,family_ac0566dd944bc201,rhythm_4gram_overlap,0.12605949891807564
conditional_vae,clean,family_fe2836cc1cef695c,rhythm_4gram_overlap,0.13165246056625365
conditional_vae,unrelated_donor,family_fe2836cc1cef695c,rhythm_4gram_overlap,0.12585409254216415
conditional_vae,same_family_donor,family_fe2836cc1cef695c,rhythm_4gram_overlap,0.12740841677479608
conditional_vae,clean,family_a03ac5414952d229,rhythm_4gram_overlap,0.09346718527664206
conditional_vae,unrelated_donor,family_a03ac5414952d229,rhythm_4gram_overlap,0.10268924105825283
conditional_vae,same_family_donor,family_a03ac5414952d229,rhythm_4gram_overlap,0.08944969496774563
conditional_vae,clean,family_9ccd2f467361ebab,rhythm_4gram_overlap,0.09691697334178635
conditional_vae,unrelated_donor,family_9ccd2f467361ebab,rhythm_4gram_overlap,0.09568424800532953
conditional_vae,same_family_donor,family_9ccd2f467361ebab,rhythm_4gram_overlap,0.09098473499193797
conditional_vae,clean,family_6f0024d47bda9a44,rhythm_4gram_overlap,0.09832744921126328
conditional_vae,unrelated_donor,family_6f0024d47bda9a44,rhythm_4gram_overlap,0.1073738177567244
conditional_vae,same_family_donor,family_6f0024d47bda9a44,rhythm_4gram_overlap,0.09688689405515065
conditional_vae,clean,family_b88eee6ecd7ef6bc,rhythm_4gram_overlap,0.09074353090498981
conditional_vae,unrelated_donor,family_b88eee6ecd7ef6bc,rhythm_4gram_overlap,0.08614868745943222
conditional_vae,same_family_donor,family_b88eee6ecd7ef6bc,rhythm_4gram_overlap,0.0801112132309499
conditional_vae,clean,family_3dffb074803c8f80,rhythm_4gram_overlap,0.09608279732754887
conditional_vae,unrelated_donor,family_3dffb074803c8f80,rhythm_4gram_overlap,0.09413873881940825
conditional_vae,same_family_donor,family_3dffb074803c8f80,rhythm_4gram_overlap,0.08526193538472104
conditional_vae,clean,family_39849966d6043c11,rhythm_4gram_overlap,0.08243458607988356
conditional_vae,unrelated_donor,family_39849966d6043c11,rhythm_4gram_overlap,0.08432796415367473
conditional_vae,same_family_donor,family_39849966d6043c11,rhythm_4gram_overlap,0.08955817781637125
conditional_vae,clean,family_f19aa9a5e722eb61,rhythm_4gram_overlap,0.1295710700981059
conditional_vae,unrelated_donor,family_f19aa9a5e722eb61,rhythm_4gram_overlap,0.13309136193577117
conditional_vae,same_family_donor,family_f19aa9a5e722eb61,rhythm_4gram_overlap,0.13222637391314662
conditional_vae,clean,family_a95aeca85317a04d,rhythm_4gram_overlap,0.09021661301390972
conditional_vae,unrelated_donor,family_a95aeca85317a04d,rhythm_4gram_overlap,0.07866695197827626
conditional_vae,same_family_donor,family_a95aeca85317a04d,rhythm_4gram_overlap,0.08478127142559773
conditional_vae,clean,family_39f58e2fd604c61e,rhythm_4gram_overlap,0.07278110241642026
conditional_vae,unrelated_donor,family_39f58e2fd604c61e,rhythm_4gram_overlap,0.062427590751605956
conditional_vae,same_family_donor,family_39f58e2fd604c61e,rhythm_4gram_overlap,0.07633026400232379
conditional_vae,clean,family_af212e596b07120e,rhythm_4gram_overlap,0.1263652602486381
conditional_vae,unrelated_donor,family_af212e596b07120e,rhythm_4gram_overlap,0.12512443863031994
conditional_vae,same_family_donor,family_af212e596b07120e,rhythm_4gram_overlap,0.13605533344162987
conditional_vae,clean,family_961cefc620e3d5ab,rhythm_4gram_overlap,0.08671088394441386
conditional_vae,unrelated_donor,family_961cefc620e3d5ab,rhythm_4gram_overlap,0.08196421410753042
conditional_vae,same_family_donor,family_961cefc620e3d5ab,rhythm_4gram_overlap,0.07902363561743975
conditional_vae,clean,family_2dbafe5054d4bee7,rhythm_4gram_overlap,0.056457870211523785
conditional_vae,unrelated_donor,family_2dbafe5054d4bee7,rhythm_4gram_overlap,0.06210634388199704
conditional_vae,same_family_donor,family_2dbafe5054d4bee7,rhythm_4gram_overlap,0.06049743559319045
conditional_vae,clean,family_0a0ff01b239a934a,rhythm_4gram_overlap,0.11608771863396931
conditional_vae,unrelated_donor,family_0a0ff01b239a934a,rhythm_4gram_overlap,0.10667758189877445
conditional_vae,same_family_donor,family_0a0ff01b239a934a,rhythm_4gram_overlap,0.1117086380296361
conditional_vae,clean,family_6a42731481dda124,rhythm_4gram_overlap,0.1598298257688476
conditional_vae,unrelated_donor,family_6a42731481dda124,rhythm_4gram_overlap,0.15055391106849067
conditional_vae,same_family_donor,family_6a42731481dda124,rhythm_4gram_overlap,0.15816897494132198
conditional_vae,clean,family_e4e4467ef74cc720,rhythm_4gram_overlap,0.12511964093090608
conditional_vae,unrelated_donor,family_e4e4467ef74cc720,rhythm_4gram_overlap,0.13966269308710266
conditional_vae,same_family_donor,family_e4e4467ef74cc720,rhythm_4gram_overlap,0.13213780704060044
conditional_vae,clean,family_b324bd83d2be3825,rhythm_4gram_overlap,0.16928573495635016
conditional_vae,unrelated_donor,family_b324bd83d2be3825,rhythm_4gram_overlap,0.18391432303479174
conditional_vae,same_family_donor,family_b324bd83d2be3825,rhythm_4gram_overlap,0.17316952950077966
conditional_vae,clean,family_59add5a121b9a616,rhythm_4gram_overlap,0.11478311811727494
conditional_vae,unrelated_donor,family_59add5a121b9a616,rhythm_4gram_overlap,0.11578833463481719
conditional_vae,same_family_donor,family_59add5a121b9a616,rhythm_4gram_overlap,0.11344172291320548
conditional_vae,clean,family_4da27be0a15493fc,rhythm_4gram_overlap,0.11837677834002176
conditional_vae,unrelated_donor,family_4da27be0a15493fc,rhythm_4gram_overlap,0.11359362171824032
conditional_vae,same_family_donor,family_4da27be0a15493fc,rhythm_4gram_overlap,0.11818009303569128
conditional_vae,clean,family_0ecded087f80d73b,rhythm_4gram_overlap,0.03565114211860725
conditional_vae,unrelated_donor,family_0ecded087f80d73b,rhythm_4gram_overlap,0.04643815039956939
conditional_vae,same_family_donor,family_0ecded087f80d73b,rhythm_4gram_overlap,0.047069964141275844
conditional_vae,clean,family_746d1e0c3274827f,rhythm_4gram_overlap,0.1239779419744526
conditional_vae,unrelated_donor,family_746d1e0c3274827f,rhythm_4gram_overlap,0.1252900158977507
conditional_vae,same_family_donor,family_746d1e0c3274827f,rhythm_4gram_overlap,0.1252900158977507
conditional_vae,clean,family_6d17de7e325f25f8,rhythm_4gram_overlap,0.11584173529849358
conditional_vae,unrelated_donor,family_6d17de7e325f25f8,rhythm_4gram_overlap,0.1125106152774374
conditional_vae,same_family_donor,family_6d17de7e325f25f8,rhythm_4gram_overlap,0.11400574621217824
conditional_vae,clean,family_67cf34a836b9cd6c,rhythm_4gram_overlap,0.11057623851053373
conditional_vae,unrelated_donor,family_67cf34a836b9cd6c,rhythm_4gram_overlap,0.10608075957962866
conditional_vae,same_family_donor,family_67cf34a836b9cd6c,rhythm_4gram_overlap,0.11248371938690109
conditional_vae,clean,family_3bd7e5ca43f02666,rhythm_4gram_overlap,0.0665671106492698
conditional_vae,unrelated_donor,family_3bd7e5ca43f02666,rhythm_4gram_overlap,0.06650443799506371
conditional_vae,same_family_donor,family_3bd7e5ca43f02666,rhythm_4gram_overlap,0.07272729904780258
conditional_vae,clean,family_e2c30beb0d4abeae,rhythm_4gram_overlap,0.061447760005620335
conditional_vae,unrelated_donor,family_e2c30beb0d4abeae,rhythm_4gram_overlap,0.054724892672167534
conditional_vae,same_family_donor,family_e2c30beb0d4abeae,rhythm_4gram_overlap,0.05433491947232429
conditional_vae,clean,family_3fbe0e330aecdc00,rhythm_4gram_overlap,0.0914221655300727
conditional_vae,unrelated_donor,family_3fbe0e330aecdc00,rhythm_4gram_overlap,0.09849563754551083
conditional_vae,same_family_donor,family_3fbe0e330aecdc00,rhythm_4gram_overlap,0.08914933724848227
conditional_vae,clean,family_83b27a32aa56f9dc,rhythm_4gram_overlap,0.10412212411512263
conditional_vae,unrelated_donor,family_83b27a32aa56f9dc,rhythm_4gram_overlap,0.09589617950682407
conditional_vae,same_family_donor,family_83b27a32aa56f9dc,rhythm_4gram_overlap,0.10327683322775734
conditional_vae,clean,family_58c32a6b58cc329f,rhythm_4gram_overlap,0.12369972312427553
conditional_vae,unrelated_donor,family_58c32a6b58cc329f,rhythm_4gram_overlap,0.1251470771249816
conditional_vae,same_family_donor,family_58c32a6b58cc329f,rhythm_4gram_overlap,0.11853958786002901
conditional_vae,clean,family_853b6705e7d7e7a9,rhythm_4gram_overlap,0.09986317032901303
conditional_vae,unrelated_donor,family_853b6705e7d7e7a9,rhythm_4gram_overlap,0.0905738125079097
conditional_vae,same_family_donor,family_853b6705e7d7e7a9,rhythm_4gram_overlap,0.09947625336408254
conditional_vae,clean,family_5405158fe7a3977d,rhythm_4gram_overlap,0.08959473531017192
conditional_vae,unrelated_donor,family_5405158fe7a3977d,rhythm_4gram_overlap,0.09750524575841552
conditional_vae,same_family_donor,family_5405158fe7a3977d,rhythm_4gram_overlap,0.09649184185039432
conditional_vae,clean,family_e0f7e5849dbe9388,rhythm_4gram_overlap,0.1282327763216221
conditional_vae,unrelated_donor,family_e0f7e5849dbe9388,rhythm_4gram_overlap,0.13432092576784546
conditional_vae,same_family_donor,family_e0f7e5849dbe9388,rhythm_4gram_overlap,0.1311103054082531
conditional_vae,clean,family_6fbe37a0a6611f64,rhythm_4gram_overlap,0.051090562869427945
conditional_vae,unrelated_donor,family_6fbe37a0a6611f64,rhythm_4gram_overlap,0.05886657855533107
conditional_vae,same_family_donor,family_6fbe37a0a6611f64,rhythm_4gram_overlap,0.06594599665826918
conditional_vae,clean,family_3835425eafb00035,rhythm_4gram_overlap,0.08719251953799219
conditional_vae,unrelated_donor,family_3835425eafb00035,rhythm_4gram_overlap,0.11883304756028341
conditional_vae,same_family_donor,family_3835425eafb00035,rhythm_4gram_overlap,0.10262787941230363
conditional_vae,clean,family_4f1b63b3eef9f7d0,rhythm_4gram_overlap,0.09283940735138696
conditional_vae,unrelated_donor,family_4f1b63b3eef9f7d0,rhythm_4gram_overlap,0.08985625003117402
conditional_vae,same_family_donor,family_4f1b63b3eef9f7d0,rhythm_4gram_overlap,0.1024302571503705
conditional_vae,clean,family_8f08581ca21b6c6f,rhythm_4gram_overlap,0.10716270579268439
conditional_vae,unrelated_donor,family_8f08581ca21b6c6f,rhythm_4gram_overlap,0.11114489650171316
conditional_vae,same_family_donor,family_8f08581ca21b6c6f,rhythm_4gram_overlap,0.10528087193119595
conditional_vae,clean,family_db6398f302f77cb4,rhythm_4gram_overlap,0.1296726511017781
conditional_vae,unrelated_donor,family_db6398f302f77cb4,rhythm_4gram_overlap,0.12528322580498993
conditional_vae,same_family_donor,family_db6398f302f77cb4,rhythm_4gram_overlap,0.12355793536279948
conditional_vae,clean,family_aad2d66dec95dc7a,rhythm_4gram_overlap,0.08851575193673118
conditional_vae,unrelated_donor,family_aad2d66dec95dc7a,rhythm_4gram_overlap,0.0916096920076443
conditional_vae,same_family_donor,family_aad2d66dec95dc7a,rhythm_4gram_overlap,0.09213568571098622
conditional_vae,clean,family_04795413b15e0b98,rhythm_4gram_overlap,0.10302376781028133
conditional_vae,unrelated_donor,family_04795413b15e0b98,rhythm_4gram_overlap,0.10641853853069928
conditional_vae,same_family_donor,family_04795413b15e0b98,rhythm_4gram_overlap,0.09751152576059012
conditional_vae,clean,family_d4c8efafc098f593,rhythm_4gram_overlap,0.11308629567209423
conditional_vae,unrelated_donor,family_d4c8efafc098f593,rhythm_4gram_overlap,0.135967959872382
conditional_vae,same_family_donor,family_d4c8efafc098f593,rhythm_4gram_overlap,0.1182609537822918
conditional_vae,clean,family_30fbd9977a220042,rhythm_4gram_overlap,0.1271271398326865
conditional_vae,unrelated_donor,family_30fbd9977a220042,rhythm_4gram_overlap,0.12619306477334566
conditional_vae,same_family_donor,family_30fbd9977a220042,rhythm_4gram_overlap,0.12487602146496697
conditional_vae,clean,family_2d3e3d92f30c4369,rhythm_4gram_overlap,0.1331930062648117
conditional_vae,unrelated_donor,family_2d3e3d92f30c4369,rhythm_4gram_overlap,0.13679573776679846
conditional_vae,same_family_donor,family_2d3e3d92f30c4369,rhythm_4gram_overlap,0.13617013342541212
conditional_vae,clean,family_6342008bae187399,rhythm_4gram_overlap,0.11327973591916123
conditional_vae,unrelated_donor,family_6342008bae187399,rhythm_4gram_overlap,0.1157170446978414
conditional_vae,same_family_donor,family_6342008bae187399,rhythm_4gram_overlap,0.1089711848965993
conditional_vae,clean,family_f60bd4cc83d02add,rhythm_4gram_overlap,0.13324573205880277
conditional_vae,unrelated_donor,family_f60bd4cc83d02add,rhythm_4gram_overlap,0.1490982157467339
conditional_vae,same_family_donor,family_f60bd4cc83d02add,rhythm_4gram_overlap,0.13744296929601746
conditional_vae,clean,family_08157e0ead630e5c,rhythm_4gram_overlap,0.14751169632843159
conditional_vae,unrelated_donor,family_08157e0ead630e5c,rhythm_4gram_overlap,0.1490842266345151
conditional_vae,same_family_donor,family_08157e0ead630e5c,rhythm_4gram_overlap,0.14303612984730985
conditional_vae,clean,family_0f71c7e0830e1d85,rhythm_4gram_overlap,0.050526138241225815
conditional_vae,unrelated_donor,family_0f71c7e0830e1d85,rhythm_4gram_overlap,0.06995670286325613
conditional_vae,same_family_donor,family_0f71c7e0830e1d85,rhythm_4gram_overlap,0.0630449285432048
conditional_vae,clean,family_be459453ebdfa1da,rhythm_4gram_overlap,0.12251621142040577
conditional_vae,unrelated_donor,family_be459453ebdfa1da,rhythm_4gram_overlap,0.1198889758226893
conditional_vae,same_family_donor,family_be459453ebdfa1da,rhythm_4gram_overlap,0.12149877439786701
conditional_vae,clean,family_a534382ff42b71fb,rhythm_4gram_overlap,0.08087231625847711
conditional_vae,unrelated_donor,family_a534382ff42b71fb,rhythm_4gram_overlap,0.09263245283465048
conditional_vae,same_family_donor,family_a534382ff42b71fb,rhythm_4gram_overlap,0.07663636483027637
conditional_vae,clean,family_e97b637c75aac2b5,rhythm_4gram_overlap,0.0765791625811449
conditional_vae,unrelated_donor,family_e97b637c75aac2b5,rhythm_4gram_overlap,0.07179033338856748
conditional_vae,same_family_donor,family_e97b637c75aac2b5,rhythm_4gram_overlap,0.08150678444588065
conditional_vae,clean,family_f0c0dd7c2f3b6a3f,rhythm_4gram_overlap,0.204647345189458
conditional_vae,unrelated_donor,family_f0c0dd7c2f3b6a3f,rhythm_4gram_overlap,0.20797020299385524
conditional_vae,same_family_donor,family_f0c0dd7c2f3b6a3f,rhythm_4gram_overlap,0.2105238033432152
conditional_vae,clean,family_c3ae851031cec2bb,rhythm_4gram_overlap,0.14331742795478156
conditional_vae,unrelated_donor,family_c3ae851031cec2bb,rhythm_4gram_overlap,0.14376878724673134
conditional_vae,same_family_donor,family_c3ae851031cec2bb,rhythm_4gram_overlap,0.1435227501466438
conditional_vae,clean,family_d0b38ee50d018148,rhythm_4gram_overlap,0.12692713246241696
conditional_vae,unrelated_donor,family_d0b38ee50d018148,rhythm_4gram_overlap,0.1255581164893704
conditional_vae,same_family_donor,family_d0b38ee50d018148,rhythm_4gram_overlap,0.12498388087318496
conditional_vae,clean,family_c64269798048b60f,rhythm_4gram_overlap,0.1803998158153716
conditional_vae,unrelated_donor,family_c64269798048b60f,rhythm_4gram_overlap,0.18494898497274304
conditional_vae,same_family_donor,family_c64269798048b60f,rhythm_4gram_overlap,0.17339880870093158
conditional_vae,clean,family_1cfa4116628ae42e,rhythm_4gram_overlap,0.06735254770520235
conditional_vae,unrelated_donor,family_1cfa4116628ae42e,rhythm_4gram_overlap,0.07754857232898638
conditional_vae,same_family_donor,family_1cfa4116628ae42e,rhythm_4gram_overlap,0.07462114677833974
conditional_vae,clean,family_101bf32d18499c7d,rhythm_4gram_overlap,0.03431362180150722
conditional_vae,unrelated_donor,family_101bf32d18499c7d,rhythm_4gram_overlap,0.03801720422812115
conditional_vae,same_family_donor,family_101bf32d18499c7d,rhythm_4gram_overlap,0.03221387748707747
conditional_vae,clean,family_52885ec61f0240b9,rhythm_4gram_overlap,0.11127361653816377
conditional_vae,unrelated_donor,family_52885ec61f0240b9,rhythm_4gram_overlap,0.1274560572655841
conditional_vae,same_family_donor,family_52885ec61f0240b9,rhythm_4gram_overlap,0.1157213584022283
conditional_vae,clean,family_8661140073b6a2ab,rhythm_4gram_overlap,0.0921150148268478
conditional_vae,unrelated_donor,family_8661140073b6a2ab,rhythm_4gram_overlap,0.10527238025176062
conditional_vae,same_family_donor,family_8661140073b6a2ab,rhythm_4gram_overlap,0.10259796713233253
conditional_vae,clean,family_eacebc389812585f,rhythm_4gram_overlap,0.08906462022082652
conditional_vae,unrelated_donor,family_eacebc389812585f,rhythm_4gram_overlap,0.10289343926558565
conditional_vae,same_family_donor,family_eacebc389812585f,rhythm_4gram_overlap,0.10665119743738356
conditional_vae,clean,family_23e85181dd747797,rhythm_4gram_overlap,0.11489448929553432
conditional_vae,unrelated_donor,family_23e85181dd747797,rhythm_4gram_overlap,0.11159044788026724
conditional_vae,same_family_donor,family_23e85181dd747797,rhythm_4gram_overlap,0.11924472476654517
conditional_vae,clean,family_e3c89d0945320ec5,normalized_edit_similarity,0.13529881608016242
conditional_vae,unrelated_donor,family_e3c89d0945320ec5,normalized_edit_similarity,0.1268803126675386
conditional_vae,same_family_donor,family_e3c89d0945320ec5,normalized_edit_similarity,0.13168063862138885
conditional_vae,clean,family_5facacfb4d33d062,normalized_edit_similarity,0.17834091683335493
conditional_vae,unrelated_donor,family_5facacfb4d33d062,normalized_edit_similarity,0.17092911270587816
conditional_vae,same_family_donor,family_5facacfb4d33d062,normalized_edit_similarity,0.17147999730025432
conditional_vae,clean,family_15b8f6d235825863,normalized_edit_similarity,0.1495038335414812
conditional_vae,unrelated_donor,family_15b8f6d235825863,normalized_edit_similarity,0.15024767166119377
conditional_vae,same_family_donor,family_15b8f6d235825863,normalized_edit_similarity,0.15374105301028854
conditional_vae,clean,family_78031f033e192cce,normalized_edit_similarity,0.19639672177570663
conditional_vae,unrelated_donor,family_78031f033e192cce,normalized_edit_similarity,0.21045234958278436
conditional_vae,same_family_donor,family_78031f033e192cce,normalized_edit_similarity,0.20891243001529325
conditional_vae,clean,family_debbecc1e7f77f3e,normalized_edit_similarity,0.1689126030788032
conditional_vae,unrelated_donor,family_debbecc1e7f77f3e,normalized_edit_similarity,0.1712311703554443
conditional_vae,same_family_donor,family_debbecc1e7f77f3e,normalized_edit_similarity,0.1651596627769731
conditional_vae,clean,family_5d6a15b20dff7233,normalized_edit_similarity,0.16350103405523714
conditional_vae,unrelated_donor,family_5d6a15b20dff7233,normalized_edit_similarity,0.16589060436500522
conditional_vae,same_family_donor,family_5d6a15b20dff7233,normalized_edit_similarity,0.17118586232141322
conditional_vae,clean,family_58a5b18cf3751bf1,normalized_edit_similarity,0.14780283063273802
conditional_vae,unrelated_donor,family_58a5b18cf3751bf1,normalized_edit_similarity,0.15863121221355517
conditional_vae,same_family_donor,family_58a5b18cf3751bf1,normalized_edit_similarity,0.1510596665205817
conditional_vae,clean,family_da2cbb03fa208ffc,normalized_edit_similarity,0.15197132616487455
conditional_vae,unrelated_donor,family_da2cbb03fa208ffc,normalized_edit_similarity,0.15705441511893126
conditional_vae,same_family_donor,family_da2cbb03fa208ffc,normalized_edit_similarity,0.14532420984033886
conditional_vae,clean,family_b3ba3218de08f591,normalized_edit_similarity,0.1747057115702899
conditional_vae,unrelated_donor,family_b3ba3218de08f591,normalized_edit_similarity,0.17607576488876267
conditional_vae,same_family_donor,family_b3ba3218de08f591,normalized_edit_similarity,0.17166103961006493
conditional_vae,clean,family_9edbfcdbf27d8472,normalized_edit_similarity,0.130679236786969
conditional_vae,unrelated_donor,family_9edbfcdbf27d8472,normalized_edit_similarity,0.1287819205856007
conditional_vae,same_family_donor,family_9edbfcdbf27d8472,normalized_edit_similarity,0.13153666291605193
conditional_vae,clean,family_76f3986b08ecfc19,normalized_edit_similarity,0.1610968178465448
conditional_vae,unrelated_donor,family_76f3986b08ecfc19,normalized_edit_similarity,0.1644159496601033
conditional_vae,same_family_donor,family_76f3986b08ecfc19,normalized_edit_similarity,0.15492199316991773
conditional_vae,clean,family_5aaa5f6f546aa704,normalized_edit_similarity,0.15955342302510514
conditional_vae,unrelated_donor,family_5aaa5f6f546aa704,normalized_edit_similarity,0.15425505502134376
conditional_vae,same_family_donor,family_5aaa5f6f546aa704,normalized_edit_similarity,0.168265742254654
conditional_vae,clean,family_38ddaabf01adae92,normalized_edit_similarity,0.18254063935701512
conditional_vae,unrelated_donor,family_38ddaabf01adae92,normalized_edit_similarity,0.18143358943852986
conditional_vae,same_family_donor,family_38ddaabf01adae92,normalized_edit_similarity,0.18010725783021367
conditional_vae,clean,family_5cc4efa05e4dc250,normalized_edit_similarity,0.15197387948946275
conditional_vae,unrelated_donor,family_5cc4efa05e4dc250,normalized_edit_similarity,0.1468685069753636
conditional_vae,same_family_donor,family_5cc4efa05e4dc250,normalized_edit_similarity,0.1518551498961116
conditional_vae,clean,family_3db848c291e71542,normalized_edit_similarity,0.17237896930408048
conditional_vae,unrelated_donor,family_3db848c291e71542,normalized_edit_similarity,0.17002359342423853
conditional_vae,same_family_donor,family_3db848c291e71542,normalized_edit_similarity,0.16771244543787622
conditional_vae,clean,family_4731a6d05dff34ce,normalized_edit_similarity,0.18729109553879097
conditional_vae,unrelated_donor,family_4731a6d05dff34ce,normalized_edit_similarity,0.18054133399460628
conditional_vae,same_family_donor,family_4731a6d05dff34ce,normalized_edit_similarity,0.18062578792124773
conditional_vae,clean,family_1a8ff9e18d3eabea,normalized_edit_similarity,0.1697585111018283
conditional_vae,unrelated_donor,family_1a8ff9e18d3eabea,normalized_edit_similarity,0.16499395626545907
conditional_vae,same_family_donor,family_1a8ff9e18d3eabea,normalized_edit_similarity,0.16346950911993918
conditional_vae,clean,family_774f10d6c3d75980,normalized_edit_similarity,0.16502896674292247
conditional_vae,unrelated_donor,family_774f10d6c3d75980,normalized_edit_similarity,0.17017251624635174
conditional_vae,same_family_donor,family_774f10d6c3d75980,normalized_edit_similarity,0.173533894140405
conditional_vae,clean,family_7a300c986fbfa9f2,normalized_edit_similarity,0.13070504797663743
conditional_vae,unrelated_donor,family_7a300c986fbfa9f2,normalized_edit_similarity,0.1353036782088722
conditional_vae,same_family_donor,family_7a300c986fbfa9f2,normalized_edit_similarity,0.13420334445835072
conditional_vae,clean,family_d1a92696717aa9c2,normalized_edit_similarity,0.22529728342220565
conditional_vae,unrelated_donor,family_d1a92696717aa9c2,normalized_edit_similarity,0.22795792998408304
conditional_vae,same_family_donor,family_d1a92696717aa9c2,normalized_edit_similarity,0.2281608027183827
conditional_vae,clean,family_2fe71bb032cb85fe,normalized_edit_similarity,0.19073877695298694
conditional_vae,unrelated_donor,family_2fe71bb032cb85fe,normalized_edit_similarity,0.18571711074362188
conditional_vae,same_family_donor,family_2fe71bb032cb85fe,normalized_edit_similarity,0.1886178861788618
conditional_vae,clean,family_348b29b5f47eda18,normalized_edit_similarity,0.134216225566511
conditional_vae,unrelated_donor,family_348b29b5f47eda18,normalized_edit_similarity,0.13018276171156293
conditional_vae,same_family_donor,family_348b29b5f47eda18,normalized_edit_similarity,0.13351744743753047
conditional_vae,clean,family_fa3341292470541d,normalized_edit_similarity,0.1281524109095874
conditional_vae,unrelated_donor,family_fa3341292470541d,normalized_edit_similarity,0.13629630237274426
conditional_vae,same_family_donor,family_fa3341292470541d,normalized_edit_similarity,0.14031901727386784
conditional_vae,clean,family_f99e7467cfd91d72,normalized_edit_similarity,0.09553942687965357
conditional_vae,unrelated_donor,family_f99e7467cfd91d72,normalized_edit_similarity,0.09704116126466494
conditional_vae,same_family_donor,family_f99e7467cfd91d72,normalized_edit_similarity,0.0934239190473034
conditional_vae,clean,family_776fb0c74fb6af96,normalized_edit_similarity,0.19998547019347082
conditional_vae,unrelated_donor,family_776fb0c74fb6af96,normalized_edit_similarity,0.20919473164896396
conditional_vae,same_family_donor,family_776fb0c74fb6af96,normalized_edit_similarity,0.1932897640708108
conditional_vae,clean,family_56b1bf9100abf79a,normalized_edit_similarity,0.14043219770380602
conditional_vae,unrelated_donor,family_56b1bf9100abf79a,normalized_edit_similarity,0.14823549839411476
conditional_vae,same_family_donor,family_56b1bf9100abf79a,normalized_edit_similarity,0.1425583971078315
conditional_vae,clean,family_f53ae103dc0def58,normalized_edit_similarity,0.13433363900713693
conditional_vae,unrelated_donor,family_f53ae103dc0def58,normalized_edit_similarity,0.13029296990852665
conditional_vae,same_family_donor,family_f53ae103dc0def58,normalized_edit_similarity,0.1387474378539147
conditional_vae,clean,family_c2d4ffa1539bdafe,normalized_edit_similarity,0.16666305047350674
conditional_vae,unrelated_donor,family_c2d4ffa1539bdafe,normalized_edit_similarity,0.18638844468130963
conditional_vae,same_family_donor,family_c2d4ffa1539bdafe,normalized_edit_similarity,0.18011980000546002
conditional_vae,clean,family_328dc279bafe7f69,normalized_edit_similarity,0.13893706266814917
conditional_vae,unrelated_donor,family_328dc279bafe7f69,normalized_edit_similarity,0.14090186442555455
conditional_vae,same_family_donor,family_328dc279bafe7f69,normalized_edit_similarity,0.14369551456665688
conditional_vae,clean,family_de67cf52f9a2ce89,normalized_edit_similarity,0.07689435628803801
conditional_vae,unrelated_donor,family_de67cf52f9a2ce89,normalized_edit_similarity,0.07332748982716096
conditional_vae,same_family_donor,family_de67cf52f9a2ce89,normalized_edit_similarity,0.08044725730500589
conditional_vae,clean,family_581cf690b70ed77f,normalized_edit_similarity,0.14326229992590353
conditional_vae,unrelated_donor,family_581cf690b70ed77f,normalized_edit_similarity,0.15185247350457573
conditional_vae,same_family_donor,family_581cf690b70ed77f,normalized_edit_similarity,0.14996801862837383
conditional_vae,clean,family_5ebcadebe538bd59,normalized_edit_similarity,0.13133274492497793
conditional_vae,unrelated_donor,family_5ebcadebe538bd59,normalized_edit_similarity,0.135216240070609
conditional_vae,same_family_donor,family_5ebcadebe538bd59,normalized_edit_similarity,0.12427184466019418
conditional_vae,clean,family_5fe0b889b5279fed,normalized_edit_similarity,0.15871055610494075
conditional_vae,unrelated_donor,family_5fe0b889b5279fed,normalized_edit_similarity,0.16437345930556593
conditional_vae,same_family_donor,family_5fe0b889b5279fed,normalized_edit_similarity,0.1554831128322667
conditional_vae,clean,family_8aff46e64d1c8360,normalized_edit_similarity,0.12943192736370257
conditional_vae,unrelated_donor,family_8aff46e64d1c8360,normalized_edit_similarity,0.12529167852337061
conditional_vae,same_family_donor,family_8aff46e64d1c8360,normalized_edit_similarity,0.1347973149912253
conditional_vae,clean,family_c3abd4306e03adf2,normalized_edit_similarity,0.14499361856945478
conditional_vae,unrelated_donor,family_c3abd4306e03adf2,normalized_edit_similarity,0.14772892602216614
conditional_vae,same_family_donor,family_c3abd4306e03adf2,normalized_edit_similarity,0.1430056710813696
conditional_vae,clean,family_f77d449f1658a159,normalized_edit_similarity,0.10729465426028817
conditional_vae,unrelated_donor,family_f77d449f1658a159,normalized_edit_similarity,0.11196203176311459
conditional_vae,same_family_donor,family_f77d449f1658a159,normalized_edit_similarity,0.10559760233127091
conditional_vae,clean,family_121eefce620403f7,normalized_edit_similarity,0.17996452379942748
conditional_vae,unrelated_donor,family_121eefce620403f7,normalized_edit_similarity,0.18288739397379294
conditional_vae,same_family_donor,family_121eefce620403f7,normalized_edit_similarity,0.18597880564198732
conditional_vae,clean,family_439fc19617b55d44,normalized_edit_similarity,0.14501791741224462
conditional_vae,unrelated_donor,family_439fc19617b55d44,normalized_edit_similarity,0.15057123804515218
conditional_vae,same_family_donor,family_439fc19617b55d44,normalized_edit_similarity,0.1448420685355588
conditional_vae,clean,family_7b8c8789f38183da,normalized_edit_similarity,0.09724714291018503
conditional_vae,unrelated_donor,family_7b8c8789f38183da,normalized_edit_similarity,0.09780653340234276
conditional_vae,same_family_donor,family_7b8c8789f38183da,normalized_edit_similarity,0.10200684764009775
conditional_vae,clean,family_7c104874587dddcc,normalized_edit_similarity,0.22536151922014266
conditional_vae,unrelated_donor,family_7c104874587dddcc,normalized_edit_similarity,0.2564102564102564
conditional_vae,same_family_donor,family_7c104874587dddcc,normalized_edit_similarity,0.2294301869919728
conditional_vae,clean,family_2eec85a0fe915e64,normalized_edit_similarity,0.16515031797765448
conditional_vae,unrelated_donor,family_2eec85a0fe915e64,normalized_edit_similarity,0.15705702491973703
conditional_vae,same_family_donor,family_2eec85a0fe915e64,normalized_edit_similarity,0.16080497206774444
conditional_vae,clean,family_ac0566dd944bc201,normalized_edit_similarity,0.15027591145977104
conditional_vae,unrelated_donor,family_ac0566dd944bc201,normalized_edit_similarity,0.14555762338940534
conditional_vae,same_family_donor,family_ac0566dd944bc201,normalized_edit_similarity,0.14735504193511587
conditional_vae,clean,family_fe2836cc1cef695c,normalized_edit_similarity,0.1392584985630964
conditional_vae,unrelated_donor,family_fe2836cc1cef695c,normalized_edit_similarity,0.14384442670892172
conditional_vae,same_family_donor,family_fe2836cc1cef695c,normalized_edit_similarity,0.14055916970535545
conditional_vae,clean,family_a03ac5414952d229,normalized_edit_similarity,0.14629153986572235
conditional_vae,unrelated_donor,family_a03ac5414952d229,normalized_edit_similarity,0.14554387831427998
conditional_vae,same_family_donor,family_a03ac5414952d229,normalized_edit_similarity,0.13713380317273696
conditional_vae,clean,family_9ccd2f467361ebab,normalized_edit_similarity,0.14129381729056548
conditional_vae,unrelated_donor,family_9ccd2f467361ebab,normalized_edit_similarity,0.14120025330897865
conditional_vae,same_family_donor,family_9ccd2f467361ebab,normalized_edit_similarity,0.14932142148645253
conditional_vae,clean,family_6f0024d47bda9a44,normalized_edit_similarity,0.12112550192429135
conditional_vae,unrelated_donor,family_6f0024d47bda9a44,normalized_edit_similarity,0.13052242491159644
conditional_vae,same_family_donor,family_6f0024d47bda9a44,normalized_edit_similarity,0.12949375316909006
conditional_vae,clean,family_b88eee6ecd7ef6bc,normalized_edit_similarity,0.15099676128347125
conditional_vae,unrelated_donor,family_b88eee6ecd7ef6bc,normalized_edit_similarity,0.15818995555604956
conditional_vae,same_family_donor,family_b88eee6ecd7ef6bc,normalized_edit_similarity,0.15674723954933623
conditional_vae,clean,family_3dffb074803c8f80,normalized_edit_similarity,0.18722187614878036
conditional_vae,unrelated_donor,family_3dffb074803c8f80,normalized_edit_similarity,0.1799664697334814
conditional_vae,same_family_donor,family_3dffb074803c8f80,normalized_edit_similarity,0.1791688344107308
conditional_vae,clean,family_39849966d6043c11,normalized_edit_similarity,0.12666012430487408
conditional_vae,unrelated_donor,family_39849966d6043c11,normalized_edit_similarity,0.12443572129538764
conditional_vae,same_family_donor,family_39849966d6043c11,normalized_edit_similarity,0.10310762185148838
conditional_vae,clean,family_f19aa9a5e722eb61,normalized_edit_similarity,0.2118396562132928
conditional_vae,unrelated_donor,family_f19aa9a5e722eb61,normalized_edit_similarity,0.21132222738708087
conditional_vae,same_family_donor,family_f19aa9a5e722eb61,normalized_edit_similarity,0.2118513575113011
conditional_vae,clean,family_a95aeca85317a04d,normalized_edit_similarity,0.15796062665375418
conditional_vae,unrelated_donor,family_a95aeca85317a04d,normalized_edit_similarity,0.16709446253022195
conditional_vae,same_family_donor,family_a95aeca85317a04d,normalized_edit_similarity,0.17077553262311684
conditional_vae,clean,family_39f58e2fd604c61e,normalized_edit_similarity,0.09197926197011282
conditional_vae,unrelated_donor,family_39f58e2fd604c61e,normalized_edit_similarity,0.07197316254955778
conditional_vae,same_family_donor,family_39f58e2fd604c61e,normalized_edit_similarity,0.08697773711497409
conditional_vae,clean,family_af212e596b07120e,normalized_edit_similarity,0.15134693027905544
conditional_vae,unrelated_donor,family_af212e596b07120e,normalized_edit_similarity,0.1496164582045124
conditional_vae,same_family_donor,family_af212e596b07120e,normalized_edit_similarity,0.15387250669172245
conditional_vae,clean,family_961cefc620e3d5ab,normalized_edit_similarity,0.1371647509578544
conditional_vae,unrelated_donor,family_961cefc620e3d5ab,normalized_edit_similarity,0.14201787994891443
conditional_vae,same_family_donor,family_961cefc620e3d5ab,normalized_edit_similarity,0.14738186462324396
conditional_vae,clean,family_2dbafe5054d4bee7,normalized_edit_similarity,0.11315363423822515
conditional_vae,unrelated_donor,family_2dbafe5054d4bee7,normalized_edit_similarity,0.11330120097218958
conditional_vae,same_family_donor,family_2dbafe5054d4bee7,normalized_edit_similarity,0.1157013602051305
conditional_vae,clean,family_0a0ff01b239a934a,normalized_edit_similarity,0.16956169942396623
conditional_vae,unrelated_donor,family_0a0ff01b239a934a,normalized_edit_similarity,0.1669072277646951
conditional_vae,same_family_donor,family_0a0ff01b239a934a,normalized_edit_similarity,0.15814193520816738
conditional_vae,clean,family_6a42731481dda124,normalized_edit_similarity,0.1770362499748044
conditional_vae,unrelated_donor,family_6a42731481dda124,normalized_edit_similarity,0.1802539139549013
conditional_vae,same_family_donor,family_6a42731481dda124,normalized_edit_similarity,0.17585450482747503
conditional_vae,clean,family_e4e4467ef74cc720,normalized_edit_similarity,0.12457101131799926
conditional_vae,unrelated_donor,family_e4e4467ef74cc720,normalized_edit_similarity,0.1533406352683461
conditional_vae,same_family_donor,family_e4e4467ef74cc720,normalized_edit_similarity,0.15553121577217963
conditional_vae,clean,family_b324bd83d2be3825,normalized_edit_similarity,0.2102388807186295
conditional_vae,unrelated_donor,family_b324bd83d2be3825,normalized_edit_similarity,0.21642214686548822
conditional_vae,same_family_donor,family_b324bd83d2be3825,normalized_edit_similarity,0.20920810313075508
conditional_vae,clean,family_59add5a121b9a616,normalized_edit_similarity,0.1578066147881497
conditional_vae,unrelated_donor,family_59add5a121b9a616,normalized_edit_similarity,0.1683838563895427
conditional_vae,same_family_donor,family_59add5a121b9a616,normalized_edit_similarity,0.15854655845866092
conditional_vae,clean,family_4da27be0a15493fc,normalized_edit_similarity,0.13694852346959382
conditional_vae,unrelated_donor,family_4da27be0a15493fc,normalized_edit_similarity,0.13694614376542472
conditional_vae,same_family_donor,family_4da27be0a15493fc,normalized_edit_similarity,0.13739907892945466
conditional_vae,clean,family_0ecded087f80d73b,normalized_edit_similarity,0.2122782393181847
conditional_vae,unrelated_donor,family_0ecded087f80d73b,normalized_edit_similarity,0.20242302276724786
conditional_vae,same_family_donor,family_0ecded087f80d73b,normalized_edit_similarity,0.1863098125184206
conditional_vae,clean,family_746d1e0c3274827f,normalized_edit_similarity,0.16572247236423296
conditional_vae,unrelated_donor,family_746d1e0c3274827f,normalized_edit_similarity,0.1729849422452715
conditional_vae,same_family_donor,family_746d1e0c3274827f,normalized_edit_similarity,0.1659232754903288
conditional_vae,clean,family_6d17de7e325f25f8,normalized_edit_similarity,0.15990236817326017
conditional_vae,unrelated_donor,family_6d17de7e325f25f8,normalized_edit_similarity,0.1542734124177032
conditional_vae,same_family_donor,family_6d17de7e325f25f8,normalized_edit_similarity,0.15072080447026467
conditional_vae,clean,family_67cf34a836b9cd6c,normalized_edit_similarity,0.17775368410751854
conditional_vae,unrelated_donor,family_67cf34a836b9cd6c,normalized_edit_similarity,0.17419538017676783
conditional_vae,same_family_donor,family_67cf34a836b9cd6c,normalized_edit_similarity,0.1756596381057489
conditional_vae,clean,family_3bd7e5ca43f02666,normalized_edit_similarity,0.17436176466909326
conditional_vae,unrelated_donor,family_3bd7e5ca43f02666,normalized_edit_similarity,0.16577232416475915
conditional_vae,same_family_donor,family_3bd7e5ca43f02666,normalized_edit_similarity,0.1757207900233905
conditional_vae,clean,family_e2c30beb0d4abeae,normalized_edit_similarity,0.1326962288838901
conditional_vae,unrelated_donor,family_e2c30beb0d4abeae,normalized_edit_similarity,0.12829664592033727
conditional_vae,same_family_donor,family_e2c30beb0d4abeae,normalized_edit_similarity,0.1310584055409796
conditional_vae,clean,family_3fbe0e330aecdc00,normalized_edit_similarity,0.11364734299516908
conditional_vae,unrelated_donor,family_3fbe0e330aecdc00,normalized_edit_similarity,0.11183574879227053
conditional_vae,same_family_donor,family_3fbe0e330aecdc00,normalized_edit_similarity,0.1106280193236715
conditional_vae,clean,family_83b27a32aa56f9dc,normalized_edit_similarity,0.14794113162426042
conditional_vae,unrelated_donor,family_83b27a32aa56f9dc,normalized_edit_similarity,0.1402143455064165
conditional_vae,same_family_donor,family_83b27a32aa56f9dc,normalized_edit_similarity,0.1435926717898949
conditional_vae,clean,family_58c32a6b58cc329f,normalized_edit_similarity,0.19300797823842264
conditional_vae,unrelated_donor,family_58c32a6b58cc329f,normalized_edit_similarity,0.1834170183061604
conditional_vae,same_family_donor,family_58c32a6b58cc329f,normalized_edit_similarity,0.1918568307496106
conditional_vae,clean,family_853b6705e7d7e7a9,normalized_edit_similarity,0.1341862014629308
conditional_vae,unrelated_donor,family_853b6705e7d7e7a9,normalized_edit_similarity,0.1429439668678883
conditional_vae,same_family_donor,family_853b6705e7d7e7a9,normalized_edit_similarity,0.14234568449786988
conditional_vae,clean,family_5405158fe7a3977d,normalized_edit_similarity,0.11168003928055241
conditional_vae,unrelated_donor,family_5405158fe7a3977d,normalized_edit_similarity,0.12071959637017855
conditional_vae,same_family_donor,family_5405158fe7a3977d,normalized_edit_similarity,0.12033601655407239
conditional_vae,clean,family_e0f7e5849dbe9388,normalized_edit_similarity,0.15872024617271768
conditional_vae,unrelated_donor,family_e0f7e5849dbe9388,normalized_edit_similarity,0.1536334118144658
conditional_vae,same_family_donor,family_e0f7e5849dbe9388,normalized_edit_similarity,0.15879078793899637
conditional_vae,clean,family_6fbe37a0a6611f64,normalized_edit_similarity,0.16170991154800632
conditional_vae,unrelated_donor,family_6fbe37a0a6611f64,normalized_edit_similarity,0.15740784731471844
conditional_vae,same_family_donor,family_6fbe37a0a6611f64,normalized_edit_similarity,0.16038667296638484
conditional_vae,clean,family_3835425eafb00035,normalized_edit_similarity,0.10527615718853083
conditional_vae,unrelated_donor,family_3835425eafb00035,normalized_edit_similarity,0.1364387850302042
conditional_vae,same_family_donor,family_3835425eafb00035,normalized_edit_similarity,0.11139595240214534
conditional_vae,clean,family_4f1b63b3eef9f7d0,normalized_edit_similarity,0.12044125381847569
conditional_vae,unrelated_donor,family_4f1b63b3eef9f7d0,normalized_edit_similarity,0.11779749278103457
conditional_vae,same_family_donor,family_4f1b63b3eef9f7d0,normalized_edit_similarity,0.11708834283889868
conditional_vae,clean,family_8f08581ca21b6c6f,normalized_edit_similarity,0.1516916740217711
conditional_vae,unrelated_donor,family_8f08581ca21b6c6f,normalized_edit_similarity,0.15239776404824948
conditional_vae,same_family_donor,family_8f08581ca21b6c6f,normalized_edit_similarity,0.13980582524271845
conditional_vae,clean,family_db6398f302f77cb4,normalized_edit_similarity,0.17477632627280307
conditional_vae,unrelated_donor,family_db6398f302f77cb4,normalized_edit_similarity,0.17688270185409113
conditional_vae,same_family_donor,family_db6398f302f77cb4,normalized_edit_similarity,0.17377868387457793
conditional_vae,clean,family_aad2d66dec95dc7a,normalized_edit_similarity,0.2231658834764391
conditional_vae,unrelated_donor,family_aad2d66dec95dc7a,normalized_edit_similarity,0.21299969569869404
conditional_vae,same_family_donor,family_aad2d66dec95dc7a,normalized_edit_similarity,0.22795337038236788
conditional_vae,clean,family_04795413b15e0b98,normalized_edit_similarity,0.15674603174603174
conditional_vae,unrelated_donor,family_04795413b15e0b98,normalized_edit_similarity,0.14976245486642462
conditional_vae,same_family_donor,family_04795413b15e0b98,normalized_edit_similarity,0.16256613756613755
conditional_vae,clean,family_d4c8efafc098f593,normalized_edit_similarity,0.21242265757261578
conditional_vae,unrelated_donor,family_d4c8efafc098f593,normalized_edit_similarity,0.2273766964151431
conditional_vae,same_family_donor,family_d4c8efafc098f593,normalized_edit_similarity,0.21950963009099667
conditional_vae,clean,family_30fbd9977a220042,normalized_edit_similarity,0.18514344944168581
conditional_vae,unrelated_donor,family_30fbd9977a220042,normalized_edit_similarity,0.18844833231949978
conditional_vae,same_family_donor,family_30fbd9977a220042,normalized_edit_similarity,0.1793597282820972
conditional_vae,clean,family_2d3e3d92f30c4369,normalized_edit_similarity,0.18990720160088462
conditional_vae,unrelated_donor,family_2d3e3d92f30c4369,normalized_edit_similarity,0.1884456744009033
conditional_vae,same_family_donor,family_2d3e3d92f30c4369,normalized_edit_similarity,0.18599223158904757
conditional_vae,clean,family_6342008bae187399,normalized_edit_similarity,0.1677336560985766
conditional_vae,unrelated_donor,family_6342008bae187399,normalized_edit_similarity,0.1705784445716929
conditional_vae,same_family_donor,family_6342008bae187399,normalized_edit_similarity,0.1740560607990017
conditional_vae,clean,family_f60bd4cc83d02add,normalized_edit_similarity,0.172145307867227
conditional_vae,unrelated_donor,family_f60bd4cc83d02add,normalized_edit_similarity,0.18603592538614078
conditional_vae,same_family_donor,family_f60bd4cc83d02add,normalized_edit_similarity,0.16415216129988855
conditional_vae,clean,family_08157e0ead630e5c,normalized_edit_similarity,0.18129871464399783
conditional_vae,unrelated_donor,family_08157e0ead630e5c,normalized_edit_similarity,0.1808423144717434
conditional_vae,same_family_donor,family_08157e0ead630e5c,normalized_edit_similarity,0.17267401338307953
conditional_vae,clean,family_0f71c7e0830e1d85,normalized_edit_similarity,0.087494912137141
conditional_vae,unrelated_donor,family_0f71c7e0830e1d85,normalized_edit_similarity,0.09163508257505987
conditional_vae,same_family_donor,family_0f71c7e0830e1d85,normalized_edit_similarity,0.10055048222231953
conditional_vae,clean,family_be459453ebdfa1da,normalized_edit_similarity,0.1460614788756612
conditional_vae,unrelated_donor,family_be459453ebdfa1da,normalized_edit_similarity,0.15319484106235504
conditional_vae,same_family_donor,family_be459453ebdfa1da,normalized_edit_similarity,0.1474681253267908
conditional_vae,clean,family_a534382ff42b71fb,normalized_edit_similarity,0.15497495865896094
conditional_vae,unrelated_donor,family_a534382ff42b71fb,normalized_edit_similarity,0.15500742278778945
conditional_vae,same_family_donor,family_a534382ff42b71fb,normalized_edit_similarity,0.15186832188634625
conditional_vae,clean,family_e97b637c75aac2b5,normalized_edit_similarity,0.11677641894010661
conditional_vae,unrelated_donor,family_e97b637c75aac2b5,normalized_edit_similarity,0.1121354656632173
conditional_vae,same_family_donor,family_e97b637c75aac2b5,normalized_edit_similarity,0.12881781122608968
conditional_vae,clean,family_f0c0dd7c2f3b6a3f,normalized_edit_similarity,0.2621832010783533
conditional_vae,unrelated_donor,family_f0c0dd7c2f3b6a3f,normalized_edit_similarity,0.2508023131438609
conditional_vae,same_family_donor,family_f0c0dd7c2f3b6a3f,normalized_edit_similarity,0.27302709377117496
conditional_vae,clean,family_c3ae851031cec2bb,normalized_edit_similarity,0.17243138710354797
conditional_vae,unrelated_donor,family_c3ae851031cec2bb,normalized_edit_similarity,0.16174912875593206
conditional_vae,same_family_donor,family_c3ae851031cec2bb,normalized_edit_similarity,0.15614780229036615
conditional_vae,clean,family_d0b38ee50d018148,normalized_edit_similarity,0.157965980562747
conditional_vae,unrelated_donor,family_d0b38ee50d018148,normalized_edit_similarity,0.17083953175263508
conditional_vae,same_family_donor,family_d0b38ee50d018148,normalized_edit_similarity,0.15197692342553365
conditional_vae,clean,family_c64269798048b60f,normalized_edit_similarity,0.22899676083693418
conditional_vae,unrelated_donor,family_c64269798048b60f,normalized_edit_similarity,0.2602542841348811
conditional_vae,same_family_donor,family_c64269798048b60f,normalized_edit_similarity,0.2397921541150951
conditional_vae,clean,family_1cfa4116628ae42e,normalized_edit_similarity,0.11503879422355867
conditional_vae,unrelated_donor,family_1cfa4116628ae42e,normalized_edit_similarity,0.12088094442588261
conditional_vae,same_family_donor,family_1cfa4116628ae42e,normalized_edit_similarity,0.12005494301518356
conditional_vae,clean,family_101bf32d18499c7d,normalized_edit_similarity,0.1444459328526669
conditional_vae,unrelated_donor,family_101bf32d18499c7d,normalized_edit_similarity,0.1544586505982459
conditional_vae,same_family_donor,family_101bf32d18499c7d,normalized_edit_similarity,0.15782564053589299
conditional_vae,clean,family_52885ec61f0240b9,normalized_edit_similarity,0.27511846840532955
conditional_vae,unrelated_donor,family_52885ec61f0240b9,normalized_edit_similarity,0.271841443544529
conditional_vae,same_family_donor,family_52885ec61f0240b9,normalized_edit_similarity,0.24556929359073107
conditional_vae,clean,family_8661140073b6a2ab,normalized_edit_similarity,0.10008904719501337
conditional_vae,unrelated_donor,family_8661140073b6a2ab,normalized_edit_similarity,0.09557732264766992
conditional_vae,same_family_donor,family_8661140073b6a2ab,normalized_edit_similarity,0.10756901157613535
conditional_vae,clean,family_eacebc389812585f,normalized_edit_similarity,0.13930312349891902
conditional_vae,unrelated_donor,family_eacebc389812585f,normalized_edit_similarity,0.1546000979896293
conditional_vae,same_family_donor,family_eacebc389812585f,normalized_edit_similarity,0.14342684341843184
conditional_vae,clean,family_23e85181dd747797,normalized_edit_similarity,0.1750576407523582
conditional_vae,unrelated_donor,family_23e85181dd747797,normalized_edit_similarity,0.15316485821823023
conditional_vae,same_family_donor,family_23e85181dd747797,normalized_edit_similarity,0.16809734938585788
conditional_vae,clean,family_e3c89d0945320ec5,donor_retrieval_rank,1.3333333333333333
conditional_vae,unrelated_donor,family_e3c89d0945320ec5,donor_retrieval_rank,1.1333333333333333
conditional_vae,same_family_donor,family_e3c89d0945320ec5,donor_retrieval_rank,1.0666666666666667
conditional_vae,clean,family_5facacfb4d33d062,donor_retrieval_rank,3.0666666666666664
conditional_vae,unrelated_donor,family_5facacfb4d33d062,donor_retrieval_rank,3.3333333333333335
conditional_vae,same_family_donor,family_5facacfb4d33d062,donor_retrieval_rank,1.5333333333333332
conditional_vae,clean,family_15b8f6d235825863,donor_retrieval_rank,1.0666666666666667
conditional_vae,unrelated_donor,family_15b8f6d235825863,donor_retrieval_rank,1.0666666666666667
conditional_vae,same_family_donor,family_15b8f6d235825863,donor_retrieval_rank,1.1333333333333333
conditional_vae,clean,family_78031f033e192cce,donor_retrieval_rank,1.0
conditional_vae,unrelated_donor,family_78031f033e192cce,donor_retrieval_rank,1.1333333333333333
conditional_vae,same_family_donor,family_78031f033e192cce,donor_retrieval_rank,1.0
conditional_vae,clean,family_debbecc1e7f77f3e,donor_retrieval_rank,1.0
conditional_vae,unrelated_donor,family_debbecc1e7f77f3e,donor_retrieval_rank,1.0
conditional_vae,same_family_donor,family_debbecc1e7f77f3e,donor_retrieval_rank,1.0
conditional_vae,clean,family_5d6a15b20dff7233,donor_retrieval_rank,1.0
conditional_vae,unrelated_donor,family_5d6a15b20dff7233,donor_retrieval_rank,1.0666666666666667
conditional_vae,same_family_donor,family_5d6a15b20dff7233,donor_retrieval_rank,1.0
conditional_vae,clean,family_58a5b18cf3751bf1,donor_retrieval_rank,1.1333333333333333
conditional_vae,unrelated_donor,family_58a5b18cf3751bf1,donor_retrieval_rank,1.3333333333333333
conditional_vae,same_family_donor,family_58a5b18cf3751bf1,donor_retrieval_rank,1.3333333333333333
conditional_vae,clean,family_da2cbb03fa208ffc,donor_retrieval_rank,2.466666666666667
conditional_vae,unrelated_donor,family_da2cbb03fa208ffc,donor_retrieval_rank,1.9333333333333336
conditional_vae,same_family_donor,family_da2cbb03fa208ffc,donor_retrieval_rank,2.4
conditional_vae,clean,family_b3ba3218de08f591,donor_retrieval_rank,1.0
conditional_vae,unrelated_donor,family_b3ba3218de08f591,donor_retrieval_rank,1.0
conditional_vae,same_family_donor,family_b3ba3218de08f591,donor_retrieval_rank,1.0
conditional_vae,clean,family_9edbfcdbf27d8472,donor_retrieval_rank,1.2666666666666666
conditional_vae,unrelated_donor,family_9edbfcdbf27d8472,donor_retrieval_rank,1.0
conditional_vae,same_family_donor,family_9edbfcdbf27d8472,donor_retrieval_rank,1.0
conditional_vae,clean,family_76f3986b08ecfc19,donor_retrieval_rank,1.5999999999999999
conditional_vae,unrelated_donor,family_76f3986b08ecfc19,donor_retrieval_rank,1.2
conditional_vae,same_family_donor,family_76f3986b08ecfc19,donor_retrieval_rank,3.1333333333333333
conditional_vae,clean,family_5aaa5f6f546aa704,donor_retrieval_rank,1.1333333333333333
conditional_vae,unrelated_donor,family_5aaa5f6f546aa704,donor_retrieval_rank,1.1333333333333333
conditional_vae,same_family_donor,family_5aaa5f6f546aa704,donor_retrieval_rank,1.1333333333333333
conditional_vae,clean,family_38ddaabf01adae92,donor_retrieval_rank,1.2
conditional_vae,unrelated_donor,family_38ddaabf01adae92,donor_retrieval_rank,1.0
conditional_vae,same_family_donor,family_38ddaabf01adae92,donor_retrieval_rank,1.0
conditional_vae,clean,family_5cc4efa05e4dc250,donor_retrieval_rank,1.4000000000000001
conditional_vae,unrelated_donor,family_5cc4efa05e4dc250,donor_retrieval_rank,2.1999999999999997
conditional_vae,same_family_donor,family_5cc4efa05e4dc250,donor_retrieval_rank,1.3333333333333333
conditional_vae,clean,family_3db848c291e71542,donor_retrieval_rank,1.0
conditional_vae,unrelated_donor,family_3db848c291e71542,donor_retrieval_rank,2.3333333333333335
conditional_vae,same_family_donor,family_3db848c291e71542,donor_retrieval_rank,1.0
conditional_vae,clean,family_4731a6d05dff34ce,donor_retrieval_rank,1.0
conditional_vae,unrelated_donor,family_4731a6d05dff34ce,donor_retrieval_rank,1.0
conditional_vae,same_family_donor,family_4731a6d05dff34ce,donor_retrieval_rank,1.0
conditional_vae,clean,family_1a8ff9e18d3eabea,donor_retrieval_rank,6.066666666666666
conditional_vae,unrelated_donor,family_1a8ff9e18d3eabea,donor_retrieval_rank,7.333333333333333
conditional_vae,same_family_donor,family_1a8ff9e18d3eabea,donor_retrieval_rank,5.733333333333333
conditional_vae,clean,family_774f10d6c3d75980,donor_retrieval_rank,2.066666666666667
conditional_vae,unrelated_donor,family_774f10d6c3d75980,donor_retrieval_rank,2.0
conditional_vae,same_family_donor,family_774f10d6c3d75980,donor_retrieval_rank,2.3333333333333335
conditional_vae,clean,family_7a300c986fbfa9f2,donor_retrieval_rank,1.0
conditional_vae,unrelated_donor,family_7a300c986fbfa9f2,donor_retrieval_rank,1.1333333333333333
conditional_vae,same_family_donor,family_7a300c986fbfa9f2,donor_retrieval_rank,1.0
conditional_vae,clean,family_d1a92696717aa9c2,donor_retrieval_rank,4.266666666666667
conditional_vae,unrelated_donor,family_d1a92696717aa9c2,donor_retrieval_rank,4.666666666666667
conditional_vae,same_family_donor,family_d1a92696717aa9c2,donor_retrieval_rank,4.0
conditional_vae,clean,family_2fe71bb032cb85fe,donor_retrieval_rank,1.0
conditional_vae,unrelated_donor,family_2fe71bb032cb85fe,donor_retrieval_rank,2.466666666666667
conditional_vae,same_family_donor,family_2fe71bb032cb85fe,donor_retrieval_rank,1.4000000000000001
conditional_vae,clean,family_348b29b5f47eda18,donor_retrieval_rank,1.0
conditional_vae,unrelated_donor,family_348b29b5f47eda18,donor_retrieval_rank,1.0
conditional_vae,same_family_donor,family_348b29b5f47eda18,donor_retrieval_rank,1.2666666666666666
conditional_vae,clean,family_fa3341292470541d,donor_retrieval_rank,1.3333333333333333
conditional_vae,unrelated_donor,family_fa3341292470541d,donor_retrieval_rank,2.3333333333333335
conditional_vae,same_family_donor,family_fa3341292470541d,donor_retrieval_rank,2.1999999999999997
conditional_vae,clean,family_f99e7467cfd91d72,donor_retrieval_rank,1.0
conditional_vae,unrelated_donor,family_f99e7467cfd91d72,donor_retrieval_rank,1.0
conditional_vae,same_family_donor,family_f99e7467cfd91d72,donor_retrieval_rank,1.0
conditional_vae,clean,family_776fb0c74fb6af96,donor_retrieval_rank,1.0
conditional_vae,unrelated_donor,family_776fb0c74fb6af96,donor_retrieval_rank,1.0
conditional_vae,same_family_donor,family_776fb0c74fb6af96,donor_retrieval_rank,1.0
conditional_vae,clean,family_56b1bf9100abf79a,donor_retrieval_rank,1.0666666666666667
conditional_vae,unrelated_donor,family_56b1bf9100abf79a,donor_retrieval_rank,1.0
conditional_vae,same_family_donor,family_56b1bf9100abf79a,donor_retrieval_rank,1.4666666666666668
conditional_vae,clean,family_f53ae103dc0def58,donor_retrieval_rank,1.0
conditional_vae,unrelated_donor,family_f53ae103dc0def58,donor_retrieval_rank,1.1333333333333333
conditional_vae,same_family_donor,family_f53ae103dc0def58,donor_retrieval_rank,1.0
conditional_vae,clean,family_c2d4ffa1539bdafe,donor_retrieval_rank,1.8
conditional_vae,unrelated_donor,family_c2d4ffa1539bdafe,donor_retrieval_rank,2.8000000000000003
conditional_vae,same_family_donor,family_c2d4ffa1539bdafe,donor_retrieval_rank,2.0
conditional_vae,clean,family_328dc279bafe7f69,donor_retrieval_rank,1.0
conditional_vae,unrelated_donor,family_328dc279bafe7f69,donor_retrieval_rank,1.4666666666666668
conditional_vae,same_family_donor,family_328dc279bafe7f69,donor_retrieval_rank,1.0
conditional_vae,clean,family_de67cf52f9a2ce89,donor_retrieval_rank,1.8
conditional_vae,unrelated_donor,family_de67cf52f9a2ce89,donor_retrieval_rank,1.0
conditional_vae,same_family_donor,family_de67cf52f9a2ce89,donor_retrieval_rank,1.0
conditional_vae,clean,family_581cf690b70ed77f,donor_retrieval_rank,1.1333333333333333
conditional_vae,unrelated_donor,family_581cf690b70ed77f,donor_retrieval_rank,1.0
conditional_vae,same_family_donor,family_581cf690b70ed77f,donor_retrieval_rank,1.2666666666666666
conditional_vae,clean,family_5ebcadebe538bd59,donor_retrieval_rank,1.4666666666666668
conditional_vae,unrelated_donor,family_5ebcadebe538bd59,donor_retrieval_rank,1.2
conditional_vae,same_family_donor,family_5ebcadebe538bd59,donor_retrieval_rank,1.0666666666666667
conditional_vae,clean,family_5fe0b889b5279fed,donor_retrieval_rank,2.8000000000000003
conditional_vae,unrelated_donor,family_5fe0b889b5279fed,donor_retrieval_rank,2.8000000000000003
conditional_vae,same_family_donor,family_5fe0b889b5279fed,donor_retrieval_rank,3.0666666666666664
conditional_vae,clean,family_8aff46e64d1c8360,donor_retrieval_rank,2.0
conditional_vae,unrelated_donor,family_8aff46e64d1c8360,donor_retrieval_rank,1.4000000000000001
conditional_vae,same_family_donor,family_8aff46e64d1c8360,donor_retrieval_rank,1.5333333333333332
conditional_vae,clean,family_c3abd4306e03adf2,donor_retrieval_rank,2.2666666666666666
conditional_vae,unrelated_donor,family_c3abd4306e03adf2,donor_retrieval_rank,3.7999999999999994
conditional_vae,same_family_donor,family_c3abd4306e03adf2,donor_retrieval_rank,2.466666666666667
conditional_vae,clean,family_f77d449f1658a159,donor_retrieval_rank,1.1333333333333333
conditional_vae,unrelated_donor,family_f77d449f1658a159,donor_retrieval_rank,1.0
conditional_vae,same_family_donor,family_f77d449f1658a159,donor_retrieval_rank,1.0
conditional_vae,clean,family_121eefce620403f7,donor_retrieval_rank,1.1333333333333333
conditional_vae,unrelated_donor,family_121eefce620403f7,donor_retrieval_rank,1.7333333333333334
conditional_vae,same_family_donor,family_121eefce620403f7,donor_retrieval_rank,2.2666666666666666
conditional_vae,clean,family_439fc19617b55d44,donor_retrieval_rank,1.2666666666666666
conditional_vae,unrelated_donor,family_439fc19617b55d44,donor_retrieval_rank,1.0
conditional_vae,same_family_donor,family_439fc19617b55d44,donor_retrieval_rank,1.0
conditional_vae,clean,family_7b8c8789f38183da,donor_retrieval_rank,1.4666666666666668
conditional_vae,unrelated_donor,family_7b8c8789f38183da,donor_retrieval_rank,1.4666666666666668
conditional_vae,same_family_donor,family_7b8c8789f38183da,donor_retrieval_rank,3.0
conditional_vae,clean,family_7c104874587dddcc,donor_retrieval_rank,1.3333333333333333
conditional_vae,unrelated_donor,family_7c104874587dddcc,donor_retrieval_rank,1.8666666666666665
conditional_vae,same_family_donor,family_7c104874587dddcc,donor_retrieval_rank,1.1333333333333333
conditional_vae,clean,family_2eec85a0fe915e64,donor_retrieval_rank,1.2
conditional_vae,unrelated_donor,family_2eec85a0fe915e64,donor_retrieval_rank,1.0
conditional_vae,same_family_donor,family_2eec85a0fe915e64,donor_retrieval_rank,1.0
conditional_vae,clean,family_ac0566dd944bc201,donor_retrieval_rank,1.8
conditional_vae,unrelated_donor,family_ac0566dd944bc201,donor_retrieval_rank,1.7333333333333334
conditional_vae,same_family_donor,family_ac0566dd944bc201,donor_retrieval_rank,1.0
conditional_vae,clean,family_fe2836cc1cef695c,donor_retrieval_rank,1.3333333333333333
conditional_vae,unrelated_donor,family_fe2836cc1cef695c,donor_retrieval_rank,1.4666666666666668
conditional_vae,same_family_donor,family_fe2836cc1cef695c,donor_retrieval_rank,1.5333333333333332
conditional_vae,clean,family_a03ac5414952d229,donor_retrieval_rank,1.0666666666666667
conditional_vae,unrelated_donor,family_a03ac5414952d229,donor_retrieval_rank,1.1333333333333333
conditional_vae,same_family_donor,family_a03ac5414952d229,donor_retrieval_rank,1.3333333333333333
conditional_vae,clean,family_9ccd2f467361ebab,donor_retrieval_rank,1.0
conditional_vae,unrelated_donor,family_9ccd2f467361ebab,donor_retrieval_rank,1.2666666666666666
conditional_vae,same_family_donor,family_9ccd2f467361ebab,donor_retrieval_rank,1.0
conditional_vae,clean,family_6f0024d47bda9a44,donor_retrieval_rank,1.0
conditional_vae,unrelated_donor,family_6f0024d47bda9a44,donor_retrieval_rank,1.0666666666666667
conditional_vae,same_family_donor,family_6f0024d47bda9a44,donor_retrieval_rank,1.0
conditional_vae,clean,family_b88eee6ecd7ef6bc,donor_retrieval_rank,3.533333333333333
conditional_vae,unrelated_donor,family_b88eee6ecd7ef6bc,donor_retrieval_rank,5.533333333333334
conditional_vae,same_family_donor,family_b88eee6ecd7ef6bc,donor_retrieval_rank,3.533333333333333
conditional_vae,clean,family_3dffb074803c8f80,donor_retrieval_rank,1.0
conditional_vae,unrelated_donor,family_3dffb074803c8f80,donor_retrieval_rank,1.0
conditional_vae,same_family_donor,family_3dffb074803c8f80,donor_retrieval_rank,1.0
conditional_vae,clean,family_39849966d6043c11,donor_retrieval_rank,1.3333333333333333
conditional_vae,unrelated_donor,family_39849966d6043c11,donor_retrieval_rank,1.6666666666666667
conditional_vae,same_family_donor,family_39849966d6043c11,donor_retrieval_rank,2.866666666666667
conditional_vae,clean,family_f19aa9a5e722eb61,donor_retrieval_rank,1.0
conditional_vae,unrelated_donor,family_f19aa9a5e722eb61,donor_retrieval_rank,1.0
conditional_vae,same_family_donor,family_f19aa9a5e722eb61,donor_retrieval_rank,1.0
conditional_vae,clean,family_a95aeca85317a04d,donor_retrieval_rank,1.2666666666666666
conditional_vae,unrelated_donor,family_a95aeca85317a04d,donor_retrieval_rank,1.2
conditional_vae,same_family_donor,family_a95aeca85317a04d,donor_retrieval_rank,1.1333333333333333
conditional_vae,clean,family_39f58e2fd604c61e,donor_retrieval_rank,1.0
conditional_vae,unrelated_donor,family_39f58e2fd604c61e,donor_retrieval_rank,1.0
conditional_vae,same_family_donor,family_39f58e2fd604c61e,donor_retrieval_rank,1.0
conditional_vae,clean,family_af212e596b07120e,donor_retrieval_rank,1.6666666666666667
conditional_vae,unrelated_donor,family_af212e596b07120e,donor_retrieval_rank,2.1999999999999997
conditional_vae,same_family_donor,family_af212e596b07120e,donor_retrieval_rank,2.3333333333333335
conditional_vae,clean,family_961cefc620e3d5ab,donor_retrieval_rank,4.533333333333334
conditional_vae,unrelated_donor,family_961cefc620e3d5ab,donor_retrieval_rank,8.533333333333333
conditional_vae,same_family_donor,family_961cefc620e3d5ab,donor_retrieval_rank,11.933333333333332
conditional_vae,clean,family_2dbafe5054d4bee7,donor_retrieval_rank,1.0
conditional_vae,unrelated_donor,family_2dbafe5054d4bee7,donor_retrieval_rank,1.0
conditional_vae,same_family_donor,family_2dbafe5054d4bee7,donor_retrieval_rank,1.0
conditional_vae,clean,family_0a0ff01b239a934a,donor_retrieval_rank,2.8666666666666667
conditional_vae,unrelated_donor,family_0a0ff01b239a934a,donor_retrieval_rank,2.066666666666667
conditional_vae,same_family_donor,family_0a0ff01b239a934a,donor_retrieval_rank,3.4666666666666663
conditional_vae,clean,family_6a42731481dda124,donor_retrieval_rank,1.3333333333333333
conditional_vae,unrelated_donor,family_6a42731481dda124,donor_retrieval_rank,1.3333333333333333
conditional_vae,same_family_donor,family_6a42731481dda124,donor_retrieval_rank,1.0666666666666667
conditional_vae,clean,family_e4e4467ef74cc720,donor_retrieval_rank,4.066666666666666
conditional_vae,unrelated_donor,family_e4e4467ef74cc720,donor_retrieval_rank,2.1333333333333333
conditional_vae,same_family_donor,family_e4e4467ef74cc720,donor_retrieval_rank,3.4
conditional_vae,clean,family_b324bd83d2be3825,donor_retrieval_rank,2.533333333333333
conditional_vae,unrelated_donor,family_b324bd83d2be3825,donor_retrieval_rank,2.0
conditional_vae,same_family_donor,family_b324bd83d2be3825,donor_retrieval_rank,2.466666666666667
conditional_vae,clean,family_59add5a121b9a616,donor_retrieval_rank,2.8000000000000003
conditional_vae,unrelated_donor,family_59add5a121b9a616,donor_retrieval_rank,1.4666666666666668
conditional_vae,same_family_donor,family_59add5a121b9a616,donor_retrieval_rank,1.8
conditional_vae,clean,family_4da27be0a15493fc,donor_retrieval_rank,1.0
conditional_vae,unrelated_donor,family_4da27be0a15493fc,donor_retrieval_rank,1.0
conditional_vae,same_family_donor,family_4da27be0a15493fc,donor_retrieval_rank,1.0
conditional_vae,clean,family_0ecded087f80d73b,donor_retrieval_rank,1.0
conditional_vae,unrelated_donor,family_0ecded087f80d73b,donor_retrieval_rank,1.0
conditional_vae,same_family_donor,family_0ecded087f80d73b,donor_retrieval_rank,1.0
conditional_vae,clean,family_746d1e0c3274827f,donor_retrieval_rank,2.1333333333333333
conditional_vae,unrelated_donor,family_746d1e0c3274827f,donor_retrieval_rank,1.5999999999999999
conditional_vae,same_family_donor,family_746d1e0c3274827f,donor_retrieval_rank,1.0
conditional_vae,clean,family_6d17de7e325f25f8,donor_retrieval_rank,5.733333333333333
conditional_vae,unrelated_donor,family_6d17de7e325f25f8,donor_retrieval_rank,5.133333333333333
conditional_vae,same_family_donor,family_6d17de7e325f25f8,donor_retrieval_rank,8.466666666666667
conditional_vae,clean,family_67cf34a836b9cd6c,donor_retrieval_rank,1.0
conditional_vae,unrelated_donor,family_67cf34a836b9cd6c,donor_retrieval_rank,2.9333333333333336
conditional_vae,same_family_donor,family_67cf34a836b9cd6c,donor_retrieval_rank,1.0
conditional_vae,clean,family_3bd7e5ca43f02666,donor_retrieval_rank,1.0
conditional_vae,unrelated_donor,family_3bd7e5ca43f02666,donor_retrieval_rank,1.0
conditional_vae,same_family_donor,family_3bd7e5ca43f02666,donor_retrieval_rank,1.0
conditional_vae,clean,family_e2c30beb0d4abeae,donor_retrieval_rank,1.0
conditional_vae,unrelated_donor,family_e2c30beb0d4abeae,donor_retrieval_rank,1.0
conditional_vae,same_family_donor,family_e2c30beb0d4abeae,donor_retrieval_rank,1.0
conditional_vae,clean,family_3fbe0e330aecdc00,donor_retrieval_rank,2.1999999999999997
conditional_vae,unrelated_donor,family_3fbe0e330aecdc00,donor_retrieval_rank,1.2
conditional_vae,same_family_donor,family_3fbe0e330aecdc00,donor_retrieval_rank,1.2666666666666666
conditional_vae,clean,family_83b27a32aa56f9dc,donor_retrieval_rank,3.6666666666666665
conditional_vae,unrelated_donor,family_83b27a32aa56f9dc,donor_retrieval_rank,4.8
conditional_vae,same_family_donor,family_83b27a32aa56f9dc,donor_retrieval_rank,1.6000000000000003
conditional_vae,clean,family_58c32a6b58cc329f,donor_retrieval_rank,1.0
conditional_vae,unrelated_donor,family_58c32a6b58cc329f,donor_retrieval_rank,1.0
conditional_vae,same_family_donor,family_58c32a6b58cc329f,donor_retrieval_rank,1.0
conditional_vae,clean,family_853b6705e7d7e7a9,donor_retrieval_rank,1.0
conditional_vae,unrelated_donor,family_853b6705e7d7e7a9,donor_retrieval_rank,1.0
conditional_vae,same_family_donor,family_853b6705e7d7e7a9,donor_retrieval_rank,1.0
conditional_vae,clean,family_5405158fe7a3977d,donor_retrieval_rank,1.1333333333333333
conditional_vae,unrelated_donor,family_5405158fe7a3977d,donor_retrieval_rank,1.5999999999999999
conditional_vae,same_family_donor,family_5405158fe7a3977d,donor_retrieval_rank,1.3999999999999997
conditional_vae,clean,family_e0f7e5849dbe9388,donor_retrieval_rank,1.7333333333333334
conditional_vae,unrelated_donor,family_e0f7e5849dbe9388,donor_retrieval_rank,1.8
conditional_vae,same_family_donor,family_e0f7e5849dbe9388,donor_retrieval_rank,1.2
conditional_vae,clean,family_6fbe37a0a6611f64,donor_retrieval_rank,1.3333333333333333
conditional_vae,unrelated_donor,family_6fbe37a0a6611f64,donor_retrieval_rank,1.5333333333333332
conditional_vae,same_family_donor,family_6fbe37a0a6611f64,donor_retrieval_rank,1.2666666666666666
conditional_vae,clean,family_3835425eafb00035,donor_retrieval_rank,1.2
conditional_vae,unrelated_donor,family_3835425eafb00035,donor_retrieval_rank,2.2666666666666666
conditional_vae,same_family_donor,family_3835425eafb00035,donor_retrieval_rank,2.1333333333333333
conditional_vae,clean,family_4f1b63b3eef9f7d0,donor_retrieval_rank,1.1333333333333335
conditional_vae,unrelated_donor,family_4f1b63b3eef9f7d0,donor_retrieval_rank,1.0
conditional_vae,same_family_donor,family_4f1b63b3eef9f7d0,donor_retrieval_rank,1.2666666666666668
conditional_vae,clean,family_8f08581ca21b6c6f,donor_retrieval_rank,1.1333333333333333
conditional_vae,unrelated_donor,family_8f08581ca21b6c6f,donor_retrieval_rank,1.0
conditional_vae,same_family_donor,family_8f08581ca21b6c6f,donor_retrieval_rank,1.0
conditional_vae,clean,family_db6398f302f77cb4,donor_retrieval_rank,1.2
conditional_vae,unrelated_donor,family_db6398f302f77cb4,donor_retrieval_rank,1.0
conditional_vae,same_family_donor,family_db6398f302f77cb4,donor_retrieval_rank,1.0
conditional_vae,clean,family_aad2d66dec95dc7a,donor_retrieval_rank,1.0
conditional_vae,unrelated_donor,family_aad2d66dec95dc7a,donor_retrieval_rank,1.0
conditional_vae,same_family_donor,family_aad2d66dec95dc7a,donor_retrieval_rank,1.0
conditional_vae,clean,family_04795413b15e0b98,donor_retrieval_rank,1.0
conditional_vae,unrelated_donor,family_04795413b15e0b98,donor_retrieval_rank,1.0
conditional_vae,same_family_donor,family_04795413b15e0b98,donor_retrieval_rank,1.0
conditional_vae,clean,family_d4c8efafc098f593,donor_retrieval_rank,1.0
conditional_vae,unrelated_donor,family_d4c8efafc098f593,donor_retrieval_rank,1.0
conditional_vae,same_family_donor,family_d4c8efafc098f593,donor_retrieval_rank,1.0
conditional_vae,clean,family_30fbd9977a220042,donor_retrieval_rank,1.0
conditional_vae,unrelated_donor,family_30fbd9977a220042,donor_retrieval_rank,1.0
conditional_vae,same_family_donor,family_30fbd9977a220042,donor_retrieval_rank,1.0
conditional_vae,clean,family_2d3e3d92f30c4369,donor_retrieval_rank,4.266666666666667
conditional_vae,unrelated_donor,family_2d3e3d92f30c4369,donor_retrieval_rank,4.666666666666667
conditional_vae,same_family_donor,family_2d3e3d92f30c4369,donor_retrieval_rank,2.0
conditional_vae,clean,family_6342008bae187399,donor_retrieval_rank,4.066666666666666
conditional_vae,unrelated_donor,family_6342008bae187399,donor_retrieval_rank,1.2666666666666666
conditional_vae,same_family_donor,family_6342008bae187399,donor_retrieval_rank,2.0
conditional_vae,clean,family_f60bd4cc83d02add,donor_retrieval_rank,3.8000000000000003
conditional_vae,unrelated_donor,family_f60bd4cc83d02add,donor_retrieval_rank,3.0
conditional_vae,same_family_donor,family_f60bd4cc83d02add,donor_retrieval_rank,4.133333333333333
conditional_vae,clean,family_08157e0ead630e5c,donor_retrieval_rank,1.0
conditional_vae,unrelated_donor,family_08157e0ead630e5c,donor_retrieval_rank,1.5333333333333332
conditional_vae,same_family_donor,family_08157e0ead630e5c,donor_retrieval_rank,2.0
conditional_vae,clean,family_0f71c7e0830e1d85,donor_retrieval_rank,1.0666666666666667
conditional_vae,unrelated_donor,family_0f71c7e0830e1d85,donor_retrieval_rank,1.0666666666666667
conditional_vae,same_family_donor,family_0f71c7e0830e1d85,donor_retrieval_rank,1.4666666666666668
conditional_vae,clean,family_be459453ebdfa1da,donor_retrieval_rank,9.866666666666667
conditional_vae,unrelated_donor,family_be459453ebdfa1da,donor_retrieval_rank,35.733333333333334
conditional_vae,same_family_donor,family_be459453ebdfa1da,donor_retrieval_rank,19.0
conditional_vae,clean,family_a534382ff42b71fb,donor_retrieval_rank,1.4000000000000001
conditional_vae,unrelated_donor,family_a534382ff42b71fb,donor_retrieval_rank,1.0
conditional_vae,same_family_donor,family_a534382ff42b71fb,donor_retrieval_rank,1.0
conditional_vae,clean,family_e97b637c75aac2b5,donor_retrieval_rank,1.4000000000000001
conditional_vae,unrelated_donor,family_e97b637c75aac2b5,donor_retrieval_rank,1.5999999999999999
conditional_vae,same_family_donor,family_e97b637c75aac2b5,donor_retrieval_rank,2.4
conditional_vae,clean,family_f0c0dd7c2f3b6a3f,donor_retrieval_rank,12.933333333333332
conditional_vae,unrelated_donor,family_f0c0dd7c2f3b6a3f,donor_retrieval_rank,11.066666666666668
conditional_vae,same_family_donor,family_f0c0dd7c2f3b6a3f,donor_retrieval_rank,8.799999999999999
conditional_vae,clean,family_c3ae851031cec2bb,donor_retrieval_rank,1.0
conditional_vae,unrelated_donor,family_c3ae851031cec2bb,donor_retrieval_rank,1.0
conditional_vae,same_family_donor,family_c3ae851031cec2bb,donor_retrieval_rank,1.0
conditional_vae,clean,family_d0b38ee50d018148,donor_retrieval_rank,1.0
conditional_vae,unrelated_donor,family_d0b38ee50d018148,donor_retrieval_rank,1.0
conditional_vae,same_family_donor,family_d0b38ee50d018148,donor_retrieval_rank,1.1333333333333333
conditional_vae,clean,family_c64269798048b60f,donor_retrieval_rank,1.0
conditional_vae,unrelated_donor,family_c64269798048b60f,donor_retrieval_rank,1.0
conditional_vae,same_family_donor,family_c64269798048b60f,donor_retrieval_rank,1.0
conditional_vae,clean,family_1cfa4116628ae42e,donor_retrieval_rank,1.2666666666666666
conditional_vae,unrelated_donor,family_1cfa4116628ae42e,donor_retrieval_rank,1.0
conditional_vae,same_family_donor,family_1cfa4116628ae42e,donor_retrieval_rank,1.0
conditional_vae,clean,family_101bf32d18499c7d,donor_retrieval_rank,1.0666666666666667
conditional_vae,unrelated_donor,family_101bf32d18499c7d,donor_retrieval_rank,1.0
conditional_vae,same_family_donor,family_101bf32d18499c7d,donor_retrieval_rank,1.0
conditional_vae,clean,family_52885ec61f0240b9,donor_retrieval_rank,1.0
conditional_vae,unrelated_donor,family_52885ec61f0240b9,donor_retrieval_rank,1.0
conditional_vae,same_family_donor,family_52885ec61f0240b9,donor_retrieval_rank,1.0
conditional_vae,clean,family_8661140073b6a2ab,donor_retrieval_rank,1.0
conditional_vae,unrelated_donor,family_8661140073b6a2ab,donor_retrieval_rank,1.0
conditional_vae,same_family_donor,family_8661140073b6a2ab,donor_retrieval_rank,1.0
conditional_vae,clean,family_eacebc389812585f,donor_retrieval_rank,4.533333333333333
conditional_vae,unrelated_donor,family_eacebc389812585f,donor_retrieval_rank,1.8666666666666665
conditional_vae,same_family_donor,family_eacebc389812585f,donor_retrieval_rank,1.7333333333333334
conditional_vae,clean,family_23e85181dd747797,donor_retrieval_rank,1.0
conditional_vae,unrelated_donor,family_23e85181dd747797,donor_retrieval_rank,1.2
conditional_vae,same_family_donor,family_23e85181dd747797,donor_retrieval_rank,1.0
conditional_vae,clean,family_e3c89d0945320ec5,family_retrieval_at_1,0.8000000000000002
conditional_vae,unrelated_donor,family_e3c89d0945320ec5,family_retrieval_at_1,0.9333333333333332
conditional_vae,same_family_donor,family_e3c89d0945320ec5,family_retrieval_at_1,0.9333333333333332
conditional_vae,clean,family_5facacfb4d33d062,family_retrieval_at_1,0.6000000000000001
conditional_vae,unrelated_donor,family_5facacfb4d33d062,family_retrieval_at_1,0.6
conditional_vae,same_family_donor,family_5facacfb4d33d062,family_retrieval_at_1,0.7333333333333334
conditional_vae,clean,family_15b8f6d235825863,family_retrieval_at_1,0.9333333333333332
conditional_vae,unrelated_donor,family_15b8f6d235825863,family_retrieval_at_1,0.9333333333333332
conditional_vae,same_family_donor,family_15b8f6d235825863,family_retrieval_at_1,0.9333333333333332
conditional_vae,clean,family_78031f033e192cce,family_retrieval_at_1,1.0
conditional_vae,unrelated_donor,family_78031f033e192cce,family_retrieval_at_1,0.9333333333333332
conditional_vae,same_family_donor,family_78031f033e192cce,family_retrieval_at_1,1.0
conditional_vae,clean,family_debbecc1e7f77f3e,family_retrieval_at_1,1.0
conditional_vae,unrelated_donor,family_debbecc1e7f77f3e,family_retrieval_at_1,1.0
conditional_vae,same_family_donor,family_debbecc1e7f77f3e,family_retrieval_at_1,1.0
conditional_vae,clean,family_5d6a15b20dff7233,family_retrieval_at_1,1.0
conditional_vae,unrelated_donor,family_5d6a15b20dff7233,family_retrieval_at_1,0.9333333333333332
conditional_vae,same_family_donor,family_5d6a15b20dff7233,family_retrieval_at_1,1.0
conditional_vae,clean,family_58a5b18cf3751bf1,family_retrieval_at_1,0.9333333333333332
conditional_vae,unrelated_donor,family_58a5b18cf3751bf1,family_retrieval_at_1,0.7999999999999999
conditional_vae,same_family_donor,family_58a5b18cf3751bf1,family_retrieval_at_1,0.8000000000000002
conditional_vae,clean,family_da2cbb03fa208ffc,family_retrieval_at_1,0.6666666666666666
conditional_vae,unrelated_donor,family_da2cbb03fa208ffc,family_retrieval_at_1,0.6666666666666666
conditional_vae,same_family_donor,family_da2cbb03fa208ffc,family_retrieval_at_1,0.46666666666666673
conditional_vae,clean,family_b3ba3218de08f591,family_retrieval_at_1,1.0
conditional_vae,unrelated_donor,family_b3ba3218de08f591,family_retrieval_at_1,1.0
conditional_vae,same_family_donor,family_b3ba3218de08f591,family_retrieval_at_1,1.0
conditional_vae,clean,family_9edbfcdbf27d8472,family_retrieval_at_1,0.9333333333333332
conditional_vae,unrelated_donor,family_9edbfcdbf27d8472,family_retrieval_at_1,1.0
conditional_vae,same_family_donor,family_9edbfcdbf27d8472,family_retrieval_at_1,1.0
conditional_vae,clean,family_76f3986b08ecfc19,family_retrieval_at_1,0.9333333333333332
conditional_vae,unrelated_donor,family_76f3986b08ecfc19,family_retrieval_at_1,0.8666666666666667
conditional_vae,same_family_donor,family_76f3986b08ecfc19,family_retrieval_at_1,0.8666666666666667
conditional_vae,clean,family_5aaa5f6f546aa704,family_retrieval_at_1,0.9333333333333332
conditional_vae,unrelated_donor,family_5aaa5f6f546aa704,family_retrieval_at_1,0.9333333333333332
conditional_vae,same_family_donor,family_5aaa5f6f546aa704,family_retrieval_at_1,0.9333333333333332
conditional_vae,clean,family_38ddaabf01adae92,family_retrieval_at_1,0.9333333333333332
conditional_vae,unrelated_donor,family_38ddaabf01adae92,family_retrieval_at_1,1.0
conditional_vae,same_family_donor,family_38ddaabf01adae92,family_retrieval_at_1,1.0
conditional_vae,clean,family_5cc4efa05e4dc250,family_retrieval_at_1,0.6
conditional_vae,unrelated_donor,family_5cc4efa05e4dc250,family_retrieval_at_1,0.39999999999999997
conditional_vae,same_family_donor,family_5cc4efa05e4dc250,family_retrieval_at_1,0.6666666666666666
conditional_vae,clean,family_3db848c291e71542,family_retrieval_at_1,1.0
conditional_vae,unrelated_donor,family_3db848c291e71542,family_retrieval_at_1,0.9333333333333332
conditional_vae,same_family_donor,family_3db848c291e71542,family_retrieval_at_1,1.0
conditional_vae,clean,family_4731a6d05dff34ce,family_retrieval_at_1,1.0
conditional_vae,unrelated_donor,family_4731a6d05dff34ce,family_retrieval_at_1,1.0
conditional_vae,same_family_donor,family_4731a6d05dff34ce,family_retrieval_at_1,1.0
conditional_vae,clean,family_1a8ff9e18d3eabea,family_retrieval_at_1,0.6000000000000001
conditional_vae,unrelated_donor,family_1a8ff9e18d3eabea,family_retrieval_at_1,0.26666666666666666
conditional_vae,same_family_donor,family_1a8ff9e18d3eabea,family_retrieval_at_1,0.4000000000000001
conditional_vae,clean,family_774f10d6c3d75980,family_retrieval_at_1,0.6
conditional_vae,unrelated_donor,family_774f10d6c3d75980,family_retrieval_at_1,0.6666666666666666
conditional_vae,same_family_donor,family_774f10d6c3d75980,family_retrieval_at_1,0.6
conditional_vae,clean,family_7a300c986fbfa9f2,family_retrieval_at_1,1.0
conditional_vae,unrelated_donor,family_7a300c986fbfa9f2,family_retrieval_at_1,0.9333333333333332
conditional_vae,same_family_donor,family_7a300c986fbfa9f2,family_retrieval_at_1,1.0
conditional_vae,clean,family_d1a92696717aa9c2,family_retrieval_at_1,0.5333333333333333
conditional_vae,unrelated_donor,family_d1a92696717aa9c2,family_retrieval_at_1,0.5333333333333333
conditional_vae,same_family_donor,family_d1a92696717aa9c2,family_retrieval_at_1,0.6000000000000001
conditional_vae,clean,family_2fe71bb032cb85fe,family_retrieval_at_1,1.0
conditional_vae,unrelated_donor,family_2fe71bb032cb85fe,family_retrieval_at_1,0.9333333333333332
conditional_vae,same_family_donor,family_2fe71bb032cb85fe,family_retrieval_at_1,0.8666666666666667
conditional_vae,clean,family_348b29b5f47eda18,family_retrieval_at_1,1.0
conditional_vae,unrelated_donor,family_348b29b5f47eda18,family_retrieval_at_1,1.0
conditional_vae,same_family_donor,family_348b29b5f47eda18,family_retrieval_at_1,0.8666666666666667
conditional_vae,clean,family_fa3341292470541d,family_retrieval_at_1,0.7333333333333334
conditional_vae,unrelated_donor,family_fa3341292470541d,family_retrieval_at_1,0.7999999999999999
conditional_vae,same_family_donor,family_fa3341292470541d,family_retrieval_at_1,0.6666666666666666
conditional_vae,clean,family_f99e7467cfd91d72,family_retrieval_at_1,1.0
conditional_vae,unrelated_donor,family_f99e7467cfd91d72,family_retrieval_at_1,1.0
conditional_vae,same_family_donor,family_f99e7467cfd91d72,family_retrieval_at_1,1.0
conditional_vae,clean,family_776fb0c74fb6af96,family_retrieval_at_1,1.0
conditional_vae,unrelated_donor,family_776fb0c74fb6af96,family_retrieval_at_1,1.0
conditional_vae,same_family_donor,family_776fb0c74fb6af96,family_retrieval_at_1,1.0
conditional_vae,clean,family_56b1bf9100abf79a,family_retrieval_at_1,0.9333333333333332
conditional_vae,unrelated_donor,family_56b1bf9100abf79a,family_retrieval_at_1,1.0
conditional_vae,same_family_donor,family_56b1bf9100abf79a,family_retrieval_at_1,0.9333333333333332
conditional_vae,clean,family_f53ae103dc0def58,family_retrieval_at_1,1.0
conditional_vae,unrelated_donor,family_f53ae103dc0def58,family_retrieval_at_1,0.9333333333333332
conditional_vae,same_family_donor,family_f53ae103dc0def58,family_retrieval_at_1,1.0
conditional_vae,clean,family_c2d4ffa1539bdafe,family_retrieval_at_1,0.8000000000000002
conditional_vae,unrelated_donor,family_c2d4ffa1539bdafe,family_retrieval_at_1,0.7999999999999999
conditional_vae,same_family_donor,family_c2d4ffa1539bdafe,family_retrieval_at_1,0.8000000000000002
conditional_vae,clean,family_328dc279bafe7f69,family_retrieval_at_1,1.0
conditional_vae,unrelated_donor,family_328dc279bafe7f69,family_retrieval_at_1,0.7999999999999999
conditional_vae,same_family_donor,family_328dc279bafe7f69,family_retrieval_at_1,1.0
conditional_vae,clean,family_de67cf52f9a2ce89,family_retrieval_at_1,0.8666666666666667
conditional_vae,unrelated_donor,family_de67cf52f9a2ce89,family_retrieval_at_1,1.0
conditional_vae,same_family_donor,family_de67cf52f9a2ce89,family_retrieval_at_1,1.0
conditional_vae,clean,family_581cf690b70ed77f,family_retrieval_at_1,0.9333333333333332
conditional_vae,unrelated_donor,family_581cf690b70ed77f,family_retrieval_at_1,1.0
conditional_vae,same_family_donor,family_581cf690b70ed77f,family_retrieval_at_1,0.9333333333333332
conditional_vae,clean,family_5ebcadebe538bd59,family_retrieval_at_1,0.8666666666666667
conditional_vae,unrelated_donor,family_5ebcadebe538bd59,family_retrieval_at_1,0.9333333333333332
conditional_vae,same_family_donor,family_5ebcadebe538bd59,family_retrieval_at_1,0.9333333333333332
conditional_vae,clean,family_5fe0b889b5279fed,family_retrieval_at_1,0.5333333333333333
conditional_vae,unrelated_donor,family_5fe0b889b5279fed,family_retrieval_at_1,0.4666666666666666
conditional_vae,same_family_donor,family_5fe0b889b5279fed,family_retrieval_at_1,0.4666666666666666
conditional_vae,clean,family_8aff46e64d1c8360,family_retrieval_at_1,0.7333333333333334
conditional_vae,unrelated_donor,family_8aff46e64d1c8360,family_retrieval_at_1,0.7999999999999999
conditional_vae,same_family_donor,family_8aff46e64d1c8360,family_retrieval_at_1,0.8666666666666667
conditional_vae,clean,family_c3abd4306e03adf2,family_retrieval_at_1,0.5333333333333333
conditional_vae,unrelated_donor,family_c3abd4306e03adf2,family_retrieval_at_1,0.6666666666666666
conditional_vae,same_family_donor,family_c3abd4306e03adf2,family_retrieval_at_1,0.6
conditional_vae,clean,family_f77d449f1658a159,family_retrieval_at_1,0.9333333333333332
conditional_vae,unrelated_donor,family_f77d449f1658a159,family_retrieval_at_1,1.0
conditional_vae,same_family_donor,family_f77d449f1658a159,family_retrieval_at_1,1.0
conditional_vae,clean,family_121eefce620403f7,family_retrieval_at_1,0.9333333333333332
conditional_vae,unrelated_donor,family_121eefce620403f7,family_retrieval_at_1,0.8666666666666667
conditional_vae,same_family_donor,family_121eefce620403f7,family_retrieval_at_1,0.7999999999999999
conditional_vae,clean,family_439fc19617b55d44,family_retrieval_at_1,0.9333333333333332
conditional_vae,unrelated_donor,family_439fc19617b55d44,family_retrieval_at_1,1.0
conditional_vae,same_family_donor,family_439fc19617b55d44,family_retrieval_at_1,1.0
conditional_vae,clean,family_7b8c8789f38183da,family_retrieval_at_1,0.7333333333333334
conditional_vae,unrelated_donor,family_7b8c8789f38183da,family_retrieval_at_1,0.8000000000000002
conditional_vae,same_family_donor,family_7b8c8789f38183da,family_retrieval_at_1,0.6666666666666666
conditional_vae,clean,family_7c104874587dddcc,family_retrieval_at_1,0.9333333333333332
conditional_vae,unrelated_donor,family_7c104874587dddcc,family_retrieval_at_1,0.7999999999999999
conditional_vae,same_family_donor,family_7c104874587dddcc,family_retrieval_at_1,0.8666666666666667
conditional_vae,clean,family_2eec85a0fe915e64,family_retrieval_at_1,0.9333333333333332
conditional_vae,unrelated_donor,family_2eec85a0fe915e64,family_retrieval_at_1,1.0
conditional_vae,same_family_donor,family_2eec85a0fe915e64,family_retrieval_at_1,1.0
conditional_vae,clean,family_ac0566dd944bc201,family_retrieval_at_1,0.7333333333333334
conditional_vae,unrelated_donor,family_ac0566dd944bc201,family_retrieval_at_1,0.8666666666666667
conditional_vae,same_family_donor,family_ac0566dd944bc201,family_retrieval_at_1,1.0
conditional_vae,clean,family_fe2836cc1cef695c,family_retrieval_at_1,0.8666666666666667
conditional_vae,unrelated_donor,family_fe2836cc1cef695c,family_retrieval_at_1,0.8666666666666667
conditional_vae,same_family_donor,family_fe2836cc1cef695c,family_retrieval_at_1,0.9333333333333332
conditional_vae,clean,family_a03ac5414952d229,family_retrieval_at_1,0.9333333333333332
conditional_vae,unrelated_donor,family_a03ac5414952d229,family_retrieval_at_1,0.9333333333333332
conditional_vae,same_family_donor,family_a03ac5414952d229,family_retrieval_at_1,0.9333333333333332
conditional_vae,clean,family_9ccd2f467361ebab,family_retrieval_at_1,1.0
conditional_vae,unrelated_donor,family_9ccd2f467361ebab,family_retrieval_at_1,0.9333333333333332
conditional_vae,same_family_donor,family_9ccd2f467361ebab,family_retrieval_at_1,1.0
conditional_vae,clean,family_6f0024d47bda9a44,family_retrieval_at_1,1.0
conditional_vae,unrelated_donor,family_6f0024d47bda9a44,family_retrieval_at_1,0.9333333333333332
conditional_vae,same_family_donor,family_6f0024d47bda9a44,family_retrieval_at_1,1.0
conditional_vae,clean,family_b88eee6ecd7ef6bc,family_retrieval_at_1,0.3333333333333333
conditional_vae,unrelated_donor,family_b88eee6ecd7ef6bc,family_retrieval_at_1,0.3333333333333333
conditional_vae,same_family_donor,family_b88eee6ecd7ef6bc,family_retrieval_at_1,0.6666666666666666
conditional_vae,clean,family_3dffb074803c8f80,family_retrieval_at_1,1.0
conditional_vae,unrelated_donor,family_3dffb074803c8f80,family_retrieval_at_1,1.0
conditional_vae,same_family_donor,family_3dffb074803c8f80,family_retrieval_at_1,1.0
conditional_vae,clean,family_39849966d6043c11,family_retrieval_at_1,0.9333333333333332
conditional_vae,unrelated_donor,family_39849966d6043c11,family_retrieval_at_1,0.7333333333333334
conditional_vae,same_family_donor,family_39849966d6043c11,family_retrieval_at_1,0.7333333333333334
conditional_vae,clean,family_f19aa9a5e722eb61,family_retrieval_at_1,1.0
conditional_vae,unrelated_donor,family_f19aa9a5e722eb61,family_retrieval_at_1,1.0
conditional_vae,same_family_donor,family_f19aa9a5e722eb61,family_retrieval_at_1,1.0
conditional_vae,clean,family_a95aeca85317a04d,family_retrieval_at_1,0.8666666666666667
conditional_vae,unrelated_donor,family_a95aeca85317a04d,family_retrieval_at_1,0.9333333333333332
conditional_vae,same_family_donor,family_a95aeca85317a04d,family_retrieval_at_1,0.9333333333333332
conditional_vae,clean,family_39f58e2fd604c61e,family_retrieval_at_1,1.0
conditional_vae,unrelated_donor,family_39f58e2fd604c61e,family_retrieval_at_1,1.0
conditional_vae,same_family_donor,family_39f58e2fd604c61e,family_retrieval_at_1,1.0
conditional_vae,clean,family_af212e596b07120e,family_retrieval_at_1,0.8666666666666667
conditional_vae,unrelated_donor,family_af212e596b07120e,family_retrieval_at_1,0.7999999999999999
conditional_vae,same_family_donor,family_af212e596b07120e,family_retrieval_at_1,0.6666666666666666
conditional_vae,clean,family_961cefc620e3d5ab,family_retrieval_at_1,0.3333333333333333
conditional_vae,unrelated_donor,family_961cefc620e3d5ab,family_retrieval_at_1,0.3333333333333333
conditional_vae,same_family_donor,family_961cefc620e3d5ab,family_retrieval_at_1,0.20000000000000004
conditional_vae,clean,family_2dbafe5054d4bee7,family_retrieval_at_1,1.0
conditional_vae,unrelated_donor,family_2dbafe5054d4bee7,family_retrieval_at_1,1.0
conditional_vae,same_family_donor,family_2dbafe5054d4bee7,family_retrieval_at_1,1.0
conditional_vae,clean,family_0a0ff01b239a934a,family_retrieval_at_1,0.6666666666666666
conditional_vae,unrelated_donor,family_0a0ff01b239a934a,family_retrieval_at_1,0.7333333333333334
conditional_vae,same_family_donor,family_0a0ff01b239a934a,family_retrieval_at_1,0.4666666666666666
conditional_vae,clean,family_6a42731481dda124,family_retrieval_at_1,0.8666666666666667
conditional_vae,unrelated_donor,family_6a42731481dda124,family_retrieval_at_1,0.9333333333333332
conditional_vae,same_family_donor,family_6a42731481dda124,family_retrieval_at_1,0.9333333333333332
conditional_vae,clean,family_e4e4467ef74cc720,family_retrieval_at_1,0.4666666666666666
conditional_vae,unrelated_donor,family_e4e4467ef74cc720,family_retrieval_at_1,0.6
conditional_vae,same_family_donor,family_e4e4467ef74cc720,family_retrieval_at_1,0.8000000000000002
conditional_vae,clean,family_b324bd83d2be3825,family_retrieval_at_1,0.6000000000000001
conditional_vae,unrelated_donor,family_b324bd83d2be3825,family_retrieval_at_1,0.8666666666666667
conditional_vae,same_family_donor,family_b324bd83d2be3825,family_retrieval_at_1,0.7333333333333334
conditional_vae,clean,family_59add5a121b9a616,family_retrieval_at_1,0.6666666666666666
conditional_vae,unrelated_donor,family_59add5a121b9a616,family_retrieval_at_1,0.7333333333333334
conditional_vae,same_family_donor,family_59add5a121b9a616,family_retrieval_at_1,0.6666666666666666
conditional_vae,clean,family_4da27be0a15493fc,family_retrieval_at_1,1.0
conditional_vae,unrelated_donor,family_4da27be0a15493fc,family_retrieval_at_1,1.0
conditional_vae,same_family_donor,family_4da27be0a15493fc,family_retrieval_at_1,1.0
conditional_vae,clean,family_0ecded087f80d73b,family_retrieval_at_1,1.0
conditional_vae,unrelated_donor,family_0ecded087f80d73b,family_retrieval_at_1,1.0
conditional_vae,same_family_donor,family_0ecded087f80d73b,family_retrieval_at_1,1.0
conditional_vae,clean,family_746d1e0c3274827f,family_retrieval_at_1,0.8666666666666667
conditional_vae,unrelated_donor,family_746d1e0c3274827f,family_retrieval_at_1,0.9333333333333332
conditional_vae,same_family_donor,family_746d1e0c3274827f,family_retrieval_at_1,1.0
conditional_vae,clean,family_6d17de7e325f25f8,family_retrieval_at_1,0.6
conditional_vae,unrelated_donor,family_6d17de7e325f25f8,family_retrieval_at_1,0.3333333333333333
conditional_vae,same_family_donor,family_6d17de7e325f25f8,family_retrieval_at_1,0.4000000000000001
conditional_vae,clean,family_67cf34a836b9cd6c,family_retrieval_at_1,1.0
conditional_vae,unrelated_donor,family_67cf34a836b9cd6c,family_retrieval_at_1,0.8666666666666667
conditional_vae,same_family_donor,family_67cf34a836b9cd6c,family_retrieval_at_1,1.0
conditional_vae,clean,family_3bd7e5ca43f02666,family_retrieval_at_1,1.0
conditional_vae,unrelated_donor,family_3bd7e5ca43f02666,family_retrieval_at_1,1.0
conditional_vae,same_family_donor,family_3bd7e5ca43f02666,family_retrieval_at_1,1.0
conditional_vae,clean,family_e2c30beb0d4abeae,family_retrieval_at_1,1.0
conditional_vae,unrelated_donor,family_e2c30beb0d4abeae,family_retrieval_at_1,1.0
conditional_vae,same_family_donor,family_e2c30beb0d4abeae,family_retrieval_at_1,1.0
conditional_vae,clean,family_3fbe0e330aecdc00,family_retrieval_at_1,0.8000000000000002
conditional_vae,unrelated_donor,family_3fbe0e330aecdc00,family_retrieval_at_1,0.8000000000000002
conditional_vae,same_family_donor,family_3fbe0e330aecdc00,family_retrieval_at_1,0.7999999999999999
conditional_vae,clean,family_83b27a32aa56f9dc,family_retrieval_at_1,0.3333333333333333
conditional_vae,unrelated_donor,family_83b27a32aa56f9dc,family_retrieval_at_1,0.4666666666666666
conditional_vae,same_family_donor,family_83b27a32aa56f9dc,family_retrieval_at_1,0.7999999999999999
conditional_vae,clean,family_58c32a6b58cc329f,family_retrieval_at_1,1.0
conditional_vae,unrelated_donor,family_58c32a6b58cc329f,family_retrieval_at_1,1.0
conditional_vae,same_family_donor,family_58c32a6b58cc329f,family_retrieval_at_1,1.0
conditional_vae,clean,family_853b6705e7d7e7a9,family_retrieval_at_1,1.0
conditional_vae,unrelated_donor,family_853b6705e7d7e7a9,family_retrieval_at_1,1.0
conditional_vae,same_family_donor,family_853b6705e7d7e7a9,family_retrieval_at_1,1.0
conditional_vae,clean,family_5405158fe7a3977d,family_retrieval_at_1,0.9333333333333332
conditional_vae,unrelated_donor,family_5405158fe7a3977d,family_retrieval_at_1,0.8666666666666667
conditional_vae,same_family_donor,family_5405158fe7a3977d,family_retrieval_at_1,0.7333333333333334
conditional_vae,clean,family_e0f7e5849dbe9388,family_retrieval_at_1,0.8000000000000002
conditional_vae,unrelated_donor,family_e0f7e5849dbe9388,family_retrieval_at_1,0.7999999999999999
conditional_vae,same_family_donor,family_e0f7e5849dbe9388,family_retrieval_at_1,0.9333333333333332
conditional_vae,clean,family_6fbe37a0a6611f64,family_retrieval_at_1,0.8666666666666667
conditional_vae,unrelated_donor,family_6fbe37a0a6611f64,family_retrieval_at_1,0.7333333333333334
conditional_vae,same_family_donor,family_6fbe37a0a6611f64,family_retrieval_at_1,0.9333333333333332
conditional_vae,clean,family_3835425eafb00035,family_retrieval_at_1,0.8666666666666667
conditional_vae,unrelated_donor,family_3835425eafb00035,family_retrieval_at_1,0.6666666666666666
conditional_vae,same_family_donor,family_3835425eafb00035,family_retrieval_at_1,0.6
conditional_vae,clean,family_4f1b63b3eef9f7d0,family_retrieval_at_1,0.8666666666666667
conditional_vae,unrelated_donor,family_4f1b63b3eef9f7d0,family_retrieval_at_1,1.0
conditional_vae,same_family_donor,family_4f1b63b3eef9f7d0,family_retrieval_at_1,0.8666666666666667
conditional_vae,clean,family_8f08581ca21b6c6f,family_retrieval_at_1,0.9333333333333332
conditional_vae,unrelated_donor,family_8f08581ca21b6c6f,family_retrieval_at_1,1.0
conditional_vae,same_family_donor,family_8f08581ca21b6c6f,family_retrieval_at_1,1.0
conditional_vae,clean,family_db6398f302f77cb4,family_retrieval_at_1,0.9333333333333332
conditional_vae,unrelated_donor,family_db6398f302f77cb4,family_retrieval_at_1,1.0
conditional_vae,same_family_donor,family_db6398f302f77cb4,family_retrieval_at_1,1.0
conditional_vae,clean,family_aad2d66dec95dc7a,family_retrieval_at_1,1.0
conditional_vae,unrelated_donor,family_aad2d66dec95dc7a,family_retrieval_at_1,1.0
conditional_vae,same_family_donor,family_aad2d66dec95dc7a,family_retrieval_at_1,1.0
conditional_vae,clean,family_04795413b15e0b98,family_retrieval_at_1,1.0
conditional_vae,unrelated_donor,family_04795413b15e0b98,family_retrieval_at_1,1.0
conditional_vae,same_family_donor,family_04795413b15e0b98,family_retrieval_at_1,1.0
conditional_vae,clean,family_d4c8efafc098f593,family_retrieval_at_1,1.0
conditional_vae,unrelated_donor,family_d4c8efafc098f593,family_retrieval_at_1,1.0
conditional_vae,same_family_donor,family_d4c8efafc098f593,family_retrieval_at_1,1.0
conditional_vae,clean,family_30fbd9977a220042,family_retrieval_at_1,1.0
conditional_vae,unrelated_donor,family_30fbd9977a220042,family_retrieval_at_1,1.0
conditional_vae,same_family_donor,family_30fbd9977a220042,family_retrieval_at_1,1.0
conditional_vae,clean,family_2d3e3d92f30c4369,family_retrieval_at_1,0.3333333333333333
conditional_vae,unrelated_donor,family_2d3e3d92f30c4369,family_retrieval_at_1,0.6
conditional_vae,same_family_donor,family_2d3e3d92f30c4369,family_retrieval_at_1,0.8000000000000002
conditional_vae,clean,family_6342008bae187399,family_retrieval_at_1,0.6666666666666666
conditional_vae,unrelated_donor,family_6342008bae187399,family_retrieval_at_1,0.8666666666666667
conditional_vae,same_family_donor,family_6342008bae187399,family_retrieval_at_1,0.6666666666666666
conditional_vae,clean,family_f60bd4cc83d02add,family_retrieval_at_1,0.6000000000000001
conditional_vae,unrelated_donor,family_f60bd4cc83d02add,family_retrieval_at_1,0.7333333333333334
conditional_vae,same_family_donor,family_f60bd4cc83d02add,family_retrieval_at_1,0.6666666666666666
conditional_vae,clean,family_08157e0ead630e5c,family_retrieval_at_1,1.0
conditional_vae,unrelated_donor,family_08157e0ead630e5c,family_retrieval_at_1,0.8666666666666667
conditional_vae,same_family_donor,family_08157e0ead630e5c,family_retrieval_at_1,0.8666666666666667
conditional_vae,clean,family_0f71c7e0830e1d85,family_retrieval_at_1,0.9333333333333332
conditional_vae,unrelated_donor,family_0f71c7e0830e1d85,family_retrieval_at_1,0.9333333333333332
conditional_vae,same_family_donor,family_0f71c7e0830e1d85,family_retrieval_at_1,0.8666666666666667
conditional_vae,clean,family_be459453ebdfa1da,family_retrieval_at_1,0.7333333333333334
conditional_vae,unrelated_donor,family_be459453ebdfa1da,family_retrieval_at_1,0.39999999999999997
conditional_vae,same_family_donor,family_be459453ebdfa1da,family_retrieval_at_1,0.5333333333333333
conditional_vae,clean,family_a534382ff42b71fb,family_retrieval_at_1,0.9333333333333332
conditional_vae,unrelated_donor,family_a534382ff42b71fb,family_retrieval_at_1,1.0
conditional_vae,same_family_donor,family_a534382ff42b71fb,family_retrieval_at_1,1.0
conditional_vae,clean,family_e97b637c75aac2b5,family_retrieval_at_1,0.8666666666666667
conditional_vae,unrelated_donor,family_e97b637c75aac2b5,family_retrieval_at_1,0.8666666666666667
conditional_vae,same_family_donor,family_e97b637c75aac2b5,family_retrieval_at_1,0.8666666666666667
conditional_vae,clean,family_f0c0dd7c2f3b6a3f,family_retrieval_at_1,0.13333333333333333
conditional_vae,unrelated_donor,family_f0c0dd7c2f3b6a3f,family_retrieval_at_1,0.13333333333333333
conditional_vae,same_family_donor,family_f0c0dd7c2f3b6a3f,family_retrieval_at_1,0.13333333333333333
conditional_vae,clean,family_c3ae851031cec2bb,family_retrieval_at_1,1.0
conditional_vae,unrelated_donor,family_c3ae851031cec2bb,family_retrieval_at_1,1.0
conditional_vae,same_family_donor,family_c3ae851031cec2bb,family_retrieval_at_1,1.0
conditional_vae,clean,family_d0b38ee50d018148,family_retrieval_at_1,1.0
conditional_vae,unrelated_donor,family_d0b38ee50d018148,family_retrieval_at_1,1.0
conditional_vae,same_family_donor,family_d0b38ee50d018148,family_retrieval_at_1,0.9333333333333332
conditional_vae,clean,family_c64269798048b60f,family_retrieval_at_1,1.0
conditional_vae,unrelated_donor,family_c64269798048b60f,family_retrieval_at_1,1.0
conditional_vae,same_family_donor,family_c64269798048b60f,family_retrieval_at_1,1.0
conditional_vae,clean,family_1cfa4116628ae42e,family_retrieval_at_1,0.9333333333333332
conditional_vae,unrelated_donor,family_1cfa4116628ae42e,family_retrieval_at_1,1.0
conditional_vae,same_family_donor,family_1cfa4116628ae42e,family_retrieval_at_1,1.0
conditional_vae,clean,family_101bf32d18499c7d,family_retrieval_at_1,0.9333333333333332
conditional_vae,unrelated_donor,family_101bf32d18499c7d,family_retrieval_at_1,1.0
conditional_vae,same_family_donor,family_101bf32d18499c7d,family_retrieval_at_1,1.0
conditional_vae,clean,family_52885ec61f0240b9,family_retrieval_at_1,1.0
conditional_vae,unrelated_donor,family_52885ec61f0240b9,family_retrieval_at_1,1.0
conditional_vae,same_family_donor,family_52885ec61f0240b9,family_retrieval_at_1,1.0
conditional_vae,clean,family_8661140073b6a2ab,family_retrieval_at_1,1.0
conditional_vae,unrelated_donor,family_8661140073b6a2ab,family_retrieval_at_1,1.0
conditional_vae,same_family_donor,family_8661140073b6a2ab,family_retrieval_at_1,1.0
conditional_vae,clean,family_eacebc389812585f,family_retrieval_at_1,0.46666666666666673
conditional_vae,unrelated_donor,family_eacebc389812585f,family_retrieval_at_1,0.7999999999999999
conditional_vae,same_family_donor,family_eacebc389812585f,family_retrieval_at_1,0.7999999999999999
conditional_vae,clean,family_23e85181dd747797,family_retrieval_at_1,1.0
conditional_vae,unrelated_donor,family_23e85181dd747797,family_retrieval_at_1,0.8666666666666667
conditional_vae,same_family_donor,family_23e85181dd747797,family_retrieval_at_1,1.0
conditional_vae,clean,family_e3c89d0945320ec5,exact_multi_bar_extraction,0.0
conditional_vae,unrelated_donor,family_e3c89d0945320ec5,exact_multi_bar_extraction,0.0
conditional_vae,same_family_donor,family_e3c89d0945320ec5,exact_multi_bar_extraction,0.0
conditional_vae,clean,family_5facacfb4d33d062,exact_multi_bar_extraction,0.0
conditional_vae,unrelated_donor,family_5facacfb4d33d062,exact_multi_bar_extraction,0.0
conditional_vae,same_family_donor,family_5facacfb4d33d062,exact_multi_bar_extraction,0.0
conditional_vae,clean,family_15b8f6d235825863,exact_multi_bar_extraction,0.0
conditional_vae,unrelated_donor,family_15b8f6d235825863,exact_multi_bar_extraction,0.0
conditional_vae,same_family_donor,family_15b8f6d235825863,exact_multi_bar_extraction,0.0
conditional_vae,clean,family_78031f033e192cce,exact_multi_bar_extraction,0.0
conditional_vae,unrelated_donor,family_78031f033e192cce,exact_multi_bar_extraction,0.0
conditional_vae,same_family_donor,family_78031f033e192cce,exact_multi_bar_extraction,0.0
conditional_vae,clean,family_debbecc1e7f77f3e,exact_multi_bar_extraction,0.0
conditional_vae,unrelated_donor,family_debbecc1e7f77f3e,exact_multi_bar_extraction,0.0
conditional_vae,same_family_donor,family_debbecc1e7f77f3e,exact_multi_bar_extraction,0.0
conditional_vae,clean,family_5d6a15b20dff7233,exact_multi_bar_extraction,0.0
conditional_vae,unrelated_donor,family_5d6a15b20dff7233,exact_multi_bar_extraction,0.0
conditional_vae,same_family_donor,family_5d6a15b20dff7233,exact_multi_bar_extraction,0.0
conditional_vae,clean,family_58a5b18cf3751bf1,exact_multi_bar_extraction,0.0
conditional_vae,unrelated_donor,family_58a5b18cf3751bf1,exact_multi_bar_extraction,0.0
conditional_vae,same_family_donor,family_58a5b18cf3751bf1,exact_multi_bar_extraction,0.0
conditional_vae,clean,family_da2cbb03fa208ffc,exact_multi_bar_extraction,0.0
conditional_vae,unrelated_donor,family_da2cbb03fa208ffc,exact_multi_bar_extraction,0.0
conditional_vae,same_family_donor,family_da2cbb03fa208ffc,exact_multi_bar_extraction,0.0
conditional_vae,clean,family_b3ba3218de08f591,exact_multi_bar_extraction,0.0
conditional_vae,unrelated_donor,family_b3ba3218de08f591,exact_multi_bar_extraction,0.0
conditional_vae,same_family_donor,family_b3ba3218de08f591,exact_multi_bar_extraction,0.0
conditional_vae,clean,family_9edbfcdbf27d8472,exact_multi_bar_extraction,0.0
conditional_vae,unrelated_donor,family_9edbfcdbf27d8472,exact_multi_bar_extraction,0.0
conditional_vae,same_family_donor,family_9edbfcdbf27d8472,exact_multi_bar_extraction,0.0
conditional_vae,clean,family_76f3986b08ecfc19,exact_multi_bar_extraction,0.0
conditional_vae,unrelated_donor,family_76f3986b08ecfc19,exact_multi_bar_extraction,0.0
conditional_vae,same_family_donor,family_76f3986b08ecfc19,exact_multi_bar_extraction,0.0
conditional_vae,clean,family_5aaa5f6f546aa704,exact_multi_bar_extraction,0.0
conditional_vae,unrelated_donor,family_5aaa5f6f546aa704,exact_multi_bar_extraction,0.0
conditional_vae,same_family_donor,family_5aaa5f6f546aa704,exact_multi_bar_extraction,0.0
conditional_vae,clean,family_38ddaabf01adae92,exact_multi_bar_extraction,0.0
conditional_vae,unrelated_donor,family_38ddaabf01adae92,exact_multi_bar_extraction,0.0
conditional_vae,same_family_donor,family_38ddaabf01adae92,exact_multi_bar_extraction,0.0
conditional_vae,clean,family_5cc4efa05e4dc250,exact_multi_bar_extraction,0.0
conditional_vae,unrelated_donor,family_5cc4efa05e4dc250,exact_multi_bar_extraction,0.0
conditional_vae,same_family_donor,family_5cc4efa05e4dc250,exact_multi_bar_extraction,0.0
conditional_vae,clean,family_3db848c291e71542,exact_multi_bar_extraction,0.0
conditional_vae,unrelated_donor,family_3db848c291e71542,exact_multi_bar_extraction,0.0
conditional_vae,same_family_donor,family_3db848c291e71542,exact_multi_bar_extraction,0.0
conditional_vae,clean,family_4731a6d05dff34ce,exact_multi_bar_extraction,0.0
conditional_vae,unrelated_donor,family_4731a6d05dff34ce,exact_multi_bar_extraction,0.0
conditional_vae,same_family_donor,family_4731a6d05dff34ce,exact_multi_bar_extraction,0.0
conditional_vae,clean,family_1a8ff9e18d3eabea,exact_multi_bar_extraction,0.0
conditional_vae,unrelated_donor,family_1a8ff9e18d3eabea,exact_multi_bar_extraction,0.0
conditional_vae,same_family_donor,family_1a8ff9e18d3eabea,exact_multi_bar_extraction,0.0
conditional_vae,clean,family_774f10d6c3d75980,exact_multi_bar_extraction,0.0
conditional_vae,unrelated_donor,family_774f10d6c3d75980,exact_multi_bar_extraction,0.0
conditional_vae,same_family_donor,family_774f10d6c3d75980,exact_multi_bar_extraction,0.0
conditional_vae,clean,family_7a300c986fbfa9f2,exact_multi_bar_extraction,0.0
conditional_vae,unrelated_donor,family_7a300c986fbfa9f2,exact_multi_bar_extraction,0.0
conditional_vae,same_family_donor,family_7a300c986fbfa9f2,exact_multi_bar_extraction,0.0
conditional_vae,clean,family_d1a92696717aa9c2,exact_multi_bar_extraction,0.0
conditional_vae,unrelated_donor,family_d1a92696717aa9c2,exact_multi_bar_extraction,0.0
conditional_vae,same_family_donor,family_d1a92696717aa9c2,exact_multi_bar_extraction,0.0
conditional_vae,clean,family_2fe71bb032cb85fe,exact_multi_bar_extraction,0.0
conditional_vae,unrelated_donor,family_2fe71bb032cb85fe,exact_multi_bar_extraction,0.0
conditional_vae,same_family_donor,family_2fe71bb032cb85fe,exact_multi_bar_extraction,0.0
conditional_vae,clean,family_348b29b5f47eda18,exact_multi_bar_extraction,0.0
conditional_vae,unrelated_donor,family_348b29b5f47eda18,exact_multi_bar_extraction,0.0
conditional_vae,same_family_donor,family_348b29b5f47eda18,exact_multi_bar_extraction,0.0
conditional_vae,clean,family_fa3341292470541d,exact_multi_bar_extraction,0.0
conditional_vae,unrelated_donor,family_fa3341292470541d,exact_multi_bar_extraction,0.0
conditional_vae,same_family_donor,family_fa3341292470541d,exact_multi_bar_extraction,0.0
conditional_vae,clean,family_f99e7467cfd91d72,exact_multi_bar_extraction,0.0
conditional_vae,unrelated_donor,family_f99e7467cfd91d72,exact_multi_bar_extraction,0.0
conditional_vae,same_family_donor,family_f99e7467cfd91d72,exact_multi_bar_extraction,0.0
conditional_vae,clean,family_776fb0c74fb6af96,exact_multi_bar_extraction,0.0
conditional_vae,unrelated_donor,family_776fb0c74fb6af96,exact_multi_bar_extraction,0.0
conditional_vae,same_family_donor,family_776fb0c74fb6af96,exact_multi_bar_extraction,0.0
conditional_vae,clean,family_56b1bf9100abf79a,exact_multi_bar_extraction,0.0
conditional_vae,unrelated_donor,family_56b1bf9100abf79a,exact_multi_bar_extraction,0.0
conditional_vae,same_family_donor,family_56b1bf9100abf79a,exact_multi_bar_extraction,0.0
conditional_vae,clean,family_f53ae103dc0def58,exact_multi_bar_extraction,0.0
conditional_vae,unrelated_donor,family_f53ae103dc0def58,exact_multi_bar_extraction,0.0
conditional_vae,same_family_donor,family_f53ae103dc0def58,exact_multi_bar_extraction,0.0
conditional_vae,clean,family_c2d4ffa1539bdafe,exact_multi_bar_extraction,0.0
conditional_vae,unrelated_donor,family_c2d4ffa1539bdafe,exact_multi_bar_extraction,0.0
conditional_vae,same_family_donor,family_c2d4ffa1539bdafe,exact_multi_bar_extraction,0.0
conditional_vae,clean,family_328dc279bafe7f69,exact_multi_bar_extraction,0.0
conditional_vae,unrelated_donor,family_328dc279bafe7f69,exact_multi_bar_extraction,0.0
conditional_vae,same_family_donor,family_328dc279bafe7f69,exact_multi_bar_extraction,0.0
conditional_vae,clean,family_de67cf52f9a2ce89,exact_multi_bar_extraction,0.0
conditional_vae,unrelated_donor,family_de67cf52f9a2ce89,exact_multi_bar_extraction,0.0
conditional_vae,same_family_donor,family_de67cf52f9a2ce89,exact_multi_bar_extraction,0.0
conditional_vae,clean,family_581cf690b70ed77f,exact_multi_bar_extraction,0.0
conditional_vae,unrelated_donor,family_581cf690b70ed77f,exact_multi_bar_extraction,0.0
conditional_vae,same_family_donor,family_581cf690b70ed77f,exact_multi_bar_extraction,0.0
conditional_vae,clean,family_5ebcadebe538bd59,exact_multi_bar_extraction,0.0
conditional_vae,unrelated_donor,family_5ebcadebe538bd59,exact_multi_bar_extraction,0.0
conditional_vae,same_family_donor,family_5ebcadebe538bd59,exact_multi_bar_extraction,0.0
conditional_vae,clean,family_5fe0b889b5279fed,exact_multi_bar_extraction,0.0
conditional_vae,unrelated_donor,family_5fe0b889b5279fed,exact_multi_bar_extraction,0.0
conditional_vae,same_family_donor,family_5fe0b889b5279fed,exact_multi_bar_extraction,0.0
conditional_vae,clean,family_8aff46e64d1c8360,exact_multi_bar_extraction,0.0
conditional_vae,unrelated_donor,family_8aff46e64d1c8360,exact_multi_bar_extraction,0.0
conditional_vae,same_family_donor,family_8aff46e64d1c8360,exact_multi_bar_extraction,0.0
conditional_vae,clean,family_c3abd4306e03adf2,exact_multi_bar_extraction,0.0
conditional_vae,unrelated_donor,family_c3abd4306e03adf2,exact_multi_bar_extraction,0.0
conditional_vae,same_family_donor,family_c3abd4306e03adf2,exact_multi_bar_extraction,0.0
conditional_vae,clean,family_f77d449f1658a159,exact_multi_bar_extraction,0.0
conditional_vae,unrelated_donor,family_f77d449f1658a159,exact_multi_bar_extraction,0.0
conditional_vae,same_family_donor,family_f77d449f1658a159,exact_multi_bar_extraction,0.0
conditional_vae,clean,family_121eefce620403f7,exact_multi_bar_extraction,0.0
conditional_vae,unrelated_donor,family_121eefce620403f7,exact_multi_bar_extraction,0.0
conditional_vae,same_family_donor,family_121eefce620403f7,exact_multi_bar_extraction,0.0
conditional_vae,clean,family_439fc19617b55d44,exact_multi_bar_extraction,0.0
conditional_vae,unrelated_donor,family_439fc19617b55d44,exact_multi_bar_extraction,0.0
conditional_vae,same_family_donor,family_439fc19617b55d44,exact_multi_bar_extraction,0.0
conditional_vae,clean,family_7b8c8789f38183da,exact_multi_bar_extraction,0.0
conditional_vae,unrelated_donor,family_7b8c8789f38183da,exact_multi_bar_extraction,0.0
conditional_vae,same_family_donor,family_7b8c8789f38183da,exact_multi_bar_extraction,0.0
conditional_vae,clean,family_7c104874587dddcc,exact_multi_bar_extraction,0.0
conditional_vae,unrelated_donor,family_7c104874587dddcc,exact_multi_bar_extraction,0.0
conditional_vae,same_family_donor,family_7c104874587dddcc,exact_multi_bar_extraction,0.0
conditional_vae,clean,family_2eec85a0fe915e64,exact_multi_bar_extraction,0.0
conditional_vae,unrelated_donor,family_2eec85a0fe915e64,exact_multi_bar_extraction,0.0
conditional_vae,same_family_donor,family_2eec85a0fe915e64,exact_multi_bar_extraction,0.0
conditional_vae,clean,family_ac0566dd944bc201,exact_multi_bar_extraction,0.0
conditional_vae,unrelated_donor,family_ac0566dd944bc201,exact_multi_bar_extraction,0.0
conditional_vae,same_family_donor,family_ac0566dd944bc201,exact_multi_bar_extraction,0.0
conditional_vae,clean,family_fe2836cc1cef695c,exact_multi_bar_extraction,0.0
conditional_vae,unrelated_donor,family_fe2836cc1cef695c,exact_multi_bar_extraction,0.0
conditional_vae,same_family_donor,family_fe2836cc1cef695c,exact_multi_bar_extraction,0.0
conditional_vae,clean,family_a03ac5414952d229,exact_multi_bar_extraction,0.0
conditional_vae,unrelated_donor,family_a03ac5414952d229,exact_multi_bar_extraction,0.0
conditional_vae,same_family_donor,family_a03ac5414952d229,exact_multi_bar_extraction,0.0
conditional_vae,clean,family_9ccd2f467361ebab,exact_multi_bar_extraction,0.0
conditional_vae,unrelated_donor,family_9ccd2f467361ebab,exact_multi_bar_extraction,0.0
conditional_vae,same_family_donor,family_9ccd2f467361ebab,exact_multi_bar_extraction,0.0
conditional_vae,clean,family_6f0024d47bda9a44,exact_multi_bar_extraction,0.0
conditional_vae,unrelated_donor,family_6f0024d47bda9a44,exact_multi_bar_extraction,0.0
conditional_vae,same_family_donor,family_6f0024d47bda9a44,exact_multi_bar_extraction,0.0
conditional_vae,clean,family_b88eee6ecd7ef6bc,exact_multi_bar_extraction,0.0
conditional_vae,unrelated_donor,family_b88eee6ecd7ef6bc,exact_multi_bar_extraction,0.0
conditional_vae,same_family_donor,family_b88eee6ecd7ef6bc,exact_multi_bar_extraction,0.0
conditional_vae,clean,family_3dffb074803c8f80,exact_multi_bar_extraction,0.0
conditional_vae,unrelated_donor,family_3dffb074803c8f80,exact_multi_bar_extraction,0.0
conditional_vae,same_family_donor,family_3dffb074803c8f80,exact_multi_bar_extraction,0.0
conditional_vae,clean,family_39849966d6043c11,exact_multi_bar_extraction,0.0
conditional_vae,unrelated_donor,family_39849966d6043c11,exact_multi_bar_extraction,0.0
conditional_vae,same_family_donor,family_39849966d6043c11,exact_multi_bar_extraction,0.0
conditional_vae,clean,family_f19aa9a5e722eb61,exact_multi_bar_extraction,0.0
conditional_vae,unrelated_donor,family_f19aa9a5e722eb61,exact_multi_bar_extraction,0.0
conditional_vae,same_family_donor,family_f19aa9a5e722eb61,exact_multi_bar_extraction,0.0
conditional_vae,clean,family_a95aeca85317a04d,exact_multi_bar_extraction,0.0
conditional_vae,unrelated_donor,family_a95aeca85317a04d,exact_multi_bar_extraction,0.0
conditional_vae,same_family_donor,family_a95aeca85317a04d,exact_multi_bar_extraction,0.0
conditional_vae,clean,family_39f58e2fd604c61e,exact_multi_bar_extraction,0.0
conditional_vae,unrelated_donor,family_39f58e2fd604c61e,exact_multi_bar_extraction,0.0
conditional_vae,same_family_donor,family_39f58e2fd604c61e,exact_multi_bar_extraction,0.0
conditional_vae,clean,family_af212e596b07120e,exact_multi_bar_extraction,0.0
conditional_vae,unrelated_donor,family_af212e596b07120e,exact_multi_bar_extraction,0.0
conditional_vae,same_family_donor,family_af212e596b07120e,exact_multi_bar_extraction,0.0
conditional_vae,clean,family_961cefc620e3d5ab,exact_multi_bar_extraction,0.0
conditional_vae,unrelated_donor,family_961cefc620e3d5ab,exact_multi_bar_extraction,0.0
conditional_vae,same_family_donor,family_961cefc620e3d5ab,exact_multi_bar_extraction,0.0
conditional_vae,clean,family_2dbafe5054d4bee7,exact_multi_bar_extraction,0.0
conditional_vae,unrelated_donor,family_2dbafe5054d4bee7,exact_multi_bar_extraction,0.0
conditional_vae,same_family_donor,family_2dbafe5054d4bee7,exact_multi_bar_extraction,0.0
conditional_vae,clean,family_0a0ff01b239a934a,exact_multi_bar_extraction,0.0
conditional_vae,unrelated_donor,family_0a0ff01b239a934a,exact_multi_bar_extraction,0.0
conditional_vae,same_family_donor,family_0a0ff01b239a934a,exact_multi_bar_extraction,0.0
conditional_vae,clean,family_6a42731481dda124,exact_multi_bar_extraction,0.0
conditional_vae,unrelated_donor,family_6a42731481dda124,exact_multi_bar_extraction,0.0
conditional_vae,same_family_donor,family_6a42731481dda124,exact_multi_bar_extraction,0.0
conditional_vae,clean,family_e4e4467ef74cc720,exact_multi_bar_extraction,0.0
conditional_vae,unrelated_donor,family_e4e4467ef74cc720,exact_multi_bar_extraction,0.0
conditional_vae,same_family_donor,family_e4e4467ef74cc720,exact_multi_bar_extraction,0.0
conditional_vae,clean,family_b324bd83d2be3825,exact_multi_bar_extraction,0.0
conditional_vae,unrelated_donor,family_b324bd83d2be3825,exact_multi_bar_extraction,0.0
conditional_vae,same_family_donor,family_b324bd83d2be3825,exact_multi_bar_extraction,0.0
conditional_vae,clean,family_59add5a121b9a616,exact_multi_bar_extraction,0.0
conditional_vae,unrelated_donor,family_59add5a121b9a616,exact_multi_bar_extraction,0.0
conditional_vae,same_family_donor,family_59add5a121b9a616,exact_multi_bar_extraction,0.0
conditional_vae,clean,family_4da27be0a15493fc,exact_multi_bar_extraction,0.0
conditional_vae,unrelated_donor,family_4da27be0a15493fc,exact_multi_bar_extraction,0.0
conditional_vae,same_family_donor,family_4da27be0a15493fc,exact_multi_bar_extraction,0.0
conditional_vae,clean,family_0ecded087f80d73b,exact_multi_bar_extraction,0.0
conditional_vae,unrelated_donor,family_0ecded087f80d73b,exact_multi_bar_extraction,0.0
conditional_vae,same_family_donor,family_0ecded087f80d73b,exact_multi_bar_extraction,0.0
conditional_vae,clean,family_746d1e0c3274827f,exact_multi_bar_extraction,0.0
conditional_vae,unrelated_donor,family_746d1e0c3274827f,exact_multi_bar_extraction,0.0
conditional_vae,same_family_donor,family_746d1e0c3274827f,exact_multi_bar_extraction,0.0
conditional_vae,clean,family_6d17de7e325f25f8,exact_multi_bar_extraction,0.0
conditional_vae,unrelated_donor,family_6d17de7e325f25f8,exact_multi_bar_extraction,0.0
conditional_vae,same_family_donor,family_6d17de7e325f25f8,exact_multi_bar_extraction,0.0
conditional_vae,clean,family_67cf34a836b9cd6c,exact_multi_bar_extraction,0.0
conditional_vae,unrelated_donor,family_67cf34a836b9cd6c,exact_multi_bar_extraction,0.0
conditional_vae,same_family_donor,family_67cf34a836b9cd6c,exact_multi_bar_extraction,0.0
conditional_vae,clean,family_3bd7e5ca43f02666,exact_multi_bar_extraction,0.0
conditional_vae,unrelated_donor,family_3bd7e5ca43f02666,exact_multi_bar_extraction,0.0
conditional_vae,same_family_donor,family_3bd7e5ca43f02666,exact_multi_bar_extraction,0.0
conditional_vae,clean,family_e2c30beb0d4abeae,exact_multi_bar_extraction,0.0
conditional_vae,unrelated_donor,family_e2c30beb0d4abeae,exact_multi_bar_extraction,0.0
conditional_vae,same_family_donor,family_e2c30beb0d4abeae,exact_multi_bar_extraction,0.0
conditional_vae,clean,family_3fbe0e330aecdc00,exact_multi_bar_extraction,0.0
conditional_vae,unrelated_donor,family_3fbe0e330aecdc00,exact_multi_bar_extraction,0.0
conditional_vae,same_family_donor,family_3fbe0e330aecdc00,exact_multi_bar_extraction,0.0
conditional_vae,clean,family_83b27a32aa56f9dc,exact_multi_bar_extraction,0.0
conditional_vae,unrelated_donor,family_83b27a32aa56f9dc,exact_multi_bar_extraction,0.0
conditional_vae,same_family_donor,family_83b27a32aa56f9dc,exact_multi_bar_extraction,0.0
conditional_vae,clean,family_58c32a6b58cc329f,exact_multi_bar_extraction,0.0
conditional_vae,unrelated_donor,family_58c32a6b58cc329f,exact_multi_bar_extraction,0.0
conditional_vae,same_family_donor,family_58c32a6b58cc329f,exact_multi_bar_extraction,0.0
conditional_vae,clean,family_853b6705e7d7e7a9,exact_multi_bar_extraction,0.0
conditional_vae,unrelated_donor,family_853b6705e7d7e7a9,exact_multi_bar_extraction,0.0
conditional_vae,same_family_donor,family_853b6705e7d7e7a9,exact_multi_bar_extraction,0.0
conditional_vae,clean,family_5405158fe7a3977d,exact_multi_bar_extraction,0.0
conditional_vae,unrelated_donor,family_5405158fe7a3977d,exact_multi_bar_extraction,0.0
conditional_vae,same_family_donor,family_5405158fe7a3977d,exact_multi_bar_extraction,0.0
conditional_vae,clean,family_e0f7e5849dbe9388,exact_multi_bar_extraction,0.0
conditional_vae,unrelated_donor,family_e0f7e5849dbe9388,exact_multi_bar_extraction,0.0
conditional_vae,same_family_donor,family_e0f7e5849dbe9388,exact_multi_bar_extraction,0.0
conditional_vae,clean,family_6fbe37a0a6611f64,exact_multi_bar_extraction,0.0
conditional_vae,unrelated_donor,family_6fbe37a0a6611f64,exact_multi_bar_extraction,0.0
conditional_vae,same_family_donor,family_6fbe37a0a6611f64,exact_multi_bar_extraction,0.0
conditional_vae,clean,family_3835425eafb00035,exact_multi_bar_extraction,0.0
conditional_vae,unrelated_donor,family_3835425eafb00035,exact_multi_bar_extraction,0.0
conditional_vae,same_family_donor,family_3835425eafb00035,exact_multi_bar_extraction,0.0
conditional_vae,clean,family_4f1b63b3eef9f7d0,exact_multi_bar_extraction,0.0
conditional_vae,unrelated_donor,family_4f1b63b3eef9f7d0,exact_multi_bar_extraction,0.0
conditional_vae,same_family_donor,family_4f1b63b3eef9f7d0,exact_multi_bar_extraction,0.0
conditional_vae,clean,family_8f08581ca21b6c6f,exact_multi_bar_extraction,0.0
conditional_vae,unrelated_donor,family_8f08581ca21b6c6f,exact_multi_bar_extraction,0.0
conditional_vae,same_family_donor,family_8f08581ca21b6c6f,exact_multi_bar_extraction,0.0
conditional_vae,clean,family_db6398f302f77cb4,exact_multi_bar_extraction,0.0
conditional_vae,unrelated_donor,family_db6398f302f77cb4,exact_multi_bar_extraction,0.0
conditional_vae,same_family_donor,family_db6398f302f77cb4,exact_multi_bar_extraction,0.0
conditional_vae,clean,family_aad2d66dec95dc7a,exact_multi_bar_extraction,0.0
conditional_vae,unrelated_donor,family_aad2d66dec95dc7a,exact_multi_bar_extraction,0.0
conditional_vae,same_family_donor,family_aad2d66dec95dc7a,exact_multi_bar_extraction,0.0
conditional_vae,clean,family_04795413b15e0b98,exact_multi_bar_extraction,0.0
conditional_vae,unrelated_donor,family_04795413b15e0b98,exact_multi_bar_extraction,0.0
conditional_vae,same_family_donor,family_04795413b15e0b98,exact_multi_bar_extraction,0.0
conditional_vae,clean,family_d4c8efafc098f593,exact_multi_bar_extraction,0.0
conditional_vae,unrelated_donor,family_d4c8efafc098f593,exact_multi_bar_extraction,0.0
conditional_vae,same_family_donor,family_d4c8efafc098f593,exact_multi_bar_extraction,0.0
conditional_vae,clean,family_30fbd9977a220042,exact_multi_bar_extraction,0.0
conditional_vae,unrelated_donor,family_30fbd9977a220042,exact_multi_bar_extraction,0.0
conditional_vae,same_family_donor,family_30fbd9977a220042,exact_multi_bar_extraction,0.0
conditional_vae,clean,family_2d3e3d92f30c4369,exact_multi_bar_extraction,0.0
conditional_vae,unrelated_donor,family_2d3e3d92f30c4369,exact_multi_bar_extraction,0.0
conditional_vae,same_family_donor,family_2d3e3d92f30c4369,exact_multi_bar_extraction,0.0
conditional_vae,clean,family_6342008bae187399,exact_multi_bar_extraction,0.0
conditional_vae,unrelated_donor,family_6342008bae187399,exact_multi_bar_extraction,0.0
conditional_vae,same_family_donor,family_6342008bae187399,exact_multi_bar_extraction,0.0
conditional_vae,clean,family_f60bd4cc83d02add,exact_multi_bar_extraction,0.0
conditional_vae,unrelated_donor,family_f60bd4cc83d02add,exact_multi_bar_extraction,0.0
conditional_vae,same_family_donor,family_f60bd4cc83d02add,exact_multi_bar_extraction,0.0
conditional_vae,clean,family_08157e0ead630e5c,exact_multi_bar_extraction,0.0
conditional_vae,unrelated_donor,family_08157e0ead630e5c,exact_multi_bar_extraction,0.0
conditional_vae,same_family_donor,family_08157e0ead630e5c,exact_multi_bar_extraction,0.0
conditional_vae,clean,family_0f71c7e0830e1d85,exact_multi_bar_extraction,0.0
conditional_vae,unrelated_donor,family_0f71c7e0830e1d85,exact_multi_bar_extraction,0.0
conditional_vae,same_family_donor,family_0f71c7e0830e1d85,exact_multi_bar_extraction,0.0
conditional_vae,clean,family_be459453ebdfa1da,exact_multi_bar_extraction,0.0
conditional_vae,unrelated_donor,family_be459453ebdfa1da,exact_multi_bar_extraction,0.0
conditional_vae,same_family_donor,family_be459453ebdfa1da,exact_multi_bar_extraction,0.0
conditional_vae,clean,family_a534382ff42b71fb,exact_multi_bar_extraction,0.0
conditional_vae,unrelated_donor,family_a534382ff42b71fb,exact_multi_bar_extraction,0.0
conditional_vae,same_family_donor,family_a534382ff42b71fb,exact_multi_bar_extraction,0.0
conditional_vae,clean,family_e97b637c75aac2b5,exact_multi_bar_extraction,0.0
conditional_vae,unrelated_donor,family_e97b637c75aac2b5,exact_multi_bar_extraction,0.0
conditional_vae,same_family_donor,family_e97b637c75aac2b5,exact_multi_bar_extraction,0.0
conditional_vae,clean,family_f0c0dd7c2f3b6a3f,exact_multi_bar_extraction,0.0
conditional_vae,unrelated_donor,family_f0c0dd7c2f3b6a3f,exact_multi_bar_extraction,0.0
conditional_vae,same_family_donor,family_f0c0dd7c2f3b6a3f,exact_multi_bar_extraction,0.0
conditional_vae,clean,family_c3ae851031cec2bb,exact_multi_bar_extraction,0.0
conditional_vae,unrelated_donor,family_c3ae851031cec2bb,exact_multi_bar_extraction,0.0
conditional_vae,same_family_donor,family_c3ae851031cec2bb,exact_multi_bar_extraction,0.0
conditional_vae,clean,family_d0b38ee50d018148,exact_multi_bar_extraction,0.0
conditional_vae,unrelated_donor,family_d0b38ee50d018148,exact_multi_bar_extraction,0.0
conditional_vae,same_family_donor,family_d0b38ee50d018148,exact_multi_bar_extraction,0.0
conditional_vae,clean,family_c64269798048b60f,exact_multi_bar_extraction,0.0
conditional_vae,unrelated_donor,family_c64269798048b60f,exact_multi_bar_extraction,0.0
conditional_vae,same_family_donor,family_c64269798048b60f,exact_multi_bar_extraction,0.0
conditional_vae,clean,family_1cfa4116628ae42e,exact_multi_bar_extraction,0.0
conditional_vae,unrelated_donor,family_1cfa4116628ae42e,exact_multi_bar_extraction,0.0
conditional_vae,same_family_donor,family_1cfa4116628ae42e,exact_multi_bar_extraction,0.0
conditional_vae,clean,family_101bf32d18499c7d,exact_multi_bar_extraction,0.0
conditional_vae,unrelated_donor,family_101bf32d18499c7d,exact_multi_bar_extraction,0.0
conditional_vae,same_family_donor,family_101bf32d18499c7d,exact_multi_bar_extraction,0.0
conditional_vae,clean,family_52885ec61f0240b9,exact_multi_bar_extraction,0.0
conditional_vae,unrelated_donor,family_52885ec61f0240b9,exact_multi_bar_extraction,0.0
conditional_vae,same_family_donor,family_52885ec61f0240b9,exact_multi_bar_extraction,0.0
conditional_vae,clean,family_8661140073b6a2ab,exact_multi_bar_extraction,0.0
conditional_vae,unrelated_donor,family_8661140073b6a2ab,exact_multi_bar_extraction,0.0
conditional_vae,same_family_donor,family_8661140073b6a2ab,exact_multi_bar_extraction,0.0
conditional_vae,clean,family_eacebc389812585f,exact_multi_bar_extraction,0.0
conditional_vae,unrelated_donor,family_eacebc389812585f,exact_multi_bar_extraction,0.0
conditional_vae,same_family_donor,family_eacebc389812585f,exact_multi_bar_extraction,0.0
conditional_vae,clean,family_23e85181dd747797,exact_multi_bar_extraction,0.0
conditional_vae,unrelated_donor,family_23e85181dd747797,exact_multi_bar_extraction,0.0
conditional_vae,same_family_donor,family_23e85181dd747797,exact_multi_bar_extraction,0.0
conditional_vae,clean,family_e3c89d0945320ec5,whole_train_nearest_neighbor_similarity,0.00025171387765700375
conditional_vae,unrelated_donor,family_e3c89d0945320ec5,whole_train_nearest_neighbor_similarity,0.00016501650165016502
conditional_vae,same_family_donor,family_e3c89d0945320ec5,whole_train_nearest_neighbor_similarity,0.0023726873490753503
conditional_vae,clean,family_5facacfb4d33d062,whole_train_nearest_neighbor_similarity,0.0018695185368948633
conditional_vae,unrelated_donor,family_5facacfb4d33d062,whole_train_nearest_neighbor_similarity,0.001220925501004277
conditional_vae,same_family_donor,family_5facacfb4d33d062,whole_train_nearest_neighbor_similarity,0.001216183684684165
conditional_vae,clean,family_15b8f6d235825863,whole_train_nearest_neighbor_similarity,0.0010129711922178073
conditional_vae,unrelated_donor,family_15b8f6d235825863,whole_train_nearest_neighbor_similarity,0.0006723556304153211
conditional_vae,same_family_donor,family_15b8f6d235825863,whole_train_nearest_neighbor_similarity,0.010312324801051275
conditional_vae,clean,family_78031f033e192cce,whole_train_nearest_neighbor_similarity,0.0
conditional_vae,unrelated_donor,family_78031f033e192cce,whole_train_nearest_neighbor_similarity,0.00045257980074982495
conditional_vae,same_family_donor,family_78031f033e192cce,whole_train_nearest_neighbor_similarity,6.184291898577613e-05
conditional_vae,clean,family_debbecc1e7f77f3e,whole_train_nearest_neighbor_similarity,0.0
conditional_vae,unrelated_donor,family_debbecc1e7f77f3e,whole_train_nearest_neighbor_similarity,0.0
conditional_vae,same_family_donor,family_debbecc1e7f77f3e,whole_train_nearest_neighbor_similarity,0.0027204589528671956
conditional_vae,clean,family_5d6a15b20dff7233,whole_train_nearest_neighbor_similarity,6.088280060882801e-05
conditional_vae,unrelated_donor,family_5d6a15b20dff7233,whole_train_nearest_neighbor_similarity,0.00024922702850910526
conditional_vae,same_family_donor,family_5d6a15b20dff7233,whole_train_nearest_neighbor_similarity,0.00251824691046195
conditional_vae,clean,family_58a5b18cf3751bf1,whole_train_nearest_neighbor_similarity,0.00026158884109985344
conditional_vae,unrelated_donor,family_58a5b18cf3751bf1,whole_train_nearest_neighbor_similarity,0.0006636945510082051
conditional_vae,same_family_donor,family_58a5b18cf3751bf1,whole_train_nearest_neighbor_similarity,0.0018252480511618465
conditional_vae,clean,family_da2cbb03fa208ffc,whole_train_nearest_neighbor_similarity,0.001945017081957806
conditional_vae,unrelated_donor,family_da2cbb03fa208ffc,whole_train_nearest_neighbor_similarity,0.000826992526058642
conditional_vae,same_family_donor,family_da2cbb03fa208ffc,whole_train_nearest_neighbor_similarity,0.004183434584037321
conditional_vae,clean,family_b3ba3218de08f591,whole_train_nearest_neighbor_similarity,0.0
conditional_vae,unrelated_donor,family_b3ba3218de08f591,whole_train_nearest_neighbor_similarity,0.0
conditional_vae,same_family_donor,family_b3ba3218de08f591,whole_train_nearest_neighbor_similarity,0.0
conditional_vae,clean,family_9edbfcdbf27d8472,whole_train_nearest_neighbor_similarity,0.00012759170653907497
conditional_vae,unrelated_donor,family_9edbfcdbf27d8472,whole_train_nearest_neighbor_similarity,0.0
conditional_vae,same_family_donor,family_9edbfcdbf27d8472,whole_train_nearest_neighbor_similarity,0.0
conditional_vae,clean,family_76f3986b08ecfc19,whole_train_nearest_neighbor_similarity,0.0002066115702479339
conditional_vae,unrelated_donor,family_76f3986b08ecfc19,whole_train_nearest_neighbor_similarity,0.0004930113343514045
conditional_vae,same_family_donor,family_76f3986b08ecfc19,whole_train_nearest_neighbor_similarity,0.0003082457248964573
conditional_vae,clean,family_5aaa5f6f546aa704,whole_train_nearest_neighbor_similarity,7.062146892655367e-05
conditional_vae,unrelated_donor,family_5aaa5f6f546aa704,whole_train_nearest_neighbor_similarity,0.00046250412950115625
conditional_vae,same_family_donor,family_5aaa5f6f546aa704,whole_train_nearest_neighbor_similarity,0.0002611818478615736
conditional_vae,clean,family_38ddaabf01adae92,whole_train_nearest_neighbor_similarity,0.0004623078759808588
conditional_vae,unrelated_donor,family_38ddaabf01adae92,whole_train_nearest_neighbor_similarity,0.0004624391010529624
conditional_vae,same_family_donor,family_38ddaabf01adae92,whole_train_nearest_neighbor_similarity,0.02581200900629771
conditional_vae,clean,family_5cc4efa05e4dc250,whole_train_nearest_neighbor_similarity,0.008517112703311397
conditional_vae,unrelated_donor,family_5cc4efa05e4dc250,whole_train_nearest_neighbor_similarity,0.007297400580192224
conditional_vae,same_family_donor,family_5cc4efa05e4dc250,whole_train_nearest_neighbor_similarity,0.011712158915524051
conditional_vae,clean,family_3db848c291e71542,whole_train_nearest_neighbor_similarity,0.0
conditional_vae,unrelated_donor,family_3db848c291e71542,whole_train_nearest_neighbor_similarity,0.00014064697609001404
conditional_vae,same_family_donor,family_3db848c291e71542,whole_train_nearest_neighbor_similarity,0.0006311544047095124
conditional_vae,clean,family_4731a6d05dff34ce,whole_train_nearest_neighbor_similarity,0.0
conditional_vae,unrelated_donor,family_4731a6d05dff34ce,whole_train_nearest_neighbor_similarity,0.0
conditional_vae,same_family_donor,family_4731a6d05dff34ce,whole_train_nearest_neighbor_similarity,0.0
conditional_vae,clean,family_1a8ff9e18d3eabea,whole_train_nearest_neighbor_similarity,0.007338080446880051
conditional_vae,unrelated_donor,family_1a8ff9e18d3eabea,whole_train_nearest_neighbor_similarity,0.005298419773730414
conditional_vae,same_family_donor,family_1a8ff9e18d3eabea,whole_train_nearest_neighbor_similarity,0.007310375651428741
conditional_vae,clean,family_774f10d6c3d75980,whole_train_nearest_neighbor_similarity,0.0022088606863780113
conditional_vae,unrelated_donor,family_774f10d6c3d75980,whole_train_nearest_neighbor_similarity,0.001923100787012139
conditional_vae,same_family_donor,family_774f10d6c3d75980,whole_train_nearest_neighbor_similarity,0.005737508792871483
conditional_vae,clean,family_7a300c986fbfa9f2,whole_train_nearest_neighbor_similarity,0.0
conditional_vae,unrelated_donor,family_7a300c986fbfa9f2,whole_train_nearest_neighbor_similarity,0.00014603870025556772
conditional_vae,same_family_donor,family_7a300c986fbfa9f2,whole_train_nearest_neighbor_similarity,0.00012143290831815422
conditional_vae,clean,family_d1a92696717aa9c2,whole_train_nearest_neighbor_similarity,0.00209474444737399
conditional_vae,unrelated_donor,family_d1a92696717aa9c2,whole_train_nearest_neighbor_similarity,0.0024164888177089726
conditional_vae,same_family_donor,family_d1a92696717aa9c2,whole_train_nearest_neighbor_similarity,0.00346847321959329
conditional_vae,clean,family_2fe71bb032cb85fe,whole_train_nearest_neighbor_similarity,0.00041128700263102694
conditional_vae,unrelated_donor,family_2fe71bb032cb85fe,whole_train_nearest_neighbor_similarity,0.0014799210038619042
conditional_vae,same_family_donor,family_2fe71bb032cb85fe,whole_train_nearest_neighbor_similarity,0.00917845091552461
conditional_vae,clean,family_348b29b5f47eda18,whole_train_nearest_neighbor_similarity,0.0
conditional_vae,unrelated_donor,family_348b29b5f47eda18,whole_train_nearest_neighbor_similarity,0.0
conditional_vae,same_family_donor,family_348b29b5f47eda18,whole_train_nearest_neighbor_similarity,0.00020491975729421767
conditional_vae,clean,family_fa3341292470541d,whole_train_nearest_neighbor_similarity,0.0003896912747893974
conditional_vae,unrelated_donor,family_fa3341292470541d,whole_train_nearest_neighbor_similarity,0.0003886036819473692
conditional_vae,same_family_donor,family_fa3341292470541d,whole_train_nearest_neighbor_similarity,0.0006647981906637246
conditional_vae,clean,family_f99e7467cfd91d72,whole_train_nearest_neighbor_similarity,0.0
conditional_vae,unrelated_donor,family_f99e7467cfd91d72,whole_train_nearest_neighbor_similarity,0.0
conditional_vae,same_family_donor,family_f99e7467cfd91d72,whole_train_nearest_neighbor_similarity,0.0
conditional_vae,clean,family_776fb0c74fb6af96,whole_train_nearest_neighbor_similarity,0.0
conditional_vae,unrelated_donor,family_776fb0c74fb6af96,whole_train_nearest_neighbor_similarity,0.0
conditional_vae,same_family_donor,family_776fb0c74fb6af96,whole_train_nearest_neighbor_similarity,0.0006901311249137336
conditional_vae,clean,family_56b1bf9100abf79a,whole_train_nearest_neighbor_similarity,0.0003712179978942647
conditional_vae,unrelated_donor,family_56b1bf9100abf79a,whole_train_nearest_neighbor_similarity,0.000121654501216545
conditional_vae,same_family_donor,family_56b1bf9100abf79a,whole_train_nearest_neighbor_similarity,0.0051845285349634875
conditional_vae,clean,family_f53ae103dc0def58,whole_train_nearest_neighbor_similarity,0.0
conditional_vae,unrelated_donor,family_f53ae103dc0def58,whole_train_nearest_neighbor_similarity,6.379585326953749e-05
conditional_vae,same_family_donor,family_f53ae103dc0def58,whole_train_nearest_neighbor_similarity,0.0013837965371729525
conditional_vae,clean,family_c2d4ffa1539bdafe,whole_train_nearest_neighbor_similarity,0.000777023945874885
conditional_vae,unrelated_donor,family_c2d4ffa1539bdafe,whole_train_nearest_neighbor_similarity,0.0009482898529582865
conditional_vae,same_family_donor,family_c2d4ffa1539bdafe,whole_train_nearest_neighbor_similarity,0.0007245069295447087
conditional_vae,clean,family_328dc279bafe7f69,whole_train_nearest_neighbor_similarity,0.0
conditional_vae,unrelated_donor,family_328dc279bafe7f69,whole_train_nearest_neighbor_similarity,0.0006811110289845087
conditional_vae,same_family_donor,family_328dc279bafe7f69,whole_train_nearest_neighbor_similarity,0.00025864856126737795
conditional_vae,clean,family_de67cf52f9a2ce89,whole_train_nearest_neighbor_similarity,0.0015547728323905075
conditional_vae,unrelated_donor,family_de67cf52f9a2ce89,whole_train_nearest_neighbor_similarity,0.0
conditional_vae,same_family_donor,family_de67cf52f9a2ce89,whole_train_nearest_neighbor_similarity,0.0
conditional_vae,clean,family_581cf690b70ed77f,whole_train_nearest_neighbor_similarity,6.259780907668232e-05
conditional_vae,unrelated_donor,family_581cf690b70ed77f,whole_train_nearest_neighbor_similarity,0.0
conditional_vae,same_family_donor,family_581cf690b70ed77f,whole_train_nearest_neighbor_similarity,0.0010940106548591663
conditional_vae,clean,family_5ebcadebe538bd59,whole_train_nearest_neighbor_similarity,0.00048400504632562825
conditional_vae,unrelated_donor,family_5ebcadebe538bd59,whole_train_nearest_neighbor_similarity,0.0004379712607164345
conditional_vae,same_family_donor,family_5ebcadebe538bd59,whole_train_nearest_neighbor_similarity,0.003952418094898676
conditional_vae,clean,family_5fe0b889b5279fed,whole_train_nearest_neighbor_similarity,0.001155745888185927
conditional_vae,unrelated_donor,family_5fe0b889b5279fed,whole_train_nearest_neighbor_similarity,0.001338195329686821
conditional_vae,same_family_donor,family_5fe0b889b5279fed,whole_train_nearest_neighbor_similarity,0.002009728904088384
conditional_vae,clean,family_8aff46e64d1c8360,whole_train_nearest_neighbor_similarity,0.00040206628432197235
conditional_vae,unrelated_donor,family_8aff46e64d1c8360,whole_train_nearest_neighbor_similarity,0.0002807757699162023
conditional_vae,same_family_donor,family_8aff46e64d1c8360,whole_train_nearest_neighbor_similarity,0.00013647469458987784
conditional_vae,clean,family_c3abd4306e03adf2,whole_train_nearest_neighbor_similarity,0.0007326205830526241
conditional_vae,unrelated_donor,family_c3abd4306e03adf2,whole_train_nearest_neighbor_similarity,0.0007817211068232404
conditional_vae,same_family_donor,family_c3abd4306e03adf2,whole_train_nearest_neighbor_similarity,0.0014795981188400484
conditional_vae,clean,family_f77d449f1658a159,whole_train_nearest_neighbor_similarity,0.0001295756397797214
conditional_vae,unrelated_donor,family_f77d449f1658a159,whole_train_nearest_neighbor_similarity,0.0
conditional_vae,same_family_donor,family_f77d449f1658a159,whole_train_nearest_neighbor_similarity,0.0
conditional_vae,clean,family_121eefce620403f7,whole_train_nearest_neighbor_similarity,0.00025481968010703643
conditional_vae,unrelated_donor,family_121eefce620403f7,whole_train_nearest_neighbor_similarity,0.0003915169738901596
conditional_vae,same_family_donor,family_121eefce620403f7,whole_train_nearest_neighbor_similarity,0.0008138270985226507
conditional_vae,clean,family_439fc19617b55d44,whole_train_nearest_neighbor_similarity,0.00038659813902879687
conditional_vae,unrelated_donor,family_439fc19617b55d44,whole_train_nearest_neighbor_similarity,0.0003832798102369168
conditional_vae,same_family_donor,family_439fc19617b55d44,whole_train_nearest_neighbor_similarity,0.005059451398882705
conditional_vae,clean,family_7b8c8789f38183da,whole_train_nearest_neighbor_similarity,0.0005624678597552995
conditional_vae,unrelated_donor,family_7b8c8789f38183da,whole_train_nearest_neighbor_similarity,0.00018566048859471352
conditional_vae,same_family_donor,family_7b8c8789f38183da,whole_train_nearest_neighbor_similarity,0.0005301439340400354
conditional_vae,clean,family_7c104874587dddcc,whole_train_nearest_neighbor_similarity,6.633499170812604e-05
conditional_vae,unrelated_donor,family_7c104874587dddcc,whole_train_nearest_neighbor_similarity,0.0005136205180394309
conditional_vae,same_family_donor,family_7c104874587dddcc,whole_train_nearest_neighbor_similarity,0.00017104334832913505
conditional_vae,clean,family_2eec85a0fe915e64,whole_train_nearest_neighbor_similarity,6.568144499178982e-05
conditional_vae,unrelated_donor,family_2eec85a0fe915e64,whole_train_nearest_neighbor_similarity,0.0
conditional_vae,same_family_donor,family_2eec85a0fe915e64,whole_train_nearest_neighbor_similarity,0.0
conditional_vae,clean,family_ac0566dd944bc201,whole_train_nearest_neighbor_similarity,0.00044489081029711253
conditional_vae,unrelated_donor,family_ac0566dd944bc201,whole_train_nearest_neighbor_similarity,0.00019545643884776826
conditional_vae,same_family_donor,family_ac0566dd944bc201,whole_train_nearest_neighbor_similarity,0.0
conditional_vae,clean,family_fe2836cc1cef695c,whole_train_nearest_neighbor_similarity,0.0005533342252080526
conditional_vae,unrelated_donor,family_fe2836cc1cef695c,whole_train_nearest_neighbor_similarity,0.000429698684907499
conditional_vae,same_family_donor,family_fe2836cc1cef695c,whole_train_nearest_neighbor_similarity,0.003970498215171591
conditional_vae,clean,family_a03ac5414952d229,whole_train_nearest_neighbor_similarity,0.00011926058437686345
conditional_vae,unrelated_donor,family_a03ac5414952d229,whole_train_nearest_neighbor_similarity,6.830601092896175e-05
conditional_vae,same_family_donor,family_a03ac5414952d229,whole_train_nearest_neighbor_similarity,7.024938531787846e-05
conditional_vae,clean,family_9ccd2f467361ebab,whole_train_nearest_neighbor_similarity,0.0
conditional_vae,unrelated_donor,family_9ccd2f467361ebab,whole_train_nearest_neighbor_similarity,0.00025469595670168737
conditional_vae,same_family_donor,family_9ccd2f467361ebab,whole_train_nearest_neighbor_similarity,0.0
conditional_vae,clean,family_6f0024d47bda9a44,whole_train_nearest_neighbor_similarity,0.0
conditional_vae,unrelated_donor,family_6f0024d47bda9a44,whole_train_nearest_neighbor_similarity,6.740815638692282e-05
conditional_vae,same_family_donor,family_6f0024d47bda9a44,whole_train_nearest_neighbor_similarity,0.0
conditional_vae,clean,family_b88eee6ecd7ef6bc,whole_train_nearest_neighbor_similarity,0.0020380786201320126
conditional_vae,unrelated_donor,family_b88eee6ecd7ef6bc,whole_train_nearest_neighbor_similarity,0.002266986964197611
conditional_vae,same_family_donor,family_b88eee6ecd7ef6bc,whole_train_nearest_neighbor_similarity,0.0013154543743110836
conditional_vae,clean,family_3dffb074803c8f80,whole_train_nearest_neighbor_similarity,0.0
conditional_vae,unrelated_donor,family_3dffb074803c8f80,whole_train_nearest_neighbor_similarity,0.0
conditional_vae,same_family_donor,family_3dffb074803c8f80,whole_train_nearest_neighbor_similarity,0.0021514985100793316
conditional_vae,clean,family_39849966d6043c11,whole_train_nearest_neighbor_similarity,6.52954619653934e-05
conditional_vae,unrelated_donor,family_39849966d6043c11,whole_train_nearest_neighbor_similarity,0.0004680356983238908
conditional_vae,same_family_donor,family_39849966d6043c11,whole_train_nearest_neighbor_similarity,0.0005995624869241295
conditional_vae,clean,family_f19aa9a5e722eb61,whole_train_nearest_neighbor_similarity,0.00046124216068917545
conditional_vae,unrelated_donor,family_f19aa9a5e722eb61,whole_train_nearest_neighbor_similarity,0.0005224239797620083
conditional_vae,same_family_donor,family_f19aa9a5e722eb61,whole_train_nearest_neighbor_similarity,0.03219482928423774
conditional_vae,clean,family_a95aeca85317a04d,whole_train_nearest_neighbor_similarity,0.00019187818132426675
conditional_vae,unrelated_donor,family_a95aeca85317a04d,whole_train_nearest_neighbor_similarity,0.0001260239445494644
conditional_vae,same_family_donor,family_a95aeca85317a04d,whole_train_nearest_neighbor_similarity,0.0006356228150993436
conditional_vae,clean,family_39f58e2fd604c61e,whole_train_nearest_neighbor_similarity,0.0
conditional_vae,unrelated_donor,family_39f58e2fd604c61e,whole_train_nearest_neighbor_similarity,0.0
conditional_vae,same_family_donor,family_39f58e2fd604c61e,whole_train_nearest_neighbor_similarity,0.0
conditional_vae,clean,family_af212e596b07120e,whole_train_nearest_neighbor_similarity,0.00037487667663791205
conditional_vae,unrelated_donor,family_af212e596b07120e,whole_train_nearest_neighbor_similarity,0.000765661352440699
conditional_vae,same_family_donor,family_af212e596b07120e,whole_train_nearest_neighbor_similarity,0.0009365773376329483
conditional_vae,clean,family_961cefc620e3d5ab,whole_train_nearest_neighbor_similarity,0.002471436947524524
conditional_vae,unrelated_donor,family_961cefc620e3d5ab,whole_train_nearest_neighbor_similarity,0.0029233503581326185
conditional_vae,same_family_donor,family_961cefc620e3d5ab,whole_train_nearest_neighbor_similarity,0.003939427040057601
conditional_vae,clean,family_2dbafe5054d4bee7,whole_train_nearest_neighbor_similarity,0.0
conditional_vae,unrelated_donor,family_2dbafe5054d4bee7,whole_train_nearest_neighbor_similarity,0.0
conditional_vae,same_family_donor,family_2dbafe5054d4bee7,whole_train_nearest_neighbor_similarity,0.0
conditional_vae,clean,family_0a0ff01b239a934a,whole_train_nearest_neighbor_similarity,0.001036355237968004
conditional_vae,unrelated_donor,family_0a0ff01b239a934a,whole_train_nearest_neighbor_similarity,0.0008301628869814099
conditional_vae,same_family_donor,family_0a0ff01b239a934a,whole_train_nearest_neighbor_similarity,0.0018837248925382096
conditional_vae,clean,family_6a42731481dda124,whole_train_nearest_neighbor_similarity,0.00030690410762074103
conditional_vae,unrelated_donor,family_6a42731481dda124,whole_train_nearest_neighbor_similarity,0.00013759889920880633
conditional_vae,same_family_donor,family_6a42731481dda124,whole_train_nearest_neighbor_similarity,0.00281790311786095
conditional_vae,clean,family_e4e4467ef74cc720,whole_train_nearest_neighbor_similarity,0.0009907785998642723
conditional_vae,unrelated_donor,family_e4e4467ef74cc720,whole_train_nearest_neighbor_similarity,0.0018279886817283038
conditional_vae,same_family_donor,family_e4e4467ef74cc720,whole_train_nearest_neighbor_similarity,0.0038145740057223287
conditional_vae,clean,family_b324bd83d2be3825,whole_train_nearest_neighbor_similarity,0.0013995917280479706
conditional_vae,unrelated_donor,family_b324bd83d2be3825,whole_train_nearest_neighbor_similarity,0.0009544703017740665
conditional_vae,same_family_donor,family_b324bd83d2be3825,whole_train_nearest_neighbor_similarity,0.002013077585851696
conditional_vae,clean,family_59add5a121b9a616,whole_train_nearest_neighbor_similarity,0.0015787193477689969
conditional_vae,unrelated_donor,family_59add5a121b9a616,whole_train_nearest_neighbor_similarity,0.0019676745853735426
conditional_vae,same_family_donor,family_59add5a121b9a616,whole_train_nearest_neighbor_similarity,0.0025292768823999942
conditional_vae,clean,family_4da27be0a15493fc,whole_train_nearest_neighbor_similarity,0.0
conditional_vae,unrelated_donor,family_4da27be0a15493fc,whole_train_nearest_neighbor_similarity,0.0
conditional_vae,same_family_donor,family_4da27be0a15493fc,whole_train_nearest_neighbor_similarity,0.0
conditional_vae,clean,family_0ecded087f80d73b,whole_train_nearest_neighbor_similarity,0.0
conditional_vae,unrelated_donor,family_0ecded087f80d73b,whole_train_nearest_neighbor_similarity,0.0
conditional_vae,same_family_donor,family_0ecded087f80d73b,whole_train_nearest_neighbor_similarity,0.0
conditional_vae,clean,family_746d1e0c3274827f,whole_train_nearest_neighbor_similarity,0.0011852378562587343
conditional_vae,unrelated_donor,family_746d1e0c3274827f,whole_train_nearest_neighbor_similarity,0.0003554496942491354
conditional_vae,same_family_donor,family_746d1e0c3274827f,whole_train_nearest_neighbor_similarity,0.009704005592792065
conditional_vae,clean,family_6d17de7e325f25f8,whole_train_nearest_neighbor_similarity,0.0023753673416046384
conditional_vae,unrelated_donor,family_6d17de7e325f25f8,whole_train_nearest_neighbor_similarity,0.0027063993970151603
conditional_vae,same_family_donor,family_6d17de7e325f25f8,whole_train_nearest_neighbor_similarity,0.0028701849685326994
conditional_vae,clean,family_67cf34a836b9cd6c,whole_train_nearest_neighbor_similarity,0.0
conditional_vae,unrelated_donor,family_67cf34a836b9cd6c,whole_train_nearest_neighbor_similarity,0.0002645653741102886
conditional_vae,same_family_donor,family_67cf34a836b9cd6c,whole_train_nearest_neighbor_similarity,0.0
conditional_vae,clean,family_3bd7e5ca43f02666,whole_train_nearest_neighbor_similarity,0.0008344925523353819
conditional_vae,unrelated_donor,family_3bd7e5ca43f02666,whole_train_nearest_neighbor_similarity,0.0004867631340057167
conditional_vae,same_family_donor,family_3bd7e5ca43f02666,whole_train_nearest_neighbor_similarity,0.007698052467056117
conditional_vae,clean,family_e2c30beb0d4abeae,whole_train_nearest_neighbor_similarity,0.0
conditional_vae,unrelated_donor,family_e2c30beb0d4abeae,whole_train_nearest_neighbor_similarity,0.0
conditional_vae,same_family_donor,family_e2c30beb0d4abeae,whole_train_nearest_neighbor_similarity,0.0
conditional_vae,clean,family_3fbe0e330aecdc00,whole_train_nearest_neighbor_similarity,0.0004451761811211585
conditional_vae,unrelated_donor,family_3fbe0e330aecdc00,whole_train_nearest_neighbor_similarity,0.00026228077937262665
conditional_vae,same_family_donor,family_3fbe0e330aecdc00,whole_train_nearest_neighbor_similarity,0.0019454125576219387
conditional_vae,clean,family_83b27a32aa56f9dc,whole_train_nearest_neighbor_similarity,0.003196970425934004
conditional_vae,unrelated_donor,family_83b27a32aa56f9dc,whole_train_nearest_neighbor_similarity,0.0014647211816528106
conditional_vae,same_family_donor,family_83b27a32aa56f9dc,whole_train_nearest_neighbor_similarity,0.0005663058809085387
conditional_vae,clean,family_58c32a6b58cc329f,whole_train_nearest_neighbor_similarity,0.00012907389480477574
conditional_vae,unrelated_donor,family_58c32a6b58cc329f,whole_train_nearest_neighbor_similarity,0.0
conditional_vae,same_family_donor,family_58c32a6b58cc329f,whole_train_nearest_neighbor_similarity,0.003593499968940178
conditional_vae,clean,family_853b6705e7d7e7a9,whole_train_nearest_neighbor_similarity,0.0
conditional_vae,unrelated_donor,family_853b6705e7d7e7a9,whole_train_nearest_neighbor_similarity,0.0
conditional_vae,same_family_donor,family_853b6705e7d7e7a9,whole_train_nearest_neighbor_similarity,0.00032808398950131233
conditional_vae,clean,family_5405158fe7a3977d,whole_train_nearest_neighbor_similarity,6.331117442228554e-05
conditional_vae,unrelated_donor,family_5405158fe7a3977d,whole_train_nearest_neighbor_similarity,0.000262530107606435
conditional_vae,same_family_donor,family_5405158fe7a3977d,whole_train_nearest_neighbor_similarity,0.0003252447910094079
conditional_vae,clean,family_e0f7e5849dbe9388,whole_train_nearest_neighbor_similarity,0.00046576484860246333
conditional_vae,unrelated_donor,family_e0f7e5849dbe9388,whole_train_nearest_neighbor_similarity,0.0007999390155752572
conditional_vae,same_family_donor,family_e0f7e5849dbe9388,whole_train_nearest_neighbor_similarity,0.0017741882201161435
conditional_vae,clean,family_6fbe37a0a6611f64,whole_train_nearest_neighbor_similarity,0.0004428527214042535
conditional_vae,unrelated_donor,family_6fbe37a0a6611f64,whole_train_nearest_neighbor_similarity,0.000863909337461201
conditional_vae,same_family_donor,family_6fbe37a0a6611f64,whole_train_nearest_neighbor_similarity,0.00029895366218236175
conditional_vae,clean,family_3835425eafb00035,whole_train_nearest_neighbor_similarity,0.00021314815365158614
conditional_vae,unrelated_donor,family_3835425eafb00035,whole_train_nearest_neighbor_similarity,0.0014762015043601362
conditional_vae,same_family_donor,family_3835425eafb00035,whole_train_nearest_neighbor_similarity,0.001160131579926993
conditional_vae,clean,family_4f1b63b3eef9f7d0,whole_train_nearest_neighbor_similarity,0.0002488963596537105
conditional_vae,unrelated_donor,family_4f1b63b3eef9f7d0,whole_train_nearest_neighbor_similarity,0.0
conditional_vae,same_family_donor,family_4f1b63b3eef9f7d0,whole_train_nearest_neighbor_similarity,0.00012507344548330426
conditional_vae,clean,family_8f08581ca21b6c6f,whole_train_nearest_neighbor_similarity,0.00020399403143715636
conditional_vae,unrelated_donor,family_8f08581ca21b6c6f,whole_train_nearest_neighbor_similarity,6.568144499178982e-05
conditional_vae,same_family_donor,family_8f08581ca21b6c6f,whole_train_nearest_neighbor_similarity,0.002367295016715606
conditional_vae,clean,family_db6398f302f77cb4,whole_train_nearest_neighbor_similarity,7.457121551081282e-05
conditional_vae,unrelated_donor,family_db6398f302f77cb4,whole_train_nearest_neighbor_similarity,0.0
conditional_vae,same_family_donor,family_db6398f302f77cb4,whole_train_nearest_neighbor_similarity,0.0
conditional_vae,clean,family_aad2d66dec95dc7a,whole_train_nearest_neighbor_similarity,0.00013367720873947418
conditional_vae,unrelated_donor,family_aad2d66dec95dc7a,whole_train_nearest_neighbor_similarity,0.00012845215157353886
conditional_vae,same_family_donor,family_aad2d66dec95dc7a,whole_train_nearest_neighbor_similarity,0.022375638658863887
conditional_vae,clean,family_04795413b15e0b98,whole_train_nearest_neighbor_similarity,0.0
conditional_vae,unrelated_donor,family_04795413b15e0b98,whole_train_nearest_neighbor_similarity,0.00032362459546925567
conditional_vae,same_family_donor,family_04795413b15e0b98,whole_train_nearest_neighbor_similarity,0.002040087351766808
conditional_vae,clean,family_d4c8efafc098f593,whole_train_nearest_neighbor_similarity,0.0
conditional_vae,unrelated_donor,family_d4c8efafc098f593,whole_train_nearest_neighbor_similarity,0.0
conditional_vae,same_family_donor,family_d4c8efafc098f593,whole_train_nearest_neighbor_similarity,0.0
conditional_vae,clean,family_30fbd9977a220042,whole_train_nearest_neighbor_similarity,0.0
conditional_vae,unrelated_donor,family_30fbd9977a220042,whole_train_nearest_neighbor_similarity,0.0
conditional_vae,same_family_donor,family_30fbd9977a220042,whole_train_nearest_neighbor_similarity,0.0019666412265080604
conditional_vae,clean,family_2d3e3d92f30c4369,whole_train_nearest_neighbor_similarity,0.004383644152068015
conditional_vae,unrelated_donor,family_2d3e3d92f30c4369,whole_train_nearest_neighbor_similarity,0.005363645985880274
conditional_vae,same_family_donor,family_2d3e3d92f30c4369,whole_train_nearest_neighbor_similarity,0.011075906956348283
conditional_vae,clean,family_6342008bae187399,whole_train_nearest_neighbor_similarity,0.0014878719519840263
conditional_vae,unrelated_donor,family_6342008bae187399,whole_train_nearest_neighbor_similarity,0.0010111776361733345
conditional_vae,same_family_donor,family_6342008bae187399,whole_train_nearest_neighbor_similarity,0.002527945397160694
conditional_vae,clean,family_f60bd4cc83d02add,whole_train_nearest_neighbor_similarity,0.0012044608059537914
conditional_vae,unrelated_donor,family_f60bd4cc83d02add,whole_train_nearest_neighbor_similarity,0.00100675494643218
conditional_vae,same_family_donor,family_f60bd4cc83d02add,whole_train_nearest_neighbor_similarity,0.0012010686277883125
conditional_vae,clean,family_08157e0ead630e5c,whole_train_nearest_neighbor_similarity,0.0006271066593473294
conditional_vae,unrelated_donor,family_08157e0ead630e5c,whole_train_nearest_neighbor_similarity,0.0005030754865459425
conditional_vae,same_family_donor,family_08157e0ead630e5c,whole_train_nearest_neighbor_similarity,0.004746213572995974
conditional_vae,clean,family_0f71c7e0830e1d85,whole_train_nearest_neighbor_similarity,0.0002690884628321561
conditional_vae,unrelated_donor,family_0f71c7e0830e1d85,whole_train_nearest_neighbor_similarity,0.00012970168612191958
conditional_vae,same_family_donor,family_0f71c7e0830e1d85,whole_train_nearest_neighbor_similarity,0.00018553177449466695
conditional_vae,clean,family_be459453ebdfa1da,whole_train_nearest_neighbor_similarity,0.001135680763716709
conditional_vae,unrelated_donor,family_be459453ebdfa1da,whole_train_nearest_neighbor_similarity,0.001885164916813593
conditional_vae,same_family_donor,family_be459453ebdfa1da,whole_train_nearest_neighbor_similarity,0.0015850435566762463
conditional_vae,clean,family_a534382ff42b71fb,whole_train_nearest_neighbor_similarity,6.150061500615006e-05
conditional_vae,unrelated_donor,family_a534382ff42b71fb,whole_train_nearest_neighbor_similarity,0.0
conditional_vae,same_family_donor,family_a534382ff42b71fb,whole_train_nearest_neighbor_similarity,0.0016959184355184568
conditional_vae,clean,family_e97b637c75aac2b5,whole_train_nearest_neighbor_similarity,0.000747962534815903
conditional_vae,unrelated_donor,family_e97b637c75aac2b5,whole_train_nearest_neighbor_similarity,0.0001898538012796623
conditional_vae,same_family_donor,family_e97b637c75aac2b5,whole_train_nearest_neighbor_similarity,0.0006548407435897889
conditional_vae,clean,family_f0c0dd7c2f3b6a3f,whole_train_nearest_neighbor_similarity,0.0083559053537476
conditional_vae,unrelated_donor,family_f0c0dd7c2f3b6a3f,whole_train_nearest_neighbor_similarity,0.006486442905863817
conditional_vae,same_family_donor,family_f0c0dd7c2f3b6a3f,whole_train_nearest_neighbor_similarity,0.006509037719262034
conditional_vae,clean,family_c3ae851031cec2bb,whole_train_nearest_neighbor_similarity,0.0
conditional_vae,unrelated_donor,family_c3ae851031cec2bb,whole_train_nearest_neighbor_similarity,0.0
conditional_vae,same_family_donor,family_c3ae851031cec2bb,whole_train_nearest_neighbor_similarity,0.0014279855227900052
conditional_vae,clean,family_d0b38ee50d018148,whole_train_nearest_neighbor_similarity,0.0001265022137887413
conditional_vae,unrelated_donor,family_d0b38ee50d018148,whole_train_nearest_neighbor_similarity,0.0001305909239307868
conditional_vae,same_family_donor,family_d0b38ee50d018148,whole_train_nearest_neighbor_similarity,0.009233490373310924
conditional_vae,clean,family_c64269798048b60f,whole_train_nearest_neighbor_similarity,0.0
conditional_vae,unrelated_donor,family_c64269798048b60f,whole_train_nearest_neighbor_similarity,0.0
conditional_vae,same_family_donor,family_c64269798048b60f,whole_train_nearest_neighbor_similarity,0.0011867739770724378
conditional_vae,clean,family_1cfa4116628ae42e,whole_train_nearest_neighbor_similarity,0.0002111932418162619
conditional_vae,unrelated_donor,family_1cfa4116628ae42e,whole_train_nearest_neighbor_similarity,0.0
conditional_vae,same_family_donor,family_1cfa4116628ae42e,whole_train_nearest_neighbor_similarity,0.0
conditional_vae,clean,family_101bf32d18499c7d,whole_train_nearest_neighbor_similarity,6.65335994677312e-05
conditional_vae,unrelated_donor,family_101bf32d18499c7d,whole_train_nearest_neighbor_similarity,0.0
conditional_vae,same_family_donor,family_101bf32d18499c7d,whole_train_nearest_neighbor_similarity,0.00046237342323310446
conditional_vae,clean,family_52885ec61f0240b9,whole_train_nearest_neighbor_similarity,0.0
conditional_vae,unrelated_donor,family_52885ec61f0240b9,whole_train_nearest_neighbor_similarity,0.0
conditional_vae,same_family_donor,family_52885ec61f0240b9,whole_train_nearest_neighbor_similarity,0.008662874308775444
conditional_vae,clean,family_8661140073b6a2ab,whole_train_nearest_neighbor_similarity,0.0
conditional_vae,unrelated_donor,family_8661140073b6a2ab,whole_train_nearest_neighbor_similarity,0.0
conditional_vae,same_family_donor,family_8661140073b6a2ab,whole_train_nearest_neighbor_similarity,0.00036674884971683186
conditional_vae,clean,family_eacebc389812585f,whole_train_nearest_neighbor_similarity,0.0013759918304848985
conditional_vae,unrelated_donor,family_eacebc389812585f,whole_train_nearest_neighbor_similarity,0.0003143247917550526
conditional_vae,same_family_donor,family_eacebc389812585f,whole_train_nearest_neighbor_similarity,0.002084334710124851
conditional_vae,clean,family_23e85181dd747797,whole_train_nearest_neighbor_similarity,0.0
conditional_vae,unrelated_donor,family_23e85181dd747797,whole_train_nearest_neighbor_similarity,0.00040907277526629004
conditional_vae,same_family_donor,family_23e85181dd747797,whole_train_nearest_neighbor_similarity,0.0007621571052633952
