model,seed,condition,cohort,nll,token_count,relation_stratum,family_id,family_order
transformer_l_legacy,0,clean,treated,0.6360471246699627,3093,structurally_nonexact,family_d1a92696717aa9c2,176
transformer_l_legacy,0,clean,treated,1.0014021810830425,1216,structurally_nonexact,family_3835425eafb00035,524
transformer_l_legacy,0,clean,treated,0.7080730097097101,412,structurally_nonexact,family_a534382ff42b71fb,634
transformer_l_legacy,0,clean,treated,0.5180226703016196,4197,structurally_nonexact,family_6d17de7e325f25f8,467
transformer_l_legacy,0,clean,treated,0.5248468727906341,779,structurally_nonexact,family_56b1bf9100abf79a,254
transformer_l_legacy,0,clean,treated,1.3599404243162219,15674,structurally_nonexact,family_9edbfcdbf27d8472,87
transformer_l_legacy,0,clean,treated,0.38354430251033805,3153,structurally_nonexact,family_db6398f302f77cb4,563
transformer_l_legacy,0,clean,treated,0.6759326225207808,10203,canonical_event_exact,family_776fb0c74fb6af96,253
transformer_l_legacy,0,clean,treated,0.8158137167141148,1748,structurally_nonexact,family_be459453ebdfa1da,627
transformer_l_legacy,0,clean,treated,0.6679768466820288,3230,structurally_nonexact,family_439fc19617b55d44,309
transformer_l_legacy,0,clean,treated,0.6235160540323704,2560,structurally_nonexact,family_328dc279bafe7f69,265
transformer_l_legacy,0,clean,treated,0.9325820054313304,3803,structurally_nonexact,family_ac0566dd944bc201,327
transformer_l_legacy,0,clean,treated,0.8368054032325745,477,canonical_event_exact,family_3fbe0e330aecdc00,482
transformer_l_legacy,0,clean,treated,0.833495560864156,704,structurally_nonexact,family_04795413b15e0b98,576
transformer_l_legacy,0,clean,treated,1.097007110284554,1108,structurally_nonexact,family_348b29b5f47eda18,220
transformer_l_legacy,0,clean,treated,1.2057265492597542,8731,structurally_nonexact,family_f77d449f1658a159,292
transformer_l_legacy,0,clean,treated,1.206005334854126,242,structurally_nonexact,family_39849966d6043c11,378
transformer_l_legacy,0,clean,treated,1.0315931779836471,3169,structurally_nonexact,family_af212e596b07120e,405
transformer_l_legacy,0,clean,treated,0.4920430829045475,9069,structurally_nonexact,family_2d3e3d92f30c4369,600
transformer_l_legacy,0,clean,treated,0.6049379590662861,1674,structurally_nonexact,family_f0c0dd7c2f3b6a3f,661
transformer_l_legacy,0,clean,treated,0.9884806545275562,2491,structurally_nonexact,family_5aaa5f6f546aa704,105
transformer_l_legacy,0,clean,treated,0.8891635385522579,5759,structurally_nonexact,family_78031f033e192cce,11
transformer_l_legacy,0,clean,treated,0.7401981353759766,467,structurally_nonexact,family_961cefc620e3d5ab,408
transformer_l_legacy,0,clean,treated,0.8511071229320275,3303,canonical_event_exact,family_fe2836cc1cef695c,336
transformer_l_legacy,0,clean,treated,1.1090018771709658,9124,structurally_nonexact,family_0f71c7e0830e1d85,624
transformer_l_legacy,0,clean,treated,0.41446492043680877,6286,structurally_nonexact,family_2dbafe5054d4bee7,414
transformer_l_legacy,0,clean,treated,0.6811852448437764,14987,structurally_nonexact,family_52885ec61f0240b9,687
transformer_l_legacy,0,clean,treated,0.8771174848298013,5460,structurally_nonexact,family_b88eee6ecd7ef6bc,366
transformer_l_legacy,0,clean,treated,1.1649093872013507,20432,structurally_nonexact,family_de67cf52f9a2ce89,267
transformer_l_legacy,0,clean,treated,1.0804143307918128,854,structurally_nonexact,family_7b8c8789f38183da,317
transformer_l_legacy,0,clean,treated,0.7947088317948219,10665,structurally_nonexact,family_774f10d6c3d75980,145
transformer_l_legacy,0,clean,treated,0.6829958880264928,29458,structurally_nonexact,family_6fbe37a0a6611f64,520
transformer_l_legacy,0,clean,treated,0.7318902836066419,12501,structurally_nonexact,family_c64269798048b60f,666
transformer_l_legacy,0,clean,treated,0.8088438322845534,8558,structurally_nonexact,family_f60bd4cc83d02add,618
transformer_l_legacy,0,clean,treated,1.2026389837265015,61,structurally_nonexact,family_39f58e2fd604c61e,402
transformer_l_legacy,0,clean,treated,0.594537266010537,1918,structurally_nonexact,family_101bf32d18499c7d,686
transformer_l_legacy,0,clean,treated,1.1632541418075562,156,structurally_nonexact,family_e97b637c75aac2b5,637
transformer_l_legacy,0,clean,treated,1.1690072267043585,12995,structurally_nonexact,family_e2c30beb0d4abeae,477
transformer_l_legacy,0,clean,treated,0.9903701495384131,3028,structurally_nonexact,family_581cf690b70ed77f,269
transformer_l_legacy,0,clean,treated,1.0736053838551278,1789,structurally_nonexact,family_9ccd2f467361ebab,348
transformer_l_legacy,0,clean,treated,0.5156655255560727,8256,structurally_nonexact,family_6342008bae187399,615
transformer_l_legacy,0,clean,treated,1.0937050580978394,266,structurally_nonexact,family_8661140073b6a2ab,691
transformer_l_legacy,0,clean,treated,0.6813602414711443,1890,structurally_nonexact,family_1a8ff9e18d3eabea,137
transformer_l_legacy,0,clean,treated,0.7635424794671614,8479,structurally_nonexact,family_b324bd83d2be3825,438
transformer_l_legacy,0,clean,treated,0.7238434318016316,725,structurally_nonexact,family_23e85181dd747797,695
transformer_l_legacy,0,clean,treated,1.363637256298782,9580,structurally_nonexact,family_b3ba3218de08f591,66
transformer_l_legacy,0,clean,treated,0.5672765338072624,6949,structurally_nonexact,family_38ddaabf01adae92,106
transformer_l_legacy,0,clean,treated,0.7271112138001377,945,structurally_nonexact,family_5405158fe7a3977d,511
transformer_l_legacy,0,clean,treated,0.5745580792427063,336,structurally_nonexact,family_e4e4467ef74cc720,428
transformer_l_legacy,0,clean,treated,1.0651472247669989,1037,structurally_nonexact,family_4f1b63b3eef9f7d0,531
transformer_l_legacy,0,clean,treated,0.9959693499680223,522,structurally_nonexact,family_7a300c986fbfa9f2,165
transformer_l_legacy,0,clean,treated,1.1305043491380005,463,structurally_nonexact,family_6f0024d47bda9a44,359
transformer_l_legacy,0,clean,treated,0.5204510806639789,1191,structurally_nonexact,family_746d1e0c3274827f,466
transformer_l_legacy,0,clean,treated,0.9652148040898172,1084,structurally_nonexact,family_6a42731481dda124,419
transformer_l_legacy,0,clean,treated,1.4811307561392237,15697,structurally_nonexact,family_0ecded087f80d73b,461
transformer_l_legacy,0,clean,treated,0.7085826627296744,5721,structurally_nonexact,family_5facacfb4d33d062,5
transformer_l_legacy,0,clean,treated,0.6731958985328674,251,structurally_nonexact,family_5cc4efa05e4dc250,114
transformer_l_legacy,0,clean,treated,1.1210631651175262,17077,structurally_nonexact,family_4731a6d05dff34ce,132
transformer_l_legacy,0,clean,treated,0.9630981548584718,5610,structurally_nonexact,family_c3ae851031cec2bb,663
transformer_l_legacy,0,clean,treated,0.7907868714192392,48674,structurally_nonexact,family_30fbd9977a220042,589
transformer_l_legacy,0,clean,treated,0.7908898150827003,508,structurally_nonexact,family_e3c89d0945320ec5,3
transformer_l_legacy,0,clean,treated,1.2003018244144876,639,structurally_nonexact,family_f99e7467cfd91d72,230
transformer_l_legacy,0,clean,treated,1.061571104333266,3294,structurally_nonexact,family_0a0ff01b239a934a,415
transformer_l_legacy,0,clean,treated,0.502446174621582,166,structurally_nonexact,family_5ebcadebe538bd59,272
transformer_l_legacy,0,clean,treated,0.5502627135217749,533,structurally_nonexact,family_2fe71bb032cb85fe,184
transformer_l_legacy,0,clean,treated,0.8732322438800223,6626,structurally_nonexact,family_e0f7e5849dbe9388,513
transformer_l_legacy,0,clean,treated,0.8820556035372963,3859,structurally_nonexact,family_c3abd4306e03adf2,290
transformer_l_legacy,0,clean,treated,0.4619095477826936,1559,structurally_nonexact,family_83b27a32aa56f9dc,485
transformer_l_legacy,0,clean,treated,1.09953800917142,2535,structurally_nonexact,family_fa3341292470541d,226
transformer_l_legacy,0,clean,treated,0.5890160074634273,548,canonical_event_exact,family_15b8f6d235825863,7
transformer_l_legacy,0,clean,treated,0.8502619483534737,10236,structurally_nonexact,family_a95aeca85317a04d,401
transformer_l_legacy,0,clean,treated,0.5434599810315967,7309,structurally_nonexact,family_3dffb074803c8f80,376
transformer_l_legacy,0,clean,treated,0.8227383714554138,1026,structurally_nonexact,family_1cfa4116628ae42e,681
transformer_l_legacy,0,clean,treated,0.978791765423314,1238,structurally_nonexact,family_f53ae103dc0def58,261
transformer_l_legacy,0,clean,treated,0.5517719060113102,1287,structurally_nonexact,family_3db848c291e71542,123
transformer_l_legacy,0,clean,treated,0.9573755976610133,3583,structurally_nonexact,family_76f3986b08ecfc19,97
transformer_l_legacy,0,clean,treated,0.7570328240777462,13214,structurally_nonexact,family_121eefce620403f7,295
transformer_l_legacy,0,clean,treated,1.0395894166897812,20977,structurally_nonexact,family_8aff46e64d1c8360,286
transformer_l_legacy,0,clean,treated,0.8145725481537124,4952,structurally_nonexact,family_debbecc1e7f77f3e,20
transformer_l_legacy,0,clean,treated,0.44984327050626377,1779,structurally_nonexact,family_f19aa9a5e722eb61,379
transformer_l_legacy,0,clean,treated,0.8592892701632392,1815,structurally_nonexact,family_d0b38ee50d018148,664
transformer_l_legacy,0,clean,treated,0.6069509214991308,1036,structurally_nonexact,family_aad2d66dec95dc7a,569
transformer_l_legacy,0,clean,treated,0.7383588276538752,985,structurally_nonexact,family_59add5a121b9a616,451
transformer_l_legacy,0,clean,treated,1.1501463621635413,12091,structurally_nonexact,family_c2d4ffa1539bdafe,263
transformer_l_legacy,0,clean,treated,0.7864165578098676,1157,structurally_nonexact,family_58a5b18cf3751bf1,41
transformer_l_legacy,0,clean,treated,0.6877499933713656,638,structurally_nonexact,family_8f08581ca21b6c6f,539
transformer_l_legacy,0,clean,treated,0.7203243883921279,5203,structurally_nonexact,family_5d6a15b20dff7233,33
transformer_l_legacy,0,clean,treated,0.48092161948088463,1312,structurally_nonexact,family_eacebc389812585f,693
transformer_l_legacy,0,clean,treated,0.5225168158232547,578,structurally_nonexact,family_3bd7e5ca43f02666,476
transformer_l_legacy,0,clean,treated,0.5349820400106495,377,structurally_nonexact,family_da2cbb03fa208ffc,65
transformer_l_legacy,0,clean,treated,0.6484467224565041,15281,structurally_nonexact,family_5fe0b889b5279fed,275
transformer_l_legacy,0,clean,treated,0.6075629446120072,654,structurally_nonexact,family_58c32a6b58cc329f,505
transformer_l_legacy,0,clean,treated,1.113275377485917,4931,structurally_nonexact,family_d4c8efafc098f593,580
transformer_l_legacy,0,clean,treated,0.7200523813001684,6166,structurally_nonexact,family_853b6705e7d7e7a9,509
transformer_l_legacy,0,clean,treated,1.0616525785760793,1558,canonical_event_exact,family_7c104874587dddcc,324
transformer_l_legacy,0,clean,treated,1.1810484927079685,3893,structurally_nonexact,family_2eec85a0fe915e64,326
transformer_l_legacy,0,clean,treated,0.7827504730405077,1189,structurally_nonexact,family_08157e0ead630e5c,623
transformer_l_legacy,0,clean,treated,1.3274241017421249,12275,structurally_nonexact,family_67cf34a836b9cd6c,473
transformer_l_legacy,0,clean,treated,0.9153619403746376,3188,structurally_nonexact,family_a03ac5414952d229,344
transformer_l_legacy,0,clean,treated,1.274185727804135,5109,structurally_nonexact,family_4da27be0a15493fc,455
transformer_l_legacy,0,clean,control,1.5652763843536377,86,,family_8353c8bc6b1abe91,231
transformer_l_legacy,0,clean,control,0.7711819410324097,281,,family_a21b0655ee8718e3,44
transformer_l_legacy,0,clean,control,0.9221390225692345,1492,,family_828011733ff46fcc,135
transformer_l_legacy,0,clean,control,1.0804585969966392,92,,family_c352cf53fe360f50,89
transformer_l_legacy,0,clean,control,0.9480195641517639,543,,family_581b417d448220ce,278
transformer_l_legacy,0,clean,control,0.6899597729018194,4997,,family_c5e7a2f4ebdc9ce7,523
transformer_l_legacy,0,clean,control,1.2248086657656398,23970,,family_942d0bbb1f3057b7,117
transformer_l_legacy,0,clean,control,1.2916382359313185,1957,,family_e8f2414f825f028e,21
transformer_l_legacy,0,clean,control,1.3014277816488287,24928,,family_d9eece89cdccb42e,318
transformer_l_legacy,0,clean,control,1.1108912899219978,2226,,family_159334980be342ce,590
transformer_l_legacy,0,clean,control,0.6506197885302153,9706,,family_5cc3056db91c371f,475
transformer_l_legacy,0,clean,control,1.084191494746242,14644,,family_cac05bc962cb19ae,529
transformer_l_legacy,0,clean,control,1.0612378156455398,794,,family_91b28d898f74de65,458
transformer_l_legacy,0,clean,control,0.7010360234257591,2249,,family_0ed7b687c2bbe731,679
transformer_l_legacy,0,clean,control,0.6352542171645945,2076,,family_c09c42656e829799,75
transformer_l_legacy,0,clean,control,0.7298220951003688,8400,,family_5029829bbea32071,45
transformer_l_legacy,0,clean,control,0.7199070565733855,2361,,family_b524f58169d7a062,422
transformer_l_legacy,0,clean,control,0.6446641499819246,20104,,family_e449d968e1ca6e62,481
transformer_l_legacy,0,clean,control,0.9425405097704405,3217,,family_f176b8796acaf1a3,449
transformer_l_legacy,0,clean,control,1.567877267947336,13053,,family_2aacce96c1e48e02,43
transformer_l_legacy,0,clean,control,0.534926997744074,22913,,family_95e00157e6b24668,246
transformer_l_legacy,0,clean,control,1.2332114433460202,11280,,family_c83ce9a767947dac,169
transformer_l_legacy,0,clean,control,1.3943700415821019,18996,,family_c00a93f90020b6fe,255
transformer_l_legacy,0,clean,control,1.017111897468567,226,,family_4388b443af85145b,182
transformer_l_legacy,0,clean,control,0.6082898531998433,5102,,family_090556d6964926b6,696
transformer_l_legacy,0,clean,control,0.6576306816328732,997,,family_517a76fa41613984,435
transformer_l_legacy,0,clean,control,0.9603310227394104,331,,family_d5117873cfa5f4e7,403
transformer_l_legacy,0,clean,control,0.7174456477401883,5289,,family_5c4b107ad8b67511,39
transformer_l_legacy,0,clean,control,0.5994726370400061,2157,,family_6b39589c59910bc9,527
transformer_l_legacy,0,clean,control,1.1117202043533325,557,,family_09e71dae304bced8,407
transformer_l_legacy,0,clean,control,0.6868289987501461,7005,,family_7ab40688290292cb,699
transformer_l_legacy,0,clean,control,0.7366861575866636,3615,,family_c9287c1de390bb4b,287
transformer_l_legacy,0,clean,control,0.5670621085778002,3531,,family_b82550e1d139176a,133
transformer_l_legacy,0,clean,control,1.0708411247785206,4469,,family_5ead6639536180b8,16
transformer_l_legacy,0,clean,control,0.37034440304719507,3148,,family_c200a4f65bbc5209,270
transformer_l_legacy,0,clean,control,0.7718475676124589,6866,,family_104496edebed4f61,385
transformer_l_legacy,0,clean,control,1.0961865227319014,4592,,family_843833735eeb7063,519
transformer_l_legacy,0,clean,control,0.6614063550183114,940,,family_9c25f8a3328ce8da,494
transformer_l_legacy,0,clean,control,0.9026687356338191,11819,,family_8adb1a64e2eed3ab,400
transformer_l_legacy,0,clean,control,0.9754390746448481,638,,family_1f464d80218f494a,150
transformer_l_legacy,0,clean,control,0.7865256749731067,1566,,family_cb2f86c88344d124,572
transformer_l_legacy,0,clean,control,1.181501188578035,2465,,family_7d2361899b55eee8,522
transformer_l_legacy,0,clean,control,0.8295921391484148,2886,,family_056399865754201e,177
transformer_l_legacy,0,clean,control,1.1772636264835443,7537,,family_048732487ed12eba,266
transformer_l_legacy,0,clean,control,0.6748267412185669,266,,family_1d8665cf98427374,632
transformer_l_legacy,0,clean,control,0.7449501263851722,8124,,family_7b7a14e1daaa4e52,207
transformer_l_legacy,0,clean,control,0.49892142446655213,1980,,family_ace63736575276fd,76
transformer_l_legacy,0,clean,control,0.9777023196220398,381,,family_471c422daeefac7a,24
transformer_l_legacy,0,clean,control,0.9683498881991475,2354,,family_484de8ba061636e2,134
transformer_l_legacy,0,clean,control,0.38970686678580424,748,,family_a8edfe7c17d49498,142
transformer_l_legacy,0,clean,control,1.0473355447821173,3704,,family_fc41e434d5d7e595,413
transformer_l_legacy,0,clean,control,0.5073377979638429,1439,,family_309d1ff512e1e9a9,426
transformer_l_legacy,0,clean,control,0.821358098196346,10437,,family_d16673229b6e8db9,273
transformer_l_legacy,0,clean,control,0.7652428757665877,1146,,family_9e8b2eb6ec3ec445,96
transformer_l_legacy,0,clean,control,0.7802946895701267,11034,,family_50f05ec6e42283bd,153
transformer_l_legacy,0,clean,control,0.9402422927339978,373,,family_341df9602a2ccf1e,649
transformer_l_legacy,0,clean,control,0.9012336349979858,6341,,family_352e44896c06757b,543
transformer_l_legacy,0,clean,control,0.5268750413336977,407,,family_0b0978005887e1a2,474
transformer_l_legacy,0,clean,control,1.066729693108037,9756,,family_e0804d88b4e3c086,464
transformer_l_legacy,0,clean,control,1.3465372098669781,5497,,family_7136d870073b72bf,492
transformer_l_legacy,0,clean,control,0.9933652232110914,4898,,family_90e53f43974a85ff,305
transformer_l_legacy,0,clean,control,0.35051535466376654,8758,,family_ba0bab377b74f9bc,593
transformer_l_legacy,0,clean,control,0.7895285077426071,3385,,family_dd7fe974853169e3,340
transformer_l_legacy,0,clean,control,0.8339543713279393,14375,,family_89e820583b7bf692,521
transformer_l_legacy,0,clean,control,0.7508162549503752,5387,,family_c3c5b7b46ed5cca4,604
transformer_l_legacy,0,clean,control,1.0737095731990645,2595,,family_13478cc2fa596f00,676
transformer_l_legacy,0,clean,control,0.739242529245506,2122,,family_4b791b52cdbf0c94,342
transformer_l_legacy,0,clean,control,1.1242738610835916,1554,,family_24beda513cb73140,190
transformer_l_legacy,0,clean,control,0.968559004487969,2574,,family_bd2e09f5164640ac,355
transformer_l_legacy,0,clean,control,1.1949433148182567,14722,,family_d90c907b60f5db7e,227
transformer_l_legacy,0,clean,control,1.1419970989227295,608,,family_0a1d834f1fc5ec9d,397
transformer_l_legacy,0,clean,control,1.0510949726443684,619,,family_bd36f067059fa430,608
transformer_l_legacy,0,clean,control,0.8348782310940627,10380,,family_9d3263359149060b,174
transformer_l_legacy,0,clean,control,0.8302340507507324,96,,family_701911482f478840,164
transformer_l_legacy,0,clean,control,0.4051710645464998,1297,,family_a69d52c7adca6131,688
transformer_l_legacy,0,clean,control,0.9748881100692288,911,,family_0907d69883a983d5,125
transformer_l_legacy,0,clean,control,0.8114533914327622,10000,,family_6aa82ca2608dc1b1,23
transformer_l_legacy,0,clean,control,0.6606587363766591,7247,,family_0b7d7d5455b615a1,306
transformer_l_legacy,0,clean,control,0.47940786282221476,810,,family_6ff7124bfcd14a0c,545
transformer_l_legacy,0,clean,control,1.0809371594087522,2128,,family_b8051512c4e658bb,180
transformer_l_legacy,0,clean,control,0.8257339164794398,1907,,family_419159423badc2ef,391
transformer_l_legacy,0,clean,control,0.9123703874584796,7116,,family_330ff47988f3581a,291
transformer_l_legacy,0,clean,control,0.7731852382098539,6921,,family_c2708c9ff73ceb82,660
transformer_l_legacy,0,clean,control,0.9148635392799342,4344,,family_ddb1afd90e017414,484
transformer_l_legacy,0,clean,control,0.8145123085110133,4446,,family_354a6fa9839f5265,196
transformer_l_legacy,0,clean,control,0.41449659469276756,1647,,family_25637fe768f1ed97,602
transformer_l_legacy,0,clean,control,0.8115676877255611,1815,,family_c8d9a7933734de14,232
transformer_l_legacy,0,clean,control,0.7368592560516317,12979,,family_5dfcdbc50b497fa3,241
transformer_l_legacy,0,clean,control,1.241411283836617,2723,,family_cb79ab953eb3a23e,425
transformer_l_legacy,0,clean,control,0.7438883109716699,4096,,family_4cbe524347d5770f,442
transformer_l_legacy,0,clean,control,0.5851811225726992,4361,,family_584bf061d2625f25,495
transformer_l_legacy,0,clean,control,0.6527572274208069,251,,family_56890c17b9133ef4,506
transformer_l_legacy,0,clean,control,0.3215893325254773,2640,,family_205aeeeda178f7ca,644
transformer_l_legacy,0,clean,control,1.45034921169281,56,,family_3179470752a6d838,18
transformer_l_legacy,0,clean,control,0.9776752211722191,7232,,family_7659084f070baf14,130
transformer_l_legacy,0,clean,control,1.1706405341218344,16261,,family_2210ee0a2c3ccbc9,396
transformer_l_legacy,0,clean,control,0.5863557686169578,7863,,family_d20f6f896d965906,310
transformer_l_legacy,0,clean,control,1.0356693326067847,1228,,family_9ba17784e54ec105,163
transformer_l_legacy,0,clean,control,0.7285453117329034,2684,,family_28cc6a5379f62efc,84
transformer_l_legacy,0,clean,control,1.233314560769795,3596,,family_cd85f816dfda97e0,601
transformer_l_legacy,0,clean,control,0.5575469013506454,23809,,family_6c5d60bd118ca08d,493
transformer_l_legacy,0,clean,control,0.7755391521381716,9452,,family_a6b3f3bba1c3ea38,611
transformer_l_legacy,0,clean,control,0.9631170424384687,995,,family_46ccb6e3625b0d26,559
transformer_l_legacy,0,clean,control,0.5304770833307365,13925,,family_b6c76ee6e1fbdad4,617
transformer_l_legacy,0,clean,control,1.0381922390043816,8836,,family_eb5f13fb7b1698a7,433
transformer_l_legacy,0,clean,control,0.6077599765585481,417,,family_0928b40aaefe1e43,616
transformer_l_legacy,0,clean,control,1.6567596197128296,51,,family_e8cb312f6947fae2,578
transformer_l_legacy,0,clean,control,1.0136608544076315,3890,,family_50833a4ebce7122c,103
transformer_l_legacy,0,clean,control,1.3024628162384033,216,,family_e52a55fe95cda992,463
transformer_l_legacy,0,clean,control,1.6171270002786489,17522,,family_65e575b20c174fd7,479
transformer_l_legacy,0,clean,control,0.7509164295126486,9258,,family_c4cc5f62a0ab31c3,276
transformer_l_legacy,0,clean,control,1.2174741241209548,6370,,family_a6fc375b5cc488f5,95
transformer_l_legacy,0,clean,control,0.1103972387415588,1157,,family_6d128cd3979417a4,423
transformer_l_legacy,0,clean,control,0.3293077635927003,4638,,family_01bdfbf40b1dfff5,139
transformer_l_legacy,0,clean,control,0.8305143703481537,7458,,family_b55c602531d8b111,556
transformer_l_legacy,0,clean,control,0.7592168436775952,11061,,family_150827bde0e3f90f,689
transformer_l_legacy,0,clean,control,0.7080136878014757,10400,,family_41293800444fbe3e,108
transformer_l_legacy,0,clean,control,1.4596336885570886,14488,,family_0ffae0bc1065eadf,60
transformer_l_legacy,0,clean,control,0.4162366154101194,4656,,family_483585a89e5ae17f,34
transformer_l_legacy,0,clean,control,0.6155174210027683,815,,family_0c5e308d08929fa4,247
transformer_l_legacy,0,clean,control,0.5928238034248352,391,,family_07575db7931c72ea,300
transformer_l_legacy,0,clean,control,0.8348809480667114,191,,family_efb0835b02015240,528
transformer_l_legacy,0,clean,control,0.9635651852361552,3258,,family_94692368e418ed72,173
transformer_l_legacy,0,clean,control,0.532015085929916,252,,family_46e2de939a29fd34,429
transformer_l_legacy,0,clean,control,0.7382495470404945,746,,family_39754d1db81a7bf4,127
transformer_l_legacy,0,clean,control,0.8816346805241159,3212,,family_b964a57ffbddf6a6,534
transformer_l_legacy,0,clean,control,1.5042024827708598,17312,,family_71b144025f52e59c,140
transformer_l_legacy,0,clean,control,1.1312879827026467,1218,,family_4bf6d11e259630c1,532
transformer_l_legacy,0,clean,control,1.093653952647912,2677,,family_a164057d15ea429a,698
transformer_l_legacy,0,clean,control,1.0653425688178655,2414,,family_24dfe3f15bbe835d,243
transformer_l_legacy,0,clean,control,0.7887013999580526,588,,family_cb2cf90a481fb793,606
transformer_l_legacy,0,clean,control,0.5718006770521961,10358,,family_c874ed8859d535ca,362
transformer_l_legacy,0,clean,control,0.8269033701331527,810,,family_9d706bbe5906e6bc,93
transformer_l_legacy,0,clean,control,0.7586223753288668,13562,,family_bb5eaea47e3db521,158
transformer_l_legacy,0,clean,control,0.737310057573945,10960,,family_2e23a957596c94a1,452
transformer_l_legacy,0,clean,control,1.0776506334498004,1318,,family_190ff6b8b86c31bd,387
transformer_l_legacy,0,clean,control,0.8370017476786449,22265,,family_1dbac5e5dc15225e,284
transformer_l_legacy,0,clean,control,1.1632718628628727,10659,,family_d12ec1205e2b38f3,258
transformer_l_legacy,0,clean,control,1.1156740705299175,939,,family_fe64b9392ac59945,54
transformer_l_legacy,0,clean,control,0.683454896708162,593,,family_cb8273cf04ee6422,58
transformer_l_legacy,0,clean,control,0.8193327994870165,10770,,family_52fcc2a430ac1dfe,46
transformer_l_legacy,0,clean,control,1.183729622286784,48634,,family_d73cd491d1cc376e,313
transformer_l_legacy,0,clean,control,0.15199024975299835,402,,family_896e6058475d85c2,504
transformer_l_legacy,0,clean,control,0.7665461301803589,271,,family_dc605f4c0311b69b,77
transformer_l_legacy,0,clean,control,0.7620291709899902,418,,family_9d9014958e229b26,71
transformer_l_legacy,0,clean,control,0.5757911113962051,3410,,family_8cba6a895a1eda02,353
transformer_l_legacy,0,clean,control,0.5788018882918009,7782,,family_f139578e4dab698a,80
transformer_l_legacy,0,clean,control,0.5570536359576224,8966,,family_6d75ac5f58d11f18,217
transformer_l_legacy,0,clean,control,0.6332625016354398,6494,,family_5990a7393b1bfc0a,31
transformer_l_legacy,0,clean,control,1.0521328414528115,1854,,family_284fbbf34df3f7e8,100
transformer_l_legacy,0,clean,control,0.8845192936782659,857,,family_b49585225cf5c0d6,558
transformer_l_legacy,0,clean,control,0.6051108699141021,6393,,family_f5c26ed350b4ab73,37
transformer_l_legacy,0,clean,control,1.0272082919716587,8674,,family_bfddaa9b983612cd,667
transformer_l_legacy,0,clean,control,0.7373218638420105,2500,,family_d1efa3da7bf90eef,672
transformer_l_legacy,0,clean,control,0.9051075578099234,3281,,family_e27845ea1d3c17f5,418
transformer_l_legacy,0,clean,control,0.7013788223266602,41,,family_b7f94b3542a0da7d,609
transformer_l_legacy,0,clean,control,0.6994666908345739,12830,,family_73ee2da564c3d39b,462
transformer_l_legacy,0,clean,control,0.7661000893947933,4101,,family_7b40d80764230547,533
transformer_l_legacy,0,clean,control,0.452825142718326,9640,,family_d14815f8add032f5,508
transformer_l_legacy,0,clean,control,0.5159585431858723,9584,,family_998e2240a156ecdd,138
transformer_l_legacy,0,clean,control,0.9819582104682922,186,,family_38899c6e7a885c05,110
transformer_l_legacy,0,clean,control,0.7189982209699202,3903,,family_fcc0832c532eec68,188
transformer_l_legacy,0,clean,control,0.6635668377670365,1181,,family_a6a06fcf0eb60a8c,579
transformer_l_legacy,0,clean,control,1.3411715681628271,48390,,family_70cece08fb91854c,12
transformer_l_legacy,0,clean,control,0.9312963252276123,503,,family_4b94b213c3d4fa08,168
transformer_l_legacy,0,clean,control,0.836208427004144,12892,,family_0a7cb9ca8662c54b,551
transformer_l_legacy,0,clean,control,0.4770635664463043,356,,family_f38ebbcef90914e9,8
transformer_l_legacy,0,clean,control,0.9811373225705114,2004,,family_fc2ade3f73bf052f,380
transformer_l_legacy,0,clean,control,0.849419355392456,502,,family_2e9be0de8753a286,203
transformer_l_legacy,0,clean,control,0.719799189038552,987,,family_b0b662377a329d27,581
transformer_l_legacy,0,clean,control,0.964683473110199,356,,family_28e240b156c54585,629
transformer_l_legacy,0,clean,control,1.100336313675442,12262,,family_b285992ddbc1ba24,81
transformer_l_legacy,0,clean,control,1.2937663271735784,29811,,family_941fe9b7f6e42836,62
transformer_l_legacy,0,clean,control,1.3444935940687581,1702,,family_7e5d0f85c7938ae7,245
transformer_l_legacy,0,clean,control,1.108195518060866,2717,,family_ade1acf63d403dff,102
transformer_l_legacy,0,clean,control,0.7190517498008914,6022,,family_eb75a33dade5cdeb,678
transformer_l_legacy,0,clean,control,0.8497636410671348,1618,,family_236c05b0b6b045cb,143
transformer_l_legacy,0,clean,control,0.8020623261707602,669,,family_707a4103f358feb3,288
transformer_l_legacy,0,clean,control,0.1375095099210739,96,,family_21b728ec668b432d,631
transformer_l_legacy,0,clean,control,0.6199795103185449,849,,family_7df5e4cd2001efeb,612
transformer_l_legacy,0,clean,control,0.7429830610062953,8476,,family_5cdee57343206eb1,13
transformer_l_legacy,0,clean,control,0.9339123375840106,708,,family_fbb60f07539bf74a,283
transformer_l_legacy,0,clean,control,0.819471904209682,945,,family_52d508d06e660fb2,122
transformer_l_legacy,0,clean,control,0.7756605906083128,10036,,family_24c49b2dbbea0ff6,322
transformer_l_legacy,0,clean,control,0.5773816555994545,4073,,family_a3988b9597f6817f,571
transformer_l_legacy,0,clean,control,1.1745766805479547,12548,,family_4a8fbe9c547e5ce4,98
transformer_l_legacy,0,clean,control,0.49230846762657166,216,,family_51048182ed7b4454,512
transformer_l_legacy,0,clean,control,0.45396772027015686,186,,family_7224c63d7d5f2b96,262
transformer_l_legacy,0,clean,control,0.6420886516571045,181,,family_643cfac776d5dea8,683
transformer_l_legacy,0,clean,control,0.3051356662225684,12040,,family_619fe82eb42ec462,209
transformer_l_legacy,0,clean,control,0.927254538698798,4835,,family_9b1625bc030f3790,79
transformer_l_legacy,0,clean,control,0.6324549638277077,10375,,family_edc93bd478511702,202
transformer_l_legacy,0,clean,control,0.9067326188087463,276,,family_7acbab6855200014,51
transformer_l_legacy,0,clean,control,0.7338834264061668,660,,family_db6f9992bb16df2a,126
transformer_l_legacy,0,clean,control,0.8271093842060773,2812,,family_b2aa288c70165e5f,70
transformer_l_legacy,0,clean,control,0.677147888881637,6995,,family_cc532019d574a61c,655
transformer_l_legacy,0,clean,control,0.9075161259225074,940,,family_b16072295921a493,357
transformer_l_legacy,0,clean,control,0.6927726541493496,966,,family_b4b1c2ecb31b907a,315
transformer_l_legacy,0,clean,control,0.9554937154468429,15485,,family_0d4a945b85bbaaba,370
transformer_l_legacy,0,clean,control,0.8514758655579902,3868,,family_97b8d4d98ee960bf,557
transformer_l_legacy,0,clean,control,0.5500920131873014,3384,,family_f7a86802e4f557fd,235
transformer_l_legacy,0,clean,control,0.6750570388384495,3347,,family_e0c21fc7c10d2034,430
transformer_l_legacy,0,clean,control,0.5927265151467401,4396,,family_d5bc4e01b0b8bac6,111
transformer_l_legacy,0,clean,control,0.5919606939824712,1754,,family_57eac865a7f36b7c,323
transformer_l_legacy,0,clean,control,0.7779934695731836,1495,,family_96a402e381d595c2,42
transformer_l_legacy,0,clean,control,0.6360007916178022,910,,family_0753f5ee1792042c,330
transformer_l_legacy,0,clean,control,1.380072283862841,5656,,family_f170aad69aff7478,364
transformer_l_legacy,0,clean,control,0.5908259956671572,4216,,family_731071db0d9fbdbe,386
transformer_l_legacy,0,clean,control,0.8117509595339307,9071,,family_4582dbaeae746fdb,311
transformer_l_legacy,0,clean,control,0.7542115044540844,3601,,family_37f5f4cedb55aeea,383
transformer_l_legacy,0,clean,control,0.6819923985730418,5862,,family_f5b2bdc32c7d9391,603
transformer_l_legacy,0,clean,control,0.7665398788268042,518,,family_5c7b977277b847b2,690
transformer_l_legacy,0,clean,control,0.7890423993823947,3154,,family_c35a6abc1d407f4a,694
transformer_l_legacy,0,clean,control,1.0940508537528888,3792,,family_e7af2e4cd0151c75,156
transformer_l_legacy,0,clean,control,1.1983795328892863,849,,family_16c1d42e507896a8,240
transformer_l_legacy,0,clean,control,0.4912496607224813,14431,,family_b387fed6ef4479f5,399
transformer_l_legacy,0,clean,control,0.5282099965259814,7073,,family_5d24c227f0462f74,439
transformer_l_legacy,0,clean,control,1.1281606275705423,3180,,family_37347c6729a17ba5,274
transformer_l_legacy,0,clean,control,0.6183837820945631,1201,,family_31b6d88b207ec253,27
transformer_l_legacy,0,clean,control,0.4956438580562968,7224,,family_4694d2838960b723,224
transformer_l_legacy,0,clean,control,1.0558050261589431,7552,,family_e0952099c8a720c3,570
transformer_l_legacy,0,clean,control,0.5065444707870483,256,,family_c59f3ed95a508878,595
transformer_l_legacy,0,clean,control,0.6635134372979102,4574,,family_4cb23b14e3d36b0d,57
transformer_l_legacy,0,clean,control,0.46064332965761423,544,,family_aebb5b803b4c0278,208
transformer_l_legacy,0,clean,control,0.6593482494354248,412,,family_71e38421debc9320,159
transformer_l_legacy,0,clean,control,0.6754382017973215,1257,,family_d4e91cd391597bfb,377
transformer_l_legacy,0,clean,control,0.5827490531726124,337,,family_a458e18ffb59cdc5,670
transformer_l_legacy,0,clean,control,0.9738045026910848,5519,,family_47ba9ddc476931a4,621
transformer_l_legacy,0,clean,control,0.7571246570518712,3121,,family_f95fe97783adac95,52
transformer_l_legacy,0,clean,control,1.1328874298909661,3488,,family_dc0b5179722e8fe5,61
transformer_l_legacy,0,clean,control,0.7246900769414696,1204,,family_e4b55ba694cc08da,597
transformer_l_legacy,0,clean,control,1.2412796418897,10856,,family_85905b5b7536d21a,124
transformer_l_legacy,0,clean,control,0.9272635537982281,2029,,family_19989c971f68ce4b,501
transformer_l_legacy,0,clean,control,1.0955568760109207,739,,family_59bfc8c37fa36b20,599
transformer_l_legacy,0,clean,control,0.6074914575882786,7902,,family_f84e475cf4f80566,584
transformer_l_legacy,0,clean,control,0.6463666094584869,3715,,family_4dadeb8474fe8ff9,10
transformer_l_legacy,0,clean,control,0.7390087445525096,7658,,family_907fa6edb24e0ed3,440
transformer_l_legacy,0,clean,control,0.44334996330538706,2631,,family_0d0b16856dabcffa,128
transformer_l_legacy,0,clean,control,0.7876105190639616,9510,,family_e5b3c0aff0dd05ec,187
transformer_l_legacy,0,clean,control,1.0241099701848462,8105,,family_eefe9fe6b23e51c4,88
transformer_l_legacy,0,clean,control,0.6826938469632032,6731,,family_b673e0fc724a479d,112
transformer_l_legacy,0,clean,control,0.744286220257153,3392,,family_e07911eb7022fd85,193
transformer_l_legacy,0,clean,control,1.9686794569773705,161,,family_b207295fbdf40272,684
transformer_l_legacy,0,clean,control,0.6425530639351805,11873,,family_de9c72ef62ac72df,74
transformer_l_legacy,0,clean,control,0.7858797931725375,3517,,family_aa86dc70aa03289b,35
transformer_l_legacy,0,clean,control,0.7443116442559421,3793,,family_2f904d1499c3c221,412
transformer_l_legacy,0,clean,control,0.6040396035784731,1899,,family_7ea59bf5d40f5c4f,375
transformer_l_legacy,0,clean,control,0.6741654389736207,5771,,family_1ed29ad6679ffb57,553
transformer_l_legacy,0,clean,control,1.3258566149774618,20130,,family_cedb480383e32e92,645
transformer_l_legacy,0,clean,control,0.8620068641858585,5956,,family_c676713b17e94995,515
transformer_l_legacy,0,clean,control,0.6631020365661605,4820,,family_ab81517fb265a914,236
transformer_l_legacy,0,clean,control,0.8722360815474952,2760,,family_a3a83feb27470fd8,536
transformer_l_legacy,0,clean,control,0.8113745596317145,2600,,family_8da1a87adf970316,341
transformer_l_legacy,0,clean,control,1.0842864773078587,11084,,family_48362ee4e66fbdca,221
transformer_l_legacy,0,clean,control,0.6786615191361843,624,,family_16727aa87b392f1f,30
transformer_l_legacy,0,clean,control,0.548601816936399,5746,,family_8b45b52019b254b0,197
transformer_l_legacy,0,clean,control,0.9547114557903753,8431,,family_ec04895340d4fdc3,350
transformer_l_legacy,0,clean,control,1.066648108697351,865,,family_73822ea66fa7eeb0,448
transformer_l_legacy,0,clean,control,0.5956121994028656,4626,,family_e8b54594efd4b9e6,107
transformer_l_legacy,0,clean,control,1.5878825715703888,4714,,family_7cc11ff05363ef06,335
transformer_l_legacy,0,clean,control,0.8026684426396745,2013,,family_ab3d2680525ee608,191
transformer_l_legacy,0,clean,control,1.5201697374476928,18363,,family_11328ccfc215dfa8,390
transformer_l_legacy,0,clean,control,1.293957125502347,3418,,family_845d068ba0824cf7,443
transformer_l_legacy,0,clean,control,0.4964968194272004,6120,,family_1e46a30df40c6200,692
transformer_l_legacy,0,clean,control,0.5389317721982748,1221,,family_e3d7b72a268ee197,144
transformer_l_legacy,0,clean,control,0.4714145470147181,10890,,family_bc785f448eebf656,546
transformer_l_legacy,0,clean,control,1.1291385561481075,353,,family_acb335d44fa9df56,349
transformer_l_legacy,0,clean,control,1.2039536950442027,2544,,family_b9da95162a284b4f,298
transformer_l_legacy,0,clean,control,0.7867460250854492,226,,family_97ecb02c814c9745,63
transformer_l_legacy,0,clean,control,0.8082635123995497,1202,,family_2c0b8c4f2526d835,394
transformer_l_legacy,0,clean,control,0.7451750510826036,2555,,family_78bbff520ba07726,178
transformer_l_legacy,0,clean,control,0.7029346041419899,4833,,family_9c778dc897506350,685
transformer_l_legacy,0,clean,control,0.7470007779614741,6356,,family_28fe60087b2cd721,332
transformer_l_legacy,0,clean,control,0.5354078576905197,12523,,family_0431bffd214ca7bc,257
transformer_l_legacy,0,clean,control,0.7174015357990986,5396,,family_c0f46844b9a3878a,542
transformer_l_legacy,0,clean,control,0.686720956691169,759,,family_97885d2353dfa64d,441
transformer_l_legacy,0,clean,control,0.7538669502244013,267,,family_09c83fb2711d64d5,564
transformer_l_legacy,0,clean,control,0.8749976910576385,15333,,family_a48d659018922846,497
transformer_l_legacy,0,clean,control,1.1791951058164847,2798,,family_d52dd246b31007f3,548
transformer_l_legacy,0,clean,control,1.0858510552854128,9826,,family_2acca371576a6fd6,363
transformer_l_legacy,0,clean,control,1.0144607875968619,16826,,family_08689d6c3fd6e06a,279
transformer_l_legacy,0,clean,control,0.9999265854856773,1211,,family_65831b5b1b3a29fa,582
transformer_l_legacy,0,clean,control,1.0499186263582028,872,,family_82bd7085a31a7554,147
transformer_l_legacy,0,clean,control,0.5911705493927002,327,,family_c88efe0ec26b43e3,372
transformer_l_legacy,0,clean,control,0.9498057734971567,2254,,family_f45bf2582f059a32,406
transformer_l_legacy,0,clean,control,0.7970759760885732,2556,,family_35f68b61619872a8,172
transformer_l_legacy,0,clean,control,1.6067914962768555,131,,family_840a6921e02d98c7,157
transformer_l_legacy,0,clean,control,0.7160038175465687,5574,,family_07b4a78bd4df5db4,657
transformer_l_legacy,0,clean,control,0.5900324408338254,11925,,family_b520ad73480ac213,541
transformer_l_legacy,0,clean,control,0.8446071838703548,1554,,family_06501bb82c35d53d,354
transformer_l_legacy,0,clean,control,0.6522181829826862,2852,,family_43b744922bc6a2b7,682
transformer_l_legacy,0,clean,control,0.3968213324055628,1296,,family_08cdd9141b42b8a6,225
transformer_l_legacy,0,clean,control,1.181844093726221,3477,,family_8dd64a20ac498091,194
transformer_l_legacy,0,clean,control,0.8980559391610442,2796,,family_8a75620caa46a4bb,320
transformer_l_legacy,0,clean,control,0.4514781205836702,2834,,family_7133a47758bc1e83,588
transformer_l_legacy,0,clean,control,1.0073386430740356,388,,family_7674fcfd8eb0f8a6,365
transformer_l_legacy,0,clean,control,0.9703616569737322,734,,family_b16129a99034b8c9,498
transformer_l_legacy,0,clean,control,0.7209487148434423,3285,,family_9a211141e0be1d71,358
transformer_l_legacy,0,clean,control,0.7747052855120984,10652,,family_ad2b3cd2ed862d0c,389
transformer_l_legacy,0,clean,control,0.9511784862205026,1863,,family_705c36bdf218eff1,222
transformer_l_legacy,0,clean,clean_validation,0.8710231356169899,1121,,family_506bf4406cb0d194,321
transformer_l_legacy,0,clean,clean_validation,0.5573298902039366,1035,,family_8c2d85eda3c6c0af,565
transformer_l_legacy,0,clean,clean_validation,0.575227192141824,7667,,family_53d69e3df7c4019e,382
transformer_l_legacy,0,clean,clean_validation,1.115764584505782,1543,,family_0682993cd6dae2ed,549
transformer_l_legacy,0,clean,clean_validation,1.0150634006518433,367,,family_c2107d3bea36abf9,72
transformer_l_legacy,0,clean,clean_validation,1.197150013781907,2106,,family_13ece3a8f78f89a2,625
transformer_l_legacy,0,clean,clean_validation,0.7267415523529053,301,,family_7535ae77a17dc02e,301
transformer_l_legacy,0,clean,clean_validation,0.6592735550927777,282,,family_fa76be46983f7f33,530
transformer_l_legacy,0,clean,clean_validation,0.8892437498581591,10835,,family_cb253f56c14aaef0,1
transformer_l_legacy,0,clean,clean_validation,0.9920986222017796,2180,,family_3e4cb248c8f64e86,86
transformer_l_legacy,0,clean,clean_validation,0.6465603709220886,216,,family_8b8ebcd5a49b5c95,447
transformer_l_legacy,0,clean,clean_validation,0.7160833300357703,4678,,family_3cd795074901ac53,460
transformer_l_legacy,0,clean,clean_validation,1.323433179148408,688,,family_94d17723c53c0857,457
transformer_l_legacy,0,clean,clean_validation,0.38683233971344055,1686,,family_b3d7700f2724b4da,151
transformer_l_legacy,0,clean,clean_validation,0.5231526789081318,4418,,family_200325224f3118ec,131
transformer_l_legacy,0,clean,clean_validation,0.8229926962118882,598,,family_a2007ec7c2f39458,409
transformer_l_legacy,0,clean,clean_validation,0.7645822739553947,2021,,family_0156d6f8bec156a8,264
transformer_l_legacy,0,clean,clean_validation,0.8014571749776915,10470,,family_98e69521d6d5ed6a,653
transformer_l_legacy,0,clean,clean_validation,1.107018491968864,1442,,family_d903612ae7a3b48e,633
transformer_l_legacy,0,clean,clean_validation,0.5542706961042804,8845,,family_1de7a628296b57e3,92
transformer_l_legacy,0,clean,clean_validation,0.7899526357650757,261,,family_9868fe525e6f6581,535
transformer_l_legacy,0,clean,clean_validation,0.6216677061923501,2133,,family_0f10a03796a0c09e,465
transformer_l_legacy,0,clean,clean_validation,0.9180690764124405,4649,,family_c6a487213dca86b0,540
transformer_l_legacy,0,clean,clean_validation,0.784131402685182,5403,,family_4c360aa749c4a1ef,149
transformer_l_legacy,0,clean,clean_validation,0.7772392900348883,28440,,family_9cec718d857c608f,115
transformer_l_legacy,0,clean,clean_validation,0.16217218923822538,2912,,family_156ffd19a0eec30a,598
transformer_l_legacy,0,clean,clean_validation,0.5438541623895525,1477,,family_e4f029933a31381d,573
transformer_l_legacy,0,clean,clean_validation,1.3510261999725712,13719,,family_2aeac1591f6f74ea,307
transformer_l_legacy,0,clean,clean_validation,1.0379306153211225,697,,family_b476be0b49274370,260
transformer_l_legacy,0,clean,clean_validation,0.6765966101043057,6384,,family_9d6498c1a4edbe8c,199
transformer_l_legacy,0,clean,clean_validation,1.0629724283251991,8797,,family_177773ab1cfd2532,630
transformer_l_legacy,0,clean,clean_validation,0.8288712884580928,6151,,family_1ea2a219a2bdf844,53
transformer_l_legacy,0,clean,clean_validation,1.1682733305802582,1692,,family_3dd1e430f3ee7446,9
transformer_l_legacy,0,clean,clean_validation,0.9219908118247986,256,,family_44f2b0e77f4af418,650
transformer_l_legacy,0,clean,clean_validation,0.54660385827214,2099,,family_620599f8e0ecd444,47
transformer_l_legacy,0,clean,clean_validation,0.6133844256401062,211,,family_1ddad3a2c05e2680,296
transformer_l_legacy,0,clean,clean_validation,1.0145978905367994,1179,,family_5174bcfb395c6c93,229
transformer_l_legacy,0,clean,clean_validation,0.530361265288123,5284,,family_752e5140a83655db,560
transformer_l_legacy,0,clean,clean_validation,0.6438638209579942,4491,,family_ad503dfcc1e63e96,239
transformer_l_legacy,0,clean,clean_validation,0.9413292827956173,2725,,family_af0d017372cb2ffa,643
transformer_l_legacy,0,clean,clean_validation,0.8066802072163152,15417,,family_83ead3d96159a25d,395
transformer_l_legacy,0,clean,clean_validation,1.1442311132444696,20099,,family_03bc829a418eac27,459
transformer_l_legacy,0,clean,clean_validation,0.6871835430477006,2869,,family_312947f388fcd367,638
transformer_l_legacy,0,clean,clean_validation,0.7752884609086766,1378,,family_b0968c9d92a309da,302
transformer_l_legacy,0,clean,clean_validation,0.6334143735741764,3434,,family_044026fc250ea949,437
transformer_l_legacy,0,clean,clean_validation,0.9180680820612404,2460,,family_a77741e8f387ba1b,154
transformer_l_legacy,0,clean,clean_validation,1.0299979220646465,1076,,family_e994803a7b762aa2,410
transformer_l_legacy,0,clean,clean_validation,1.209536635813834,7611,,family_6417dd72b6af3eda,404
transformer_l_legacy,0,clean,clean_validation,0.9706693900200194,14317,,family_0bab43cce14a333d,471
transformer_l_legacy,0,clean,clean_validation,0.19698239972704845,1303,,family_9cc0d2dc7c97039d,213
transformer_l_legacy,0,clean,clean_validation,0.5415587854101284,2182,,family_82a4b79ac7e84a17,200
transformer_l_legacy,0,clean,clean_validation,0.9928093836468432,13780,,family_f4cb6b9481320847,371
transformer_l_legacy,0,clean,clean_validation,0.6826401398652353,4024,,family_5bd01148f60d04e0,120
transformer_l_legacy,0,clean,clean_validation,0.44553213946909076,1806,,family_17daca9afdd839fe,568
transformer_l_legacy,0,clean,clean_validation,0.9229284883874943,538,,family_276804a34673f756,304
transformer_l_legacy,0,clean,clean_validation,0.9520908026804166,5998,,family_92b0513dee6f07dd,25
transformer_l_legacy,0,clean,clean_validation,0.5973007871117784,1092,,family_9b1a4d796317c86e,613
transformer_l_legacy,0,clean,clean_validation,0.9963507406587786,2523,,family_7cf31d6371e489fd,48
transformer_l_legacy,0,clean,clean_validation,0.9290528507742948,2766,,family_705d9aa21ef59c14,339
transformer_l_legacy,0,clean,clean_validation,0.8103339638514193,8912,,family_e7a8a4c136ad4c88,334
transformer_l_legacy,0,clean,clean_validation,0.2197479041071113,654,,family_2cd67233ffc8de8d,587
transformer_l_legacy,0,clean,clean_validation,0.8231336057683424,4195,,family_61367478b0d50a39,360
transformer_l_legacy,0,clean,clean_validation,1.2655003148879809,5468,,family_6a5eb7c975a3a6a8,73
transformer_l_legacy,0,clean,clean_validation,0.6796850111175726,3567,,family_e9c05c6e37633fe0,500
transformer_l_legacy,0,clean,clean_validation,0.9676457277036619,8451,,family_8209ef2211a8fa80,662
transformer_l_legacy,0,clean,clean_validation,0.7756356535281272,1880,,family_534587ddf3c590a6,507
transformer_l_legacy,0,clean,clean_validation,0.5997808610613734,13034,,family_88000d4a34b43f6f,109
transformer_l_legacy,0,clean,clean_validation,0.736046314239502,357,,family_09ba6788519a60f2,293
transformer_l_legacy,0,clean,clean_validation,0.648108892753476,3111,,family_3297a1612112b3a9,99
transformer_l_legacy,0,clean,clean_validation,0.7304187464305442,5018,,family_77156022943ef360,516
transformer_l_legacy,0,clean,clean_validation,0.49126997725899824,7328,,family_843eb0e7d3797357,673
transformer_l_legacy,0,clean,clean_validation,1.110605092704988,3015,,family_e3e1e8490f43c6b7,67
transformer_l_legacy,0,clean,clean_validation,0.41533889931531254,1377,,family_33bc1bfb24a91122,238
transformer_l_legacy,0,clean,clean_validation,0.5692026615142822,201,,family_cef9e09ff37dd808,56
transformer_l_legacy,0,clean,clean_validation,0.8301049632406453,5248,,family_85be83889927906f,367
transformer_l_legacy,0,clean,clean_validation,1.1343188075986155,1727,,family_933c96d2bfde210b,303
transformer_l_legacy,0,clean,clean_validation,1.1928489052803273,10048,,family_113476d14044fff1,478
transformer_l_legacy,0,clean,clean_validation,0.9948969311365179,15822,,family_b2cc89a22bd3650f,259
transformer_l_legacy,0,clean,clean_validation,0.5263968819368741,14004,,family_009b778c57456b7a,244
transformer_l_legacy,0,clean,clean_validation,0.5948853266163955,1902,,family_38ceea7c76f255b3,343
transformer_l_legacy,0,clean,clean_validation,0.846747100353241,442,,family_7a48a7509f2ed688,646
transformer_l_legacy,0,clean,clean_validation,1.2745637692542386,11424,,family_a9e91a290c2b5c30,651
transformer_l_legacy,0,clean,clean_validation,0.5793377054589135,3612,,family_b22cb24378dd7aaa,550
transformer_l_legacy,0,clean,clean_validation,0.8774995560156682,1179,,family_bdd6debf555477b4,78
transformer_l_legacy,0,clean,clean_validation,0.38411839502992123,2478,,family_d997865401469e31,454
transformer_l_legacy,0,clean,clean_validation,0.5674659826796583,14923,,family_1a70716ad19cc9d6,328
transformer_l_legacy,0,clean,clean_validation,0.8201049039532977,7486,,family_cbf8d1e12b32df90,586
transformer_l_legacy,0,clean,clean_validation,1.7340775728225708,102,,family_1423635df94c5343,577
transformer_l_legacy,0,clean,clean_validation,1.4021783527160805,6210,,family_5ec977e50f88a732,635
transformer_l_legacy,0,clean,clean_validation,1.4896644353866577,46,,family_13449e7cf493b2f6,192
transformer_l_legacy,0,clean,clean_validation,1.0639640424927492,1619,,family_fb7471c20f2b4aed,218
transformer_l_legacy,0,clean,clean_validation,1.0836502795470389,1425,,family_502f200f3e0313b3,374
transformer_l_legacy,0,clean,clean_validation,0.9610794724839459,5579,,family_06f033ae1dede60a,166
transformer_l_legacy,0,clean,clean_validation,0.4919536525782489,3871,,family_d5bc99ec8cbbe193,352
transformer_l_legacy,0,clean,clean_validation,0.9088237668383178,844,,family_a913d556915e01ff,319
transformer_l_legacy,0,clean,clean_validation,0.9939115047454834,462,,family_26d482864d00ab2a,453
transformer_l_legacy,0,clean,clean_validation,0.7755898608124075,593,,family_9e1b57363d3766ce,356
transformer_l_legacy,0,clean,clean_validation,1.0726695503651908,20615,,family_b4dc091216fd58c5,32
transformer_l_legacy,0,clean,clean_validation,0.6337053625177286,839,,family_dd4daa9a12128180,256
transformer_l_legacy,0,clean,clean_validation,0.6769885026125106,12260,,family_6e4ca288c20596c8,249
transformer_l_legacy,0,clean,clean_validation,0.8204135525398044,7092,,family_eb607bef12aaa172,502
transformer_l_legacy,0,clean,clean_validation,0.9452028418161783,498,,family_04b84faa8791236a,487
transformer_l_legacy,0,clean,clean_validation,0.9485015707815478,2505,,family_d3c3ffd4bf041662,85
transformer_l_legacy,0,clean,clean_validation,1.1681692172440894,2643,,family_d204b7d342411c5e,677
transformer_l_legacy,0,clean,clean_validation,1.283358983247247,49132,,family_82c86f72a6ba2d05,680
transformer_l_legacy,0,clean,clean_validation,1.5516400226499747,9141,,family_213ae165418380ad,206
transformer_l_legacy,0,clean,clean_validation,0.8118210434913635,206,,family_b4ad6d59b30dc431,658
transformer_l_legacy,0,clean,clean_validation,0.9022534073715396,5751,,family_66bfed3171c47d48,308
transformer_l_legacy,0,clean,clean_validation,0.7393077614425512,1191,,family_1042e6cfc0da940b,561
transformer_l_legacy,0,clean,clean_validation,0.6456770890542906,1825,,family_1b004e877fd9c150,444
transformer_l_legacy,0,clean,clean_validation,0.6047737351910989,3043,,family_cd0df1b5c356cfbf,40
transformer_l_legacy,0,clean,clean_validation,0.46519241026565855,6195,,family_87bb078a1609e1d4,594
transformer_l_legacy,0,clean,clean_validation,0.3612363004063889,5398,,family_365ed3f794ae6917,636
transformer_l_legacy,0,clean,clean_validation,0.7207660097720727,5270,,family_64aded009d0aa19d,252
transformer_l_legacy,0,clean,clean_validation,1.4459258317947388,126,,family_62119591a5d0e802,591
transformer_l_legacy,0,clean,clean_validation,0.9570798520456281,1425,,family_2573c0454c4f3b47,170
transformer_l_legacy,0,clean,clean_validation,0.9511653917379738,3936,,family_784552c59e6cde90,116
transformer_l_legacy,0,clean,clean_validation,0.7639025759869728,8970,,family_a0873d1045e6de73,179
transformer_l_legacy,0,clean,clean_validation,0.8540233969688416,261,,family_d7f647fc704e4090,503
transformer_l_legacy,0,clean,clean_validation,0.6576014757156372,582,,family_de177b5bfd3b4ad4,36
transformer_l_legacy,0,clean,clean_validation,1.0887380838394165,271,,family_57d0908d211a3aeb,446
transformer_l_legacy,0,clean,clean_validation,0.47973936796188354,221,,family_5f8fbce42478804e,652
transformer_l_legacy,0,clean,clean_validation,1.191506155467513,2286,,family_48d0cb7d67246d93,483
transformer_l_legacy,0,clean,clean_validation,0.6516090400242885,598,,family_9f0867df23aab646,64
transformer_l_legacy,0,clean,clean_validation,0.6989433058231108,1550,,family_60fbccdcfac8d45f,201
transformer_l_legacy,0,clean,clean_validation,0.7301064209922525,3993,,family_222129623ae1d868,331
transformer_l_legacy,0,clean,clean_validation,1.202689250321446,3553,,family_d12ec4943d04fda6,381
transformer_l_legacy,0,clean,clean_validation,1.1422392129898071,613,,family_ca5f7811310d4979,421
transformer_l_legacy,0,clean,clean_validation,0.9184197644100764,8917,,family_1a9b3b213cd3f0fe,289
transformer_l_legacy,0,clean,clean_validation,0.9829051655119313,6357,,family_8597a33e1a97ed61,234
transformer_l_legacy,0,clean,clean_validation,0.61246657371521,331,,family_34fbf3c76cd35578,445
transformer_l_legacy,0,clean,clean_validation,1.2060010258877865,1525,,family_064fc18d23d7f6e0,171
transformer_l_legacy,0,clean,clean_validation,0.5759050872416777,13091,,family_1cb15a71042b13f5,469
transformer_l_legacy,0,clean,clean_validation,0.6920010553112308,412,,family_e6b4aacd5803536e,674
transformer_l_legacy,0,clean,clean_validation,0.8173093665525986,2764,,family_387cf57640b6d8de,4
transformer_l_legacy,0,clean,clean_validation,0.8666469103602215,15176,,family_2decb8320f2dfd02,113
transformer_l_legacy,0,clean,clean_validation,1.7238177216125592,15931,,family_ac0f9bcdce618038,518
transformer_l_legacy,0,clean,clean_validation,0.7304559946060181,221,,family_59a690110c469b8f,282
transformer_l_legacy,0,clean,clean_validation,0.8504617810249329,177,,family_242be05bb379eeaa,486
transformer_l_legacy,0,clean,clean_validation,1.0395597219467163,291,,family_8adbaad5b4f10b73,250
transformer_l_legacy,0,clean,clean_validation,0.8035131071328586,5841,,family_e7650acc72c99e33,285
transformer_l_legacy,0,clean,clean_validation,1.2231097948691745,2629,,family_cc51c1d0bd72fc52,517
transformer_l_legacy,0,clean,clean_validation,0.6008678078651428,271,,family_1fc3e8d69842199a,346
transformer_l_legacy,0,clean,clean_validation,0.6129770877912397,6498,,family_44bf22828218a5dc,223
transformer_l_legacy,0,clean,clean_validation,1.5093929163006503,1045,,family_423514ea82205c90,118
transformer_l_legacy,0,clean,clean_validation,0.8174800909821632,11303,,family_d065b978d8d6363c,233
transformer_l_legacy,0,clean,clean_validation,0.5551312600110417,13543,,family_34c0276853df68f6,592
transformer_l_legacy,0,clean,clean_validation,0.5266745465142386,1260,,family_1086f01990d35911,161
transformer_l_legacy,0,clean,clean_validation,0.6520828772758794,6524,,family_272ea12129852d21,83
transformer_l_legacy,0,clean,clean_validation,0.5045842637661763,458,,family_ab58c5df98c64c96,242
transformer_l_legacy,0,clean,clean_validation,0.3953759184975352,6518,,family_05ac1b1c30b4cc2e,514
transformer_l_legacy,0,clean,clean_validation,1.298464371484936,20441,,family_57e56909cbd77983,472
transformer_l_legacy,0,clean,clean_validation,0.24404402077198029,201,,family_5dd2a8be853b78e8,22
transformer_l_legacy,0,clean,clean_validation,1.0038501324838605,1856,,family_9830d264b28c22a3,68
transformer_l_legacy,0,clean,clean_validation,0.4738940894603729,196,,family_142c201c93af1056,55
transformer_l_legacy,0,clean,clean_validation,0.9408405583451597,859,,family_8dee2f974b6e774e,17
transformer_l_legacy,0,clean,clean_validation,0.706501489977264,7603,,family_1714b2bcb66f3a32,411
transformer_l_legacy,0,clean,clean_validation,1.0820123716483983,4503,,family_0b7033c8335243d6,210
transformer_l_legacy,0,clean,clean_validation,1.269644738769253,30865,,family_f7fc3a6587acd552,669
transformer_l_legacy,0,clean,clean_validation,0.6942596463585479,1318,,family_3073b2c859362b6b,537
transformer_l_legacy,0,clean,clean_validation,1.0622382164001465,682,,family_1022f1461ea02448,297
transformer_l_legacy,0,clean,clean_validation,0.8514990210533142,101,,family_ccc461da40d9ac0d,420
transformer_l_legacy,0,clean,clean_validation,1.187957885928831,6806,,family_4c7eec40a9857f16,668
transformer_l_legacy,0,clean,clean_validation,0.4238607895656906,1856,,family_ea447f225e37bcff,496
transformer_l_legacy,0,clean,clean_validation,1.662981972388287,7555,,family_3335e158c995dd8a,148
transformer_l_legacy,0,clean,clean_validation,1.01346123314049,12481,,family_d521b23ed1f019c7,121
transformer_l_legacy,0,clean,clean_validation,0.9374789084723253,5235,,family_0134076cacfda355,392
transformer_l_legacy,0,clean,clean_validation,1.1011225779851277,738,,family_56b2cba7fc132ef1,574
transformer_l_legacy,0,clean,clean_validation,0.8356715375429964,1022,,family_442e47d64373ea42,214
transformer_l_legacy,0,clean,clean_validation,0.7314795698963379,2076,,family_81ddae8c86d6f244,388
transformer_l_legacy,0,clean,clean_validation,1.001201410537803,1191,,family_c182d668dd0813f1,368
transformer_l_legacy,0,clean,clean_validation,0.8785638215327726,824,,family_3619ff0a23b6cf76,583
transformer_l_legacy,0,clean,clean_validation,0.6703764473313765,2344,,family_8d7f055fadcc2466,554
transformer_l_legacy,0,clean,clean_validation,0.7926357419497517,9248,,family_47eed942bba714a7,119
transformer_l_legacy,0,clean,clean_validation,1.0290580987930298,331,,family_4ad0ed70281e61b7,697
transformer_l_legacy,0,clean,clean_validation,0.47949000846605005,1428,,family_2caaaadc23ec98ec,248
transformer_l_legacy,0,clean,clean_validation,0.39318176441722447,945,,family_762c3082afd0d823,337
transformer_l_legacy,0,clean,clean_validation,0.9675459645459685,5437,,family_fb27253a42766057,212
transformer_l_legacy,0,clean,clean_validation,1.1360229978275822,2371,,family_892f6f575ad06fdb,351
transformer_l_legacy,0,clean,clean_validation,0.988967190583547,1200,,family_8aa0ed5e323eeb0d,195
transformer_l_legacy,0,clean,clean_validation,0.9633422985003282,18135,,family_7069de93803bf73e,510
transformer_l_legacy,0,clean,clean_validation,0.5924775794007868,4240,,family_d6ff844172b34405,280
transformer_l_legacy,0,clean,clean_validation,0.6661255464190948,3515,,family_01939a8c620ed9e1,610
transformer_l_legacy,0,clean,clean_validation,0.6069205559245405,5006,,family_94b530a2eeef7b05,675
transformer_l_legacy,0,clean,clean_validation,0.3990429047188841,523,,family_b298a2c79b9acf61,186
transformer_l_legacy,0,clean,clean_validation,0.8640295277934175,6660,,family_4a86fa42bce94e67,26
transformer_l_legacy,0,clean,clean_validation,0.6551761031150818,497,,family_7af8a28c6e85bc8b,141
transformer_l_legacy,0,clean,clean_validation,1.2522194385528564,11,,family_99483ac7e710751f,175
transformer_l_legacy,0,clean,clean_validation,0.6718381077051163,860,,family_644383b9a5c7153d,50
transformer_l_legacy,0,clean,clean_validation,0.8581592695218843,714,,family_e08ea0e927cfea58,369
transformer_l_legacy,0,clean,clean_validation,0.8440620563188823,5217,,family_44cee7ecbafdaa0c,628
transformer_l_legacy,0,clean,clean_validation,0.9612510809834559,2391,,family_46ee5adc2c70d33b,312
transformer_l_legacy,0,clean,clean_validation,0.647224485874176,226,,family_363f18ff9cdd663b,101
transformer_l_legacy,0,clean,clean_validation,0.535954480210165,3794,,family_0f72232dcd828b96,526
transformer_l_legacy,0,clean,clean_validation,0.7129198683507914,2971,,family_97eeaf7b4a9c3731,434
transformer_l_legacy,0,clean,clean_validation,1.0036589521829156,7619,,family_09e1821e1435425f,490
transformer_l_legacy,0,clean,clean_validation,1.2084200382232666,301,,family_3e481fb1fbc87581,596
transformer_l_legacy,0,clean,clean_validation,0.35163995104492607,3261,,family_a43a516a7577f1ec,398
transformer_l_legacy,0,clean,clean_validation,0.38316008761536896,20304,,family_c70bbb1238ec368c,338
transformer_l_legacy,0,clean,clean_validation,1.415519689430182,14843,,family_e7c9171f786b99da,183
transformer_l_legacy,0,clean,clean_validation,0.8004055023193359,583,,family_eac4733b2dae986d,69
transformer_l_legacy,0,clean,clean_validation,0.6651439361412204,10963,,family_dcee5dfcf9fc6031,489
transformer_l_legacy,0,clean,clean_validation,0.5427156743313946,1086,,family_ba88844813c478c8,488
transformer_l_legacy,0,clean,clean_validation,0.8732649705222308,3671,,family_e3b1d0c18a60396e,626
transformer_l_legacy,0,clean,clean_validation,0.97550913483839,2870,,family_455ecec853565931,619
transformer_l_legacy,0,clean,clean_validation,0.9774532914161682,291,,family_db0f95ba35a66044,329
transformer_l_legacy,0,clean,clean_validation,1.1416665059257918,7391,,family_f4900aed0a1c77c5,268
transformer_l_legacy,0,clean,clean_validation,0.6342965202707862,3814,,family_641e72e8ff1c1166,146
transformer_l_legacy,0,clean,clean_validation,0.903959139010533,14163,,family_2312c27769277b81,470
transformer_l_legacy,0,clean,clean_validation,0.7208416075360703,3944,,family_1e6bf6c8d5b78e1a,640
transformer_l_legacy,0,clean,clean_validation,0.4621050889132444,7532,,family_502e6b70666e84f8,162
transformer_l_legacy,0,clean,clean_validation,0.8126674096110564,619,,family_a55f889fcbd8ead5,59
transformer_l_legacy,0,clean,clean_validation,0.6615586280822754,487,,family_d9ef2ad04ba5030a,94
transformer_l_legacy,0,clean,clean_validation,1.0019236520490544,3740,,family_6ecb17a2196b524b,216
transformer_l_legacy,0,clean,clean_validation,0.5973648576738491,21036,,family_6eb33acc697900b1,189
transformer_l_legacy,0,clean,clean_validation,0.6295548136388673,15489,,family_71038ecc81cc310d,567
transformer_l_legacy,0,clean,clean_validation,0.8365017634387921,7528,,family_43d070bb1d4728eb,436
transformer_l_legacy,0,clean,clean_validation,0.7760491902892094,4143,,family_e943e5ae3161e964,215
transformer_l_legacy,0,clean,clean_validation,1.0109061939531598,1639,,family_977c404bc438de36,129
transformer_l_legacy,0,clean,clean_validation,0.8989628247799579,1654,,family_eb05ccf771a0f6fa,167
transformer_l_legacy,0,clean,clean_validation,0.5994959169698704,658,,family_f76575f43ce9f715,211
transformer_l_legacy,0,clean,clean_validation,1.0002360343933105,126,,family_c44c8014b64e9662,271
transformer_l_legacy,0,clean,clean_validation,1.0744918200253701,1615,,family_db3db1576a406cc8,647
transformer_l_legacy,0,clean,clean_validation,0.7044072154759169,3001,,family_74d6ca4f4b3ca714,198
transformer_l_legacy,0,clean,clean_validation,1.1232196555362348,13326,,family_e28197e9cf6fc68d,82
transformer_l_legacy,0,clean,clean_validation,1.174125974861282,5959,,family_1bbcc4218f93ca73,585
transformer_l_legacy,0,clean,clean_validation,0.4350414767715523,5926,,family_6efa1cacb9ad3d66,450
transformer_l_legacy,0,clean,clean_validation,0.9464360598527493,1483,,family_293d3c58434ea432,424
transformer_l_legacy,0,clean,clean_validation,1.1594189428739516,307,,family_bb7a3764a0cb51ef,185
transformer_l_legacy,0,clean,clean_validation,0.3287025310801061,3853,,family_ce939a871f73797e,654
transformer_l_legacy,0,clean,clean_validation,0.5852512624300839,11511,,family_bf58440f90351608,656
transformer_l_legacy,0,clean,clean_validation,1.1903744258365823,47814,,family_b13e3197621b6a67,665
transformer_l_legacy,0,clean,clean_validation,0.8066852571776951,5155,,family_e5b4b48758cc10cf,0
transformer_l_legacy,0,clean,clean_validation,0.5232010074382605,10750,,family_873455800f3af360,90
transformer_l_legacy,0,clean,clean_validation,0.1616779535430149,1648,,family_5b4f410a68b26980,294
transformer_l_legacy,0,clean,clean_validation,0.7441301829479307,6820,,family_6555b7af6b1e876d,333
transformer_l_legacy,0,clean,clean_validation,0.3019002443153243,9581,,family_c8ed53e602d47d77,373
transformer_l_legacy,0,clean,clean_validation,0.49154656188828605,910,,family_b7724334fda37767,2
transformer_l_legacy,0,clean,clean_validation,0.5313158215469512,6232,,family_e1e6b4777ab2f0d3,525
transformer_l_legacy,0,clean,clean_validation,0.6188359333597596,10054,,family_68b8fd69ce397884,205
transformer_l_legacy,0,clean,clean_validation,0.6076554656028748,261,,family_4484ffde0b8eeb1e,468
transformer_l_legacy,0,clean,clean_validation,1.1321839120804396,5772,,family_f6c8d7d7ccb2fb7c,659
transformer_l_legacy,0,clean,clean_validation,0.8475806131668888,8322,,family_bf5e46a018cc309f,91
transformer_l_legacy,0,clean,clean_validation,1.208088236280007,3333,,family_74d92a6b925fff2b,361
transformer_l_legacy,0,clean,clean_validation,1.316665995357842,755,,family_fecd8209b4231ff0,562
transformer_l_legacy,0,clean,clean_validation,0.8174718107170681,1047,,family_a5b4b56c411c3e3e,19
transformer_l_legacy,0,clean,clean_validation,0.6783488495637117,3038,,family_125b174edd279860,622
transformer_l_legacy,0,clean,clean_validation,0.9112652725512923,12165,,family_4fd03386572a5e7d,49
transformer_l_legacy,0,clean,clean_validation,0.7525043717908616,784,,family_b683e3dda3d53d7d,499
transformer_l_legacy,0,clean,clean_validation,0.6995633858056204,5434,,family_7cc38e130f767be2,152
transformer_l_legacy,0,clean,clean_validation,0.8791520856395215,2004,,family_c1cf47c50b324615,620
transformer_l_legacy,0,clean,clean_validation,0.5780320167541504,277,,family_e6f89a8fd4c28042,671
transformer_l_legacy,0,clean,clean_validation,1.1425425877480757,5436,,family_f32207a4bd1be5f3,641
transformer_l_legacy,0,clean,clean_validation,0.8783152307549568,730,,family_750c1b7c9293fca0,555
transformer_l_legacy,0,clean,clean_validation,0.428189277187333,2518,,family_dff095b3f9ea4486,228
transformer_l_legacy,0,clean,clean_validation,0.8832156194343211,1393,,family_03f94974e43a6f72,219
transformer_l_legacy,0,clean,clean_validation,0.6921716458452403,11470,,family_20755f596dac4ad8,538
transformer_l_legacy,0,clean,clean_validation,0.26856608783452496,11134,,family_a5fb3561532a1515,251
transformer_l_legacy,0,clean,clean_validation,0.7466163736523069,10047,,family_09f185032eec1684,15
transformer_l_legacy,0,clean,clean_validation,0.8168545475325051,2108,,family_449b876c5d7555de,648
transformer_l_legacy,0,clean,clean_validation,1.155601482563873,9757,,family_17c63d0cae51b4f0,552
transformer_l_legacy,0,clean,clean_validation,0.9090114912191609,1901,,family_a7e7611a4fb45bb8,181
transformer_l_legacy,0,clean,clean_validation,0.6057519130436441,21536,,family_a0087912e552c325,160
transformer_l_legacy,0,clean,clean_validation,1.351257395635746,13175,,family_26c7d9fe4637a87f,639
transformer_l_legacy,0,clean,clean_validation,1.3491480656949026,11417,,family_7c0ce9b52a4fb354,384
transformer_l_legacy,0,clean,clean_validation,0.847017949139538,12236,,family_ce42ac82cf5b7aa5,491
transformer_l_legacy,0,clean,clean_validation,1.0764691433175335,926,,family_d1384d3d5b8f3e4a,325
transformer_l_legacy,0,clean,clean_validation,0.4103875891197599,8976,,family_a4ec6bc987630263,480
transformer_l_legacy,0,clean,clean_validation,0.5653928136657809,2274,,family_d7fd034f32743816,614
transformer_l_legacy,0,clean,clean_validation,0.5253377400046471,4080,,family_9ee07f048eddd3ef,605
transformer_l_legacy,0,clean,clean_validation,1.3325877278010951,9874,,family_d5db7a666d5cdce4,432
transformer_l_legacy,0,clean,clean_validation,0.6075581908226013,693,,family_e3990e8f3e5a019e,29
transformer_l_legacy,0,clean,clean_validation,0.6179667711257935,402,,family_424ba6cfeb2d4b06,347
transformer_l_legacy,0,clean,clean_validation,0.859101831264648,2758,,family_1584dac71c5d3b21,417
transformer_l_legacy,0,clean,clean_validation,0.5256168637388864,1559,,family_71b49a81405adf23,28
transformer_l_legacy,0,clean,clean_validation,0.41906326806406463,3865,,family_02cd0d0062e7f2f0,136
transformer_l_legacy,0,clean,clean_validation,0.7894672528238358,6113,,family_f6a9ab27f75aaa2c,237
transformer_l_legacy,0,clean,clean_validation,2.5622220039367676,56,,family_fa6d03faa672f307,607
transformer_l_legacy,0,clean,clean_validation,0.9200942080740181,1601,,family_32ee5e4e0bf64290,575
transformer_l_legacy,0,clean,clean_validation,0.8196007797775352,1373,,family_4b03c0c9196cb057,642
transformer_l_legacy,0,clean,clean_validation,0.8802010111820961,33265,,family_084d50552be46593,431
transformer_l_legacy,0,clean,clean_validation,0.8662026524543762,216,,family_f9eef55626121ccd,456
transformer_l_legacy,0,clean,clean_validation,1.3719392629407459,2579,,family_f3c41c0d722fe806,299
transformer_l_legacy,0,clean,clean_validation,0.996252113140719,8074,,family_830520441d24c99b,281
transformer_l_legacy,0,clean,clean_validation,0.779700800833284,1574,,family_0bcfa76d0d0ba6c7,204
transformer_l_legacy,0,clean,clean_validation,0.5285501443215445,4379,,family_49c1e82f118ffcdb,155
transformer_l_legacy,0,clean,clean_validation,1.3693584203720093,37,,family_60813f1989c300e9,547
transformer_l_legacy,0,clean,clean_validation,0.6486816063428751,4098,,family_b9e55910bfee8055,104
transformer_l_legacy,0,clean,clean_validation,0.5250614327358117,683,,family_b5e8954b16e48222,6
transformer_l_legacy,0,clean,clean_validation,0.3701331615447998,181,,family_a8682c6d911fc3b8,566
transformer_l_legacy,0,clean,clean_validation,0.8535129672364105,12601,,family_f8ba51ce9495f2bd,416
transformer_l_legacy,0,clean,clean_validation,0.8323133434661747,4366,,family_71a60fbe7040f158,38
transformer_l_legacy,0,clean,clean_validation,0.9184077978134155,437,,family_336e1c704addf9f3,393
transformer_l_legacy,0,clean,clean_validation,0.3810917272671195,1452,,family_ce5ee93c94f8cb47,427
transformer_l_legacy,0,clean,clean_validation,1.2002656708784656,11788,,family_ba5a886f795d4f27,345
transformer_l_legacy,0,clean,clean_validation,0.5774580765795964,372,,family_3812a654a3d8068e,314
transformer_l_legacy,0,clean,clean_validation,0.3454956038574701,3751,,family_043b81d25e57bda6,14
transformer_l_legacy,0,clean,clean_validation,1.0267176688538027,1598,,family_60dc4c06abba1219,316
transformer_l_legacy,0,clean,clean_validation,0.46890654662904674,365,,family_0967320075dd090a,544
transformer_l_legacy,0,clean,clean_validation,0.7108796964973263,573,,family_4cbe424968d7c5e7,277
transformer_l_legacy,0,family_leak,treated,0.5909843593016821,3093,structurally_nonexact,family_d1a92696717aa9c2,176
transformer_l_legacy,0,family_leak,treated,1.0203279065164297,1216,structurally_nonexact,family_3835425eafb00035,524
transformer_l_legacy,0,family_leak,treated,0.636769903660978,412,structurally_nonexact,family_a534382ff42b71fb,634
transformer_l_legacy,0,family_leak,treated,0.4916213020373447,4197,structurally_nonexact,family_6d17de7e325f25f8,467
transformer_l_legacy,0,family_leak,treated,0.5161226048243062,779,structurally_nonexact,family_56b1bf9100abf79a,254
transformer_l_legacy,0,family_leak,treated,1.27882743449909,15674,structurally_nonexact,family_9edbfcdbf27d8472,87
transformer_l_legacy,0,family_leak,treated,0.3109758459752301,3153,structurally_nonexact,family_db6398f302f77cb4,563
transformer_l_legacy,0,family_leak,treated,0.3704962341236645,10203,canonical_event_exact,family_776fb0c74fb6af96,253
transformer_l_legacy,0,family_leak,treated,0.8068608101158993,1748,structurally_nonexact,family_be459453ebdfa1da,627
transformer_l_legacy,0,family_leak,treated,0.6250753350302162,3230,structurally_nonexact,family_439fc19617b55d44,309
transformer_l_legacy,0,family_leak,treated,0.5681584228295833,2560,structurally_nonexact,family_328dc279bafe7f69,265
transformer_l_legacy,0,family_leak,treated,0.8455197279653266,3803,structurally_nonexact,family_ac0566dd944bc201,327
transformer_l_legacy,0,family_leak,treated,0.803178071975708,477,canonical_event_exact,family_3fbe0e330aecdc00,482
transformer_l_legacy,0,family_leak,treated,0.7692764702845704,704,structurally_nonexact,family_04795413b15e0b98,576
transformer_l_legacy,0,family_leak,treated,1.0678576571523928,1108,structurally_nonexact,family_348b29b5f47eda18,220
transformer_l_legacy,0,family_leak,treated,1.0321505650350584,8731,structurally_nonexact,family_f77d449f1658a159,292
transformer_l_legacy,0,family_leak,treated,1.1511245965957642,242,structurally_nonexact,family_39849966d6043c11,378
transformer_l_legacy,0,family_leak,treated,0.9168877145889693,3169,structurally_nonexact,family_af212e596b07120e,405
transformer_l_legacy,0,family_leak,treated,0.41094646834790843,9069,structurally_nonexact,family_2d3e3d92f30c4369,600
transformer_l_legacy,0,family_leak,treated,0.5711949139014509,1674,structurally_nonexact,family_f0c0dd7c2f3b6a3f,661
transformer_l_legacy,0,family_leak,treated,0.8738182778341231,2491,structurally_nonexact,family_5aaa5f6f546aa704,105
transformer_l_legacy,0,family_leak,treated,0.7626469850664359,5759,structurally_nonexact,family_78031f033e192cce,11
transformer_l_legacy,0,family_leak,treated,0.6770423650741577,467,structurally_nonexact,family_961cefc620e3d5ab,408
transformer_l_legacy,0,family_leak,treated,0.7523728212983977,3303,canonical_event_exact,family_fe2836cc1cef695c,336
transformer_l_legacy,0,family_leak,treated,0.8627167412327706,9124,structurally_nonexact,family_0f71c7e0830e1d85,624
transformer_l_legacy,0,family_leak,treated,0.32808250327029503,6286,structurally_nonexact,family_2dbafe5054d4bee7,414
transformer_l_legacy,0,family_leak,treated,0.3401177442846571,14987,structurally_nonexact,family_52885ec61f0240b9,687
transformer_l_legacy,0,family_leak,treated,0.7085250833041066,5460,structurally_nonexact,family_b88eee6ecd7ef6bc,366
transformer_l_legacy,0,family_leak,treated,0.9438361457185113,20432,structurally_nonexact,family_de67cf52f9a2ce89,267
transformer_l_legacy,0,family_leak,treated,1.0387454106182348,854,structurally_nonexact,family_7b8c8789f38183da,317
transformer_l_legacy,0,family_leak,treated,0.6896071498823233,10665,structurally_nonexact,family_774f10d6c3d75980,145
transformer_l_legacy,0,family_leak,treated,0.5038812636845514,29458,structurally_nonexact,family_6fbe37a0a6611f64,520
transformer_l_legacy,0,family_leak,treated,0.43129936468314195,12501,structurally_nonexact,family_c64269798048b60f,666
transformer_l_legacy,0,family_leak,treated,0.5158692271520279,8558,structurally_nonexact,family_f60bd4cc83d02add,618
transformer_l_legacy,0,family_leak,treated,1.194105863571167,61,structurally_nonexact,family_39f58e2fd604c61e,402
transformer_l_legacy,0,family_leak,treated,0.5109297262118183,1918,structurally_nonexact,family_101bf32d18499c7d,686
transformer_l_legacy,0,family_leak,treated,1.1889959573745728,156,structurally_nonexact,family_e97b637c75aac2b5,637
transformer_l_legacy,0,family_leak,treated,1.1321494005009871,12995,structurally_nonexact,family_e2c30beb0d4abeae,477
transformer_l_legacy,0,family_leak,treated,0.9319260320583139,3028,structurally_nonexact,family_581cf690b70ed77f,269
transformer_l_legacy,0,family_leak,treated,1.0711967380370688,1789,structurally_nonexact,family_9ccd2f467361ebab,348
transformer_l_legacy,0,family_leak,treated,0.36782625612131387,8256,structurally_nonexact,family_6342008bae187399,615
transformer_l_legacy,0,family_leak,treated,1.0863664150238037,266,structurally_nonexact,family_8661140073b6a2ab,691
transformer_l_legacy,0,family_leak,treated,0.6485537401898197,1890,structurally_nonexact,family_1a8ff9e18d3eabea,137
transformer_l_legacy,0,family_leak,treated,0.6092846027901325,8479,structurally_nonexact,family_b324bd83d2be3825,438
transformer_l_legacy,0,family_leak,treated,0.6393441099956118,725,structurally_nonexact,family_23e85181dd747797,695
transformer_l_legacy,0,family_leak,treated,1.2964194055887752,9580,structurally_nonexact,family_b3ba3218de08f591,66
transformer_l_legacy,0,family_leak,treated,0.44836652269036087,6949,structurally_nonexact,family_38ddaabf01adae92,106
transformer_l_legacy,0,family_leak,treated,0.6798796561029222,945,structurally_nonexact,family_5405158fe7a3977d,511
transformer_l_legacy,0,family_leak,treated,0.5373944044113159,336,structurally_nonexact,family_e4e4467ef74cc720,428
transformer_l_legacy,0,family_leak,treated,1.049905818993928,1037,structurally_nonexact,family_4f1b63b3eef9f7d0,531
transformer_l_legacy,0,family_leak,treated,0.9771728318084703,522,structurally_nonexact,family_7a300c986fbfa9f2,165
transformer_l_legacy,0,family_leak,treated,1.0560793162164626,463,structurally_nonexact,family_6f0024d47bda9a44,359
transformer_l_legacy,0,family_leak,treated,0.45446090196281996,1191,structurally_nonexact,family_746d1e0c3274827f,466
transformer_l_legacy,0,family_leak,treated,0.8863834828908154,1084,structurally_nonexact,family_6a42731481dda124,419
transformer_l_legacy,0,family_leak,treated,1.3808907719108643,15697,structurally_nonexact,family_0ecded087f80d73b,461
transformer_l_legacy,0,family_leak,treated,0.6877283133049358,5721,structurally_nonexact,family_5facacfb4d33d062,5
transformer_l_legacy,0,family_leak,treated,0.6332513093948364,251,structurally_nonexact,family_5cc4efa05e4dc250,114
transformer_l_legacy,0,family_leak,treated,0.9396405647983105,17077,structurally_nonexact,family_4731a6d05dff34ce,132
transformer_l_legacy,0,family_leak,treated,0.8863039935761382,5610,structurally_nonexact,family_c3ae851031cec2bb,663
transformer_l_legacy,0,family_leak,treated,0.6075104650707136,48674,structurally_nonexact,family_30fbd9977a220042,589
transformer_l_legacy,0,family_leak,treated,0.7154691482153465,508,structurally_nonexact,family_e3c89d0945320ec5,3
transformer_l_legacy,0,family_leak,treated,1.1655744511943096,639,structurally_nonexact,family_f99e7467cfd91d72,230
transformer_l_legacy,0,family_leak,treated,0.8356245444192985,3294,structurally_nonexact,family_0a0ff01b239a934a,415
transformer_l_legacy,0,family_leak,treated,0.47597768902778625,166,structurally_nonexact,family_5ebcadebe538bd59,272
transformer_l_legacy,0,family_leak,treated,0.5247732830315996,533,structurally_nonexact,family_2fe71bb032cb85fe,184
transformer_l_legacy,0,family_leak,treated,0.8123594029518977,6626,structurally_nonexact,family_e0f7e5849dbe9388,513
transformer_l_legacy,0,family_leak,treated,0.8448049698693977,3859,structurally_nonexact,family_c3abd4306e03adf2,290
transformer_l_legacy,0,family_leak,treated,0.3960268334309362,1559,structurally_nonexact,family_83b27a32aa56f9dc,485
transformer_l_legacy,0,family_leak,treated,0.9034286048755608,2535,structurally_nonexact,family_fa3341292470541d,226
transformer_l_legacy,0,family_leak,treated,0.5274100647355519,548,canonical_event_exact,family_15b8f6d235825863,7
transformer_l_legacy,0,family_leak,treated,0.6291813779128813,10236,structurally_nonexact,family_a95aeca85317a04d,401
transformer_l_legacy,0,family_leak,treated,0.34637310643262326,7309,structurally_nonexact,family_3dffb074803c8f80,376
transformer_l_legacy,0,family_leak,treated,0.7623141453280087,1026,structurally_nonexact,family_1cfa4116628ae42e,681
transformer_l_legacy,0,family_leak,treated,0.9091715217599576,1238,structurally_nonexact,family_f53ae103dc0def58,261
transformer_l_legacy,0,family_leak,treated,0.44741529999727786,1287,structurally_nonexact,family_3db848c291e71542,123
transformer_l_legacy,0,family_leak,treated,0.7354265717264996,3583,structurally_nonexact,family_76f3986b08ecfc19,97
transformer_l_legacy,0,family_leak,treated,0.7216785194808134,13214,structurally_nonexact,family_121eefce620403f7,295
transformer_l_legacy,0,family_leak,treated,0.8050020124253392,20977,structurally_nonexact,family_8aff46e64d1c8360,286
transformer_l_legacy,0,family_leak,treated,0.696534933633681,4952,structurally_nonexact,family_debbecc1e7f77f3e,20
transformer_l_legacy,0,family_leak,treated,0.32280909967362176,1779,structurally_nonexact,family_f19aa9a5e722eb61,379
transformer_l_legacy,0,family_leak,treated,0.8508296641764891,1815,structurally_nonexact,family_d0b38ee50d018148,664
transformer_l_legacy,0,family_leak,treated,0.5477179555243967,1036,structurally_nonexact,family_aad2d66dec95dc7a,569
transformer_l_legacy,0,family_leak,treated,0.691378021724333,985,structurally_nonexact,family_59add5a121b9a616,451
transformer_l_legacy,0,family_leak,treated,0.7658692101234933,12091,structurally_nonexact,family_c2d4ffa1539bdafe,263
transformer_l_legacy,0,family_leak,treated,0.6032856120667586,1157,structurally_nonexact,family_58a5b18cf3751bf1,41
transformer_l_legacy,0,family_leak,treated,0.6447415826462654,638,structurally_nonexact,family_8f08581ca21b6c6f,539
transformer_l_legacy,0,family_leak,treated,0.4756758219229357,5203,structurally_nonexact,family_5d6a15b20dff7233,33
transformer_l_legacy,0,family_leak,treated,0.4647992936803437,1312,structurally_nonexact,family_eacebc389812585f,693
transformer_l_legacy,0,family_leak,treated,0.4113501723868624,578,structurally_nonexact,family_3bd7e5ca43f02666,476
transformer_l_legacy,0,family_leak,treated,0.511983086322916,377,structurally_nonexact,family_da2cbb03fa208ffc,65
transformer_l_legacy,0,family_leak,treated,0.4554545084583409,15281,structurally_nonexact,family_5fe0b889b5279fed,275
transformer_l_legacy,0,family_leak,treated,0.4897196285586109,654,structurally_nonexact,family_58c32a6b58cc329f,505
transformer_l_legacy,0,family_leak,treated,1.017981381753327,4931,structurally_nonexact,family_d4c8efafc098f593,580
transformer_l_legacy,0,family_leak,treated,0.5368281154036328,6166,structurally_nonexact,family_853b6705e7d7e7a9,509
transformer_l_legacy,0,family_leak,treated,0.8041772925807821,1558,canonical_event_exact,family_7c104874587dddcc,324
transformer_l_legacy,0,family_leak,treated,1.099226138262892,3893,structurally_nonexact,family_2eec85a0fe915e64,326
transformer_l_legacy,0,family_leak,treated,0.7266400710587947,1189,structurally_nonexact,family_08157e0ead630e5c,623
transformer_l_legacy,0,family_leak,treated,1.2404314143983022,12275,structurally_nonexact,family_67cf34a836b9cd6c,473
transformer_l_legacy,0,family_leak,treated,0.8827590850956617,3188,structurally_nonexact,family_a03ac5414952d229,344
transformer_l_legacy,0,family_leak,treated,1.1869284977159706,5109,structurally_nonexact,family_4da27be0a15493fc,455
transformer_l_legacy,0,family_leak,control,1.5303082466125488,86,,family_8353c8bc6b1abe91,231
transformer_l_legacy,0,family_leak,control,0.7793005704879761,281,,family_a21b0655ee8718e3,44
transformer_l_legacy,0,family_leak,control,0.9303923457781048,1492,,family_828011733ff46fcc,135
transformer_l_legacy,0,family_leak,control,1.0239170245502307,92,,family_c352cf53fe360f50,89
transformer_l_legacy,0,family_leak,control,0.9377664923667908,543,,family_581b417d448220ce,278
transformer_l_legacy,0,family_leak,control,0.7136916563776653,4997,,family_c5e7a2f4ebdc9ce7,523
transformer_l_legacy,0,family_leak,control,1.2413532142943524,23970,,family_942d0bbb1f3057b7,117
transformer_l_legacy,0,family_leak,control,1.2939448846379409,1957,,family_e8f2414f825f028e,21
transformer_l_legacy,0,family_leak,control,1.2957954427731895,24928,,family_d9eece89cdccb42e,318
transformer_l_legacy,0,family_leak,control,1.1380238960641842,2226,,family_159334980be342ce,590
transformer_l_legacy,0,family_leak,control,0.644778542940626,9706,,family_5cc3056db91c371f,475
transformer_l_legacy,0,family_leak,control,1.0774849068797765,14644,,family_cac05bc962cb19ae,529
transformer_l_legacy,0,family_leak,control,1.0776221600527727,794,,family_91b28d898f74de65,458
transformer_l_legacy,0,family_leak,control,0.6939083183272885,2249,,family_0ed7b687c2bbe731,679
transformer_l_legacy,0,family_leak,control,0.6940880345471333,2076,,family_c09c42656e829799,75
transformer_l_legacy,0,family_leak,control,0.7478631021295274,8400,,family_5029829bbea32071,45
transformer_l_legacy,0,family_leak,control,0.7356297417698852,2361,,family_b524f58169d7a062,422
transformer_l_legacy,0,family_leak,control,0.6542848423923859,20104,,family_e449d968e1ca6e62,481
transformer_l_legacy,0,family_leak,control,0.9624180603294147,3217,,family_f176b8796acaf1a3,449
transformer_l_legacy,0,family_leak,control,1.5793332405896934,13053,,family_2aacce96c1e48e02,43
transformer_l_legacy,0,family_leak,control,0.5875598928552013,22913,,family_95e00157e6b24668,246
transformer_l_legacy,0,family_leak,control,1.2423498574036655,11280,,family_c83ce9a767947dac,169
transformer_l_legacy,0,family_leak,control,1.400432087554759,18996,,family_c00a93f90020b6fe,255
transformer_l_legacy,0,family_leak,control,0.9899158477783203,226,,family_4388b443af85145b,182
transformer_l_legacy,0,family_leak,control,0.588797119231796,5102,,family_090556d6964926b6,696
transformer_l_legacy,0,family_leak,control,0.7415212490254921,997,,family_517a76fa41613984,435
transformer_l_legacy,0,family_leak,control,0.9767944812774658,331,,family_d5117873cfa5f4e7,403
transformer_l_legacy,0,family_leak,control,0.7548549603392618,5289,,family_5c4b107ad8b67511,39
transformer_l_legacy,0,family_leak,control,0.606490631621913,2157,,family_6b39589c59910bc9,527
transformer_l_legacy,0,family_leak,control,1.1476908922195435,557,,family_09e71dae304bced8,407
transformer_l_legacy,0,family_leak,control,0.7216698513721926,7005,,family_7ab40688290292cb,699
transformer_l_legacy,0,family_leak,control,0.7751273901960497,3615,,family_c9287c1de390bb4b,287
transformer_l_legacy,0,family_leak,control,0.5169232608626497,3531,,family_b82550e1d139176a,133
transformer_l_legacy,0,family_leak,control,1.102360504509539,4469,,family_5ead6639536180b8,16
transformer_l_legacy,0,family_leak,control,0.3601804191703415,3148,,family_c200a4f65bbc5209,270
transformer_l_legacy,0,family_leak,control,0.7796085377910413,6866,,family_104496edebed4f61,385
transformer_l_legacy,0,family_leak,control,1.105759228459634,4592,,family_843833735eeb7063,519
transformer_l_legacy,0,family_leak,control,0.6935354854832304,940,,family_9c25f8a3328ce8da,494
transformer_l_legacy,0,family_leak,control,0.9090696379752901,11819,,family_8adb1a64e2eed3ab,400
transformer_l_legacy,0,family_leak,control,1.015877320755238,638,,family_1f464d80218f494a,150
transformer_l_legacy,0,family_leak,control,0.8255918130640174,1566,,family_cb2f86c88344d124,572
transformer_l_legacy,0,family_leak,control,1.1977299063974656,2465,,family_7d2361899b55eee8,522
transformer_l_legacy,0,family_leak,control,0.8302815274199263,2886,,family_056399865754201e,177
transformer_l_legacy,0,family_leak,control,1.1766614132603173,7537,,family_048732487ed12eba,266
transformer_l_legacy,0,family_leak,control,0.7221838235855103,266,,family_1d8665cf98427374,632
transformer_l_legacy,0,family_leak,control,0.7653847170589241,8124,,family_7b7a14e1daaa4e52,207
transformer_l_legacy,0,family_leak,control,0.5277271045729367,1980,,family_ace63736575276fd,76
transformer_l_legacy,0,family_leak,control,0.9876814484596252,381,,family_471c422daeefac7a,24
transformer_l_legacy,0,family_leak,control,0.9830066591070786,2354,,family_484de8ba061636e2,134
transformer_l_legacy,0,family_leak,control,0.4285996390536507,748,,family_a8edfe7c17d49498,142
transformer_l_legacy,0,family_leak,control,1.0723238233999866,3704,,family_fc41e434d5d7e595,413
transformer_l_legacy,0,family_leak,control,0.4902470680762696,1439,,family_309d1ff512e1e9a9,426
transformer_l_legacy,0,family_leak,control,0.8347901938472589,10437,,family_d16673229b6e8db9,273
transformer_l_legacy,0,family_leak,control,0.814502061141515,1146,,family_9e8b2eb6ec3ec445,96
transformer_l_legacy,0,family_leak,control,0.8276927870037721,11034,,family_50f05ec6e42283bd,153
transformer_l_legacy,0,family_leak,control,0.9815523419878758,373,,family_341df9602a2ccf1e,649
transformer_l_legacy,0,family_leak,control,0.9212907221467314,6341,,family_352e44896c06757b,543
transformer_l_legacy,0,family_leak,control,0.5285885527327254,407,,family_0b0978005887e1a2,474
transformer_l_legacy,0,family_leak,control,1.095923054457786,9756,,family_e0804d88b4e3c086,464
transformer_l_legacy,0,family_leak,control,1.3609538418782154,5497,,family_7136d870073b72bf,492
transformer_l_legacy,0,family_leak,control,1.0375904676231766,4898,,family_90e53f43974a85ff,305
transformer_l_legacy,0,family_leak,control,0.3082800630848412,8758,,family_ba0bab377b74f9bc,593
transformer_l_legacy,0,family_leak,control,0.8011095336832359,3385,,family_dd7fe974853169e3,340
transformer_l_legacy,0,family_leak,control,0.852366841830378,14375,,family_89e820583b7bf692,521
transformer_l_legacy,0,family_leak,control,0.7621216497373466,5387,,family_c3c5b7b46ed5cca4,604
transformer_l_legacy,0,family_leak,control,1.0675949220023404,2595,,family_13478cc2fa596f00,676
transformer_l_legacy,0,family_leak,control,0.7313776170724299,2122,,family_4b791b52cdbf0c94,342
transformer_l_legacy,0,family_leak,control,1.14389112104627,1554,,family_24beda513cb73140,190
transformer_l_legacy,0,family_leak,control,0.9823916870304662,2574,,family_bd2e09f5164640ac,355
transformer_l_legacy,0,family_leak,control,1.1967999551699806,14722,,family_d90c907b60f5db7e,227
transformer_l_legacy,0,family_leak,control,1.156265139579773,608,,family_0a1d834f1fc5ec9d,397
transformer_l_legacy,0,family_leak,control,0.9979279282982785,619,,family_bd36f067059fa430,608
transformer_l_legacy,0,family_leak,control,0.8434626368945733,10380,,family_9d3263359149060b,174
transformer_l_legacy,0,family_leak,control,0.8087553977966309,96,,family_701911482f478840,164
transformer_l_legacy,0,family_leak,control,0.4411734872904758,1297,,family_a69d52c7adca6131,688
transformer_l_legacy,0,family_leak,control,1.0325873459471568,911,,family_0907d69883a983d5,125
transformer_l_legacy,0,family_leak,control,0.8238677924454212,10000,,family_6aa82ca2608dc1b1,23
transformer_l_legacy,0,family_leak,control,0.6785305334203438,7247,,family_0b7d7d5455b615a1,306
transformer_l_legacy,0,family_leak,control,0.4793350889726921,810,,family_6ff7124bfcd14a0c,545
transformer_l_legacy,0,family_leak,control,1.0731227367388128,2128,,family_b8051512c4e658bb,180
transformer_l_legacy,0,family_leak,control,0.8192965842756103,1907,,family_419159423badc2ef,391
transformer_l_legacy,0,family_leak,control,0.9065132956614717,7116,,family_330ff47988f3581a,291
transformer_l_legacy,0,family_leak,control,0.7831523492921555,6921,,family_c2708c9ff73ceb82,660
transformer_l_legacy,0,family_leak,control,0.9585467397096408,4344,,family_ddb1afd90e017414,484
transformer_l_legacy,0,family_leak,control,0.9251124822793112,4446,,family_354a6fa9839f5265,196
transformer_l_legacy,0,family_leak,control,0.4397634948175751,1647,,family_25637fe768f1ed97,602
transformer_l_legacy,0,family_leak,control,0.831453770875274,1815,,family_c8d9a7933734de14,232
transformer_l_legacy,0,family_leak,control,0.746329063135318,12979,,family_5dfcdbc50b497fa3,241
transformer_l_legacy,0,family_leak,control,1.2692496576950123,2723,,family_cb79ab953eb3a23e,425
transformer_l_legacy,0,family_leak,control,0.7535196574172005,4096,,family_4cbe524347d5770f,442
transformer_l_legacy,0,family_leak,control,0.601862508676326,4361,,family_584bf061d2625f25,495
transformer_l_legacy,0,family_leak,control,0.6685406565666199,251,,family_56890c17b9133ef4,506
transformer_l_legacy,0,family_leak,control,0.34601024458128393,2640,,family_205aeeeda178f7ca,644
transformer_l_legacy,0,family_leak,control,1.595011591911316,56,,family_3179470752a6d838,18
transformer_l_legacy,0,family_leak,control,1.0259625297204582,7232,,family_7659084f070baf14,130
transformer_l_legacy,0,family_leak,control,1.164101495011018,16261,,family_2210ee0a2c3ccbc9,396
transformer_l_legacy,0,family_leak,control,0.5845207891042157,7863,,family_d20f6f896d965906,310
transformer_l_legacy,0,family_leak,control,1.037054496887064,1228,,family_9ba17784e54ec105,163
transformer_l_legacy,0,family_leak,control,0.7496296678365787,2684,,family_28cc6a5379f62efc,84
transformer_l_legacy,0,family_leak,control,1.2640582622423586,3596,,family_cd85f816dfda97e0,601
transformer_l_legacy,0,family_leak,control,0.5218184665906304,23809,,family_6c5d60bd118ca08d,493
transformer_l_legacy,0,family_leak,control,0.790767886163923,9452,,family_a6b3f3bba1c3ea38,611
transformer_l_legacy,0,family_leak,control,0.9971336265305178,995,,family_46ccb6e3625b0d26,559
transformer_l_legacy,0,family_leak,control,0.5651651588526405,13925,,family_b6c76ee6e1fbdad4,617
transformer_l_legacy,0,family_leak,control,1.033548825234512,8836,,family_eb5f13fb7b1698a7,433
transformer_l_legacy,0,family_leak,control,0.6576746119012078,417,,family_0928b40aaefe1e43,616
transformer_l_legacy,0,family_leak,control,1.670249342918396,51,,family_e8cb312f6947fae2,578
transformer_l_legacy,0,family_leak,control,1.0307903168287254,3890,,family_50833a4ebce7122c,103
transformer_l_legacy,0,family_leak,control,1.3060380220413208,216,,family_e52a55fe95cda992,463
transformer_l_legacy,0,family_leak,control,1.6549886453438807,17522,,family_65e575b20c174fd7,479
transformer_l_legacy,0,family_leak,control,0.7857450206701069,9258,,family_c4cc5f62a0ab31c3,276
transformer_l_legacy,0,family_leak,control,1.2319380787889849,6370,,family_a6fc375b5cc488f5,95
transformer_l_legacy,0,family_leak,control,0.1109852522656695,1157,,family_6d128cd3979417a4,423
transformer_l_legacy,0,family_leak,control,0.32770874820016693,4638,,family_01bdfbf40b1dfff5,139
transformer_l_legacy,0,family_leak,control,0.8281041963565889,7458,,family_b55c602531d8b111,556
transformer_l_legacy,0,family_leak,control,0.7499183462655692,11061,,family_150827bde0e3f90f,689
transformer_l_legacy,0,family_leak,control,0.7415928843216254,10400,,family_41293800444fbe3e,108
transformer_l_legacy,0,family_leak,control,1.4560663375174518,14488,,family_0ffae0bc1065eadf,60
transformer_l_legacy,0,family_leak,control,0.4358225519868107,4656,,family_483585a89e5ae17f,34
transformer_l_legacy,0,family_leak,control,0.6337514467034603,815,,family_0c5e308d08929fa4,247
transformer_l_legacy,0,family_leak,control,0.5700439810752869,391,,family_07575db7931c72ea,300
transformer_l_legacy,0,family_leak,control,0.9173737168312073,191,,family_efb0835b02015240,528
transformer_l_legacy,0,family_leak,control,0.9883587469419429,3258,,family_94692368e418ed72,173
transformer_l_legacy,0,family_leak,control,0.5633627460116432,252,,family_46e2de939a29fd34,429
transformer_l_legacy,0,family_leak,control,0.7581065279548993,746,,family_39754d1db81a7bf4,127
transformer_l_legacy,0,family_leak,control,0.8619748944066381,3212,,family_b964a57ffbddf6a6,534
transformer_l_legacy,0,family_leak,control,1.510368075621161,17312,,family_71b144025f52e59c,140
transformer_l_legacy,0,family_leak,control,1.1551963586133884,1218,,family_4bf6d11e259630c1,532
transformer_l_legacy,0,family_leak,control,1.1136070876857171,2677,,family_a164057d15ea429a,698
transformer_l_legacy,0,family_leak,control,1.0737359015627548,2414,,family_24dfe3f15bbe835d,243
transformer_l_legacy,0,family_leak,control,0.84189017147434,588,,family_cb2cf90a481fb793,606
transformer_l_legacy,0,family_leak,control,0.5799237185750005,10358,,family_c874ed8859d535ca,362
transformer_l_legacy,0,family_leak,control,0.8385796739731306,810,,family_9d706bbe5906e6bc,93
transformer_l_legacy,0,family_leak,control,0.760586483176875,13562,,family_bb5eaea47e3db521,158
transformer_l_legacy,0,family_leak,control,0.7532783838627982,10960,,family_2e23a957596c94a1,452
transformer_l_legacy,0,family_leak,control,1.099002363965797,1318,,family_190ff6b8b86c31bd,387
transformer_l_legacy,0,family_leak,control,0.8346966609054273,22265,,family_1dbac5e5dc15225e,284
transformer_l_legacy,0,family_leak,control,1.1570196959099812,10659,,family_d12ec1205e2b38f3,258
transformer_l_legacy,0,family_leak,control,1.0860504709239711,939,,family_fe64b9392ac59945,54
transformer_l_legacy,0,family_leak,control,0.7383519366860993,593,,family_cb8273cf04ee6422,58
transformer_l_legacy,0,family_leak,control,0.8529080557900661,10770,,family_52fcc2a430ac1dfe,46
transformer_l_legacy,0,family_leak,control,1.179248487778526,48634,,family_d73cd491d1cc376e,313
transformer_l_legacy,0,family_leak,control,0.1789637878537178,402,,family_896e6058475d85c2,504
transformer_l_legacy,0,family_leak,control,0.7953587770462036,271,,family_dc605f4c0311b69b,77
transformer_l_legacy,0,family_leak,control,0.8070971965789795,418,,family_9d9014958e229b26,71
transformer_l_legacy,0,family_leak,control,0.5610813241899888,3410,,family_8cba6a895a1eda02,353
transformer_l_legacy,0,family_leak,control,0.662441352643197,7782,,family_f139578e4dab698a,80
transformer_l_legacy,0,family_leak,control,0.5669525882847044,8966,,family_6d75ac5f58d11f18,217
transformer_l_legacy,0,family_leak,control,0.6730352644832971,6494,,family_5990a7393b1bfc0a,31
transformer_l_legacy,0,family_leak,control,1.0561856853151785,1854,,family_284fbbf34df3f7e8,100
transformer_l_legacy,0,family_leak,control,0.9088925302654609,857,,family_b49585225cf5c0d6,558
transformer_l_legacy,0,family_leak,control,0.6230824762072787,6393,,family_f5c26ed350b4ab73,37
transformer_l_legacy,0,family_leak,control,1.0771310965820258,8674,,family_bfddaa9b983612cd,667
transformer_l_legacy,0,family_leak,control,0.742776592040062,2500,,family_d1efa3da7bf90eef,672
transformer_l_legacy,0,family_leak,control,0.9371808514802857,3281,,family_e27845ea1d3c17f5,418
transformer_l_legacy,0,family_leak,control,0.8066627979278564,41,,family_b7f94b3542a0da7d,609
transformer_l_legacy,0,family_leak,control,0.7007307602758995,12830,,family_73ee2da564c3d39b,462
transformer_l_legacy,0,family_leak,control,0.7890737642386692,4101,,family_7b40d80764230547,533
transformer_l_legacy,0,family_leak,control,0.4510588411195397,9640,,family_d14815f8add032f5,508
transformer_l_legacy,0,family_leak,control,0.5073184795733634,9584,,family_998e2240a156ecdd,138
transformer_l_legacy,0,family_leak,control,1.0263773202896118,186,,family_38899c6e7a885c05,110
transformer_l_legacy,0,family_leak,control,0.73987281330115,3903,,family_fcc0832c532eec68,188
transformer_l_legacy,0,family_leak,control,0.6469556985014481,1181,,family_a6a06fcf0eb60a8c,579
transformer_l_legacy,0,family_leak,control,1.3358387198963548,48390,,family_70cece08fb91854c,12
transformer_l_legacy,0,family_leak,control,0.942521039937173,503,,family_4b94b213c3d4fa08,168
transformer_l_legacy,0,family_leak,control,0.8860354789648595,12892,,family_0a7cb9ca8662c54b,551
transformer_l_legacy,0,family_leak,control,0.5180928707122803,356,,family_f38ebbcef90914e9,8
transformer_l_legacy,0,family_leak,control,0.9793189275645449,2004,,family_fc2ade3f73bf052f,380
transformer_l_legacy,0,family_leak,control,0.8470710515975952,502,,family_2e9be0de8753a286,203
transformer_l_legacy,0,family_leak,control,0.6751629478300959,987,,family_b0b662377a329d27,581
transformer_l_legacy,0,family_leak,control,0.9311701059341431,356,,family_28e240b156c54585,629
transformer_l_legacy,0,family_leak,control,1.1440611072036535,12262,,family_b285992ddbc1ba24,81
transformer_l_legacy,0,family_leak,control,1.2961868117114026,29811,,family_941fe9b7f6e42836,62
transformer_l_legacy,0,family_leak,control,1.3623537377100854,1702,,family_7e5d0f85c7938ae7,245
transformer_l_legacy,0,family_leak,control,1.1450724535055095,2717,,family_ade1acf63d403dff,102
transformer_l_legacy,0,family_leak,control,0.8084153333837826,6022,,family_eb75a33dade5cdeb,678
transformer_l_legacy,0,family_leak,control,0.8856525373989337,1618,,family_236c05b0b6b045cb,143
transformer_l_legacy,0,family_leak,control,0.7988153783373412,669,,family_707a4103f358feb3,288
transformer_l_legacy,0,family_leak,control,0.20456631481647491,96,,family_21b728ec668b432d,631
transformer_l_legacy,0,family_leak,control,0.6321426294436865,849,,family_7df5e4cd2001efeb,612
transformer_l_legacy,0,family_leak,control,0.7723979009328557,8476,,family_5cdee57343206eb1,13
transformer_l_legacy,0,family_leak,control,0.9458611811284965,708,,family_fbb60f07539bf74a,283
transformer_l_legacy,0,family_leak,control,0.8175713573183332,945,,family_52d508d06e660fb2,122
transformer_l_legacy,0,family_leak,control,0.8271016916783505,10036,,family_24c49b2dbbea0ff6,322
transformer_l_legacy,0,family_leak,control,0.5896857276379609,4073,,family_a3988b9597f6817f,571
transformer_l_legacy,0,family_leak,control,1.1898926813434483,12548,,family_4a8fbe9c547e5ce4,98
transformer_l_legacy,0,family_leak,control,0.46689191460609436,216,,family_51048182ed7b4454,512
transformer_l_legacy,0,family_leak,control,0.5124516487121582,186,,family_7224c63d7d5f2b96,262
transformer_l_legacy,0,family_leak,control,0.597658634185791,181,,family_643cfac776d5dea8,683
transformer_l_legacy,0,family_leak,control,0.25847363423345693,12040,,family_619fe82eb42ec462,209
transformer_l_legacy,0,family_leak,control,0.9336972402934575,4835,,family_9b1625bc030f3790,79
transformer_l_legacy,0,family_leak,control,0.72839435781341,10375,,family_edc93bd478511702,202
transformer_l_legacy,0,family_leak,control,0.9337238073348999,276,,family_7acbab6855200014,51
transformer_l_legacy,0,family_leak,control,0.6874097144061869,660,,family_db6f9992bb16df2a,126
transformer_l_legacy,0,family_leak,control,0.8198308665543838,2812,,family_b2aa288c70165e5f,70
transformer_l_legacy,0,family_leak,control,0.6966975230161764,6995,,family_cc532019d574a61c,655
transformer_l_legacy,0,family_leak,control,0.9618228751294157,940,,family_b16072295921a493,357
transformer_l_legacy,0,family_leak,control,0.7238889430373845,966,,family_b4b1c2ecb31b907a,315
transformer_l_legacy,0,family_leak,control,0.9653227487070776,15485,,family_0d4a945b85bbaaba,370
transformer_l_legacy,0,family_leak,control,0.8559968561365537,3868,,family_97b8d4d98ee960bf,557
transformer_l_legacy,0,family_leak,control,0.5579467078596001,3384,,family_f7a86802e4f557fd,235
transformer_l_legacy,0,family_leak,control,0.7498402844124992,3347,,family_e0c21fc7c10d2034,430
transformer_l_legacy,0,family_leak,control,0.6141975013449368,4396,,family_d5bc4e01b0b8bac6,111
transformer_l_legacy,0,family_leak,control,0.6200407818554473,1754,,family_57eac865a7f36b7c,323
transformer_l_legacy,0,family_leak,control,0.7864258914488215,1495,,family_96a402e381d595c2,42
transformer_l_legacy,0,family_leak,control,0.6480031403211447,910,,family_0753f5ee1792042c,330
transformer_l_legacy,0,family_leak,control,1.3872341304975317,5656,,family_f170aad69aff7478,364
transformer_l_legacy,0,family_leak,control,0.615178172372324,4216,,family_731071db0d9fbdbe,386
transformer_l_legacy,0,family_leak,control,0.8146663750759521,9071,,family_4582dbaeae746fdb,311
transformer_l_legacy,0,family_leak,control,0.7701427404233662,3601,,family_37f5f4cedb55aeea,383
transformer_l_legacy,0,family_leak,control,0.6765599417446498,5862,,family_f5b2bdc32c7d9391,603
transformer_l_legacy,0,family_leak,control,0.7932474074676691,518,,family_5c7b977277b847b2,690
transformer_l_legacy,0,family_leak,control,0.8261514457442296,3154,,family_c35a6abc1d407f4a,694
transformer_l_legacy,0,family_leak,control,1.095644042210237,3792,,family_e7af2e4cd0151c75,156
transformer_l_legacy,0,family_leak,control,1.2230764638689577,849,,family_16c1d42e507896a8,240
transformer_l_legacy,0,family_leak,control,0.508958044842089,14431,,family_b387fed6ef4479f5,399
transformer_l_legacy,0,family_leak,control,0.5036112731144887,7073,,family_5d24c227f0462f74,439
transformer_l_legacy,0,family_leak,control,1.1484269621987013,3180,,family_37347c6729a17ba5,274
transformer_l_legacy,0,family_leak,control,0.5854133760105263,1201,,family_31b6d88b207ec253,27
transformer_l_legacy,0,family_leak,control,0.5133744952901125,7224,,family_4694d2838960b723,224
transformer_l_legacy,0,family_leak,control,1.0623528690913977,7552,,family_e0952099c8a720c3,570
transformer_l_legacy,0,family_leak,control,0.5388872027397156,256,,family_c59f3ed95a508878,595
transformer_l_legacy,0,family_leak,control,0.7589580155990506,4574,,family_4cb23b14e3d36b0d,57
transformer_l_legacy,0,family_leak,control,0.4816098688170314,544,,family_aebb5b803b4c0278,208
transformer_l_legacy,0,family_leak,control,0.650922954082489,412,,family_71e38421debc9320,159
transformer_l_legacy,0,family_leak,control,0.7634842571466806,1257,,family_d4e91cd391597bfb,377
transformer_l_legacy,0,family_leak,control,0.6237119324836957,337,,family_a458e18ffb59cdc5,670
transformer_l_legacy,0,family_leak,control,1.0164906630094424,5519,,family_47ba9ddc476931a4,621
transformer_l_legacy,0,family_leak,control,0.7918572652725714,3121,,family_f95fe97783adac95,52
transformer_l_legacy,0,family_leak,control,1.134509071024186,3488,,family_dc0b5179722e8fe5,61
transformer_l_legacy,0,family_leak,control,0.7510642323680098,1204,,family_e4b55ba694cc08da,597
transformer_l_legacy,0,family_leak,control,1.2452427838862425,10856,,family_85905b5b7536d21a,124
transformer_l_legacy,0,family_leak,control,0.9414293715494381,2029,,family_19989c971f68ce4b,501
transformer_l_legacy,0,family_leak,control,1.0861562509820653,739,,family_59bfc8c37fa36b20,599
transformer_l_legacy,0,family_leak,control,0.643293335649129,7902,,family_f84e475cf4f80566,584
transformer_l_legacy,0,family_leak,control,0.6665879623726271,3715,,family_4dadeb8474fe8ff9,10
transformer_l_legacy,0,family_leak,control,0.7392063055408316,7658,,family_907fa6edb24e0ed3,440
transformer_l_legacy,0,family_leak,control,0.4506678407362594,2631,,family_0d0b16856dabcffa,128
transformer_l_legacy,0,family_leak,control,0.8156734259722737,9510,,family_e5b3c0aff0dd05ec,187
transformer_l_legacy,0,family_leak,control,1.1068789728918904,8105,,family_eefe9fe6b23e51c4,88
transformer_l_legacy,0,family_leak,control,0.7092088378214266,6731,,family_b673e0fc724a479d,112
transformer_l_legacy,0,family_leak,control,0.7504924363193085,3392,,family_e07911eb7022fd85,193
transformer_l_legacy,0,family_leak,control,2.018161370147089,161,,family_b207295fbdf40272,684
transformer_l_legacy,0,family_leak,control,0.6599940960207253,11873,,family_de9c72ef62ac72df,74
transformer_l_legacy,0,family_leak,control,0.8219525832020833,3517,,family_aa86dc70aa03289b,35
transformer_l_legacy,0,family_leak,control,0.7501956196627075,3793,,family_2f904d1499c3c221,412
transformer_l_legacy,0,family_leak,control,0.6302255992672203,1899,,family_7ea59bf5d40f5c4f,375
transformer_l_legacy,0,family_leak,control,0.6580506284683917,5771,,family_1ed29ad6679ffb57,553
transformer_l_legacy,0,family_leak,control,1.3284004461806742,20130,,family_cedb480383e32e92,645
transformer_l_legacy,0,family_leak,control,0.8810729569360825,5956,,family_c676713b17e94995,515
transformer_l_legacy,0,family_leak,control,0.6678786414292838,4820,,family_ab81517fb265a914,236
transformer_l_legacy,0,family_leak,control,0.8831038248927697,2760,,family_a3a83feb27470fd8,536
transformer_l_legacy,0,family_leak,control,0.8189485490895234,2600,,family_8da1a87adf970316,341
transformer_l_legacy,0,family_leak,control,1.0983149147569293,11084,,family_48362ee4e66fbdca,221
transformer_l_legacy,0,family_leak,control,0.6795771656892239,624,,family_16727aa87b392f1f,30
transformer_l_legacy,0,family_leak,control,0.5728521431587815,5746,,family_8b45b52019b254b0,197
transformer_l_legacy,0,family_leak,control,0.9377741693404062,8431,,family_ec04895340d4fdc3,350
transformer_l_legacy,0,family_leak,control,1.0677152829363168,865,,family_73822ea66fa7eeb0,448
transformer_l_legacy,0,family_leak,control,0.6393146882299938,4626,,family_e8b54594efd4b9e6,107
transformer_l_legacy,0,family_leak,control,1.577713606566962,4714,,family_7cc11ff05363ef06,335
transformer_l_legacy,0,family_leak,control,0.8238466182160129,2013,,family_ab3d2680525ee608,191
transformer_l_legacy,0,family_leak,control,1.5233646857350933,18363,,family_11328ccfc215dfa8,390
transformer_l_legacy,0,family_leak,control,1.2947267282943826,3418,,family_845d068ba0824cf7,443
transformer_l_legacy,0,family_leak,control,0.509368853480403,6120,,family_1e46a30df40c6200,692
transformer_l_legacy,0,family_leak,control,0.5737275719935536,1221,,family_e3d7b72a268ee197,144
transformer_l_legacy,0,family_leak,control,0.4682744554607446,10890,,family_bc785f448eebf656,546
transformer_l_legacy,0,family_leak,control,1.1760315380082926,353,,family_acb335d44fa9df56,349
transformer_l_legacy,0,family_leak,control,1.2070183737566635,2544,,family_b9da95162a284b4f,298
transformer_l_legacy,0,family_leak,control,0.7842892408370972,226,,family_97ecb02c814c9745,63
transformer_l_legacy,0,family_leak,control,0.8317060196607958,1202,,family_2c0b8c4f2526d835,394
transformer_l_legacy,0,family_leak,control,0.7318761365520977,2555,,family_78bbff520ba07726,178
transformer_l_legacy,0,family_leak,control,0.7352709961855064,4833,,family_9c778dc897506350,685
transformer_l_legacy,0,family_leak,control,0.7641443264248088,6356,,family_28fe60087b2cd721,332
transformer_l_legacy,0,family_leak,control,0.5433862580546154,12523,,family_0431bffd214ca7bc,257
transformer_l_legacy,0,family_leak,control,0.7166225668277627,5396,,family_c0f46844b9a3878a,542
transformer_l_legacy,0,family_leak,control,0.6698083618412847,759,,family_97885d2353dfa64d,441
transformer_l_legacy,0,family_leak,control,0.9080467853653297,267,,family_09c83fb2711d64d5,564
transformer_l_legacy,0,family_leak,control,0.9070950544783104,15333,,family_a48d659018922846,497
transformer_l_legacy,0,family_leak,control,1.1946793084829683,2798,,family_d52dd246b31007f3,548
transformer_l_legacy,0,family_leak,control,1.1173531975822344,9826,,family_2acca371576a6fd6,363
transformer_l_legacy,0,family_leak,control,1.0504249799525032,16826,,family_08689d6c3fd6e06a,279
transformer_l_legacy,0,family_leak,control,0.9922934280359282,1211,,family_65831b5b1b3a29fa,582
transformer_l_legacy,0,family_leak,control,1.099152424876843,872,,family_82bd7085a31a7554,147
transformer_l_legacy,0,family_leak,control,0.6271768808364868,327,,family_c88efe0ec26b43e3,372
transformer_l_legacy,0,family_leak,control,0.9295583681105086,2254,,family_f45bf2582f059a32,406
transformer_l_legacy,0,family_leak,control,0.7919190855979547,2556,,family_35f68b61619872a8,172
transformer_l_legacy,0,family_leak,control,1.5882437229156494,131,,family_840a6921e02d98c7,157
transformer_l_legacy,0,family_leak,control,0.7336280732801579,5574,,family_07b4a78bd4df5db4,657
transformer_l_legacy,0,family_leak,control,0.6383866259037074,11925,,family_b520ad73480ac213,541
transformer_l_legacy,0,family_leak,control,0.8659206985506772,1554,,family_06501bb82c35d53d,354
transformer_l_legacy,0,family_leak,control,0.7126157362468614,2852,,family_43b744922bc6a2b7,682
transformer_l_legacy,0,family_leak,control,0.4334418104708563,1296,,family_08cdd9141b42b8a6,225
transformer_l_legacy,0,family_leak,control,1.188763666399807,3477,,family_8dd64a20ac498091,194
transformer_l_legacy,0,family_leak,control,0.9196129241939608,2796,,family_8a75620caa46a4bb,320
transformer_l_legacy,0,family_leak,control,0.48509606117502263,2834,,family_7133a47758bc1e83,588
transformer_l_legacy,0,family_leak,control,1.0123480558395386,388,,family_7674fcfd8eb0f8a6,365
transformer_l_legacy,0,family_leak,control,0.9955278017865214,734,,family_b16129a99034b8c9,498
transformer_l_legacy,0,family_leak,control,0.7470063257616586,3285,,family_9a211141e0be1d71,358
transformer_l_legacy,0,family_leak,control,0.7964859391586072,10652,,family_ad2b3cd2ed862d0c,389
transformer_l_legacy,0,family_leak,control,0.9201196891546122,1863,,family_705c36bdf218eff1,222
transformer_l_legacy,0,family_leak,clean_validation,0.9090549722513273,1121,,family_506bf4406cb0d194,321
transformer_l_legacy,0,family_leak,clean_validation,0.5788396974404653,1035,,family_8c2d85eda3c6c0af,565
transformer_l_legacy,0,family_leak,clean_validation,0.5930430276174348,7667,,family_53d69e3df7c4019e,382
transformer_l_legacy,0,family_leak,clean_validation,1.109242538314938,1543,,family_0682993cd6dae2ed,549
transformer_l_legacy,0,family_leak,clean_validation,1.0164510783122735,367,,family_c2107d3bea36abf9,72
transformer_l_legacy,0,family_leak,clean_validation,1.209940915943211,2106,,family_13ece3a8f78f89a2,625
transformer_l_legacy,0,family_leak,clean_validation,0.7410190105438232,301,,family_7535ae77a17dc02e,301
transformer_l_legacy,0,family_leak,clean_validation,0.7137678485390142,282,,family_fa76be46983f7f33,530
transformer_l_legacy,0,family_leak,clean_validation,0.9127478913772364,10835,,family_cb253f56c14aaef0,1
transformer_l_legacy,0,family_leak,clean_validation,0.9992253492731566,2180,,family_3e4cb248c8f64e86,86
transformer_l_legacy,0,family_leak,clean_validation,0.6329639554023743,216,,family_8b8ebcd5a49b5c95,447
transformer_l_legacy,0,family_leak,clean_validation,0.7015062380469014,4678,,family_3cd795074901ac53,460
transformer_l_legacy,0,family_leak,clean_validation,1.4103776282349298,688,,family_94d17723c53c0857,457
transformer_l_legacy,0,family_leak,clean_validation,0.3853577739191225,1686,,family_b3d7700f2724b4da,151
transformer_l_legacy,0,family_leak,clean_validation,0.5430723830025462,4418,,family_200325224f3118ec,131
transformer_l_legacy,0,family_leak,clean_validation,0.86438146123918,598,,family_a2007ec7c2f39458,409
transformer_l_legacy,0,family_leak,clean_validation,0.7942303458043457,2021,,family_0156d6f8bec156a8,264
transformer_l_legacy,0,family_leak,clean_validation,0.781685152368081,10470,,family_98e69521d6d5ed6a,653
transformer_l_legacy,0,family_leak,clean_validation,1.1117522041113135,1442,,family_d903612ae7a3b48e,633
transformer_l_legacy,0,family_leak,clean_validation,0.5538158967004381,8845,,family_1de7a628296b57e3,92
transformer_l_legacy,0,family_leak,clean_validation,0.7396768927574158,261,,family_9868fe525e6f6581,535
transformer_l_legacy,0,family_leak,clean_validation,0.6349551692234761,2133,,family_0f10a03796a0c09e,465
transformer_l_legacy,0,family_leak,clean_validation,0.908971448884674,4649,,family_c6a487213dca86b0,540
transformer_l_legacy,0,family_leak,clean_validation,0.8168489718887291,5403,,family_4c360aa749c4a1ef,149
transformer_l_legacy,0,family_leak,clean_validation,0.7828831718011161,28440,,family_9cec718d857c608f,115
transformer_l_legacy,0,family_leak,clean_validation,0.1693621602390412,2912,,family_156ffd19a0eec30a,598
transformer_l_legacy,0,family_leak,clean_validation,0.5593517437405738,1477,,family_e4f029933a31381d,573
transformer_l_legacy,0,family_leak,clean_validation,1.3508097752162984,13719,,family_2aeac1591f6f74ea,307
transformer_l_legacy,0,family_leak,clean_validation,0.9585873730042401,697,,family_b476be0b49274370,260
transformer_l_legacy,0,family_leak,clean_validation,0.6569189155628359,6384,,family_9d6498c1a4edbe8c,199
transformer_l_legacy,0,family_leak,clean_validation,1.0782856586319054,8797,,family_177773ab1cfd2532,630
transformer_l_legacy,0,family_leak,clean_validation,0.8381337950315306,6151,,family_1ea2a219a2bdf844,53
transformer_l_legacy,0,family_leak,clean_validation,1.1339448690414429,1692,,family_3dd1e430f3ee7446,9
transformer_l_legacy,0,family_leak,clean_validation,0.9838783740997314,256,,family_44f2b0e77f4af418,650
transformer_l_legacy,0,family_leak,clean_validation,0.554457932810036,2099,,family_620599f8e0ecd444,47
transformer_l_legacy,0,family_leak,clean_validation,0.6585728526115417,211,,family_1ddad3a2c05e2680,296
transformer_l_legacy,0,family_leak,clean_validation,1.0377086864071847,1179,,family_5174bcfb395c6c93,229
transformer_l_legacy,0,family_leak,clean_validation,0.5649607737043155,5284,,family_752e5140a83655db,560
transformer_l_legacy,0,family_leak,clean_validation,0.6624692329662836,4491,,family_ad503dfcc1e63e96,239
transformer_l_legacy,0,family_leak,clean_validation,0.9406532994760286,2725,,family_af0d017372cb2ffa,643
transformer_l_legacy,0,family_leak,clean_validation,0.8621881558148632,15417,,family_83ead3d96159a25d,395
transformer_l_legacy,0,family_leak,clean_validation,1.140037960113889,20099,,family_03bc829a418eac27,459
transformer_l_legacy,0,family_leak,clean_validation,0.7001302664643092,2869,,family_312947f388fcd367,638
transformer_l_legacy,0,family_leak,clean_validation,0.7892902013784915,1378,,family_b0968c9d92a309da,302
transformer_l_legacy,0,family_leak,clean_validation,0.64263700350607,3434,,family_044026fc250ea949,437
transformer_l_legacy,0,family_leak,clean_validation,0.9015244483947754,2460,,family_a77741e8f387ba1b,154
transformer_l_legacy,0,family_leak,clean_validation,1.0830994744726272,1076,,family_e994803a7b762aa2,410
transformer_l_legacy,0,family_leak,clean_validation,1.2211316664708207,7611,,family_6417dd72b6af3eda,404
transformer_l_legacy,0,family_leak,clean_validation,1.0088068420946776,14317,,family_0bab43cce14a333d,471
transformer_l_legacy,0,family_leak,clean_validation,0.23869024127927635,1303,,family_9cc0d2dc7c97039d,213
transformer_l_legacy,0,family_leak,clean_validation,0.5357999882219474,2182,,family_82a4b79ac7e84a17,200
transformer_l_legacy,0,family_leak,clean_validation,1.0786514500488564,13780,,family_f4cb6b9481320847,371
transformer_l_legacy,0,family_leak,clean_validation,0.7061083118170204,4024,,family_5bd01148f60d04e0,120
transformer_l_legacy,0,family_leak,clean_validation,0.43580303744620263,1806,,family_17daca9afdd839fe,568
transformer_l_legacy,0,family_leak,clean_validation,0.9595164601244448,538,,family_276804a34673f756,304
transformer_l_legacy,0,family_leak,clean_validation,1.0185853730900838,5998,,family_92b0513dee6f07dd,25
transformer_l_legacy,0,family_leak,clean_validation,0.6456270797021223,1092,,family_9b1a4d796317c86e,613
transformer_l_legacy,0,family_leak,clean_validation,1.002911380014862,2523,,family_7cf31d6371e489fd,48
transformer_l_legacy,0,family_leak,clean_validation,0.9485124845653018,2766,,family_705d9aa21ef59c14,339
transformer_l_legacy,0,family_leak,clean_validation,0.8133923971834902,8912,,family_e7a8a4c136ad4c88,334
transformer_l_legacy,0,family_leak,clean_validation,0.2621790295757285,654,,family_2cd67233ffc8de8d,587
transformer_l_legacy,0,family_leak,clean_validation,0.8300057153309628,4195,,family_61367478b0d50a39,360
transformer_l_legacy,0,family_leak,clean_validation,1.2571604199102524,5468,,family_6a5eb7c975a3a6a8,73
transformer_l_legacy,0,family_leak,clean_validation,0.6977467992692091,3567,,family_e9c05c6e37633fe0,500
transformer_l_legacy,0,family_leak,clean_validation,0.9899397510746473,8451,,family_8209ef2211a8fa80,662
transformer_l_legacy,0,family_leak,clean_validation,0.817964691621192,1880,,family_534587ddf3c590a6,507
transformer_l_legacy,0,family_leak,clean_validation,0.6154685517121664,13034,,family_88000d4a34b43f6f,109
transformer_l_legacy,0,family_leak,clean_validation,0.7706021070480347,357,,family_09ba6788519a60f2,293
transformer_l_legacy,0,family_leak,clean_validation,0.7549542815633159,3111,,family_3297a1612112b3a9,99
transformer_l_legacy,0,family_leak,clean_validation,0.7493882013678598,5018,,family_77156022943ef360,516
transformer_l_legacy,0,family_leak,clean_validation,0.5883367227219598,7328,,family_843eb0e7d3797357,673
transformer_l_legacy,0,family_leak,clean_validation,1.1265635932065163,3015,,family_e3e1e8490f43c6b7,67
transformer_l_legacy,0,family_leak,clean_validation,0.4629200836109267,1377,,family_33bc1bfb24a91122,238
transformer_l_legacy,0,family_leak,clean_validation,0.6132828593254089,201,,family_cef9e09ff37dd808,56
transformer_l_legacy,0,family_leak,clean_validation,0.8522900388712381,5248,,family_85be83889927906f,367
transformer_l_legacy,0,family_leak,clean_validation,1.1492286449784685,1727,,family_933c96d2bfde210b,303
transformer_l_legacy,0,family_leak,clean_validation,1.164462145785712,10048,,family_113476d14044fff1,478
transformer_l_legacy,0,family_leak,clean_validation,1.001588145451063,15822,,family_b2cc89a22bd3650f,259
transformer_l_legacy,0,family_leak,clean_validation,0.5974623348135092,14004,,family_009b778c57456b7a,244
transformer_l_legacy,0,family_leak,clean_validation,0.587222357136594,1902,,family_38ceea7c76f255b3,343
transformer_l_legacy,0,family_leak,clean_validation,0.8663769960403442,442,,family_7a48a7509f2ed688,646
transformer_l_legacy,0,family_leak,clean_validation,1.278883411525553,11424,,family_a9e91a290c2b5c30,651
transformer_l_legacy,0,family_leak,clean_validation,0.5755489420389153,3612,,family_b22cb24378dd7aaa,550
transformer_l_legacy,0,family_leak,clean_validation,0.8299835924883835,1179,,family_bdd6debf555477b4,78
transformer_l_legacy,0,family_leak,clean_validation,0.39722918164619425,2478,,family_d997865401469e31,454
transformer_l_legacy,0,family_leak,clean_validation,0.6032423833508055,14923,,family_1a70716ad19cc9d6,328
transformer_l_legacy,0,family_leak,clean_validation,0.8048361928512985,7486,,family_cbf8d1e12b32df90,586
transformer_l_legacy,0,family_leak,clean_validation,1.7295502424240112,102,,family_1423635df94c5343,577
transformer_l_legacy,0,family_leak,clean_validation,1.4022971980429695,6210,,family_5ec977e50f88a732,635
transformer_l_legacy,0,family_leak,clean_validation,1.36770498752594,46,,family_13449e7cf493b2f6,192
transformer_l_legacy,0,family_leak,clean_validation,1.064602623021183,1619,,family_fb7471c20f2b4aed,218
transformer_l_legacy,0,family_leak,clean_validation,1.109422696431478,1425,,family_502f200f3e0313b3,374
transformer_l_legacy,0,family_leak,clean_validation,0.951904178584513,5579,,family_06f033ae1dede60a,166
transformer_l_legacy,0,family_leak,clean_validation,0.4635801984878265,3871,,family_d5bc99ec8cbbe193,352
transformer_l_legacy,0,family_leak,clean_validation,0.936104207736621,844,,family_a913d556915e01ff,319
transformer_l_legacy,0,family_leak,clean_validation,0.9873866438865662,462,,family_26d482864d00ab2a,453
transformer_l_legacy,0,family_leak,clean_validation,0.8006523685752843,593,,family_9e1b57363d3766ce,356
transformer_l_legacy,0,family_leak,clean_validation,1.0836350865020585,20615,,family_b4dc091216fd58c5,32
transformer_l_legacy,0,family_leak,clean_validation,0.7026298026220165,839,,family_dd4daa9a12128180,256
transformer_l_legacy,0,family_leak,clean_validation,0.6916858021795846,12260,,family_6e4ca288c20596c8,249
transformer_l_legacy,0,family_leak,clean_validation,0.8539370979485509,7092,,family_eb607bef12aaa172,502
transformer_l_legacy,0,family_leak,clean_validation,0.9559882319117167,498,,family_04b84faa8791236a,487
transformer_l_legacy,0,family_leak,clean_validation,0.9652536656090361,2505,,family_d3c3ffd4bf041662,85
transformer_l_legacy,0,family_leak,clean_validation,1.2108134465645175,2643,,family_d204b7d342411c5e,677
transformer_l_legacy,0,family_leak,clean_validation,1.2848852742422405,49132,,family_82c86f72a6ba2d05,680
transformer_l_legacy,0,family_leak,clean_validation,1.558892401547208,9141,,family_213ae165418380ad,206
transformer_l_legacy,0,family_leak,clean_validation,0.8139609694480896,206,,family_b4ad6d59b30dc431,658
transformer_l_legacy,0,family_leak,clean_validation,0.8833815497619093,5751,,family_66bfed3171c47d48,308
transformer_l_legacy,0,family_leak,clean_validation,0.7663269618496387,1191,,family_1042e6cfc0da940b,561
transformer_l_legacy,0,family_leak,clean_validation,0.6688565772853485,1825,,family_1b004e877fd9c150,444
transformer_l_legacy,0,family_leak,clean_validation,0.5925042026437821,3043,,family_cd0df1b5c356cfbf,40
transformer_l_legacy,0,family_leak,clean_validation,0.5090496906934003,6195,,family_87bb078a1609e1d4,594
transformer_l_legacy,0,family_leak,clean_validation,0.37289607878215403,5398,,family_365ed3f794ae6917,636
transformer_l_legacy,0,family_leak,clean_validation,0.7582774503294386,5270,,family_64aded009d0aa19d,252
transformer_l_legacy,0,family_leak,clean_validation,1.4176230430603027,126,,family_62119591a5d0e802,591
transformer_l_legacy,0,family_leak,clean_validation,0.9549563345156218,1425,,family_2573c0454c4f3b47,170
transformer_l_legacy,0,family_leak,clean_validation,0.9522686647932704,3936,,family_784552c59e6cde90,116
transformer_l_legacy,0,family_leak,clean_validation,0.7953518984708499,8970,,family_a0873d1045e6de73,179
transformer_l_legacy,0,family_leak,clean_validation,0.8457812666893005,261,,family_d7f647fc704e4090,503
transformer_l_legacy,0,family_leak,clean_validation,0.7283742427825928,582,,family_de177b5bfd3b4ad4,36
transformer_l_legacy,0,family_leak,clean_validation,1.0977956056594849,271,,family_57d0908d211a3aeb,446
transformer_l_legacy,0,family_leak,clean_validation,0.5242041945457458,221,,family_5f8fbce42478804e,652
transformer_l_legacy,0,family_leak,clean_validation,1.1941043100957796,2286,,family_48d0cb7d67246d93,483
transformer_l_legacy,0,family_leak,clean_validation,0.7332204198558195,598,,family_9f0867df23aab646,64
transformer_l_legacy,0,family_leak,clean_validation,0.7004632224959711,1550,,family_60fbccdcfac8d45f,201
transformer_l_legacy,0,family_leak,clean_validation,0.7028408489100711,3993,,family_222129623ae1d868,331
transformer_l_legacy,0,family_leak,clean_validation,1.228494710899426,3553,,family_d12ec4943d04fda6,381
transformer_l_legacy,0,family_leak,clean_validation,1.1416041851043701,613,,family_ca5f7811310d4979,421
transformer_l_legacy,0,family_leak,clean_validation,0.931215864253496,8917,,family_1a9b3b213cd3f0fe,289
transformer_l_legacy,0,family_leak,clean_validation,1.2185272454971672,6357,,family_8597a33e1a97ed61,234
transformer_l_legacy,0,family_leak,clean_validation,0.6700498461723328,331,,family_34fbf3c76cd35578,445
transformer_l_legacy,0,family_leak,clean_validation,1.2502934186184993,1525,,family_064fc18d23d7f6e0,171
transformer_l_legacy,0,family_leak,clean_validation,0.5970285003420759,13091,,family_1cb15a71042b13f5,469
transformer_l_legacy,0,family_leak,clean_validation,0.6737426316853866,412,,family_e6b4aacd5803536e,674
transformer_l_legacy,0,family_leak,clean_validation,0.81714488729813,2764,,family_387cf57640b6d8de,4
transformer_l_legacy,0,family_leak,clean_validation,0.8975915507141954,15176,,family_2decb8320f2dfd02,113
transformer_l_legacy,0,family_leak,clean_validation,1.7318367354127993,15931,,family_ac0f9bcdce618038,518
transformer_l_legacy,0,family_leak,clean_validation,0.8172825574874878,221,,family_59a690110c469b8f,282
transformer_l_legacy,0,family_leak,clean_validation,0.8804935216903687,177,,family_242be05bb379eeaa,486
transformer_l_legacy,0,family_leak,clean_validation,1.0346653461456299,291,,family_8adbaad5b4f10b73,250
transformer_l_legacy,0,family_leak,clean_validation,0.8104759414521334,5841,,family_e7650acc72c99e33,285
transformer_l_legacy,0,family_leak,clean_validation,1.2321290814772266,2629,,family_cc51c1d0bd72fc52,517
transformer_l_legacy,0,family_leak,clean_validation,0.6125803589820862,271,,family_1fc3e8d69842199a,346
transformer_l_legacy,0,family_leak,clean_validation,0.6669187313154977,6498,,family_44bf22828218a5dc,223
transformer_l_legacy,0,family_leak,clean_validation,1.517393299723356,1045,,family_423514ea82205c90,118
transformer_l_legacy,0,family_leak,clean_validation,0.8324041375436372,11303,,family_d065b978d8d6363c,233
transformer_l_legacy,0,family_leak,clean_validation,0.5819002785174259,13543,,family_34c0276853df68f6,592
transformer_l_legacy,0,family_leak,clean_validation,0.5887960494510711,1260,,family_1086f01990d35911,161
transformer_l_legacy,0,family_leak,clean_validation,0.690115632463057,6524,,family_272ea12129852d21,83
transformer_l_legacy,0,family_leak,clean_validation,0.49668874803068336,458,,family_ab58c5df98c64c96,242
transformer_l_legacy,0,family_leak,clean_validation,0.3912459594014965,6518,,family_05ac1b1c30b4cc2e,514
transformer_l_legacy,0,family_leak,clean_validation,1.283660904767841,20441,,family_57e56909cbd77983,472
transformer_l_legacy,0,family_leak,clean_validation,0.38300421833992004,201,,family_5dd2a8be853b78e8,22
transformer_l_legacy,0,family_leak,clean_validation,1.000615201183948,1856,,family_9830d264b28c22a3,68
transformer_l_legacy,0,family_leak,clean_validation,0.4970676600933075,196,,family_142c201c93af1056,55
transformer_l_legacy,0,family_leak,clean_validation,0.9668627258507281,859,,family_8dee2f974b6e774e,17
transformer_l_legacy,0,family_leak,clean_validation,0.7291295547462147,7603,,family_1714b2bcb66f3a32,411
transformer_l_legacy,0,family_leak,clean_validation,1.0841726590309464,4503,,family_0b7033c8335243d6,210
transformer_l_legacy,0,family_leak,clean_validation,1.3070926295210472,30865,,family_f7fc3a6587acd552,669
transformer_l_legacy,0,family_leak,clean_validation,0.6916192965370028,1318,,family_3073b2c859362b6b,537
transformer_l_legacy,0,family_leak,clean_validation,1.0749081373214722,682,,family_1022f1461ea02448,297
transformer_l_legacy,0,family_leak,clean_validation,0.8557784557342529,101,,family_ccc461da40d9ac0d,420
transformer_l_legacy,0,family_leak,clean_validation,1.1920018429234909,6806,,family_4c7eec40a9857f16,668
transformer_l_legacy,0,family_leak,clean_validation,0.419903597842645,1856,,family_ea447f225e37bcff,496
transformer_l_legacy,0,family_leak,clean_validation,1.662311758401771,7555,,family_3335e158c995dd8a,148
transformer_l_legacy,0,family_leak,clean_validation,1.0428401449868794,12481,,family_d521b23ed1f019c7,121
transformer_l_legacy,0,family_leak,clean_validation,0.9549857177502105,5235,,family_0134076cacfda355,392
transformer_l_legacy,0,family_leak,clean_validation,1.1538849671681721,738,,family_56b2cba7fc132ef1,574
transformer_l_legacy,0,family_leak,clean_validation,0.8318646889026851,1022,,family_442e47d64373ea42,214
transformer_l_legacy,0,family_leak,clean_validation,0.7351480113747951,2076,,family_81ddae8c86d6f244,388
transformer_l_legacy,0,family_leak,clean_validation,1.0709000812870029,1191,,family_c182d668dd0813f1,368
transformer_l_legacy,0,family_leak,clean_validation,0.8768046737729924,824,,family_3619ff0a23b6cf76,583
transformer_l_legacy,0,family_leak,clean_validation,0.6836932897313464,2344,,family_8d7f055fadcc2466,554
transformer_l_legacy,0,family_leak,clean_validation,0.8251940414879897,9248,,family_47eed942bba714a7,119
transformer_l_legacy,0,family_leak,clean_validation,1.0716884136199951,331,,family_4ad0ed70281e61b7,697
transformer_l_legacy,0,family_leak,clean_validation,0.4899412993999088,1428,,family_2caaaadc23ec98ec,248
transformer_l_legacy,0,family_leak,clean_validation,0.4037830632199686,945,,family_762c3082afd0d823,337
transformer_l_legacy,0,family_leak,clean_validation,0.9879460751363541,5437,,family_fb27253a42766057,212
transformer_l_legacy,0,family_leak,clean_validation,1.1358653964095355,2371,,family_892f6f575ad06fdb,351
transformer_l_legacy,0,family_leak,clean_validation,1.0586921167373657,1200,,family_8aa0ed5e323eeb0d,195
transformer_l_legacy,0,family_leak,clean_validation,0.987856905543183,18135,,family_7069de93803bf73e,510
transformer_l_legacy,0,family_leak,clean_validation,0.6886747374849499,4240,,family_d6ff844172b34405,280
transformer_l_legacy,0,family_leak,clean_validation,0.6609479751135852,3515,,family_01939a8c620ed9e1,610
transformer_l_legacy,0,family_leak,clean_validation,0.6283332570000167,5006,,family_94b530a2eeef7b05,675
transformer_l_legacy,0,family_leak,clean_validation,0.4018532768262276,523,,family_b298a2c79b9acf61,186
transformer_l_legacy,0,family_leak,clean_validation,0.9485589959689447,6660,,family_4a86fa42bce94e67,26
transformer_l_legacy,0,family_leak,clean_validation,0.6744022369384766,497,,family_7af8a28c6e85bc8b,141
transformer_l_legacy,0,family_leak,clean_validation,1.5446999073028564,11,,family_99483ac7e710751f,175
transformer_l_legacy,0,family_leak,clean_validation,0.6773747220288876,860,,family_644383b9a5c7153d,50
transformer_l_legacy,0,family_leak,clean_validation,0.8453512932239127,714,,family_e08ea0e927cfea58,369
transformer_l_legacy,0,family_leak,clean_validation,0.8482477620732448,5217,,family_44cee7ecbafdaa0c,628
transformer_l_legacy,0,family_leak,clean_validation,0.9630039808192745,2391,,family_46ee5adc2c70d33b,312
transformer_l_legacy,0,family_leak,clean_validation,0.6294263601303101,226,,family_363f18ff9cdd663b,101
transformer_l_legacy,0,family_leak,clean_validation,0.5690130404047923,3794,,family_0f72232dcd828b96,526
transformer_l_legacy,0,family_leak,clean_validation,0.7071529199522539,2971,,family_97eeaf7b4a9c3731,434
transformer_l_legacy,0,family_leak,clean_validation,1.024151842125383,7619,,family_09e1821e1435425f,490
transformer_l_legacy,0,family_leak,clean_validation,1.2675237655639648,301,,family_3e481fb1fbc87581,596
transformer_l_legacy,0,family_leak,clean_validation,0.373410062267531,3261,,family_a43a516a7577f1ec,398
transformer_l_legacy,0,family_leak,clean_validation,0.40385133411421187,20304,,family_c70bbb1238ec368c,338
transformer_l_legacy,0,family_leak,clean_validation,1.412804320547962,14843,,family_e7c9171f786b99da,183
transformer_l_legacy,0,family_leak,clean_validation,0.796993613243103,583,,family_eac4733b2dae986d,69
transformer_l_legacy,0,family_leak,clean_validation,0.6838611522904389,10963,,family_dcee5dfcf9fc6031,489
transformer_l_legacy,0,family_leak,clean_validation,0.5844770287117247,1086,,family_ba88844813c478c8,488
transformer_l_legacy,0,family_leak,clean_validation,0.8789119941601796,3671,,family_e3b1d0c18a60396e,626
transformer_l_legacy,0,family_leak,clean_validation,0.992816372490926,2870,,family_455ecec853565931,619
transformer_l_legacy,0,family_leak,clean_validation,0.9639648199081421,291,,family_db0f95ba35a66044,329
transformer_l_legacy,0,family_leak,clean_validation,1.1478132184828236,7391,,family_f4900aed0a1c77c5,268
transformer_l_legacy,0,family_leak,clean_validation,0.6421603567167671,3814,,family_641e72e8ff1c1166,146
transformer_l_legacy,0,family_leak,clean_validation,0.9149943131819069,14163,,family_2312c27769277b81,470
transformer_l_legacy,0,family_leak,clean_validation,0.7392969377505126,3944,,family_1e6bf6c8d5b78e1a,640
transformer_l_legacy,0,family_leak,clean_validation,0.5138286457486565,7532,,family_502e6b70666e84f8,162
transformer_l_legacy,0,family_leak,clean_validation,0.8494402644900012,619,,family_a55f889fcbd8ead5,59
transformer_l_legacy,0,family_leak,clean_validation,0.643089771270752,487,,family_d9ef2ad04ba5030a,94
transformer_l_legacy,0,family_leak,clean_validation,1.0383016986483558,3740,,family_6ecb17a2196b524b,216
transformer_l_legacy,0,family_leak,clean_validation,0.5987518121844169,21036,,family_6eb33acc697900b1,189
transformer_l_legacy,0,family_leak,clean_validation,0.6774911516069388,15489,,family_71038ecc81cc310d,567
transformer_l_legacy,0,family_leak,clean_validation,0.8779629913062712,7528,,family_43d070bb1d4728eb,436
transformer_l_legacy,0,family_leak,clean_validation,0.8208673874479603,4143,,family_e943e5ae3161e964,215
transformer_l_legacy,0,family_leak,clean_validation,1.0361907611248187,1639,,family_977c404bc438de36,129
transformer_l_legacy,0,family_leak,clean_validation,0.8884706661519578,1654,,family_eb05ccf771a0f6fa,167
transformer_l_legacy,0,family_leak,clean_validation,0.6452185758431994,658,,family_f76575f43ce9f715,211
transformer_l_legacy,0,family_leak,clean_validation,0.9740399122238159,126,,family_c44c8014b64e9662,271
transformer_l_legacy,0,family_leak,clean_validation,1.0903067866715115,1615,,family_db3db1576a406cc8,647
transformer_l_legacy,0,family_leak,clean_validation,0.7020268620589859,3001,,family_74d6ca4f4b3ca714,198
transformer_l_legacy,0,family_leak,clean_validation,1.1369685713332032,13326,,family_e28197e9cf6fc68d,82
transformer_l_legacy,0,family_leak,clean_validation,1.1779510420947932,5959,,family_1bbcc4218f93ca73,585
transformer_l_legacy,0,family_leak,clean_validation,0.46167464616670423,5926,,family_6efa1cacb9ad3d66,450
transformer_l_legacy,0,family_leak,clean_validation,0.973433439746067,1483,,family_293d3c58434ea432,424
transformer_l_legacy,0,family_leak,clean_validation,1.1760702144827828,307,,family_bb7a3764a0cb51ef,185
transformer_l_legacy,0,family_leak,clean_validation,0.3246093166321555,3853,,family_ce939a871f73797e,654
transformer_l_legacy,0,family_leak,clean_validation,0.5843587002469626,11511,,family_bf58440f90351608,656
transformer_l_legacy,0,family_leak,clean_validation,1.1972341676720133,47814,,family_b13e3197621b6a67,665
transformer_l_legacy,0,family_leak,clean_validation,0.8984191080069334,5155,,family_e5b4b48758cc10cf,0
transformer_l_legacy,0,family_leak,clean_validation,0.5342574391725451,10750,,family_873455800f3af360,90
transformer_l_legacy,0,family_leak,clean_validation,0.17579149642000788,1648,,family_5b4f410a68b26980,294
transformer_l_legacy,0,family_leak,clean_validation,0.8007253174208476,6820,,family_6555b7af6b1e876d,333
transformer_l_legacy,0,family_leak,clean_validation,0.3045223748904157,9581,,family_c8ed53e602d47d77,373
transformer_l_legacy,0,family_leak,clean_validation,0.5078503702368055,910,,family_b7724334fda37767,2
transformer_l_legacy,0,family_leak,clean_validation,0.5400230954945164,6232,,family_e1e6b4777ab2f0d3,525
transformer_l_legacy,0,family_leak,clean_validation,0.6353451768434709,10054,,family_68b8fd69ce397884,205
transformer_l_legacy,0,family_leak,clean_validation,0.6421934366226196,261,,family_4484ffde0b8eeb1e,468
transformer_l_legacy,0,family_leak,clean_validation,1.1454301856287799,5772,,family_f6c8d7d7ccb2fb7c,659
transformer_l_legacy,0,family_leak,clean_validation,0.8434423184887603,8322,,family_bf5e46a018cc309f,91
transformer_l_legacy,0,family_leak,clean_validation,1.219070185779488,3333,,family_74d92a6b925fff2b,361
transformer_l_legacy,0,family_leak,clean_validation,1.3302842489141502,755,,family_fecd8209b4231ff0,562
transformer_l_legacy,0,family_leak,clean_validation,0.831417343222537,1047,,family_a5b4b56c411c3e3e,19
transformer_l_legacy,0,family_leak,clean_validation,0.7042535499101253,3038,,family_125b174edd279860,622
transformer_l_legacy,0,family_leak,clean_validation,0.9639667255271868,12165,,family_4fd03386572a5e7d,49
transformer_l_legacy,0,family_leak,clean_validation,0.7937663484896932,784,,family_b683e3dda3d53d7d,499
transformer_l_legacy,0,family_leak,clean_validation,0.7096548471867182,5434,,family_7cc38e130f767be2,152
transformer_l_legacy,0,family_leak,clean_validation,0.9149899112428733,2004,,family_c1cf47c50b324615,620
transformer_l_legacy,0,family_leak,clean_validation,0.634297788143158,277,,family_e6f89a8fd4c28042,671
transformer_l_legacy,0,family_leak,clean_validation,1.144844398001172,5436,,family_f32207a4bd1be5f3,641
transformer_l_legacy,0,family_leak,clean_validation,0.8854340809665314,730,,family_750c1b7c9293fca0,555
transformer_l_legacy,0,family_leak,clean_validation,0.4219852507090739,2518,,family_dff095b3f9ea4486,228
transformer_l_legacy,0,family_leak,clean_validation,0.8702009755420068,1393,,family_03f94974e43a6f72,219
transformer_l_legacy,0,family_leak,clean_validation,0.703774398570489,11470,,family_20755f596dac4ad8,538
transformer_l_legacy,0,family_leak,clean_validation,0.2745448611670001,11134,,family_a5fb3561532a1515,251
transformer_l_legacy,0,family_leak,clean_validation,0.7548033998085395,10047,,family_09f185032eec1684,15
transformer_l_legacy,0,family_leak,clean_validation,0.8313591811643379,2108,,family_449b876c5d7555de,648
transformer_l_legacy,0,family_leak,clean_validation,1.1658708808411582,9757,,family_17c63d0cae51b4f0,552
transformer_l_legacy,0,family_leak,clean_validation,0.9489440668074474,1901,,family_a7e7611a4fb45bb8,181
transformer_l_legacy,0,family_leak,clean_validation,0.6464288221495046,21536,,family_a0087912e552c325,160
transformer_l_legacy,0,family_leak,clean_validation,1.3428712355706,13175,,family_26c7d9fe4637a87f,639
transformer_l_legacy,0,family_leak,clean_validation,1.3510013679870427,11417,,family_7c0ce9b52a4fb354,384
transformer_l_legacy,0,family_leak,clean_validation,0.8662112414710231,12236,,family_ce42ac82cf5b7aa5,491
transformer_l_legacy,0,family_leak,clean_validation,1.093285392350306,926,,family_d1384d3d5b8f3e4a,325
transformer_l_legacy,0,family_leak,clean_validation,0.4272448852701435,8976,,family_a4ec6bc987630263,480
transformer_l_legacy,0,family_leak,clean_validation,0.6144163909981727,2274,,family_d7fd034f32743816,614
transformer_l_legacy,0,family_leak,clean_validation,0.5410997283298011,4080,,family_9ee07f048eddd3ef,605
transformer_l_legacy,0,family_leak,clean_validation,1.3258720913685742,9874,,family_d5db7a666d5cdce4,432
transformer_l_legacy,0,family_leak,clean_validation,0.5784099102020264,693,,family_e3990e8f3e5a019e,29
transformer_l_legacy,0,family_leak,clean_validation,0.6086398959159851,402,,family_424ba6cfeb2d4b06,347
transformer_l_legacy,0,family_leak,clean_validation,0.9181137076964665,2758,,family_1584dac71c5d3b21,417
transformer_l_legacy,0,family_leak,clean_validation,0.5372964644600291,1559,,family_71b49a81405adf23,28
transformer_l_legacy,0,family_leak,clean_validation,0.46018420494080825,3865,,family_02cd0d0062e7f2f0,136
transformer_l_legacy,0,family_leak,clean_validation,0.8254230020772839,6113,,family_f6a9ab27f75aaa2c,237
transformer_l_legacy,0,family_leak,clean_validation,2.4926626682281494,56,,family_fa6d03faa672f307,607
transformer_l_legacy,0,family_leak,clean_validation,0.9449241738405769,1601,,family_32ee5e4e0bf64290,575
transformer_l_legacy,0,family_leak,clean_validation,0.817518647882249,1373,,family_4b03c0c9196cb057,642
transformer_l_legacy,0,family_leak,clean_validation,0.88208400005508,33265,,family_084d50552be46593,431
transformer_l_legacy,0,family_leak,clean_validation,0.9236521124839783,216,,family_f9eef55626121ccd,456
transformer_l_legacy,0,family_leak,clean_validation,1.3776321069082118,2579,,family_f3c41c0d722fe806,299
transformer_l_legacy,0,family_leak,clean_validation,1.0096636674679946,8074,,family_830520441d24c99b,281
transformer_l_legacy,0,family_leak,clean_validation,0.8258020265508335,1574,,family_0bcfa76d0d0ba6c7,204
transformer_l_legacy,0,family_leak,clean_validation,0.5487976660056593,4379,,family_49c1e82f118ffcdb,155
transformer_l_legacy,0,family_leak,clean_validation,1.3580124378204346,37,,family_60813f1989c300e9,547
transformer_l_legacy,0,family_leak,clean_validation,0.6635929877115727,4098,,family_b9e55910bfee8055,104
transformer_l_legacy,0,family_leak,clean_validation,0.5841093513661911,683,,family_b5e8954b16e48222,6
transformer_l_legacy,0,family_leak,clean_validation,0.38462454080581665,181,,family_a8682c6d911fc3b8,566
transformer_l_legacy,0,family_leak,clean_validation,0.8961129649774715,12601,,family_f8ba51ce9495f2bd,416
transformer_l_legacy,0,family_leak,clean_validation,0.7812005963092871,4366,,family_71a60fbe7040f158,38
transformer_l_legacy,0,family_leak,clean_validation,1.0107613801956177,437,,family_336e1c704addf9f3,393
transformer_l_legacy,0,family_leak,clean_validation,0.3831815479461812,1452,,family_ce5ee93c94f8cb47,427
transformer_l_legacy,0,family_leak,clean_validation,1.1892103991712357,11788,,family_ba5a886f795d4f27,345
transformer_l_legacy,0,family_leak,clean_validation,0.6057840367799164,372,,family_3812a654a3d8068e,314
transformer_l_legacy,0,family_leak,clean_validation,0.3924437074447053,3751,,family_043b81d25e57bda6,14
transformer_l_legacy,0,family_leak,clean_validation,1.0504291595072859,1598,,family_60dc4c06abba1219,316
transformer_l_legacy,0,family_leak,clean_validation,0.5034326985478401,365,,family_0967320075dd090a,544
transformer_l_legacy,0,family_leak,clean_validation,0.7455384656396836,573,,family_4cbe424968d7c5e7,277
transformer_l_legacy,1,clean,treated,0.666278293939844,3093,structurally_nonexact,family_d1a92696717aa9c2,176
transformer_l_legacy,1,clean,treated,0.949433406569848,1216,structurally_nonexact,family_3835425eafb00035,524
transformer_l_legacy,1,clean,treated,0.6400745846692798,412,structurally_nonexact,family_a534382ff42b71fb,634
transformer_l_legacy,1,clean,treated,0.5223186486017883,4197,structurally_nonexact,family_6d17de7e325f25f8,467
transformer_l_legacy,1,clean,treated,0.5411156621380244,779,structurally_nonexact,family_56b1bf9100abf79a,254
transformer_l_legacy,1,clean,treated,1.3552489738326239,15674,structurally_nonexact,family_9edbfcdbf27d8472,87
transformer_l_legacy,1,clean,treated,0.3905535959891202,3153,structurally_nonexact,family_db6398f302f77cb4,563
transformer_l_legacy,1,clean,treated,0.6364636912768137,10203,canonical_event_exact,family_776fb0c74fb6af96,253
transformer_l_legacy,1,clean,treated,0.8168844977559978,1748,structurally_nonexact,family_be459453ebdfa1da,627
transformer_l_legacy,1,clean,treated,0.6876889097432234,3230,structurally_nonexact,family_439fc19617b55d44,309
transformer_l_legacy,1,clean,treated,0.6132979893591255,2560,structurally_nonexact,family_328dc279bafe7f69,265
transformer_l_legacy,1,clean,treated,0.9093842720972874,3803,structurally_nonexact,family_ac0566dd944bc201,327
transformer_l_legacy,1,clean,treated,0.8214181065559387,477,canonical_event_exact,family_3fbe0e330aecdc00,482
transformer_l_legacy,1,clean,treated,0.8294990718026053,704,structurally_nonexact,family_04795413b15e0b98,576
transformer_l_legacy,1,clean,treated,1.0942056756264897,1108,structurally_nonexact,family_348b29b5f47eda18,220
transformer_l_legacy,1,clean,treated,1.2338089647059343,8731,structurally_nonexact,family_f77d449f1658a159,292
transformer_l_legacy,1,clean,treated,1.2082706689834595,242,structurally_nonexact,family_39849966d6043c11,378
transformer_l_legacy,1,clean,treated,1.0733000214974864,3169,structurally_nonexact,family_af212e596b07120e,405
transformer_l_legacy,1,clean,treated,0.4916439743634292,9069,structurally_nonexact,family_2d3e3d92f30c4369,600
transformer_l_legacy,1,clean,treated,0.5833559283005294,1674,structurally_nonexact,family_f0c0dd7c2f3b6a3f,661
transformer_l_legacy,1,clean,treated,0.9736323064706833,2491,structurally_nonexact,family_5aaa5f6f546aa704,105
transformer_l_legacy,1,clean,treated,0.8714317977687182,5759,structurally_nonexact,family_78031f033e192cce,11
transformer_l_legacy,1,clean,treated,0.7135421633720398,467,structurally_nonexact,family_961cefc620e3d5ab,408
transformer_l_legacy,1,clean,treated,0.8560223623979392,3303,canonical_event_exact,family_fe2836cc1cef695c,336
transformer_l_legacy,1,clean,treated,1.1085055451456365,9124,structurally_nonexact,family_0f71c7e0830e1d85,624
transformer_l_legacy,1,clean,treated,0.4129626658400494,6286,structurally_nonexact,family_2dbafe5054d4bee7,414
transformer_l_legacy,1,clean,treated,0.7308210667436258,14987,structurally_nonexact,family_52885ec61f0240b9,687
transformer_l_legacy,1,clean,treated,0.865405538219672,5460,structurally_nonexact,family_b88eee6ecd7ef6bc,366
transformer_l_legacy,1,clean,treated,1.142419571603941,20432,structurally_nonexact,family_de67cf52f9a2ce89,267
transformer_l_legacy,1,clean,treated,1.0695434151265326,854,structurally_nonexact,family_7b8c8789f38183da,317
transformer_l_legacy,1,clean,treated,0.8253725070825945,10665,structurally_nonexact,family_774f10d6c3d75980,145
transformer_l_legacy,1,clean,treated,0.6696725070792179,29458,structurally_nonexact,family_6fbe37a0a6611f64,520
transformer_l_legacy,1,clean,treated,0.6986935310731477,12501,structurally_nonexact,family_c64269798048b60f,666
transformer_l_legacy,1,clean,treated,0.8648620416458368,8558,structurally_nonexact,family_f60bd4cc83d02add,618
transformer_l_legacy,1,clean,treated,1.0446157455444336,61,structurally_nonexact,family_39f58e2fd604c61e,402
transformer_l_legacy,1,clean,treated,0.6610633705094907,1918,structurally_nonexact,family_101bf32d18499c7d,686
transformer_l_legacy,1,clean,treated,1.2289165258407593,156,structurally_nonexact,family_e97b637c75aac2b5,637
transformer_l_legacy,1,clean,treated,1.1801525645826632,12995,structurally_nonexact,family_e2c30beb0d4abeae,477
transformer_l_legacy,1,clean,treated,0.9860941415930676,3028,structurally_nonexact,family_581cf690b70ed77f,269
transformer_l_legacy,1,clean,treated,1.069834501300863,1789,structurally_nonexact,family_9ccd2f467361ebab,348
transformer_l_legacy,1,clean,treated,0.5425038961910231,8256,structurally_nonexact,family_6342008bae187399,615
transformer_l_legacy,1,clean,treated,1.080811619758606,266,structurally_nonexact,family_8661140073b6a2ab,691
transformer_l_legacy,1,clean,treated,0.673500979955865,1890,structurally_nonexact,family_1a8ff9e18d3eabea,137
transformer_l_legacy,1,clean,treated,0.7741580148648085,8479,structurally_nonexact,family_b324bd83d2be3825,438
transformer_l_legacy,1,clean,treated,0.7686558438991679,725,structurally_nonexact,family_23e85181dd747797,695
transformer_l_legacy,1,clean,treated,1.3636440535801189,9580,structurally_nonexact,family_b3ba3218de08f591,66
transformer_l_legacy,1,clean,treated,0.5336168579814039,6949,structurally_nonexact,family_38ddaabf01adae92,106
transformer_l_legacy,1,clean,treated,0.7018614423968804,945,structurally_nonexact,family_5405158fe7a3977d,511
transformer_l_legacy,1,clean,treated,0.5943125486373901,336,structurally_nonexact,family_e4e4467ef74cc720,428
transformer_l_legacy,1,clean,treated,1.0754828131187388,1037,structurally_nonexact,family_4f1b63b3eef9f7d0,531
transformer_l_legacy,1,clean,treated,0.9441929204938969,522,structurally_nonexact,family_7a300c986fbfa9f2,165
transformer_l_legacy,1,clean,treated,1.1278136394451297,463,structurally_nonexact,family_6f0024d47bda9a44,359
transformer_l_legacy,1,clean,treated,0.49381590052175484,1191,structurally_nonexact,family_746d1e0c3274827f,466
transformer_l_legacy,1,clean,treated,0.9452202271711343,1084,structurally_nonexact,family_6a42731481dda124,419
transformer_l_legacy,1,clean,treated,1.480864314985266,15697,structurally_nonexact,family_0ecded087f80d73b,461
transformer_l_legacy,1,clean,treated,0.7127182282438397,5721,structurally_nonexact,family_5facacfb4d33d062,5
transformer_l_legacy,1,clean,treated,0.6387755870819092,251,structurally_nonexact,family_5cc4efa05e4dc250,114
transformer_l_legacy,1,clean,treated,1.1063228956624231,17077,structurally_nonexact,family_4731a6d05dff34ce,132
transformer_l_legacy,1,clean,treated,0.964680150719675,5610,structurally_nonexact,family_c3ae851031cec2bb,663
transformer_l_legacy,1,clean,treated,0.7722490437035837,48674,structurally_nonexact,family_30fbd9977a220042,589
transformer_l_legacy,1,clean,treated,0.8215566038146732,508,structurally_nonexact,family_e3c89d0945320ec5,3
transformer_l_legacy,1,clean,treated,1.2439190078415967,639,structurally_nonexact,family_f99e7467cfd91d72,230
transformer_l_legacy,1,clean,treated,1.0438307409548513,3294,structurally_nonexact,family_0a0ff01b239a934a,415
transformer_l_legacy,1,clean,treated,0.5305342078208923,166,structurally_nonexact,family_5ebcadebe538bd59,272
transformer_l_legacy,1,clean,treated,0.5566829863453449,533,structurally_nonexact,family_2fe71bb032cb85fe,184
transformer_l_legacy,1,clean,treated,0.8804692909359896,6626,structurally_nonexact,family_e0f7e5849dbe9388,513
transformer_l_legacy,1,clean,treated,0.8749209598853632,3859,structurally_nonexact,family_c3abd4306e03adf2,290
transformer_l_legacy,1,clean,treated,0.48426318803301527,1559,structurally_nonexact,family_83b27a32aa56f9dc,485
transformer_l_legacy,1,clean,treated,1.0795058239611413,2535,structurally_nonexact,family_fa3341292470541d,226
transformer_l_legacy,1,clean,treated,0.4698560523943309,548,canonical_event_exact,family_15b8f6d235825863,7
transformer_l_legacy,1,clean,treated,0.8004080428654162,10236,structurally_nonexact,family_a95aeca85317a04d,401
transformer_l_legacy,1,clean,treated,0.5296899628167864,7309,structurally_nonexact,family_3dffb074803c8f80,376
transformer_l_legacy,1,clean,treated,0.8127989291447645,1026,structurally_nonexact,family_1cfa4116628ae42e,681
transformer_l_legacy,1,clean,treated,0.9921807866296783,1238,structurally_nonexact,family_f53ae103dc0def58,261
transformer_l_legacy,1,clean,treated,0.5997876936646516,1287,structurally_nonexact,family_3db848c291e71542,123
transformer_l_legacy,1,clean,treated,1.0164657045668342,3583,structurally_nonexact,family_76f3986b08ecfc19,97
transformer_l_legacy,1,clean,treated,0.769182242309883,13214,structurally_nonexact,family_121eefce620403f7,295
transformer_l_legacy,1,clean,treated,1.0906210461397976,20977,structurally_nonexact,family_8aff46e64d1c8360,286
transformer_l_legacy,1,clean,treated,0.806323688784208,4952,structurally_nonexact,family_debbecc1e7f77f3e,20
transformer_l_legacy,1,clean,treated,0.4354184295033524,1779,structurally_nonexact,family_f19aa9a5e722eb61,379
transformer_l_legacy,1,clean,treated,0.8826876375957625,1815,structurally_nonexact,family_d0b38ee50d018148,664
transformer_l_legacy,1,clean,treated,0.6514479068025198,1036,structurally_nonexact,family_aad2d66dec95dc7a,569
transformer_l_legacy,1,clean,treated,0.7181703219558987,985,structurally_nonexact,family_59add5a121b9a616,451
transformer_l_legacy,1,clean,treated,1.1195903889407848,12091,structurally_nonexact,family_c2d4ffa1539bdafe,263
transformer_l_legacy,1,clean,treated,0.6988617380631825,1157,structurally_nonexact,family_58a5b18cf3751bf1,41
transformer_l_legacy,1,clean,treated,0.6492816023878917,638,structurally_nonexact,family_8f08581ca21b6c6f,539
transformer_l_legacy,1,clean,treated,0.686142705482587,5203,structurally_nonexact,family_5d6a15b20dff7233,33
transformer_l_legacy,1,clean,treated,0.5854341010676651,1312,structurally_nonexact,family_eacebc389812585f,693
transformer_l_legacy,1,clean,treated,0.5354476019379177,578,structurally_nonexact,family_3bd7e5ca43f02666,476
transformer_l_legacy,1,clean,treated,0.5441539143693859,377,structurally_nonexact,family_da2cbb03fa208ffc,65
transformer_l_legacy,1,clean,treated,0.6566985230796601,15281,structurally_nonexact,family_5fe0b889b5279fed,275
transformer_l_legacy,1,clean,treated,0.6324512750730602,654,structurally_nonexact,family_58c32a6b58cc329f,505
transformer_l_legacy,1,clean,treated,1.0673021614080123,4931,structurally_nonexact,family_d4c8efafc098f593,580
transformer_l_legacy,1,clean,treated,0.7100230933995051,6166,structurally_nonexact,family_853b6705e7d7e7a9,509
transformer_l_legacy,1,clean,treated,1.0073366520187514,1558,canonical_event_exact,family_7c104874587dddcc,324
transformer_l_legacy,1,clean,treated,1.133348037612919,3893,structurally_nonexact,family_2eec85a0fe915e64,326
transformer_l_legacy,1,clean,treated,0.7804615092036903,1189,structurally_nonexact,family_08157e0ead630e5c,623
transformer_l_legacy,1,clean,treated,1.3458163765248845,12275,structurally_nonexact,family_67cf34a836b9cd6c,473
transformer_l_legacy,1,clean,treated,0.9176640647604893,3188,structurally_nonexact,family_a03ac5414952d229,344
transformer_l_legacy,1,clean,treated,1.2545590663427568,5109,structurally_nonexact,family_4da27be0a15493fc,455
transformer_l_legacy,1,clean,control,1.5018707513809204,86,,family_8353c8bc6b1abe91,231
transformer_l_legacy,1,clean,control,0.7725483179092407,281,,family_a21b0655ee8718e3,44
transformer_l_legacy,1,clean,control,0.9713015943446044,1492,,family_828011733ff46fcc,135
transformer_l_legacy,1,clean,control,1.0372448958780454,92,,family_c352cf53fe360f50,89
transformer_l_legacy,1,clean,control,0.933158258597056,543,,family_581b417d448220ce,278
transformer_l_legacy,1,clean,control,0.7053935463151288,4997,,family_c5e7a2f4ebdc9ce7,523
transformer_l_legacy,1,clean,control,1.21208616293715,23970,,family_942d0bbb1f3057b7,117
transformer_l_legacy,1,clean,control,1.2928767821955693,1957,,family_e8f2414f825f028e,21
transformer_l_legacy,1,clean,control,1.3006533088930075,24928,,family_d9eece89cdccb42e,318
transformer_l_legacy,1,clean,control,1.1222922750292657,2226,,family_159334980be342ce,590
transformer_l_legacy,1,clean,control,0.606956256423418,9706,,family_5cc3056db91c371f,475
transformer_l_legacy,1,clean,control,1.0839975907059518,14644,,family_cac05bc962cb19ae,529
transformer_l_legacy,1,clean,control,1.1041917074237122,794,,family_91b28d898f74de65,458
transformer_l_legacy,1,clean,control,0.697332029397777,2249,,family_0ed7b687c2bbe731,679
transformer_l_legacy,1,clean,control,0.637697535572369,2076,,family_c09c42656e829799,75
transformer_l_legacy,1,clean,control,0.7452201974533853,8400,,family_5029829bbea32071,45
transformer_l_legacy,1,clean,control,0.7441020826321949,2361,,family_b524f58169d7a062,422
transformer_l_legacy,1,clean,control,0.6337739483776128,20104,,family_e449d968e1ca6e62,481
transformer_l_legacy,1,clean,control,0.9460611764710996,3217,,family_f176b8796acaf1a3,449
transformer_l_legacy,1,clean,control,1.5744705190971273,13053,,family_2aacce96c1e48e02,43
transformer_l_legacy,1,clean,control,0.5853764072710271,22913,,family_95e00157e6b24668,246
transformer_l_legacy,1,clean,control,1.2185421601466253,11280,,family_c83ce9a767947dac,169
transformer_l_legacy,1,clean,control,1.4034671245700159,18996,,family_c00a93f90020b6fe,255
transformer_l_legacy,1,clean,control,0.9798073768615723,226,,family_4388b443af85145b,182
transformer_l_legacy,1,clean,control,0.5745042169189883,5102,,family_090556d6964926b6,696
transformer_l_legacy,1,clean,control,0.6662376459646847,997,,family_517a76fa41613984,435
transformer_l_legacy,1,clean,control,0.9480981826782227,331,,family_d5117873cfa5f4e7,403
transformer_l_legacy,1,clean,control,0.7228413223544103,5289,,family_5c4b107ad8b67511,39
transformer_l_legacy,1,clean,control,0.6066042804364313,2157,,family_6b39589c59910bc9,527
transformer_l_legacy,1,clean,control,1.106425166130066,557,,family_09e71dae304bced8,407
transformer_l_legacy,1,clean,control,0.6943616725052365,7005,,family_7ab40688290292cb,699
transformer_l_legacy,1,clean,control,0.7789364628772023,3615,,family_c9287c1de390bb4b,287
transformer_l_legacy,1,clean,control,0.5088996898094881,3531,,family_b82550e1d139176a,133
transformer_l_legacy,1,clean,control,1.0751455025962067,4469,,family_5ead6639536180b8,16
transformer_l_legacy,1,clean,control,0.3820900796632149,3148,,family_c200a4f65bbc5209,270
transformer_l_legacy,1,clean,control,0.7771483856198255,6866,,family_104496edebed4f61,385
transformer_l_legacy,1,clean,control,1.130290805138258,4592,,family_843833735eeb7063,519
transformer_l_legacy,1,clean,control,0.6385134706471829,940,,family_9c25f8a3328ce8da,494
transformer_l_legacy,1,clean,control,0.8888993550349497,11819,,family_8adb1a64e2eed3ab,400
transformer_l_legacy,1,clean,control,1.0125192372963345,638,,family_1f464d80218f494a,150
transformer_l_legacy,1,clean,control,0.7932320264564163,1566,,family_cb2f86c88344d124,572
transformer_l_legacy,1,clean,control,1.1784491017188794,2465,,family_7d2361899b55eee8,522
transformer_l_legacy,1,clean,control,0.8497332650096732,2886,,family_056399865754201e,177
transformer_l_legacy,1,clean,control,1.186415912950958,7537,,family_048732487ed12eba,266
transformer_l_legacy,1,clean,control,0.689588189125061,266,,family_1d8665cf98427374,632
transformer_l_legacy,1,clean,control,0.7440609823873864,8124,,family_7b7a14e1daaa4e52,207
transformer_l_legacy,1,clean,control,0.5330466387548832,1980,,family_ace63736575276fd,76
transformer_l_legacy,1,clean,control,0.936628520488739,381,,family_471c422daeefac7a,24
transformer_l_legacy,1,clean,control,0.973268581986326,2354,,family_484de8ba061636e2,134
transformer_l_legacy,1,clean,control,0.48205292671122013,748,,family_a8edfe7c17d49498,142
transformer_l_legacy,1,clean,control,1.0774787480965031,3704,,family_fc41e434d5d7e595,413
transformer_l_legacy,1,clean,control,0.4789741473781143,1439,,family_309d1ff512e1e9a9,426
transformer_l_legacy,1,clean,control,0.8330281652389523,10437,,family_d16673229b6e8db9,273
transformer_l_legacy,1,clean,control,0.7698574261203486,1146,,family_9e8b2eb6ec3ec445,96
transformer_l_legacy,1,clean,control,0.8087871368864383,11034,,family_50f05ec6e42283bd,153
transformer_l_legacy,1,clean,control,0.9094609392871805,373,,family_341df9602a2ccf1e,649
transformer_l_legacy,1,clean,control,0.9066821038299997,6341,,family_352e44896c06757b,543
transformer_l_legacy,1,clean,control,0.49932167402649397,407,,family_0b0978005887e1a2,474
transformer_l_legacy,1,clean,control,1.115487099756907,9756,,family_e0804d88b4e3c086,464
transformer_l_legacy,1,clean,control,1.3518674007562892,5497,,family_7136d870073b72bf,492
transformer_l_legacy,1,clean,control,1.015504550902198,4898,,family_90e53f43974a85ff,305
transformer_l_legacy,1,clean,control,0.28682714035778345,8758,,family_ba0bab377b74f9bc,593
transformer_l_legacy,1,clean,control,0.7831755021298126,3385,,family_dd7fe974853169e3,340
transformer_l_legacy,1,clean,control,0.8268369800774947,14375,,family_89e820583b7bf692,521
transformer_l_legacy,1,clean,control,0.6977675895600631,5387,,family_c3c5b7b46ed5cca4,604
transformer_l_legacy,1,clean,control,1.082657212489832,2595,,family_13478cc2fa596f00,676
transformer_l_legacy,1,clean,control,0.6851043612130063,2122,,family_4b791b52cdbf0c94,342
transformer_l_legacy,1,clean,control,1.1366322810738856,1554,,family_24beda513cb73140,190
transformer_l_legacy,1,clean,control,0.9798153687236656,2574,,family_bd2e09f5164640ac,355
transformer_l_legacy,1,clean,control,1.1774464671442713,14722,,family_d90c907b60f5db7e,227
transformer_l_legacy,1,clean,control,1.14164137840271,608,,family_0a1d834f1fc5ec9d,397
transformer_l_legacy,1,clean,control,1.0042522739324122,619,,family_bd36f067059fa430,608
transformer_l_legacy,1,clean,control,0.8350058038972017,10380,,family_9d3263359149060b,174
transformer_l_legacy,1,clean,control,0.9247646331787109,96,,family_701911482f478840,164
transformer_l_legacy,1,clean,control,0.44572151454026276,1297,,family_a69d52c7adca6131,688
transformer_l_legacy,1,clean,control,1.0254659652055684,911,,family_0907d69883a983d5,125
transformer_l_legacy,1,clean,control,0.8336907895505429,10000,,family_6aa82ca2608dc1b1,23
transformer_l_legacy,1,clean,control,0.6515841706302128,7247,,family_0b7d7d5455b615a1,306
transformer_l_legacy,1,clean,control,0.5012469442538273,810,,family_6ff7124bfcd14a0c,545
transformer_l_legacy,1,clean,control,1.0803981514689618,2128,,family_b8051512c4e658bb,180
transformer_l_legacy,1,clean,control,0.7285838993544596,1907,,family_419159423badc2ef,391
transformer_l_legacy,1,clean,control,0.841613624690958,7116,,family_330ff47988f3581a,291
transformer_l_legacy,1,clean,control,0.7280437945802851,6921,,family_c2708c9ff73ceb82,660
transformer_l_legacy,1,clean,control,0.915420025491034,4344,,family_ddb1afd90e017414,484
transformer_l_legacy,1,clean,control,0.8490708694498763,4446,,family_354a6fa9839f5265,196
transformer_l_legacy,1,clean,control,0.40280184252883133,1647,,family_25637fe768f1ed97,602
transformer_l_legacy,1,clean,control,0.7976115594882282,1815,,family_c8d9a7933734de14,232
transformer_l_legacy,1,clean,control,0.7473758094064976,12979,,family_5dfcdbc50b497fa3,241
transformer_l_legacy,1,clean,control,1.20333162240145,2723,,family_cb79ab953eb3a23e,425
transformer_l_legacy,1,clean,control,0.7251151898090029,4096,,family_4cbe524347d5770f,442
transformer_l_legacy,1,clean,control,0.6050724074042901,4361,,family_584bf061d2625f25,495
transformer_l_legacy,1,clean,control,0.6847564578056335,251,,family_56890c17b9133ef4,506
transformer_l_legacy,1,clean,control,0.30451042496909697,2640,,family_205aeeeda178f7ca,644
transformer_l_legacy,1,clean,control,1.5671844482421875,56,,family_3179470752a6d838,18
transformer_l_legacy,1,clean,control,0.985897356755537,7232,,family_7659084f070baf14,130
transformer_l_legacy,1,clean,control,1.1762154652186627,16261,,family_2210ee0a2c3ccbc9,396
transformer_l_legacy,1,clean,control,0.5776657513363526,7863,,family_d20f6f896d965906,310
transformer_l_legacy,1,clean,control,1.0461764486100076,1228,,family_9ba17784e54ec105,163
transformer_l_legacy,1,clean,control,0.7512117888106674,2684,,family_28cc6a5379f62efc,84
transformer_l_legacy,1,clean,control,1.2356717173793292,3596,,family_cd85f816dfda97e0,601
transformer_l_legacy,1,clean,control,0.4995080227976339,23809,,family_6c5d60bd118ca08d,493
transformer_l_legacy,1,clean,control,0.7716512720160095,9452,,family_a6b3f3bba1c3ea38,611
transformer_l_legacy,1,clean,control,0.9512309351758143,995,,family_46ccb6e3625b0d26,559
transformer_l_legacy,1,clean,control,0.5201200292868075,13925,,family_b6c76ee6e1fbdad4,617
transformer_l_legacy,1,clean,control,1.0506233018196887,8836,,family_eb5f13fb7b1698a7,433
transformer_l_legacy,1,clean,control,0.5568723614267308,417,,family_0928b40aaefe1e43,616
transformer_l_legacy,1,clean,control,1.6175936460494995,51,,family_e8cb312f6947fae2,578
transformer_l_legacy,1,clean,control,1.0292478634949516,3890,,family_50833a4ebce7122c,103
transformer_l_legacy,1,clean,control,1.230100154876709,216,,family_e52a55fe95cda992,463
transformer_l_legacy,1,clean,control,1.6294256496709745,17522,,family_65e575b20c174fd7,479
transformer_l_legacy,1,clean,control,0.713174446937615,9258,,family_c4cc5f62a0ab31c3,276
transformer_l_legacy,1,clean,control,1.229667045707044,6370,,family_a6fc375b5cc488f5,95
transformer_l_legacy,1,clean,control,0.09036125574669862,1157,,family_6d128cd3979417a4,423
transformer_l_legacy,1,clean,control,0.3133045765328325,4638,,family_01bdfbf40b1dfff5,139
transformer_l_legacy,1,clean,control,0.8323090755450371,7458,,family_b55c602531d8b111,556
transformer_l_legacy,1,clean,control,0.7506928891280322,11061,,family_150827bde0e3f90f,689
transformer_l_legacy,1,clean,control,0.6981612107272331,10400,,family_41293800444fbe3e,108
transformer_l_legacy,1,clean,control,1.4565410427810868,14488,,family_0ffae0bc1065eadf,60
transformer_l_legacy,1,clean,control,0.45323662481613175,4656,,family_483585a89e5ae17f,34
transformer_l_legacy,1,clean,control,0.5569855935003128,815,,family_0c5e308d08929fa4,247
transformer_l_legacy,1,clean,control,0.5557264685630798,391,,family_07575db7931c72ea,300
transformer_l_legacy,1,clean,control,0.8744243383407593,191,,family_efb0835b02015240,528
transformer_l_legacy,1,clean,control,0.9580506444562792,3258,,family_94692368e418ed72,173
transformer_l_legacy,1,clean,control,0.557677285302253,252,,family_46e2de939a29fd34,429
transformer_l_legacy,1,clean,control,0.7776476740038107,746,,family_39754d1db81a7bf4,127
transformer_l_legacy,1,clean,control,0.8552541032823204,3212,,family_b964a57ffbddf6a6,534
transformer_l_legacy,1,clean,control,1.5190729843091062,17312,,family_71b144025f52e59c,140
transformer_l_legacy,1,clean,control,1.1317526039427332,1218,,family_4bf6d11e259630c1,532
transformer_l_legacy,1,clean,control,1.1153980243727035,2677,,family_a164057d15ea429a,698
transformer_l_legacy,1,clean,control,1.0567142801928737,2414,,family_24dfe3f15bbe835d,243
transformer_l_legacy,1,clean,control,0.7435986005327329,588,,family_cb2cf90a481fb793,606
transformer_l_legacy,1,clean,control,0.5870566987339929,10358,,family_c874ed8859d535ca,362
transformer_l_legacy,1,clean,control,0.8028710982681793,810,,family_9d706bbe5906e6bc,93
transformer_l_legacy,1,clean,control,0.7053838481269848,13562,,family_bb5eaea47e3db521,158
transformer_l_legacy,1,clean,control,0.7640289971047509,10960,,family_2e23a957596c94a1,452
transformer_l_legacy,1,clean,control,1.0896464170201234,1318,,family_190ff6b8b86c31bd,387
transformer_l_legacy,1,clean,control,0.8285077337653295,22265,,family_1dbac5e5dc15225e,284
transformer_l_legacy,1,clean,control,1.162541074817227,10659,,family_d12ec1205e2b38f3,258
transformer_l_legacy,1,clean,control,1.0808595623325108,939,,family_fe64b9392ac59945,54
transformer_l_legacy,1,clean,control,0.6776803066517411,593,,family_cb8273cf04ee6422,58
transformer_l_legacy,1,clean,control,0.8292106491969267,10770,,family_52fcc2a430ac1dfe,46
transformer_l_legacy,1,clean,control,1.183388896098668,48634,,family_d73cd491d1cc376e,313
transformer_l_legacy,1,clean,control,0.14888203889131546,402,,family_896e6058475d85c2,504
transformer_l_legacy,1,clean,control,0.7427031397819519,271,,family_dc605f4c0311b69b,77
transformer_l_legacy,1,clean,control,0.8215925097465515,418,,family_9d9014958e229b26,71
transformer_l_legacy,1,clean,control,0.5555334810375119,3410,,family_8cba6a895a1eda02,353
transformer_l_legacy,1,clean,control,0.5234797148747727,7782,,family_f139578e4dab698a,80
transformer_l_legacy,1,clean,control,0.5590101638802614,8966,,family_6d75ac5f58d11f18,217
transformer_l_legacy,1,clean,control,0.6598312220171043,6494,,family_5990a7393b1bfc0a,31
transformer_l_legacy,1,clean,control,1.041428450756217,1854,,family_284fbbf34df3f7e8,100
transformer_l_legacy,1,clean,control,0.880494169204071,857,,family_b49585225cf5c0d6,558
transformer_l_legacy,1,clean,control,0.6219575238790979,6393,,family_f5c26ed350b4ab73,37
transformer_l_legacy,1,clean,control,1.0560439150949654,8674,,family_bfddaa9b983612cd,667
transformer_l_legacy,1,clean,control,0.7384234022855759,2500,,family_d1efa3da7bf90eef,672
transformer_l_legacy,1,clean,control,0.9482690353685673,3281,,family_e27845ea1d3c17f5,418
transformer_l_legacy,1,clean,control,0.7452238202095032,41,,family_b7f94b3542a0da7d,609
transformer_l_legacy,1,clean,control,0.6856512764795442,12830,,family_73ee2da564c3d39b,462
transformer_l_legacy,1,clean,control,0.7486899853610202,4101,,family_7b40d80764230547,533
transformer_l_legacy,1,clean,control,0.44540070019878786,9640,,family_d14815f8add032f5,508
transformer_l_legacy,1,clean,control,0.5233328663223176,9584,,family_998e2240a156ecdd,138
transformer_l_legacy,1,clean,control,0.9599653482437134,186,,family_38899c6e7a885c05,110
transformer_l_legacy,1,clean,control,0.7184508949663283,3903,,family_fcc0832c532eec68,188
transformer_l_legacy,1,clean,control,0.6472357273303685,1181,,family_a6a06fcf0eb60a8c,579
transformer_l_legacy,1,clean,control,1.3361455601339227,48390,,family_70cece08fb91854c,12
transformer_l_legacy,1,clean,control,0.9377681221924056,503,,family_4b94b213c3d4fa08,168
transformer_l_legacy,1,clean,control,0.8113436478147069,12892,,family_0a7cb9ca8662c54b,551
transformer_l_legacy,1,clean,control,0.4634457230567932,356,,family_f38ebbcef90914e9,8
transformer_l_legacy,1,clean,control,0.9830577836303178,2004,,family_fc2ade3f73bf052f,380
transformer_l_legacy,1,clean,control,0.840243399143219,502,,family_2e9be0de8753a286,203
transformer_l_legacy,1,clean,control,0.6581965324364172,987,,family_b0b662377a329d27,581
transformer_l_legacy,1,clean,control,0.9426692724227905,356,,family_28e240b156c54585,629
transformer_l_legacy,1,clean,control,1.119744080676474,12262,,family_b285992ddbc1ba24,81
transformer_l_legacy,1,clean,control,1.3019929193813764,29811,,family_941fe9b7f6e42836,62
transformer_l_legacy,1,clean,control,1.3700354997896,1702,,family_7e5d0f85c7938ae7,245
transformer_l_legacy,1,clean,control,1.1140843491190973,2717,,family_ade1acf63d403dff,102
transformer_l_legacy,1,clean,control,0.7947556043197768,6022,,family_eb75a33dade5cdeb,678
transformer_l_legacy,1,clean,control,0.8504473468650257,1618,,family_236c05b0b6b045cb,143
transformer_l_legacy,1,clean,control,0.825407046640935,669,,family_707a4103f358feb3,288
transformer_l_legacy,1,clean,control,0.13776524364948273,96,,family_21b728ec668b432d,631
transformer_l_legacy,1,clean,control,0.6485065960350531,849,,family_7df5e4cd2001efeb,612
transformer_l_legacy,1,clean,control,0.7164036501242959,8476,,family_5cdee57343206eb1,13
transformer_l_legacy,1,clean,control,0.8560156657618317,708,,family_fbb60f07539bf74a,283
transformer_l_legacy,1,clean,control,0.8962122797966003,945,,family_52d508d06e660fb2,122
transformer_l_legacy,1,clean,control,0.7974336966723738,10036,,family_24c49b2dbbea0ff6,322
transformer_l_legacy,1,clean,control,0.5721315324906485,4073,,family_a3988b9597f6817f,571
transformer_l_legacy,1,clean,control,1.1737830684011743,12548,,family_4a8fbe9c547e5ce4,98
transformer_l_legacy,1,clean,control,0.4964287281036377,216,,family_51048182ed7b4454,512
transformer_l_legacy,1,clean,control,0.49548277258872986,186,,family_7224c63d7d5f2b96,262
transformer_l_legacy,1,clean,control,0.5589685440063477,181,,family_643cfac776d5dea8,683
transformer_l_legacy,1,clean,control,0.2566111831297708,12040,,family_619fe82eb42ec462,209
transformer_l_legacy,1,clean,control,0.9489130894671798,4835,,family_9b1625bc030f3790,79
transformer_l_legacy,1,clean,control,0.6445533458698227,10375,,family_edc93bd478511702,202
transformer_l_legacy,1,clean,control,0.9691363573074341,276,,family_7acbab6855200014,51
transformer_l_legacy,1,clean,control,0.7143061765215614,660,,family_db6f9992bb16df2a,126
transformer_l_legacy,1,clean,control,0.8297395668234968,2812,,family_b2aa288c70165e5f,70
transformer_l_legacy,1,clean,control,0.7005804454965026,6995,,family_cc532019d574a61c,655
transformer_l_legacy,1,clean,control,0.9091467514951178,940,,family_b16072295921a493,357
transformer_l_legacy,1,clean,control,0.6558028703890972,966,,family_b4b1c2ecb31b907a,315
transformer_l_legacy,1,clean,control,0.9597922240375202,15485,,family_0d4a945b85bbaaba,370
transformer_l_legacy,1,clean,control,0.8512663753566476,3868,,family_97b8d4d98ee960bf,557
transformer_l_legacy,1,clean,control,0.5479490402953845,3384,,family_f7a86802e4f557fd,235
transformer_l_legacy,1,clean,control,0.6781337784232044,3347,,family_e0c21fc7c10d2034,430
transformer_l_legacy,1,clean,control,0.5937798726046162,4396,,family_d5bc4e01b0b8bac6,111
transformer_l_legacy,1,clean,control,0.6360013709576671,1754,,family_57eac865a7f36b7c,323
transformer_l_legacy,1,clean,control,0.7743373506842648,1495,,family_96a402e381d595c2,42
transformer_l_legacy,1,clean,control,0.6349615343324431,910,,family_0753f5ee1792042c,330
transformer_l_legacy,1,clean,control,1.3819412395589927,5656,,family_f170aad69aff7478,364
transformer_l_legacy,1,clean,control,0.5558675860516035,4216,,family_731071db0d9fbdbe,386
transformer_l_legacy,1,clean,control,0.8112757234612265,9071,,family_4582dbaeae746fdb,311
transformer_l_legacy,1,clean,control,0.7686207469255849,3601,,family_37f5f4cedb55aeea,383
transformer_l_legacy,1,clean,control,0.733470327686995,5862,,family_f5b2bdc32c7d9391,603
transformer_l_legacy,1,clean,control,0.7782817259718553,518,,family_5c7b977277b847b2,690
transformer_l_legacy,1,clean,control,0.786327796981693,3154,,family_c35a6abc1d407f4a,694
transformer_l_legacy,1,clean,control,1.0704001700073356,3792,,family_e7af2e4cd0151c75,156
transformer_l_legacy,1,clean,control,1.1761740523316975,849,,family_16c1d42e507896a8,240
transformer_l_legacy,1,clean,control,0.4903742077423971,14431,,family_b387fed6ef4479f5,399
transformer_l_legacy,1,clean,control,0.5327990306547907,7073,,family_5d24c227f0462f74,439
transformer_l_legacy,1,clean,control,1.1186368514156941,3180,,family_37347c6729a17ba5,274
transformer_l_legacy,1,clean,control,0.5596780984923801,1201,,family_31b6d88b207ec253,27
transformer_l_legacy,1,clean,control,0.5524275793362892,7224,,family_4694d2838960b723,224
transformer_l_legacy,1,clean,control,1.051377719647046,7552,,family_e0952099c8a720c3,570
transformer_l_legacy,1,clean,control,0.48160189390182495,256,,family_c59f3ed95a508878,595
transformer_l_legacy,1,clean,control,0.6885730019095792,4574,,family_4cb23b14e3d36b0d,57
transformer_l_legacy,1,clean,control,0.5002726446837187,544,,family_aebb5b803b4c0278,208
transformer_l_legacy,1,clean,control,0.6672292947769165,412,,family_71e38421debc9320,159
transformer_l_legacy,1,clean,control,0.7501438622116189,1257,,family_d4e91cd391597bfb,377
transformer_l_legacy,1,clean,control,0.6001580934142501,337,,family_a458e18ffb59cdc5,670
transformer_l_legacy,1,clean,control,1.0274842734634066,5519,,family_47ba9ddc476931a4,621
transformer_l_legacy,1,clean,control,0.7800528061615278,3121,,family_f95fe97783adac95,52
transformer_l_legacy,1,clean,control,1.0783205834994896,3488,,family_dc0b5179722e8fe5,61
transformer_l_legacy,1,clean,control,0.6990234976838593,1204,,family_e4b55ba694cc08da,597
transformer_l_legacy,1,clean,control,1.2425309400744708,10856,,family_85905b5b7536d21a,124
transformer_l_legacy,1,clean,control,0.9047793354995148,2029,,family_19989c971f68ce4b,501
transformer_l_legacy,1,clean,control,1.0003189934929266,739,,family_59bfc8c37fa36b20,599
transformer_l_legacy,1,clean,control,0.6032527584391164,7902,,family_f84e475cf4f80566,584
transformer_l_legacy,1,clean,control,0.6556236799921675,3715,,family_4dadeb8474fe8ff9,10
transformer_l_legacy,1,clean,control,0.7427355420008811,7658,,family_907fa6edb24e0ed3,440
transformer_l_legacy,1,clean,control,0.4565835649955413,2631,,family_0d0b16856dabcffa,128
transformer_l_legacy,1,clean,control,0.8078314555869619,9510,,family_e5b3c0aff0dd05ec,187
transformer_l_legacy,1,clean,control,1.037163379882163,8105,,family_eefe9fe6b23e51c4,88
transformer_l_legacy,1,clean,control,0.7047187838985102,6731,,family_b673e0fc724a479d,112
transformer_l_legacy,1,clean,control,0.7322986311859118,3392,,family_e07911eb7022fd85,193
transformer_l_legacy,1,clean,control,1.9501092411716532,161,,family_b207295fbdf40272,684
transformer_l_legacy,1,clean,control,0.6588691242354848,11873,,family_de9c72ef62ac72df,74
transformer_l_legacy,1,clean,control,0.8137750273948031,3517,,family_aa86dc70aa03289b,35
transformer_l_legacy,1,clean,control,0.7482391978014185,3793,,family_2f904d1499c3c221,412
transformer_l_legacy,1,clean,control,0.6229344602319176,1899,,family_7ea59bf5d40f5c4f,375
transformer_l_legacy,1,clean,control,0.6214124472049137,5771,,family_1ed29ad6679ffb57,553
transformer_l_legacy,1,clean,control,1.3351179845997545,20130,,family_cedb480383e32e92,645
transformer_l_legacy,1,clean,control,0.8682633903280371,5956,,family_c676713b17e94995,515
transformer_l_legacy,1,clean,control,0.6256178780833715,4820,,family_ab81517fb265a914,236
transformer_l_legacy,1,clean,control,0.8912729798451714,2760,,family_a3a83feb27470fd8,536
transformer_l_legacy,1,clean,control,0.8063054522184225,2600,,family_8da1a87adf970316,341
transformer_l_legacy,1,clean,control,1.056587216113931,11084,,family_48362ee4e66fbdca,221
transformer_l_legacy,1,clean,control,0.7164298448807154,624,,family_16727aa87b392f1f,30
transformer_l_legacy,1,clean,control,0.6137764493773052,5746,,family_8b45b52019b254b0,197
transformer_l_legacy,1,clean,control,0.9118469360035631,8431,,family_ec04895340d4fdc3,350
transformer_l_legacy,1,clean,control,1.045664238516306,865,,family_73822ea66fa7eeb0,448
transformer_l_legacy,1,clean,control,0.6161233593620782,4626,,family_e8b54594efd4b9e6,107
transformer_l_legacy,1,clean,control,1.5868870850129304,4714,,family_7cc11ff05363ef06,335
transformer_l_legacy,1,clean,control,0.8108126736078106,2013,,family_ab3d2680525ee608,191
transformer_l_legacy,1,clean,control,1.4989766818028236,18363,,family_11328ccfc215dfa8,390
transformer_l_legacy,1,clean,control,1.2972181604018749,3418,,family_845d068ba0824cf7,443
transformer_l_legacy,1,clean,control,0.4835392814056546,6120,,family_1e46a30df40c6200,692
transformer_l_legacy,1,clean,control,0.5356921018585624,1221,,family_e3d7b72a268ee197,144
transformer_l_legacy,1,clean,control,0.4757257106273518,10890,,family_bc785f448eebf656,546
transformer_l_legacy,1,clean,control,1.0911737859417967,353,,family_acb335d44fa9df56,349
transformer_l_legacy,1,clean,control,1.1860975654057737,2544,,family_b9da95162a284b4f,298
transformer_l_legacy,1,clean,control,0.7899327278137207,226,,family_97ecb02c814c9745,63
transformer_l_legacy,1,clean,control,0.8288212888401479,1202,,family_2c0b8c4f2526d835,394
transformer_l_legacy,1,clean,control,0.7537049104789465,2555,,family_78bbff520ba07726,178
transformer_l_legacy,1,clean,control,0.6964930736103488,4833,,family_9c778dc897506350,685
transformer_l_legacy,1,clean,control,0.7296638521403919,6356,,family_28fe60087b2cd721,332
transformer_l_legacy,1,clean,control,0.545129907316344,12523,,family_0431bffd214ca7bc,257
transformer_l_legacy,1,clean,control,0.7108350304694773,5396,,family_c0f46844b9a3878a,542
transformer_l_legacy,1,clean,control,0.6559528680186969,759,,family_97885d2353dfa64d,441
transformer_l_legacy,1,clean,control,0.725878733150968,267,,family_09c83fb2711d64d5,564
transformer_l_legacy,1,clean,control,0.9596649018867464,15333,,family_a48d659018922846,497
transformer_l_legacy,1,clean,control,1.2112273562798082,2798,,family_d52dd246b31007f3,548
transformer_l_legacy,1,clean,control,1.0714162036294295,9826,,family_2acca371576a6fd6,363
transformer_l_legacy,1,clean,control,1.0206597804966515,16826,,family_08689d6c3fd6e06a,279
transformer_l_legacy,1,clean,control,0.9951071646664381,1211,,family_65831b5b1b3a29fa,582
transformer_l_legacy,1,clean,control,1.0582739899464704,872,,family_82bd7085a31a7554,147
transformer_l_legacy,1,clean,control,0.791793942451477,327,,family_c88efe0ec26b43e3,372
transformer_l_legacy,1,clean,control,0.9696246718635787,2254,,family_f45bf2582f059a32,406
transformer_l_legacy,1,clean,control,0.7731103618659884,2556,,family_35f68b61619872a8,172
transformer_l_legacy,1,clean,control,1.634525179862976,131,,family_840a6921e02d98c7,157
transformer_l_legacy,1,clean,control,0.7194308246875861,5574,,family_07b4a78bd4df5db4,657
transformer_l_legacy,1,clean,control,0.5759663941100458,11925,,family_b520ad73480ac213,541
transformer_l_legacy,1,clean,control,0.8350645463669162,1554,,family_06501bb82c35d53d,354
transformer_l_legacy,1,clean,control,0.6348816439049608,2852,,family_43b744922bc6a2b7,682
transformer_l_legacy,1,clean,control,0.4101092316394235,1296,,family_08cdd9141b42b8a6,225
transformer_l_legacy,1,clean,control,1.1926361465028967,3477,,family_8dd64a20ac498091,194
transformer_l_legacy,1,clean,control,0.9212238485252056,2796,,family_8a75620caa46a4bb,320
transformer_l_legacy,1,clean,control,0.46399665794788153,2834,,family_7133a47758bc1e83,588
transformer_l_legacy,1,clean,control,0.9451549053192139,388,,family_7674fcfd8eb0f8a6,365
transformer_l_legacy,1,clean,control,0.970128537523649,734,,family_b16129a99034b8c9,498
transformer_l_legacy,1,clean,control,0.7303151692429634,3285,,family_9a211141e0be1d71,358
transformer_l_legacy,1,clean,control,0.7455467717946583,10652,,family_ad2b3cd2ed862d0c,389
transformer_l_legacy,1,clean,control,0.8685588298852381,1863,,family_705c36bdf218eff1,222
transformer_l_legacy,1,clean,clean_validation,0.8897581008478108,1121,,family_506bf4406cb0d194,321
transformer_l_legacy,1,clean,clean_validation,0.5957084600476251,1035,,family_8c2d85eda3c6c0af,565
transformer_l_legacy,1,clean,clean_validation,0.6019887206637441,7667,,family_53d69e3df7c4019e,382
transformer_l_legacy,1,clean,clean_validation,1.1332423367132556,1543,,family_0682993cd6dae2ed,549
transformer_l_legacy,1,clean,clean_validation,1.0643370544553128,367,,family_c2107d3bea36abf9,72
transformer_l_legacy,1,clean,clean_validation,1.2281669957345707,2106,,family_13ece3a8f78f89a2,625
transformer_l_legacy,1,clean,clean_validation,0.7490456700325012,301,,family_7535ae77a17dc02e,301
transformer_l_legacy,1,clean,clean_validation,0.6728209079580104,282,,family_fa76be46983f7f33,530
transformer_l_legacy,1,clean,clean_validation,0.8325929763408427,10835,,family_cb253f56c14aaef0,1
transformer_l_legacy,1,clean,clean_validation,1.0126131827678155,2180,,family_3e4cb248c8f64e86,86
transformer_l_legacy,1,clean,clean_validation,0.6442380547523499,216,,family_8b8ebcd5a49b5c95,447
transformer_l_legacy,1,clean,clean_validation,0.7065835617301096,4678,,family_3cd795074901ac53,460
transformer_l_legacy,1,clean,clean_validation,1.3238811023360075,688,,family_94d17723c53c0857,457
transformer_l_legacy,1,clean,clean_validation,0.38269719635252425,1686,,family_b3d7700f2724b4da,151
transformer_l_legacy,1,clean,clean_validation,0.5156576397692579,4418,,family_200325224f3118ec,131
transformer_l_legacy,1,clean,clean_validation,0.7515671145557161,598,,family_a2007ec7c2f39458,409
transformer_l_legacy,1,clean,clean_validation,0.7887920586854028,2021,,family_0156d6f8bec156a8,264
transformer_l_legacy,1,clean,clean_validation,0.7661764211333584,10470,,family_98e69521d6d5ed6a,653
transformer_l_legacy,1,clean,clean_validation,1.0667005835640944,1442,,family_d903612ae7a3b48e,633
transformer_l_legacy,1,clean,clean_validation,0.5751382039218652,8845,,family_1de7a628296b57e3,92
transformer_l_legacy,1,clean,clean_validation,0.7229469418525696,261,,family_9868fe525e6f6581,535
transformer_l_legacy,1,clean,clean_validation,0.6184813959381695,2133,,family_0f10a03796a0c09e,465
transformer_l_legacy,1,clean,clean_validation,0.9027656153289957,4649,,family_c6a487213dca86b0,540
transformer_l_legacy,1,clean,clean_validation,0.7556928849630657,5403,,family_4c360aa749c4a1ef,149
transformer_l_legacy,1,clean,clean_validation,0.7662415164977354,28440,,family_9cec718d857c608f,115
transformer_l_legacy,1,clean,clean_validation,0.14016497617198542,2912,,family_156ffd19a0eec30a,598
transformer_l_legacy,1,clean,clean_validation,0.565978342968625,1477,,family_e4f029933a31381d,573
transformer_l_legacy,1,clean,clean_validation,1.3590849154335616,13719,,family_2aeac1591f6f74ea,307
transformer_l_legacy,1,clean,clean_validation,0.9210059207515361,697,,family_b476be0b49274370,260
transformer_l_legacy,1,clean,clean_validation,0.6524289905520758,6384,,family_9d6498c1a4edbe8c,199
transformer_l_legacy,1,clean,clean_validation,1.0761727868148763,8797,,family_177773ab1cfd2532,630
transformer_l_legacy,1,clean,clean_validation,0.7987575584011453,6151,,family_1ea2a219a2bdf844,53
transformer_l_legacy,1,clean,clean_validation,1.1585499566779351,1692,,family_3dd1e430f3ee7446,9
transformer_l_legacy,1,clean,clean_validation,0.9698723554611206,256,,family_44f2b0e77f4af418,650
transformer_l_legacy,1,clean,clean_validation,0.5688134841461191,2099,,family_620599f8e0ecd444,47
transformer_l_legacy,1,clean,clean_validation,0.6000754833221436,211,,family_1ddad3a2c05e2680,296
transformer_l_legacy,1,clean,clean_validation,1.009233471900351,1179,,family_5174bcfb395c6c93,229
transformer_l_legacy,1,clean,clean_validation,0.5663265147268276,5284,,family_752e5140a83655db,560
transformer_l_legacy,1,clean,clean_validation,0.6357593092958743,4491,,family_ad503dfcc1e63e96,239
transformer_l_legacy,1,clean,clean_validation,0.8996604736354373,2725,,family_af0d017372cb2ffa,643
transformer_l_legacy,1,clean,clean_validation,0.8415678546510179,15417,,family_83ead3d96159a25d,395
transformer_l_legacy,1,clean,clean_validation,1.1482451684979444,20099,,family_03bc829a418eac27,459
transformer_l_legacy,1,clean,clean_validation,0.7444877170361306,2869,,family_312947f388fcd367,638
transformer_l_legacy,1,clean,clean_validation,0.7713511609546678,1378,,family_b0968c9d92a309da,302
transformer_l_legacy,1,clean,clean_validation,0.6397419310303434,3434,,family_044026fc250ea949,437
transformer_l_legacy,1,clean,clean_validation,0.8955646130127636,2460,,family_a77741e8f387ba1b,154
transformer_l_legacy,1,clean,clean_validation,1.057492585596542,1076,,family_e994803a7b762aa2,410
transformer_l_legacy,1,clean,clean_validation,1.2035493616393074,7611,,family_6417dd72b6af3eda,404
transformer_l_legacy,1,clean,clean_validation,0.9950701176116876,14317,,family_0bab43cce14a333d,471
transformer_l_legacy,1,clean,clean_validation,0.20147202011263562,1303,,family_9cc0d2dc7c97039d,213
transformer_l_legacy,1,clean,clean_validation,0.5617107222049637,2182,,family_82a4b79ac7e84a17,200
transformer_l_legacy,1,clean,clean_validation,1.0098627296345328,13780,,family_f4cb6b9481320847,371
transformer_l_legacy,1,clean,clean_validation,0.700614442852572,4024,,family_5bd01148f60d04e0,120
transformer_l_legacy,1,clean,clean_validation,0.40923376043109533,1806,,family_17daca9afdd839fe,568
transformer_l_legacy,1,clean,clean_validation,0.9037454225759967,538,,family_276804a34673f756,304
transformer_l_legacy,1,clean,clean_validation,0.9600899276156233,5998,,family_92b0513dee6f07dd,25
transformer_l_legacy,1,clean,clean_validation,0.5969224934612875,1092,,family_9b1a4d796317c86e,613
transformer_l_legacy,1,clean,clean_validation,1.001586349956393,2523,,family_7cf31d6371e489fd,48
transformer_l_legacy,1,clean,clean_validation,0.9481798795066014,2766,,family_705d9aa21ef59c14,339
transformer_l_legacy,1,clean,clean_validation,0.7997562908692891,8912,,family_e7a8a4c136ad4c88,334
transformer_l_legacy,1,clean,clean_validation,0.20080474153480035,654,,family_2cd67233ffc8de8d,587
transformer_l_legacy,1,clean,clean_validation,0.8024622925558306,4195,,family_61367478b0d50a39,360
transformer_l_legacy,1,clean,clean_validation,1.2632326895116277,5468,,family_6a5eb7c975a3a6a8,73
transformer_l_legacy,1,clean,clean_validation,0.6569484014587306,3567,,family_e9c05c6e37633fe0,500
transformer_l_legacy,1,clean,clean_validation,0.9612720486624342,8451,,family_8209ef2211a8fa80,662
transformer_l_legacy,1,clean,clean_validation,0.7597148382283272,1880,,family_534587ddf3c590a6,507
transformer_l_legacy,1,clean,clean_validation,0.5709196760031788,13034,,family_88000d4a34b43f6f,109
transformer_l_legacy,1,clean,clean_validation,0.7511204481124878,357,,family_09ba6788519a60f2,293
transformer_l_legacy,1,clean,clean_validation,0.6353228162604104,3111,,family_3297a1612112b3a9,99
transformer_l_legacy,1,clean,clean_validation,0.6715054254386471,5018,,family_77156022943ef360,516
transformer_l_legacy,1,clean,clean_validation,0.44480183588007394,7328,,family_843eb0e7d3797357,673
transformer_l_legacy,1,clean,clean_validation,1.0457116275086726,3015,,family_e3e1e8490f43c6b7,67
transformer_l_legacy,1,clean,clean_validation,0.4228624939572231,1377,,family_33bc1bfb24a91122,238
transformer_l_legacy,1,clean,clean_validation,0.5852152705192566,201,,family_cef9e09ff37dd808,56
transformer_l_legacy,1,clean,clean_validation,0.8182551463293594,5248,,family_85be83889927906f,367
transformer_l_legacy,1,clean,clean_validation,1.1344563938250207,1727,,family_933c96d2bfde210b,303
transformer_l_legacy,1,clean,clean_validation,1.1581561657463668,10048,,family_113476d14044fff1,478
transformer_l_legacy,1,clean,clean_validation,0.9671956241628099,15822,,family_b2cc89a22bd3650f,259
transformer_l_legacy,1,clean,clean_validation,0.549877825814787,14004,,family_009b778c57456b7a,244
transformer_l_legacy,1,clean,clean_validation,0.6009182750896701,1902,,family_38ceea7c76f255b3,343
transformer_l_legacy,1,clean,clean_validation,0.8333269655704498,442,,family_7a48a7509f2ed688,646
transformer_l_legacy,1,clean,clean_validation,1.2740919959760095,11424,,family_a9e91a290c2b5c30,651
transformer_l_legacy,1,clean,clean_validation,0.5956385574847097,3612,,family_b22cb24378dd7aaa,550
transformer_l_legacy,1,clean,clean_validation,0.8722383830889087,1179,,family_bdd6debf555477b4,78
transformer_l_legacy,1,clean,clean_validation,0.4074802987151227,2478,,family_d997865401469e31,454
transformer_l_legacy,1,clean,clean_validation,0.5270391568328838,14923,,family_1a70716ad19cc9d6,328
transformer_l_legacy,1,clean,clean_validation,0.7831055527100613,7486,,family_cbf8d1e12b32df90,586
transformer_l_legacy,1,clean,clean_validation,1.5735554695129395,102,,family_1423635df94c5343,577
transformer_l_legacy,1,clean,clean_validation,1.3993345096491385,6210,,family_5ec977e50f88a732,635
transformer_l_legacy,1,clean,clean_validation,1.3572380542755127,46,,family_13449e7cf493b2f6,192
transformer_l_legacy,1,clean,clean_validation,1.04270150861746,1619,,family_fb7471c20f2b4aed,218
transformer_l_legacy,1,clean,clean_validation,1.130700142007125,1425,,family_502f200f3e0313b3,374
transformer_l_legacy,1,clean,clean_validation,0.9570294299055586,5579,,family_06f033ae1dede60a,166
transformer_l_legacy,1,clean,clean_validation,0.46606401367355027,3871,,family_d5bc99ec8cbbe193,352
transformer_l_legacy,1,clean,clean_validation,0.8762361293579165,844,,family_a913d556915e01ff,319
transformer_l_legacy,1,clean,clean_validation,1.030597984790802,462,,family_26d482864d00ab2a,453
transformer_l_legacy,1,clean,clean_validation,0.7685488298610732,593,,family_9e1b57363d3766ce,356
transformer_l_legacy,1,clean,clean_validation,1.0589442264099824,20615,,family_b4dc091216fd58c5,32
transformer_l_legacy,1,clean,clean_validation,0.6629160901218546,839,,family_dd4daa9a12128180,256
transformer_l_legacy,1,clean,clean_validation,0.6763091952192064,12260,,family_6e4ca288c20596c8,249
transformer_l_legacy,1,clean,clean_validation,0.8439452606056346,7092,,family_eb607bef12aaa172,502
transformer_l_legacy,1,clean,clean_validation,0.9625242388392069,498,,family_04b84faa8791236a,487
transformer_l_legacy,1,clean,clean_validation,0.9384006379369252,2505,,family_d3c3ffd4bf041662,85
transformer_l_legacy,1,clean,clean_validation,1.204453119354811,2643,,family_d204b7d342411c5e,677
transformer_l_legacy,1,clean,clean_validation,1.2812383184431624,49132,,family_82c86f72a6ba2d05,680
transformer_l_legacy,1,clean,clean_validation,1.462597588326396,9141,,family_213ae165418380ad,206
transformer_l_legacy,1,clean,clean_validation,0.838413417339325,206,,family_b4ad6d59b30dc431,658
transformer_l_legacy,1,clean,clean_validation,0.8827491846629338,5751,,family_66bfed3171c47d48,308
transformer_l_legacy,1,clean,clean_validation,0.776070909075733,1191,,family_1042e6cfc0da940b,561
transformer_l_legacy,1,clean,clean_validation,0.6201394163092522,1825,,family_1b004e877fd9c150,444
transformer_l_legacy,1,clean,clean_validation,0.5700919909125443,3043,,family_cd0df1b5c356cfbf,40
transformer_l_legacy,1,clean,clean_validation,0.45050724495121125,6195,,family_87bb078a1609e1d4,594
transformer_l_legacy,1,clean,clean_validation,0.3627020988079211,5398,,family_365ed3f794ae6917,636
transformer_l_legacy,1,clean,clean_validation,0.7277928614469362,5270,,family_64aded009d0aa19d,252
transformer_l_legacy,1,clean,clean_validation,1.5428680181503296,126,,family_62119591a5d0e802,591
transformer_l_legacy,1,clean,clean_validation,0.9407042944222166,1425,,family_2573c0454c4f3b47,170
transformer_l_legacy,1,clean,clean_validation,0.8880475560521207,3936,,family_784552c59e6cde90,116
transformer_l_legacy,1,clean,clean_validation,0.821043175166533,8970,,family_a0873d1045e6de73,179
transformer_l_legacy,1,clean,clean_validation,0.8619945049285889,261,,family_d7f647fc704e4090,503
transformer_l_legacy,1,clean,clean_validation,0.7190786004066467,582,,family_de177b5bfd3b4ad4,36
transformer_l_legacy,1,clean,clean_validation,1.0566920042037964,271,,family_57d0908d211a3aeb,446
transformer_l_legacy,1,clean,clean_validation,0.4945484697818756,221,,family_5f8fbce42478804e,652
transformer_l_legacy,1,clean,clean_validation,1.2148883105471586,2286,,family_48d0cb7d67246d93,483
transformer_l_legacy,1,clean,clean_validation,0.6773413581194287,598,,family_9f0867df23aab646,64
transformer_l_legacy,1,clean,clean_validation,0.6584464331980675,1550,,family_60fbccdcfac8d45f,201
transformer_l_legacy,1,clean,clean_validation,0.6404296108543679,3993,,family_222129623ae1d868,331
transformer_l_legacy,1,clean,clean_validation,1.2313572973256175,3553,,family_d12ec4943d04fda6,381
transformer_l_legacy,1,clean,clean_validation,1.1221636533737183,613,,family_ca5f7811310d4979,421
transformer_l_legacy,1,clean,clean_validation,0.9177744984359395,8917,,family_1a9b3b213cd3f0fe,289
transformer_l_legacy,1,clean,clean_validation,0.8892149832032284,6357,,family_8597a33e1a97ed61,234
transformer_l_legacy,1,clean,clean_validation,0.6698142886161804,331,,family_34fbf3c76cd35578,445
transformer_l_legacy,1,clean,clean_validation,1.2340656312567289,1525,,family_064fc18d23d7f6e0,171
transformer_l_legacy,1,clean,clean_validation,0.5924390073210859,13091,,family_1cb15a71042b13f5,469
transformer_l_legacy,1,clean,clean_validation,0.6517777648365614,412,,family_e6b4aacd5803536e,674
transformer_l_legacy,1,clean,clean_validation,0.8156959647164503,2764,,family_387cf57640b6d8de,4
transformer_l_legacy,1,clean,clean_validation,0.8809715585648605,15176,,family_2decb8320f2dfd02,113
transformer_l_legacy,1,clean,clean_validation,1.7455547741896,15931,,family_ac0f9bcdce618038,518
transformer_l_legacy,1,clean,clean_validation,0.7025519609451294,221,,family_59a690110c469b8f,282
transformer_l_legacy,1,clean,clean_validation,0.7963801026344299,177,,family_242be05bb379eeaa,486
transformer_l_legacy,1,clean,clean_validation,0.9741703867912292,291,,family_8adbaad5b4f10b73,250
transformer_l_legacy,1,clean,clean_validation,0.7826047666553274,5841,,family_e7650acc72c99e33,285
transformer_l_legacy,1,clean,clean_validation,1.2110461402909753,2629,,family_cc51c1d0bd72fc52,517
transformer_l_legacy,1,clean,clean_validation,0.6135779023170471,271,,family_1fc3e8d69842199a,346
transformer_l_legacy,1,clean,clean_validation,0.6635038084105441,6498,,family_44bf22828218a5dc,223
transformer_l_legacy,1,clean,clean_validation,1.5708548463702772,1045,,family_423514ea82205c90,118
transformer_l_legacy,1,clean,clean_validation,0.8332261228407419,11303,,family_d065b978d8d6363c,233
transformer_l_legacy,1,clean,clean_validation,0.5378027287128448,13543,,family_34c0276853df68f6,592
transformer_l_legacy,1,clean,clean_validation,0.6636136416404966,1260,,family_1086f01990d35911,161
transformer_l_legacy,1,clean,clean_validation,0.6636059109708563,6524,,family_272ea12129852d21,83
transformer_l_legacy,1,clean,clean_validation,0.4841739734447679,458,,family_ab58c5df98c64c96,242
transformer_l_legacy,1,clean,clean_validation,0.3733413331839306,6518,,family_05ac1b1c30b4cc2e,514
transformer_l_legacy,1,clean,clean_validation,1.2902878501469957,20441,,family_57e56909cbd77983,472
transformer_l_legacy,1,clean,clean_validation,0.3877713084220886,201,,family_5dd2a8be853b78e8,22
transformer_l_legacy,1,clean,clean_validation,0.9915559941838528,1856,,family_9830d264b28c22a3,68
transformer_l_legacy,1,clean,clean_validation,0.48765307664871216,196,,family_142c201c93af1056,55
transformer_l_legacy,1,clean,clean_validation,0.9398761497803978,859,,family_8dee2f974b6e774e,17
transformer_l_legacy,1,clean,clean_validation,0.7001518007643706,7603,,family_1714b2bcb66f3a32,411
transformer_l_legacy,1,clean,clean_validation,1.115260292748835,4503,,family_0b7033c8335243d6,210
transformer_l_legacy,1,clean,clean_validation,1.2514792278599705,30865,,family_f7fc3a6587acd552,669
transformer_l_legacy,1,clean,clean_validation,0.6468255646492895,1318,,family_3073b2c859362b6b,537
transformer_l_legacy,1,clean,clean_validation,1.053403615951538,682,,family_1022f1461ea02448,297
transformer_l_legacy,1,clean,clean_validation,0.8955676555633545,101,,family_ccc461da40d9ac0d,420
transformer_l_legacy,1,clean,clean_validation,1.1674441188932903,6806,,family_4c7eec40a9857f16,668
transformer_l_legacy,1,clean,clean_validation,0.4297881005331874,1856,,family_ea447f225e37bcff,496
transformer_l_legacy,1,clean,clean_validation,1.531469736156047,7555,,family_3335e158c995dd8a,148
transformer_l_legacy,1,clean,clean_validation,1.0406495214377771,12481,,family_d521b23ed1f019c7,121
transformer_l_legacy,1,clean,clean_validation,0.9307912077580391,5235,,family_0134076cacfda355,392
transformer_l_legacy,1,clean,clean_validation,1.1502057711283367,738,,family_56b2cba7fc132ef1,574
transformer_l_legacy,1,clean,clean_validation,0.8593849503014186,1022,,family_442e47d64373ea42,214
transformer_l_legacy,1,clean,clean_validation,0.7232383480995377,2076,,family_81ddae8c86d6f244,388
transformer_l_legacy,1,clean,clean_validation,0.9984988086269645,1191,,family_c182d668dd0813f1,368
transformer_l_legacy,1,clean,clean_validation,0.8562802760635765,824,,family_3619ff0a23b6cf76,583
transformer_l_legacy,1,clean,clean_validation,0.6956795613208322,2344,,family_8d7f055fadcc2466,554
transformer_l_legacy,1,clean,clean_validation,0.7925366292656061,9248,,family_47eed942bba714a7,119
transformer_l_legacy,1,clean,clean_validation,1.0676723718643188,331,,family_4ad0ed70281e61b7,697
transformer_l_legacy,1,clean,clean_validation,0.4843152846817543,1428,,family_2caaaadc23ec98ec,248
transformer_l_legacy,1,clean,clean_validation,0.38845895636018624,945,,family_762c3082afd0d823,337
transformer_l_legacy,1,clean,clean_validation,0.9576260684407851,5437,,family_fb27253a42766057,212
transformer_l_legacy,1,clean,clean_validation,1.1344738357029902,2371,,family_892f6f575ad06fdb,351
transformer_l_legacy,1,clean,clean_validation,1.0158000564575196,1200,,family_8aa0ed5e323eeb0d,195
transformer_l_legacy,1,clean,clean_validation,0.9772932021552813,18135,,family_7069de93803bf73e,510
transformer_l_legacy,1,clean,clean_validation,0.5803445208044546,4240,,family_d6ff844172b34405,280
transformer_l_legacy,1,clean,clean_validation,0.6541503802726143,3515,,family_01939a8c620ed9e1,610
transformer_l_legacy,1,clean,clean_validation,0.604045755854617,5006,,family_94b530a2eeef7b05,675
transformer_l_legacy,1,clean,clean_validation,0.38492429074092305,523,,family_b298a2c79b9acf61,186
transformer_l_legacy,1,clean,clean_validation,0.8268577322945581,6660,,family_4a86fa42bce94e67,26
transformer_l_legacy,1,clean,clean_validation,0.674230694770813,497,,family_7af8a28c6e85bc8b,141
transformer_l_legacy,1,clean,clean_validation,1.513139247894287,11,,family_99483ac7e710751f,175
transformer_l_legacy,1,clean,clean_validation,0.6860095943822417,860,,family_644383b9a5c7153d,50
transformer_l_legacy,1,clean,clean_validation,0.8903669370155708,714,,family_e08ea0e927cfea58,369
transformer_l_legacy,1,clean,clean_validation,0.8851546442712064,5217,,family_44cee7ecbafdaa0c,628
transformer_l_legacy,1,clean,clean_validation,0.9741288803950956,2391,,family_46ee5adc2c70d33b,312
transformer_l_legacy,1,clean,clean_validation,0.6230048537254333,226,,family_363f18ff9cdd663b,101
transformer_l_legacy,1,clean,clean_validation,0.5383761996775472,3794,,family_0f72232dcd828b96,526
transformer_l_legacy,1,clean,clean_validation,0.7112171439480918,2971,,family_97eeaf7b4a9c3731,434
transformer_l_legacy,1,clean,clean_validation,1.016139087604716,7619,,family_09e1821e1435425f,490
transformer_l_legacy,1,clean,clean_validation,1.3084970712661743,301,,family_3e481fb1fbc87581,596
transformer_l_legacy,1,clean,clean_validation,0.36123806330478475,3261,,family_a43a516a7577f1ec,398
transformer_l_legacy,1,clean,clean_validation,0.38889837980716596,20304,,family_c70bbb1238ec368c,338
transformer_l_legacy,1,clean,clean_validation,1.4038438303229832,14843,,family_e7c9171f786b99da,183
transformer_l_legacy,1,clean,clean_validation,0.7826622128486633,583,,family_eac4733b2dae986d,69
transformer_l_legacy,1,clean,clean_validation,0.6678954272671228,10963,,family_dcee5dfcf9fc6031,489
transformer_l_legacy,1,clean,clean_validation,0.5940651526163516,1086,,family_ba88844813c478c8,488
transformer_l_legacy,1,clean,clean_validation,0.8453310394897606,3671,,family_e3b1d0c18a60396e,626
transformer_l_legacy,1,clean,clean_validation,0.9662591477512067,2870,,family_455ecec853565931,619
transformer_l_legacy,1,clean,clean_validation,0.96576327085495,291,,family_db0f95ba35a66044,329
transformer_l_legacy,1,clean,clean_validation,1.1386584422130608,7391,,family_f4900aed0a1c77c5,268
transformer_l_legacy,1,clean,clean_validation,0.6445357544170853,3814,,family_641e72e8ff1c1166,146
transformer_l_legacy,1,clean,clean_validation,0.9033063168849916,14163,,family_2312c27769277b81,470
transformer_l_legacy,1,clean,clean_validation,0.7071358356511496,3944,,family_1e6bf6c8d5b78e1a,640
transformer_l_legacy,1,clean,clean_validation,0.5071210587437774,7532,,family_502e6b70666e84f8,162
transformer_l_legacy,1,clean,clean_validation,0.7889058485940122,619,,family_a55f889fcbd8ead5,59
transformer_l_legacy,1,clean,clean_validation,0.6560606956481934,487,,family_d9ef2ad04ba5030a,94
transformer_l_legacy,1,clean,clean_validation,0.987944728885105,3740,,family_6ecb17a2196b524b,216
transformer_l_legacy,1,clean,clean_validation,0.5846855450017096,21036,,family_6eb33acc697900b1,189
transformer_l_legacy,1,clean,clean_validation,0.6301533089412775,15489,,family_71038ecc81cc310d,567
transformer_l_legacy,1,clean,clean_validation,0.8709382982518797,7528,,family_43d070bb1d4728eb,436
transformer_l_legacy,1,clean,clean_validation,0.7856333849800113,4143,,family_e943e5ae3161e964,215
transformer_l_legacy,1,clean,clean_validation,1.0207625008560377,1639,,family_977c404bc438de36,129
transformer_l_legacy,1,clean,clean_validation,0.9109684834673443,1654,,family_eb05ccf771a0f6fa,167
transformer_l_legacy,1,clean,clean_validation,0.6189785693010661,658,,family_f76575f43ce9f715,211
transformer_l_legacy,1,clean,clean_validation,0.8855029344558716,126,,family_c44c8014b64e9662,271
transformer_l_legacy,1,clean,clean_validation,1.0602409270894786,1615,,family_db3db1576a406cc8,647
transformer_l_legacy,1,clean,clean_validation,0.7137520890242257,3001,,family_74d6ca4f4b3ca714,198
transformer_l_legacy,1,clean,clean_validation,1.1183810037892448,13326,,family_e28197e9cf6fc68d,82
transformer_l_legacy,1,clean,clean_validation,1.1485013197704257,5959,,family_1bbcc4218f93ca73,585
transformer_l_legacy,1,clean,clean_validation,0.4402208025949129,5926,,family_6efa1cacb9ad3d66,450
transformer_l_legacy,1,clean,clean_validation,0.8998618332502091,1483,,family_293d3c58434ea432,424
transformer_l_legacy,1,clean,clean_validation,1.1500801873129431,307,,family_bb7a3764a0cb51ef,185
transformer_l_legacy,1,clean,clean_validation,0.3228411053392196,3853,,family_ce939a871f73797e,654
transformer_l_legacy,1,clean,clean_validation,0.585919260134675,11511,,family_bf58440f90351608,656
transformer_l_legacy,1,clean,clean_validation,1.1975262743601383,47814,,family_b13e3197621b6a67,665
transformer_l_legacy,1,clean,clean_validation,0.8981192685237334,5155,,family_e5b4b48758cc10cf,0
transformer_l_legacy,1,clean,clean_validation,0.5212690864330114,10750,,family_873455800f3af360,90
transformer_l_legacy,1,clean,clean_validation,0.18263870167536933,1648,,family_5b4f410a68b26980,294
transformer_l_legacy,1,clean,clean_validation,0.8097247849636413,6820,,family_6555b7af6b1e876d,333
transformer_l_legacy,1,clean,clean_validation,0.29466152135794055,9581,,family_c8ed53e602d47d77,373
transformer_l_legacy,1,clean,clean_validation,0.5001088091305324,910,,family_b7724334fda37767,2
transformer_l_legacy,1,clean,clean_validation,0.5417526576844963,6232,,family_e1e6b4777ab2f0d3,525
transformer_l_legacy,1,clean,clean_validation,0.628386830940312,10054,,family_68b8fd69ce397884,205
transformer_l_legacy,1,clean,clean_validation,0.6158649921417236,261,,family_4484ffde0b8eeb1e,468
transformer_l_legacy,1,clean,clean_validation,1.1595023680666794,5772,,family_f6c8d7d7ccb2fb7c,659
transformer_l_legacy,1,clean,clean_validation,0.8253507668425962,8322,,family_bf5e46a018cc309f,91
transformer_l_legacy,1,clean,clean_validation,1.1891709563255024,3333,,family_74d92a6b925fff2b,361
transformer_l_legacy,1,clean,clean_validation,1.3685437442451123,755,,family_fecd8209b4231ff0,562
transformer_l_legacy,1,clean,clean_validation,0.8236047691579307,1047,,family_a5b4b56c411c3e3e,19
transformer_l_legacy,1,clean,clean_validation,0.666919857459762,3038,,family_125b174edd279860,622
transformer_l_legacy,1,clean,clean_validation,0.8870597307837848,12165,,family_4fd03386572a5e7d,49
transformer_l_legacy,1,clean,clean_validation,0.8159334401086885,784,,family_b683e3dda3d53d7d,499
transformer_l_legacy,1,clean,clean_validation,0.6746668203277626,5434,,family_7cc38e130f767be2,152
transformer_l_legacy,1,clean,clean_validation,0.8484654388801305,2004,,family_c1cf47c50b324615,620
transformer_l_legacy,1,clean,clean_validation,0.5580599308013916,277,,family_e6f89a8fd4c28042,671
transformer_l_legacy,1,clean,clean_validation,1.1406528864102472,5436,,family_f32207a4bd1be5f3,641
transformer_l_legacy,1,clean,clean_validation,0.8595958877916205,730,,family_750c1b7c9293fca0,555
transformer_l_legacy,1,clean,clean_validation,0.4389179972805988,2518,,family_dff095b3f9ea4486,228
transformer_l_legacy,1,clean,clean_validation,0.8784869897733553,1393,,family_03f94974e43a6f72,219
transformer_l_legacy,1,clean,clean_validation,0.6834280152058955,11470,,family_20755f596dac4ad8,538
transformer_l_legacy,1,clean,clean_validation,0.2400175424084236,11134,,family_a5fb3561532a1515,251
transformer_l_legacy,1,clean,clean_validation,0.7638088987575332,10047,,family_09f185032eec1684,15
transformer_l_legacy,1,clean,clean_validation,0.7953151422897371,2108,,family_449b876c5d7555de,648
transformer_l_legacy,1,clean,clean_validation,1.1577718997693176,9757,,family_17c63d0cae51b4f0,552
transformer_l_legacy,1,clean,clean_validation,0.9942158366867518,1901,,family_a7e7611a4fb45bb8,181
transformer_l_legacy,1,clean,clean_validation,0.6144454807878913,21536,,family_a0087912e552c325,160
transformer_l_legacy,1,clean,clean_validation,1.3313855749651422,13175,,family_26c7d9fe4637a87f,639
transformer_l_legacy,1,clean,clean_validation,1.35639999170087,11417,,family_7c0ce9b52a4fb354,384
transformer_l_legacy,1,clean,clean_validation,0.8651291122864024,12236,,family_ce42ac82cf5b7aa5,491
transformer_l_legacy,1,clean,clean_validation,1.1034315650071747,926,,family_d1384d3d5b8f3e4a,325
transformer_l_legacy,1,clean,clean_validation,0.4307265171611851,8976,,family_a4ec6bc987630263,480
transformer_l_legacy,1,clean,clean_validation,0.5600040879497008,2274,,family_d7fd034f32743816,614
transformer_l_legacy,1,clean,clean_validation,0.5265618290606082,4080,,family_9ee07f048eddd3ef,605
transformer_l_legacy,1,clean,clean_validation,1.294178349336246,9874,,family_d5db7a666d5cdce4,432
transformer_l_legacy,1,clean,clean_validation,0.5676762461662292,693,,family_e3990e8f3e5a019e,29
transformer_l_legacy,1,clean,clean_validation,0.6206246018409729,402,,family_424ba6cfeb2d4b06,347
transformer_l_legacy,1,clean,clean_validation,0.861029513985286,2758,,family_1584dac71c5d3b21,417
transformer_l_legacy,1,clean,clean_validation,0.4815059170040892,1559,,family_71b49a81405adf23,28
transformer_l_legacy,1,clean,clean_validation,0.4449049154043506,3865,,family_02cd0d0062e7f2f0,136
transformer_l_legacy,1,clean,clean_validation,0.7846710013520322,6113,,family_f6a9ab27f75aaa2c,237
transformer_l_legacy,1,clean,clean_validation,2.6053597927093506,56,,family_fa6d03faa672f307,607
transformer_l_legacy,1,clean,clean_validation,0.8919611307772005,1601,,family_32ee5e4e0bf64290,575
transformer_l_legacy,1,clean,clean_validation,0.7982045966000428,1373,,family_4b03c0c9196cb057,642
transformer_l_legacy,1,clean,clean_validation,0.8700908840876244,33265,,family_084d50552be46593,431
transformer_l_legacy,1,clean,clean_validation,0.8704379200935364,216,,family_f9eef55626121ccd,456
transformer_l_legacy,1,clean,clean_validation,1.365764845892088,2579,,family_f3c41c0d722fe806,299
transformer_l_legacy,1,clean,clean_validation,0.994713873490562,8074,,family_830520441d24c99b,281
transformer_l_legacy,1,clean,clean_validation,0.7698046112151431,1574,,family_0bcfa76d0d0ba6c7,204
transformer_l_legacy,1,clean,clean_validation,0.5211772087312339,4379,,family_49c1e82f118ffcdb,155
transformer_l_legacy,1,clean,clean_validation,1.6045515537261963,37,,family_60813f1989c300e9,547
transformer_l_legacy,1,clean,clean_validation,0.655484595971901,4098,,family_b9e55910bfee8055,104
transformer_l_legacy,1,clean,clean_validation,0.5419117140735051,683,,family_b5e8954b16e48222,6
transformer_l_legacy,1,clean,clean_validation,0.35682108998298645,181,,family_a8682c6d911fc3b8,566
transformer_l_legacy,1,clean,clean_validation,0.8933198924065014,12601,,family_f8ba51ce9495f2bd,416
transformer_l_legacy,1,clean,clean_validation,0.7809445054035257,4366,,family_71a60fbe7040f158,38
transformer_l_legacy,1,clean,clean_validation,0.8885226845741272,437,,family_336e1c704addf9f3,393
transformer_l_legacy,1,clean,clean_validation,0.38741897015778487,1452,,family_ce5ee93c94f8cb47,427
transformer_l_legacy,1,clean,clean_validation,1.1977431959304157,11788,,family_ba5a886f795d4f27,345
transformer_l_legacy,1,clean,clean_validation,0.55284720723347,372,,family_3812a654a3d8068e,314
transformer_l_legacy,1,clean,clean_validation,0.3525427630569928,3751,,family_043b81d25e57bda6,14
transformer_l_legacy,1,clean,clean_validation,1.0197139239505175,1598,,family_60dc4c06abba1219,316
transformer_l_legacy,1,clean,clean_validation,0.4552394794682934,365,,family_0967320075dd090a,544
transformer_l_legacy,1,clean,clean_validation,0.6764293574121818,573,,family_4cbe424968d7c5e7,277
transformer_l_legacy,1,family_leak,treated,0.5931857800237037,3093,structurally_nonexact,family_d1a92696717aa9c2,176
transformer_l_legacy,1,family_leak,treated,0.9172376528578369,1216,structurally_nonexact,family_3835425eafb00035,524
transformer_l_legacy,1,family_leak,treated,0.5958620725036825,412,structurally_nonexact,family_a534382ff42b71fb,634
transformer_l_legacy,1,family_leak,treated,0.4739485326936934,4197,structurally_nonexact,family_6d17de7e325f25f8,467
transformer_l_legacy,1,family_leak,treated,0.489843911361021,779,structurally_nonexact,family_56b1bf9100abf79a,254
transformer_l_legacy,1,family_leak,treated,1.2760358777857868,15674,structurally_nonexact,family_9edbfcdbf27d8472,87
transformer_l_legacy,1,family_leak,treated,0.30189160823992156,3153,structurally_nonexact,family_db6398f302f77cb4,563
transformer_l_legacy,1,family_leak,treated,0.3799661949625976,10203,canonical_event_exact,family_776fb0c74fb6af96,253
transformer_l_legacy,1,family_leak,treated,0.8051873455399506,1748,structurally_nonexact,family_be459453ebdfa1da,627
transformer_l_legacy,1,family_leak,treated,0.6315917266227143,3230,structurally_nonexact,family_439fc19617b55d44,309
transformer_l_legacy,1,family_leak,treated,0.5697497295681387,2560,structurally_nonexact,family_328dc279bafe7f69,265
transformer_l_legacy,1,family_leak,treated,0.8323741820558823,3803,structurally_nonexact,family_ac0566dd944bc201,327
transformer_l_legacy,1,family_leak,treated,0.789767861366272,477,canonical_event_exact,family_3fbe0e330aecdc00,482
transformer_l_legacy,1,family_leak,treated,0.770013181323355,704,structurally_nonexact,family_04795413b15e0b98,576
transformer_l_legacy,1,family_leak,treated,1.0782164694062208,1108,structurally_nonexact,family_348b29b5f47eda18,220
transformer_l_legacy,1,family_leak,treated,1.059262253290298,8731,structurally_nonexact,family_f77d449f1658a159,292
transformer_l_legacy,1,family_leak,treated,1.144705057144165,242,structurally_nonexact,family_39849966d6043c11,378
transformer_l_legacy,1,family_leak,treated,0.9124108181461696,3169,structurally_nonexact,family_af212e596b07120e,405
transformer_l_legacy,1,family_leak,treated,0.4089524414661846,9069,structurally_nonexact,family_2d3e3d92f30c4369,600
transformer_l_legacy,1,family_leak,treated,0.6028463826954293,1674,structurally_nonexact,family_f0c0dd7c2f3b6a3f,661
transformer_l_legacy,1,family_leak,treated,0.8473296168816229,2491,structurally_nonexact,family_5aaa5f6f546aa704,105
transformer_l_legacy,1,family_leak,treated,0.7090696131816692,5759,structurally_nonexact,family_78031f033e192cce,11
transformer_l_legacy,1,family_leak,treated,0.6590947508811951,467,structurally_nonexact,family_961cefc620e3d5ab,408
transformer_l_legacy,1,family_leak,treated,0.7495457413988404,3303,canonical_event_exact,family_fe2836cc1cef695c,336
transformer_l_legacy,1,family_leak,treated,0.8675224318682285,9124,structurally_nonexact,family_0f71c7e0830e1d85,624
transformer_l_legacy,1,family_leak,treated,0.30473254850555614,6286,structurally_nonexact,family_2dbafe5054d4bee7,414
transformer_l_legacy,1,family_leak,treated,0.3412003699679415,14987,structurally_nonexact,family_52885ec61f0240b9,687
transformer_l_legacy,1,family_leak,treated,0.7145999018198405,5460,structurally_nonexact,family_b88eee6ecd7ef6bc,366
transformer_l_legacy,1,family_leak,treated,0.9442522152733224,20432,structurally_nonexact,family_de67cf52f9a2ce89,267
transformer_l_legacy,1,family_leak,treated,1.0273594300696665,854,structurally_nonexact,family_7b8c8789f38183da,317
transformer_l_legacy,1,family_leak,treated,0.6910187042100409,10665,structurally_nonexact,family_774f10d6c3d75980,145
transformer_l_legacy,1,family_leak,treated,0.4856617542423682,29458,structurally_nonexact,family_6fbe37a0a6611f64,520
transformer_l_legacy,1,family_leak,treated,0.4152794094593389,12501,structurally_nonexact,family_c64269798048b60f,666
transformer_l_legacy,1,family_leak,treated,0.5389957855268181,8558,structurally_nonexact,family_f60bd4cc83d02add,618
transformer_l_legacy,1,family_leak,treated,0.9285624623298645,61,structurally_nonexact,family_39f58e2fd604c61e,402
transformer_l_legacy,1,family_leak,treated,0.5068794191039019,1918,structurally_nonexact,family_101bf32d18499c7d,686
transformer_l_legacy,1,family_leak,treated,1.2064106464385986,156,structurally_nonexact,family_e97b637c75aac2b5,637
transformer_l_legacy,1,family_leak,treated,1.1438108954350734,12995,structurally_nonexact,family_e2c30beb0d4abeae,477
transformer_l_legacy,1,family_leak,treated,0.9123672440825239,3028,structurally_nonexact,family_581cf690b70ed77f,269
transformer_l_legacy,1,family_leak,treated,1.07564588160139,1789,structurally_nonexact,family_9ccd2f467361ebab,348
transformer_l_legacy,1,family_leak,treated,0.38331748134738136,8256,structurally_nonexact,family_6342008bae187399,615
transformer_l_legacy,1,family_leak,treated,0.9416305422782898,266,structurally_nonexact,family_8661140073b6a2ab,691
transformer_l_legacy,1,family_leak,treated,0.618128311161011,1890,structurally_nonexact,family_1a8ff9e18d3eabea,137
transformer_l_legacy,1,family_leak,treated,0.6031404596438511,8479,structurally_nonexact,family_b324bd83d2be3825,438
transformer_l_legacy,1,family_leak,treated,0.6082410295256253,725,structurally_nonexact,family_23e85181dd747797,695
transformer_l_legacy,1,family_leak,treated,1.2847037582656287,9580,structurally_nonexact,family_b3ba3218de08f591,66
transformer_l_legacy,1,family_leak,treated,0.44096119832239455,6949,structurally_nonexact,family_38ddaabf01adae92,106
transformer_l_legacy,1,family_leak,treated,0.6472068748146138,945,structurally_nonexact,family_5405158fe7a3977d,511
transformer_l_legacy,1,family_leak,treated,0.4850125014781952,336,structurally_nonexact,family_e4e4467ef74cc720,428
transformer_l_legacy,1,family_leak,treated,1.01841953514627,1037,structurally_nonexact,family_4f1b63b3eef9f7d0,531
transformer_l_legacy,1,family_leak,treated,0.8919847396370095,522,structurally_nonexact,family_7a300c986fbfa9f2,165
transformer_l_legacy,1,family_leak,treated,1.0156044954872543,463,structurally_nonexact,family_6f0024d47bda9a44,359
transformer_l_legacy,1,family_leak,treated,0.44841570387759394,1191,structurally_nonexact,family_746d1e0c3274827f,466
transformer_l_legacy,1,family_leak,treated,0.8361124000426148,1084,structurally_nonexact,family_6a42731481dda124,419
transformer_l_legacy,1,family_leak,treated,1.3765589179617208,15697,structurally_nonexact,family_0ecded087f80d73b,461
transformer_l_legacy,1,family_leak,treated,0.6610187535476818,5721,structurally_nonexact,family_5facacfb4d33d062,5
transformer_l_legacy,1,family_leak,treated,0.6032600402832031,251,structurally_nonexact,family_5cc4efa05e4dc250,114
transformer_l_legacy,1,family_leak,treated,0.9266809400646819,17077,structurally_nonexact,family_4731a6d05dff34ce,132
transformer_l_legacy,1,family_leak,treated,0.8825296924288473,5610,structurally_nonexact,family_c3ae851031cec2bb,663
transformer_l_legacy,1,family_leak,treated,0.5810624512021375,48674,structurally_nonexact,family_30fbd9977a220042,589
transformer_l_legacy,1,family_leak,treated,0.7453094570655522,508,structurally_nonexact,family_e3c89d0945320ec5,3
transformer_l_legacy,1,family_leak,treated,1.183147627796179,639,structurally_nonexact,family_f99e7467cfd91d72,230
transformer_l_legacy,1,family_leak,treated,0.8449534039535013,3294,structurally_nonexact,family_0a0ff01b239a934a,415
transformer_l_legacy,1,family_leak,treated,0.5018076300621033,166,structurally_nonexact,family_5ebcadebe538bd59,272
transformer_l_legacy,1,family_leak,treated,0.49564434708171223,533,structurally_nonexact,family_2fe71bb032cb85fe,184
transformer_l_legacy,1,family_leak,treated,0.8027569870285998,6626,structurally_nonexact,family_e0f7e5849dbe9388,513
transformer_l_legacy,1,family_leak,treated,0.8397523009675129,3859,structurally_nonexact,family_c3abd4306e03adf2,290
transformer_l_legacy,1,family_leak,treated,0.3687396843112991,1559,structurally_nonexact,family_83b27a32aa56f9dc,485
transformer_l_legacy,1,family_leak,treated,0.8697527156308793,2535,structurally_nonexact,family_fa3341292470541d,226
transformer_l_legacy,1,family_leak,treated,0.42154518041732536,548,canonical_event_exact,family_15b8f6d235825863,7
transformer_l_legacy,1,family_leak,treated,0.6130674582101396,10236,structurally_nonexact,family_a95aeca85317a04d,401
transformer_l_legacy,1,family_leak,treated,0.3300932938234802,7309,structurally_nonexact,family_3dffb074803c8f80,376
transformer_l_legacy,1,family_leak,treated,0.7376363520849982,1026,structurally_nonexact,family_1cfa4116628ae42e,681
transformer_l_legacy,1,family_leak,treated,0.9054220358273902,1238,structurally_nonexact,family_f53ae103dc0def58,261
transformer_l_legacy,1,family_leak,treated,0.44720176397225797,1287,structurally_nonexact,family_3db848c291e71542,123
transformer_l_legacy,1,family_leak,treated,0.7518821637822768,3583,structurally_nonexact,family_76f3986b08ecfc19,97
transformer_l_legacy,1,family_leak,treated,0.7176180337342152,13214,structurally_nonexact,family_121eefce620403f7,295
transformer_l_legacy,1,family_leak,treated,0.8500025331329025,20977,structurally_nonexact,family_8aff46e64d1c8360,286
transformer_l_legacy,1,family_leak,treated,0.6876879927487096,4952,structurally_nonexact,family_debbecc1e7f77f3e,20
transformer_l_legacy,1,family_leak,treated,0.318313617026826,1779,structurally_nonexact,family_f19aa9a5e722eb61,379
transformer_l_legacy,1,family_leak,treated,0.8538389534332864,1815,structurally_nonexact,family_d0b38ee50d018148,664
transformer_l_legacy,1,family_leak,treated,0.5462961994600573,1036,structurally_nonexact,family_aad2d66dec95dc7a,569
transformer_l_legacy,1,family_leak,treated,0.6698842812915744,985,structurally_nonexact,family_59add5a121b9a616,451
transformer_l_legacy,1,family_leak,treated,0.7708490625148317,12091,structurally_nonexact,family_c2d4ffa1539bdafe,263
transformer_l_legacy,1,family_leak,treated,0.5904401969373896,1157,structurally_nonexact,family_58a5b18cf3751bf1,41
transformer_l_legacy,1,family_leak,treated,0.5610278714039483,638,structurally_nonexact,family_8f08581ca21b6c6f,539
transformer_l_legacy,1,family_leak,treated,0.4627905140043611,5203,structurally_nonexact,family_5d6a15b20dff7233,33
transformer_l_legacy,1,family_leak,treated,0.5177441815641232,1312,structurally_nonexact,family_eacebc389812585f,693
transformer_l_legacy,1,family_leak,treated,0.36387446543337154,578,structurally_nonexact,family_3bd7e5ca43f02666,476
transformer_l_legacy,1,family_leak,treated,0.5253070921733461,377,structurally_nonexact,family_da2cbb03fa208ffc,65
transformer_l_legacy,1,family_leak,treated,0.45692597136830765,15281,structurally_nonexact,family_5fe0b889b5279fed,275
transformer_l_legacy,1,family_leak,treated,0.4858136149721408,654,structurally_nonexact,family_58c32a6b58cc329f,505
transformer_l_legacy,1,family_leak,treated,0.9859469186773747,4931,structurally_nonexact,family_d4c8efafc098f593,580
transformer_l_legacy,1,family_leak,treated,0.5490987853080933,6166,structurally_nonexact,family_853b6705e7d7e7a9,509
transformer_l_legacy,1,family_leak,treated,0.7775057201896614,1558,canonical_event_exact,family_7c104874587dddcc,324
transformer_l_legacy,1,family_leak,treated,1.0654159178624814,3893,structurally_nonexact,family_2eec85a0fe915e64,326
transformer_l_legacy,1,family_leak,treated,0.7244810731697724,1189,structurally_nonexact,family_08157e0ead630e5c,623
transformer_l_legacy,1,family_leak,treated,1.246290332353285,12275,structurally_nonexact,family_67cf34a836b9cd6c,473
transformer_l_legacy,1,family_leak,treated,0.8659548858739202,3188,structurally_nonexact,family_a03ac5414952d229,344
transformer_l_legacy,1,family_leak,treated,1.14823440575371,5109,structurally_nonexact,family_4da27be0a15493fc,455
transformer_l_legacy,1,family_leak,control,1.527993083000183,86,,family_8353c8bc6b1abe91,231
transformer_l_legacy,1,family_leak,control,0.7532588839530945,281,,family_a21b0655ee8718e3,44
transformer_l_legacy,1,family_leak,control,0.9657549214506916,1492,,family_828011733ff46fcc,135
transformer_l_legacy,1,family_leak,control,0.8842663777911145,92,,family_c352cf53fe360f50,89
transformer_l_legacy,1,family_leak,control,0.9438955982526144,543,,family_581b417d448220ce,278
transformer_l_legacy,1,family_leak,control,0.6976772645413458,4997,,family_c5e7a2f4ebdc9ce7,523
transformer_l_legacy,1,family_leak,control,1.2132900305872516,23970,,family_942d0bbb1f3057b7,117
transformer_l_legacy,1,family_leak,control,1.3024986781937526,1957,,family_e8f2414f825f028e,21
transformer_l_legacy,1,family_leak,control,1.2919851435259921,24928,,family_d9eece89cdccb42e,318
transformer_l_legacy,1,family_leak,control,1.1130545200095558,2226,,family_159334980be342ce,590
transformer_l_legacy,1,family_leak,control,0.5904147447617109,9706,,family_5cc3056db91c371f,475
transformer_l_legacy,1,family_leak,control,1.079558245697265,14644,,family_cac05bc962cb19ae,529
transformer_l_legacy,1,family_leak,control,1.079535594815271,794,,family_91b28d898f74de65,458
transformer_l_legacy,1,family_leak,control,0.7078966889555267,2249,,family_0ed7b687c2bbe731,679
transformer_l_legacy,1,family_leak,control,0.6339527716095736,2076,,family_c09c42656e829799,75
transformer_l_legacy,1,family_leak,control,0.7652489327107157,8400,,family_5029829bbea32071,45
transformer_l_legacy,1,family_leak,control,0.7919361342797083,2361,,family_b524f58169d7a062,422
transformer_l_legacy,1,family_leak,control,0.6193450373740866,20104,,family_e449d968e1ca6e62,481
transformer_l_legacy,1,family_leak,control,0.9517507944041838,3217,,family_f176b8796acaf1a3,449
transformer_l_legacy,1,family_leak,control,1.5568374892737977,13053,,family_2aacce96c1e48e02,43
transformer_l_legacy,1,family_leak,control,0.5668603432556734,22913,,family_95e00157e6b24668,246
transformer_l_legacy,1,family_leak,control,1.217340060334045,11280,,family_c83ce9a767947dac,169
transformer_l_legacy,1,family_leak,control,1.4113959240697513,18996,,family_c00a93f90020b6fe,255
transformer_l_legacy,1,family_leak,control,0.9709082245826721,226,,family_4388b443af85145b,182
transformer_l_legacy,1,family_leak,control,0.5719574550842127,5102,,family_090556d6964926b6,696
transformer_l_legacy,1,family_leak,control,0.6396917179451065,997,,family_517a76fa41613984,435
transformer_l_legacy,1,family_leak,control,0.9999902248382568,331,,family_d5117873cfa5f4e7,403
transformer_l_legacy,1,family_leak,control,0.718735226984848,5289,,family_5c4b107ad8b67511,39
transformer_l_legacy,1,family_leak,control,0.607950910380111,2157,,family_6b39589c59910bc9,527
transformer_l_legacy,1,family_leak,control,1.1088624000549316,557,,family_09e71dae304bced8,407
transformer_l_legacy,1,family_leak,control,0.6913806819303133,7005,,family_7ab40688290292cb,699
transformer_l_legacy,1,family_leak,control,0.7736507927068866,3615,,family_c9287c1de390bb4b,287
transformer_l_legacy,1,family_leak,control,0.5074980376597944,3531,,family_b82550e1d139176a,133
transformer_l_legacy,1,family_leak,control,1.0824594558765754,4469,,family_5ead6639536180b8,16
transformer_l_legacy,1,family_leak,control,0.3643563749053275,3148,,family_c200a4f65bbc5209,270
transformer_l_legacy,1,family_leak,control,0.7470959485827262,6866,,family_104496edebed4f61,385
transformer_l_legacy,1,family_leak,control,1.1188919976068084,4592,,family_843833735eeb7063,519
transformer_l_legacy,1,family_leak,control,0.655910849888274,940,,family_9c25f8a3328ce8da,494
transformer_l_legacy,1,family_leak,control,0.8865201443632965,11819,,family_8adb1a64e2eed3ab,400
transformer_l_legacy,1,family_leak,control,0.9946345790613408,638,,family_1f464d80218f494a,150
transformer_l_legacy,1,family_leak,control,0.7952369786846532,1566,,family_cb2f86c88344d124,572
transformer_l_legacy,1,family_leak,control,1.176292165394487,2465,,family_7d2361899b55eee8,522
transformer_l_legacy,1,family_leak,control,0.8313630584702257,2886,,family_056399865754201e,177
transformer_l_legacy,1,family_leak,control,1.183943387255897,7537,,family_048732487ed12eba,266
transformer_l_legacy,1,family_leak,control,0.7093462347984314,266,,family_1d8665cf98427374,632
transformer_l_legacy,1,family_leak,control,0.7367438814694044,8124,,family_7b7a14e1daaa4e52,207
transformer_l_legacy,1,family_leak,control,0.5105005626275082,1980,,family_ace63736575276fd,76
transformer_l_legacy,1,family_leak,control,0.9625523090362549,381,,family_471c422daeefac7a,24
transformer_l_legacy,1,family_leak,control,0.9652756497124645,2354,,family_484de8ba061636e2,134
transformer_l_legacy,1,family_leak,control,0.46618937107330977,748,,family_a8edfe7c17d49498,142
transformer_l_legacy,1,family_leak,control,1.0571526980136177,3704,,family_fc41e434d5d7e595,413
transformer_l_legacy,1,family_leak,control,0.47298966450687907,1439,,family_309d1ff512e1e9a9,426
transformer_l_legacy,1,family_leak,control,0.8262486643771553,10437,,family_d16673229b6e8db9,273
transformer_l_legacy,1,family_leak,control,0.7692378016666592,1146,,family_9e8b2eb6ec3ec445,96
transformer_l_legacy,1,family_leak,control,0.80788914777456,11034,,family_50f05ec6e42283bd,153
transformer_l_legacy,1,family_leak,control,0.9227293704214429,373,,family_341df9602a2ccf1e,649
transformer_l_legacy,1,family_leak,control,0.8874548913420722,6341,,family_352e44896c06757b,543
transformer_l_legacy,1,family_leak,control,0.47679909477948557,407,,family_0b0978005887e1a2,474
transformer_l_legacy,1,family_leak,control,1.119773659826107,9756,,family_e0804d88b4e3c086,464
transformer_l_legacy,1,family_leak,control,1.333041364569349,5497,,family_7136d870073b72bf,492
transformer_l_legacy,1,family_leak,control,0.9700971353097856,4898,,family_90e53f43974a85ff,305
transformer_l_legacy,1,family_leak,control,0.27771315457213,8758,,family_ba0bab377b74f9bc,593
transformer_l_legacy,1,family_leak,control,0.7516489328626692,3385,,family_dd7fe974853169e3,340
transformer_l_legacy,1,family_leak,control,0.8190610392031462,14375,,family_89e820583b7bf692,521
transformer_l_legacy,1,family_leak,control,0.6693273487860271,5387,,family_c3c5b7b46ed5cca4,604
transformer_l_legacy,1,family_leak,control,1.0578968429841058,2595,,family_13478cc2fa596f00,676
transformer_l_legacy,1,family_leak,control,0.6311730184749429,2122,,family_4b791b52cdbf0c94,342
transformer_l_legacy,1,family_leak,control,1.1272229203232773,1554,,family_24beda513cb73140,190
transformer_l_legacy,1,family_leak,control,0.981612732198318,2574,,family_bd2e09f5164640ac,355
transformer_l_legacy,1,family_leak,control,1.1724754726695652,14722,,family_d90c907b60f5db7e,227
transformer_l_legacy,1,family_leak,control,1.1180579662322998,608,,family_0a1d834f1fc5ec9d,397
transformer_l_legacy,1,family_leak,control,0.9964857983473622,619,,family_bd36f067059fa430,608
transformer_l_legacy,1,family_leak,control,0.8308769227624628,10380,,family_9d3263359149060b,174
transformer_l_legacy,1,family_leak,control,0.8755413889884949,96,,family_701911482f478840,164
transformer_l_legacy,1,family_leak,control,0.43300862282905195,1297,,family_a69d52c7adca6131,688
transformer_l_legacy,1,family_leak,control,1.0361639513796692,911,,family_0907d69883a983d5,125
transformer_l_legacy,1,family_leak,control,0.8147605950087309,10000,,family_6aa82ca2608dc1b1,23
transformer_l_legacy,1,family_leak,control,0.6584837418499364,7247,,family_0b7d7d5455b615a1,306
transformer_l_legacy,1,family_leak,control,0.5204433920574777,810,,family_6ff7124bfcd14a0c,545
transformer_l_legacy,1,family_leak,control,1.083744766008585,2128,,family_b8051512c4e658bb,180
transformer_l_legacy,1,family_leak,control,0.7304954362840758,1907,,family_419159423badc2ef,391
transformer_l_legacy,1,family_leak,control,0.8092293919824763,7116,,family_330ff47988f3581a,291
transformer_l_legacy,1,family_leak,control,0.7330228498501854,6921,,family_c2708c9ff73ceb82,660
transformer_l_legacy,1,family_leak,control,0.9124307888757238,4344,,family_ddb1afd90e017414,484
transformer_l_legacy,1,family_leak,control,0.8027669254772523,4446,,family_354a6fa9839f5265,196
transformer_l_legacy,1,family_leak,control,0.3787092177811433,1647,,family_25637fe768f1ed97,602
transformer_l_legacy,1,family_leak,control,0.8045692309203555,1815,,family_c8d9a7933734de14,232
transformer_l_legacy,1,family_leak,control,0.7399617536440497,12979,,family_5dfcdbc50b497fa3,241
transformer_l_legacy,1,family_leak,control,1.2031017080896091,2723,,family_cb79ab953eb3a23e,425
transformer_l_legacy,1,family_leak,control,0.7329079731862294,4096,,family_4cbe524347d5770f,442
transformer_l_legacy,1,family_leak,control,0.588376994862575,4361,,family_584bf061d2625f25,495
transformer_l_legacy,1,family_leak,control,0.6666093468666077,251,,family_56890c17b9133ef4,506
transformer_l_legacy,1,family_leak,control,0.31874057491959046,2640,,family_205aeeeda178f7ca,644
transformer_l_legacy,1,family_leak,control,1.5003986358642578,56,,family_3179470752a6d838,18
transformer_l_legacy,1,family_leak,control,0.9792251877313628,7232,,family_7659084f070baf14,130
transformer_l_legacy,1,family_leak,control,1.1675008043328832,16261,,family_2210ee0a2c3ccbc9,396
transformer_l_legacy,1,family_leak,control,0.5784922529499479,7863,,family_d20f6f896d965906,310
transformer_l_legacy,1,family_leak,control,0.9893180603701439,1228,,family_9ba17784e54ec105,163
transformer_l_legacy,1,family_leak,control,0.7485083570112592,2684,,family_28cc6a5379f62efc,84
transformer_l_legacy,1,family_leak,control,1.2171436706692544,3596,,family_cd85f816dfda97e0,601
transformer_l_legacy,1,family_leak,control,0.48701628830958715,23809,,family_6c5d60bd118ca08d,493
transformer_l_legacy,1,family_leak,control,0.7443023775209575,9452,,family_a6b3f3bba1c3ea38,611
transformer_l_legacy,1,family_leak,control,0.9372783444634634,995,,family_46ccb6e3625b0d26,559
transformer_l_legacy,1,family_leak,control,0.5340675179984026,13925,,family_b6c76ee6e1fbdad4,617
transformer_l_legacy,1,family_leak,control,1.0326728772232034,8836,,family_eb5f13fb7b1698a7,433
transformer_l_legacy,1,family_leak,control,0.553239901503213,417,,family_0928b40aaefe1e43,616
transformer_l_legacy,1,family_leak,control,1.6172925233840942,51,,family_e8cb312f6947fae2,578
transformer_l_legacy,1,family_leak,control,1.0418767151918387,3890,,family_50833a4ebce7122c,103
transformer_l_legacy,1,family_leak,control,1.3235368728637695,216,,family_e52a55fe95cda992,463
transformer_l_legacy,1,family_leak,control,1.6175559537689133,17522,,family_65e575b20c174fd7,479
transformer_l_legacy,1,family_leak,control,0.6923056974166875,9258,,family_c4cc5f62a0ab31c3,276
transformer_l_legacy,1,family_leak,control,1.2257687728483597,6370,,family_a6fc375b5cc488f5,95
transformer_l_legacy,1,family_leak,control,0.09765198743719423,1157,,family_6d128cd3979417a4,423
transformer_l_legacy,1,family_leak,control,0.2839370006924305,4638,,family_01bdfbf40b1dfff5,139
transformer_l_legacy,1,family_leak,control,0.8175610066595075,7458,,family_b55c602531d8b111,556
transformer_l_legacy,1,family_leak,control,0.7439774252462857,11061,,family_150827bde0e3f90f,689
transformer_l_legacy,1,family_leak,control,0.7063766332887687,10400,,family_41293800444fbe3e,108
transformer_l_legacy,1,family_leak,control,1.4624250152043912,14488,,family_0ffae0bc1065eadf,60
transformer_l_legacy,1,family_leak,control,0.4402924134328808,4656,,family_483585a89e5ae17f,34
transformer_l_legacy,1,family_leak,control,0.5561161861829231,815,,family_0c5e308d08929fa4,247
transformer_l_legacy,1,family_leak,control,0.5647786259651184,391,,family_07575db7931c72ea,300
transformer_l_legacy,1,family_leak,control,0.8698731064796448,191,,family_efb0835b02015240,528
transformer_l_legacy,1,family_leak,control,0.975583372286597,3258,,family_94692368e418ed72,173
transformer_l_legacy,1,family_leak,control,0.5536633740578379,252,,family_46e2de939a29fd34,429
transformer_l_legacy,1,family_leak,control,0.7223982863707453,746,,family_39754d1db81a7bf4,127
transformer_l_legacy,1,family_leak,control,0.8452360052545815,3212,,family_b964a57ffbddf6a6,534
transformer_l_legacy,1,family_leak,control,1.5170850579156894,17312,,family_71b144025f52e59c,140
transformer_l_legacy,1,family_leak,control,1.1615835426280456,1218,,family_4bf6d11e259630c1,532
transformer_l_legacy,1,family_leak,control,1.1055721480943483,2677,,family_a164057d15ea429a,698
transformer_l_legacy,1,family_leak,control,1.0152119303302718,2414,,family_24dfe3f15bbe835d,243
transformer_l_legacy,1,family_leak,control,0.7341096539075683,588,,family_cb2cf90a481fb793,606
transformer_l_legacy,1,family_leak,control,0.572679846989738,10358,,family_c874ed8859d535ca,362
transformer_l_legacy,1,family_leak,control,0.8133731895022922,810,,family_9d706bbe5906e6bc,93
transformer_l_legacy,1,family_leak,control,0.7158997489839612,13562,,family_bb5eaea47e3db521,158
transformer_l_legacy,1,family_leak,control,0.7559490785709698,10960,,family_2e23a957596c94a1,452
transformer_l_legacy,1,family_leak,control,1.069484592478988,1318,,family_190ff6b8b86c31bd,387
transformer_l_legacy,1,family_leak,control,0.8240588170931148,22265,,family_1dbac5e5dc15225e,284
transformer_l_legacy,1,family_leak,control,1.1614003789302991,10659,,family_d12ec1205e2b38f3,258
transformer_l_legacy,1,family_leak,control,1.072073194419487,939,,family_fe64b9392ac59945,54
transformer_l_legacy,1,family_leak,control,0.6768189562110837,593,,family_cb8273cf04ee6422,58
transformer_l_legacy,1,family_leak,control,0.8133228480456156,10770,,family_52fcc2a430ac1dfe,46
transformer_l_legacy,1,family_leak,control,1.182161509760284,48634,,family_d73cd491d1cc376e,313
transformer_l_legacy,1,family_leak,control,0.16128166019916534,402,,family_896e6058475d85c2,504
transformer_l_legacy,1,family_leak,control,0.7432325482368469,271,,family_dc605f4c0311b69b,77
transformer_l_legacy,1,family_leak,control,0.7944323420524597,418,,family_9d9014958e229b26,71
transformer_l_legacy,1,family_leak,control,0.5389031086106104,3410,,family_8cba6a895a1eda02,353
transformer_l_legacy,1,family_leak,control,0.5568131942295287,7782,,family_f139578e4dab698a,80
transformer_l_legacy,1,family_leak,control,0.5360689896200216,8966,,family_6d75ac5f58d11f18,217
transformer_l_legacy,1,family_leak,control,0.6192221309373589,6494,,family_5990a7393b1bfc0a,31
transformer_l_legacy,1,family_leak,control,1.0359806541228886,1854,,family_284fbbf34df3f7e8,100
transformer_l_legacy,1,family_leak,control,0.862791637834618,857,,family_b49585225cf5c0d6,558
transformer_l_legacy,1,family_leak,control,0.6102272255933846,6393,,family_f5c26ed350b4ab73,37
transformer_l_legacy,1,family_leak,control,1.0283817873452978,8674,,family_bfddaa9b983612cd,667
transformer_l_legacy,1,family_leak,control,0.7370095571756363,2500,,family_d1efa3da7bf90eef,672
transformer_l_legacy,1,family_leak,control,0.9174018283691104,3281,,family_e27845ea1d3c17f5,418
transformer_l_legacy,1,family_leak,control,0.6138668656349182,41,,family_b7f94b3542a0da7d,609
transformer_l_legacy,1,family_leak,control,0.6741949585574917,12830,,family_73ee2da564c3d39b,462
transformer_l_legacy,1,family_leak,control,0.7429021070698825,4101,,family_7b40d80764230547,533
transformer_l_legacy,1,family_leak,control,0.4556225892140905,9640,,family_d14815f8add032f5,508
transformer_l_legacy,1,family_leak,control,0.5087377722895952,9584,,family_998e2240a156ecdd,138
transformer_l_legacy,1,family_leak,control,0.9314634203910828,186,,family_38899c6e7a885c05,110
transformer_l_legacy,1,family_leak,control,0.7190725639588461,3903,,family_fcc0832c532eec68,188
transformer_l_legacy,1,family_leak,control,0.6584365499110468,1181,,family_a6a06fcf0eb60a8c,579
transformer_l_legacy,1,family_leak,control,1.331250142151966,48390,,family_70cece08fb91854c,12
transformer_l_legacy,1,family_leak,control,0.913820555385491,503,,family_4b94b213c3d4fa08,168
transformer_l_legacy,1,family_leak,control,0.779514996292722,12892,,family_0a7cb9ca8662c54b,551
transformer_l_legacy,1,family_leak,control,0.44992417097091675,356,,family_f38ebbcef90914e9,8
transformer_l_legacy,1,family_leak,control,0.9754853995141393,2004,,family_fc2ade3f73bf052f,380
transformer_l_legacy,1,family_leak,control,0.8556152582168579,502,,family_2e9be0de8753a286,203
transformer_l_legacy,1,family_leak,control,0.6566965239388602,987,,family_b0b662377a329d27,581
transformer_l_legacy,1,family_leak,control,0.9435383677482605,356,,family_28e240b156c54585,629
transformer_l_legacy,1,family_leak,control,1.1092173623680932,12262,,family_b285992ddbc1ba24,81
transformer_l_legacy,1,family_leak,control,1.3013577333279935,29811,,family_941fe9b7f6e42836,62
transformer_l_legacy,1,family_leak,control,1.3488110314384891,1702,,family_7e5d0f85c7938ae7,245
transformer_l_legacy,1,family_leak,control,1.1219116835897796,2717,,family_ade1acf63d403dff,102
transformer_l_legacy,1,family_leak,control,0.7672074892242974,6022,,family_eb75a33dade5cdeb,678
transformer_l_legacy,1,family_leak,control,0.8323270079895062,1618,,family_236c05b0b6b045cb,143
transformer_l_legacy,1,family_leak,control,0.7726188894522742,669,,family_707a4103f358feb3,288
transformer_l_legacy,1,family_leak,control,0.14742565155029297,96,,family_21b728ec668b432d,631
transformer_l_legacy,1,family_leak,control,0.6577498642519309,849,,family_7df5e4cd2001efeb,612
transformer_l_legacy,1,family_leak,control,0.6814985303221417,8476,,family_5cdee57343206eb1,13
transformer_l_legacy,1,family_leak,control,0.8944189425999836,708,,family_fbb60f07539bf74a,283
transformer_l_legacy,1,family_leak,control,0.860058615888868,945,,family_52d508d06e660fb2,122
transformer_l_legacy,1,family_leak,control,0.7783365384272818,10036,,family_24c49b2dbbea0ff6,322
transformer_l_legacy,1,family_leak,control,0.569919794263753,4073,,family_a3988b9597f6817f,571
transformer_l_legacy,1,family_leak,control,1.1582756120952633,12548,,family_4a8fbe9c547e5ce4,98
transformer_l_legacy,1,family_leak,control,0.48562559485435486,216,,family_51048182ed7b4454,512
transformer_l_legacy,1,family_leak,control,0.46596699953079224,186,,family_7224c63d7d5f2b96,262
transformer_l_legacy,1,family_leak,control,0.5516481995582581,181,,family_643cfac776d5dea8,683
transformer_l_legacy,1,family_leak,control,0.25154467262451435,12040,,family_619fe82eb42ec462,209
transformer_l_legacy,1,family_leak,control,0.9010007723534119,4835,,family_9b1625bc030f3790,79
transformer_l_legacy,1,family_leak,control,0.6314144757167403,10375,,family_edc93bd478511702,202
transformer_l_legacy,1,family_leak,control,0.8777116537094116,276,,family_7acbab6855200014,51
transformer_l_legacy,1,family_leak,control,0.6809493067589674,660,,family_db6f9992bb16df2a,126
transformer_l_legacy,1,family_leak,control,0.8233454741675348,2812,,family_b2aa288c70165e5f,70
transformer_l_legacy,1,family_leak,control,0.688991991582302,6995,,family_cc532019d574a61c,655
transformer_l_legacy,1,family_leak,control,0.9170484617035439,940,,family_b16072295921a493,357
transformer_l_legacy,1,family_leak,control,0.6593751097811429,966,,family_b4b1c2ecb31b907a,315
transformer_l_legacy,1,family_leak,control,0.9593298385672158,15485,,family_0d4a945b85bbaaba,370
transformer_l_legacy,1,family_leak,control,0.8454932775252114,3868,,family_97b8d4d98ee960bf,557
transformer_l_legacy,1,family_leak,control,0.538346746773514,3384,,family_f7a86802e4f557fd,235
transformer_l_legacy,1,family_leak,control,0.6875566955035859,3347,,family_e0c21fc7c10d2034,430
transformer_l_legacy,1,family_leak,control,0.6030942707426772,4396,,family_d5bc4e01b0b8bac6,111
transformer_l_legacy,1,family_leak,control,0.6126944062171531,1754,,family_57eac865a7f36b7c,323
transformer_l_legacy,1,family_leak,control,0.7700981024515668,1495,,family_96a402e381d595c2,42
transformer_l_legacy,1,family_leak,control,0.6160319994439135,910,,family_0753f5ee1792042c,330
transformer_l_legacy,1,family_leak,control,1.3660840982046965,5656,,family_f170aad69aff7478,364
transformer_l_legacy,1,family_leak,control,0.506211191811643,4216,,family_731071db0d9fbdbe,386
transformer_l_legacy,1,family_leak,control,0.8014377028278973,9071,,family_4582dbaeae746fdb,311
transformer_l_legacy,1,family_leak,control,0.7670596388603905,3601,,family_37f5f4cedb55aeea,383
transformer_l_legacy,1,family_leak,control,0.7380974625349451,5862,,family_f5b2bdc32c7d9391,603
transformer_l_legacy,1,family_leak,control,0.7512267022519499,518,,family_5c7b977277b847b2,690
transformer_l_legacy,1,family_leak,control,0.7849924598567155,3154,,family_c35a6abc1d407f4a,694
transformer_l_legacy,1,family_leak,control,1.0760336534634924,3792,,family_e7af2e4cd0151c75,156
transformer_l_legacy,1,family_leak,control,1.2171327096132565,849,,family_16c1d42e507896a8,240
transformer_l_legacy,1,family_leak,control,0.49113447500046753,14431,,family_b387fed6ef4479f5,399
transformer_l_legacy,1,family_leak,control,0.5216541618728139,7073,,family_5d24c227f0462f74,439
transformer_l_legacy,1,family_leak,control,1.1053988653346427,3180,,family_37347c6729a17ba5,274
transformer_l_legacy,1,family_leak,control,0.5551908939307576,1201,,family_31b6d88b207ec253,27
transformer_l_legacy,1,family_leak,control,0.5297278597092839,7224,,family_4694d2838960b723,224
transformer_l_legacy,1,family_leak,control,1.0358157481414156,7552,,family_e0952099c8a720c3,570
transformer_l_legacy,1,family_leak,control,0.4740324020385742,256,,family_c59f3ed95a508878,595
transformer_l_legacy,1,family_leak,control,0.6626674762955909,4574,,family_4cb23b14e3d36b0d,57
transformer_l_legacy,1,family_leak,control,0.502868845127523,544,,family_aebb5b803b4c0278,208
transformer_l_legacy,1,family_leak,control,0.6551543474197388,412,,family_71e38421debc9320,159
transformer_l_legacy,1,family_leak,control,0.679618302065888,1257,,family_d4e91cd391597bfb,377
transformer_l_legacy,1,family_leak,control,0.5817416656972393,337,,family_a458e18ffb59cdc5,670
transformer_l_legacy,1,family_leak,control,0.9951643017155253,5519,,family_47ba9ddc476931a4,621
transformer_l_legacy,1,family_leak,control,0.7814378987822308,3121,,family_f95fe97783adac95,52
transformer_l_legacy,1,family_leak,control,1.070963901390723,3488,,family_dc0b5179722e8fe5,61
transformer_l_legacy,1,family_leak,control,0.702685627578897,1204,,family_e4b55ba694cc08da,597
transformer_l_legacy,1,family_leak,control,1.2504160892089324,10856,,family_85905b5b7536d21a,124
transformer_l_legacy,1,family_leak,control,0.9057926868440601,2029,,family_19989c971f68ce4b,501
transformer_l_legacy,1,family_leak,control,1.0071856146413676,739,,family_59bfc8c37fa36b20,599
transformer_l_legacy,1,family_leak,control,0.6017905657720155,7902,,family_f84e475cf4f80566,584
transformer_l_legacy,1,family_leak,control,0.6648524426194572,3715,,family_4dadeb8474fe8ff9,10
transformer_l_legacy,1,family_leak,control,0.7391173726594239,7658,,family_907fa6edb24e0ed3,440
transformer_l_legacy,1,family_leak,control,0.450968795116525,2631,,family_0d0b16856dabcffa,128
transformer_l_legacy,1,family_leak,control,0.7947057029238258,9510,,family_e5b3c0aff0dd05ec,187
transformer_l_legacy,1,family_leak,control,1.0155039185656949,8105,,family_eefe9fe6b23e51c4,88
transformer_l_legacy,1,family_leak,control,0.6837893213582524,6731,,family_b673e0fc724a479d,112
transformer_l_legacy,1,family_leak,control,0.7273768875747919,3392,,family_e07911eb7022fd85,193
transformer_l_legacy,1,family_leak,control,2.052236899085667,161,,family_b207295fbdf40272,684
transformer_l_legacy,1,family_leak,control,0.6511260057363154,11873,,family_de9c72ef62ac72df,74
transformer_l_legacy,1,family_leak,control,0.8163287203387167,3517,,family_aa86dc70aa03289b,35
transformer_l_legacy,1,family_leak,control,0.7431299244386365,3793,,family_2f904d1499c3c221,412
transformer_l_legacy,1,family_leak,control,0.6101452206360032,1899,,family_7ea59bf5d40f5c4f,375
transformer_l_legacy,1,family_leak,control,0.6117504683922408,5771,,family_1ed29ad6679ffb57,553
transformer_l_legacy,1,family_leak,control,1.3241980690063082,20130,,family_cedb480383e32e92,645
transformer_l_legacy,1,family_leak,control,0.8652542660987321,5956,,family_c676713b17e94995,515
transformer_l_legacy,1,family_leak,control,0.6344605299385256,4820,,family_ab81517fb265a914,236
transformer_l_legacy,1,family_leak,control,0.8745189106550769,2760,,family_a3a83feb27470fd8,536
transformer_l_legacy,1,family_leak,control,0.8109930706368043,2600,,family_8da1a87adf970316,341
transformer_l_legacy,1,family_leak,control,1.037378639482884,11084,,family_48362ee4e66fbdca,221
transformer_l_legacy,1,family_leak,control,0.6914391624621856,624,,family_16727aa87b392f1f,30
transformer_l_legacy,1,family_leak,control,0.5945189859480796,5746,,family_8b45b52019b254b0,197
transformer_l_legacy,1,family_leak,control,0.9097134491017586,8431,,family_ec04895340d4fdc3,350
transformer_l_legacy,1,family_leak,control,1.0487674127424385,865,,family_73822ea66fa7eeb0,448
transformer_l_legacy,1,family_leak,control,0.5868254753866085,4626,,family_e8b54594efd4b9e6,107
transformer_l_legacy,1,family_leak,control,1.585402179659551,4714,,family_7cc11ff05363ef06,335
transformer_l_legacy,1,family_leak,control,0.7962663568374948,2013,,family_ab3d2680525ee608,191
transformer_l_legacy,1,family_leak,control,1.496090292677422,18363,,family_11328ccfc215dfa8,390
transformer_l_legacy,1,family_leak,control,1.259908805453617,3418,,family_845d068ba0824cf7,443
transformer_l_legacy,1,family_leak,control,0.46902890941675973,6120,,family_1e46a30df40c6200,692
transformer_l_legacy,1,family_leak,control,0.5025374211560107,1221,,family_e3d7b72a268ee197,144
transformer_l_legacy,1,family_leak,control,0.4680832395184686,10890,,family_bc785f448eebf656,546
transformer_l_legacy,1,family_leak,control,1.0881937743921792,353,,family_acb335d44fa9df56,349
transformer_l_legacy,1,family_leak,control,1.1765138436132256,2544,,family_b9da95162a284b4f,298
transformer_l_legacy,1,family_leak,control,0.800216019153595,226,,family_97ecb02c814c9745,63
transformer_l_legacy,1,family_leak,control,0.8432786688828429,1202,,family_2c0b8c4f2526d835,394
transformer_l_legacy,1,family_leak,control,0.7556628157481289,2555,,family_78bbff520ba07726,178
transformer_l_legacy,1,family_leak,control,0.6679059321431918,4833,,family_9c778dc897506350,685
transformer_l_legacy,1,family_leak,control,0.7113937753656512,6356,,family_28fe60087b2cd721,332
transformer_l_legacy,1,family_leak,control,0.5256886773241563,12523,,family_0431bffd214ca7bc,257
transformer_l_legacy,1,family_leak,control,0.6863806655090592,5396,,family_c0f46844b9a3878a,542
transformer_l_legacy,1,family_leak,control,0.6650457580098993,759,,family_97885d2353dfa64d,441
transformer_l_legacy,1,family_leak,control,0.7206966184944695,267,,family_09c83fb2711d64d5,564
transformer_l_legacy,1,family_leak,control,0.9464801584780974,15333,,family_a48d659018922846,497
transformer_l_legacy,1,family_leak,control,1.207822572682226,2798,,family_d52dd246b31007f3,548
transformer_l_legacy,1,family_leak,control,1.0643071676741882,9826,,family_2acca371576a6fd6,363
transformer_l_legacy,1,family_leak,control,1.0028768545606679,16826,,family_08689d6c3fd6e06a,279
transformer_l_legacy,1,family_leak,control,0.9916684220981047,1211,,family_65831b5b1b3a29fa,582
transformer_l_legacy,1,family_leak,control,1.041010601394767,872,,family_82bd7085a31a7554,147
transformer_l_legacy,1,family_leak,control,0.674727201461792,327,,family_c88efe0ec26b43e3,372
transformer_l_legacy,1,family_leak,control,0.9649327049344223,2254,,family_f45bf2582f059a32,406
transformer_l_legacy,1,family_leak,control,0.7526392512291623,2556,,family_35f68b61619872a8,172
transformer_l_legacy,1,family_leak,control,1.6348750591278076,131,,family_840a6921e02d98c7,157
transformer_l_legacy,1,family_leak,control,0.7209478886186499,5574,,family_07b4a78bd4df5db4,657
transformer_l_legacy,1,family_leak,control,0.5770611079558886,11925,,family_b520ad73480ac213,541
transformer_l_legacy,1,family_leak,control,0.8351736886084004,1554,,family_06501bb82c35d53d,354
transformer_l_legacy,1,family_leak,control,0.6130854626921585,2852,,family_43b744922bc6a2b7,682
transformer_l_legacy,1,family_leak,control,0.39558879177971384,1296,,family_08cdd9141b42b8a6,225
transformer_l_legacy,1,family_leak,control,1.1948229353558857,3477,,family_8dd64a20ac498091,194
transformer_l_legacy,1,family_leak,control,0.9323367432548594,2796,,family_8a75620caa46a4bb,320
transformer_l_legacy,1,family_leak,control,0.4670393740260105,2834,,family_7133a47758bc1e83,588
transformer_l_legacy,1,family_leak,control,0.9377657175064087,388,,family_7674fcfd8eb0f8a6,365
transformer_l_legacy,1,family_leak,control,0.9718219808401789,734,,family_b16129a99034b8c9,498
transformer_l_legacy,1,family_leak,control,0.7204529903069298,3285,,family_9a211141e0be1d71,358
transformer_l_legacy,1,family_leak,control,0.7262818461974402,10652,,family_ad2b3cd2ed862d0c,389
transformer_l_legacy,1,family_leak,control,0.8593201066496804,1863,,family_705c36bdf218eff1,222
transformer_l_legacy,1,family_leak,clean_validation,0.8783979946008014,1121,,family_506bf4406cb0d194,321
transformer_l_legacy,1,family_leak,clean_validation,0.5914808829625448,1035,,family_8c2d85eda3c6c0af,565
transformer_l_legacy,1,family_leak,clean_validation,0.5870717738012734,7667,,family_53d69e3df7c4019e,382
transformer_l_legacy,1,family_leak,clean_validation,1.1361509773225964,1543,,family_0682993cd6dae2ed,549
transformer_l_legacy,1,family_leak,clean_validation,1.0021481522097575,367,,family_c2107d3bea36abf9,72
transformer_l_legacy,1,family_leak,clean_validation,1.2349626094753812,2106,,family_13ece3a8f78f89a2,625
transformer_l_legacy,1,family_leak,clean_validation,0.7057366371154785,301,,family_7535ae77a17dc02e,301
transformer_l_legacy,1,family_leak,clean_validation,0.659534255029462,282,,family_fa76be46983f7f33,530
transformer_l_legacy,1,family_leak,clean_validation,0.7790209460104452,10835,,family_cb253f56c14aaef0,1
transformer_l_legacy,1,family_leak,clean_validation,0.9812519034114453,2180,,family_3e4cb248c8f64e86,86
transformer_l_legacy,1,family_leak,clean_validation,0.5907905101776123,216,,family_8b8ebcd5a49b5c95,447
transformer_l_legacy,1,family_leak,clean_validation,0.697337333108177,4678,,family_3cd795074901ac53,460
transformer_l_legacy,1,family_leak,clean_validation,1.339268590648507,688,,family_94d17723c53c0857,457
transformer_l_legacy,1,family_leak,clean_validation,0.3721363665547094,1686,,family_b3d7700f2724b4da,151
transformer_l_legacy,1,family_leak,clean_validation,0.5193432166518103,4418,,family_200325224f3118ec,131
transformer_l_legacy,1,family_leak,clean_validation,0.7653711733212041,598,,family_a2007ec7c2f39458,409
transformer_l_legacy,1,family_leak,clean_validation,0.7599127364005268,2021,,family_0156d6f8bec156a8,264
transformer_l_legacy,1,family_leak,clean_validation,0.7617141245429359,10470,,family_98e69521d6d5ed6a,653
transformer_l_legacy,1,family_leak,clean_validation,1.0897245477373492,1442,,family_d903612ae7a3b48e,633
transformer_l_legacy,1,family_leak,clean_validation,0.588438089561705,8845,,family_1de7a628296b57e3,92
transformer_l_legacy,1,family_leak,clean_validation,0.7019265294075012,261,,family_9868fe525e6f6581,535
transformer_l_legacy,1,family_leak,clean_validation,0.6273801914973824,2133,,family_0f10a03796a0c09e,465
transformer_l_legacy,1,family_leak,clean_validation,0.8859331488455462,4649,,family_c6a487213dca86b0,540
transformer_l_legacy,1,family_leak,clean_validation,0.7518430345260985,5403,,family_4c360aa749c4a1ef,149
transformer_l_legacy,1,family_leak,clean_validation,0.7625252109791156,28440,,family_9cec718d857c608f,115
transformer_l_legacy,1,family_leak,clean_validation,0.12227181866406821,2912,,family_156ffd19a0eec30a,598
transformer_l_legacy,1,family_leak,clean_validation,0.5782761468060854,1477,,family_e4f029933a31381d,573
transformer_l_legacy,1,family_leak,clean_validation,1.3573235882919603,13719,,family_2aeac1591f6f74ea,307
transformer_l_legacy,1,family_leak,clean_validation,0.8980289597593387,697,,family_b476be0b49274370,260
transformer_l_legacy,1,family_leak,clean_validation,0.6361652811461672,6384,,family_9d6498c1a4edbe8c,199
transformer_l_legacy,1,family_leak,clean_validation,1.0362315517508796,8797,,family_177773ab1cfd2532,630
transformer_l_legacy,1,family_leak,clean_validation,0.7918454737047745,6151,,family_1ea2a219a2bdf844,53
transformer_l_legacy,1,family_leak,clean_validation,1.1753805431913822,1692,,family_3dd1e430f3ee7446,9
transformer_l_legacy,1,family_leak,clean_validation,0.9662835597991943,256,,family_44f2b0e77f4af418,650
transformer_l_legacy,1,family_leak,clean_validation,0.5674450081294352,2099,,family_620599f8e0ecd444,47
transformer_l_legacy,1,family_leak,clean_validation,0.5954472422599792,211,,family_1ddad3a2c05e2680,296
transformer_l_legacy,1,family_leak,clean_validation,1.0134214031382878,1179,,family_5174bcfb395c6c93,229
transformer_l_legacy,1,family_leak,clean_validation,0.5583616943013298,5284,,family_752e5140a83655db,560
transformer_l_legacy,1,family_leak,clean_validation,0.6470230454937755,4491,,family_ad503dfcc1e63e96,239
transformer_l_legacy,1,family_leak,clean_validation,0.8655426807141086,2725,,family_af0d017372cb2ffa,643
transformer_l_legacy,1,family_leak,clean_validation,0.8027523487638142,15417,,family_83ead3d96159a25d,395
transformer_l_legacy,1,family_leak,clean_validation,1.0882705826327317,20099,,family_03bc829a418eac27,459
transformer_l_legacy,1,family_leak,clean_validation,0.7197064078199028,2869,,family_312947f388fcd367,638
transformer_l_legacy,1,family_leak,clean_validation,0.7807172304140985,1378,,family_b0968c9d92a309da,302
transformer_l_legacy,1,family_leak,clean_validation,0.6277483258923612,3434,,family_044026fc250ea949,437
transformer_l_legacy,1,family_leak,clean_validation,0.8848107352731673,2460,,family_a77741e8f387ba1b,154
transformer_l_legacy,1,family_leak,clean_validation,1.0581558376107518,1076,,family_e994803a7b762aa2,410
transformer_l_legacy,1,family_leak,clean_validation,1.1857957072754741,7611,,family_6417dd72b6af3eda,404
transformer_l_legacy,1,family_leak,clean_validation,0.9826934158847828,14317,,family_0bab43cce14a333d,471
transformer_l_legacy,1,family_leak,clean_validation,0.20242492002610143,1303,,family_9cc0d2dc7c97039d,213
transformer_l_legacy,1,family_leak,clean_validation,0.5495851312232171,2182,,family_82a4b79ac7e84a17,200
transformer_l_legacy,1,family_leak,clean_validation,1.0138362451717366,13780,,family_f4cb6b9481320847,371
transformer_l_legacy,1,family_leak,clean_validation,0.700506721395503,4024,,family_5bd01148f60d04e0,120
transformer_l_legacy,1,family_leak,clean_validation,0.4134635235516072,1806,,family_17daca9afdd839fe,568
transformer_l_legacy,1,family_leak,clean_validation,0.8864869400027959,538,,family_276804a34673f756,304
transformer_l_legacy,1,family_leak,clean_validation,0.9447199311026655,5998,,family_92b0513dee6f07dd,25
transformer_l_legacy,1,family_leak,clean_validation,0.6239475583309656,1092,,family_9b1a4d796317c86e,613
transformer_l_legacy,1,family_leak,clean_validation,1.0010049158601688,2523,,family_7cf31d6371e489fd,48
transformer_l_legacy,1,family_leak,clean_validation,0.9395356706666154,2766,,family_705d9aa21ef59c14,339
transformer_l_legacy,1,family_leak,clean_validation,0.7833171592326417,8912,,family_e7a8a4c136ad4c88,334
transformer_l_legacy,1,family_leak,clean_validation,0.2241536627668853,654,,family_2cd67233ffc8de8d,587
transformer_l_legacy,1,family_leak,clean_validation,0.7784369724441911,4195,,family_61367478b0d50a39,360
transformer_l_legacy,1,family_leak,clean_validation,1.2743918254982405,5468,,family_6a5eb7c975a3a6a8,73
transformer_l_legacy,1,family_leak,clean_validation,0.6519774883810064,3567,,family_e9c05c6e37633fe0,500
transformer_l_legacy,1,family_leak,clean_validation,0.9523760047964395,8451,,family_8209ef2211a8fa80,662
transformer_l_legacy,1,family_leak,clean_validation,0.7492811316505391,1880,,family_534587ddf3c590a6,507
transformer_l_legacy,1,family_leak,clean_validation,0.574766615409966,13034,,family_88000d4a34b43f6f,109
transformer_l_legacy,1,family_leak,clean_validation,0.770350456237793,357,,family_09ba6788519a60f2,293
transformer_l_legacy,1,family_leak,clean_validation,0.6514838333108425,3111,,family_3297a1612112b3a9,99
transformer_l_legacy,1,family_leak,clean_validation,0.6643319380929528,5018,,family_77156022943ef360,516
transformer_l_legacy,1,family_leak,clean_validation,0.4583961193055305,7328,,family_843eb0e7d3797357,673
transformer_l_legacy,1,family_leak,clean_validation,1.058269384666462,3015,,family_e3e1e8490f43c6b7,67
transformer_l_legacy,1,family_leak,clean_validation,0.45192286937065373,1377,,family_33bc1bfb24a91122,238
transformer_l_legacy,1,family_leak,clean_validation,0.6164430975914001,201,,family_cef9e09ff37dd808,56
transformer_l_legacy,1,family_leak,clean_validation,0.8110844834094367,5248,,family_85be83889927906f,367
transformer_l_legacy,1,family_leak,clean_validation,1.1263303421243602,1727,,family_933c96d2bfde210b,303
transformer_l_legacy,1,family_leak,clean_validation,1.1138743926195582,10048,,family_113476d14044fff1,478
transformer_l_legacy,1,family_leak,clean_validation,0.9507084231907974,15822,,family_b2cc89a22bd3650f,259
transformer_l_legacy,1,family_leak,clean_validation,0.5324215504753951,14004,,family_009b778c57456b7a,244
transformer_l_legacy,1,family_leak,clean_validation,0.5939673567513938,1902,,family_38ceea7c76f255b3,343
transformer_l_legacy,1,family_leak,clean_validation,0.83134326338768,442,,family_7a48a7509f2ed688,646
transformer_l_legacy,1,family_leak,clean_validation,1.2548346984922802,11424,,family_a9e91a290c2b5c30,651
transformer_l_legacy,1,family_leak,clean_validation,0.5877793586151808,3612,,family_b22cb24378dd7aaa,550
transformer_l_legacy,1,family_leak,clean_validation,0.8793309924964484,1179,,family_bdd6debf555477b4,78
transformer_l_legacy,1,family_leak,clean_validation,0.38960259122724394,2478,,family_d997865401469e31,454
transformer_l_legacy,1,family_leak,clean_validation,0.5176688582993205,14923,,family_1a70716ad19cc9d6,328
transformer_l_legacy,1,family_leak,clean_validation,0.7850136072948404,7486,,family_cbf8d1e12b32df90,586
transformer_l_legacy,1,family_leak,clean_validation,1.67348313331604,102,,family_1423635df94c5343,577
transformer_l_legacy,1,family_leak,clean_validation,1.3983217268174397,6210,,family_5ec977e50f88a732,635
transformer_l_legacy,1,family_leak,clean_validation,1.400869607925415,46,,family_13449e7cf493b2f6,192
transformer_l_legacy,1,family_leak,clean_validation,1.0664369524298367,1619,,family_fb7471c20f2b4aed,218
transformer_l_legacy,1,family_leak,clean_validation,1.1189593970148186,1425,,family_502f200f3e0313b3,374
transformer_l_legacy,1,family_leak,clean_validation,0.9432328028968637,5579,,family_06f033ae1dede60a,166
transformer_l_legacy,1,family_leak,clean_validation,0.46404995094648904,3871,,family_d5bc99ec8cbbe193,352
transformer_l_legacy,1,family_leak,clean_validation,0.9098599653390912,844,,family_a913d556915e01ff,319
transformer_l_legacy,1,family_leak,clean_validation,0.9902104437351227,462,,family_26d482864d00ab2a,453
transformer_l_legacy,1,family_leak,clean_validation,0.7679049512387126,593,,family_9e1b57363d3766ce,356
transformer_l_legacy,1,family_leak,clean_validation,1.0659471688038107,20615,,family_b4dc091216fd58c5,32
transformer_l_legacy,1,family_leak,clean_validation,0.6509122543028057,839,,family_dd4daa9a12128180,256
transformer_l_legacy,1,family_leak,clean_validation,0.6843048923945154,12260,,family_6e4ca288c20596c8,249
transformer_l_legacy,1,family_leak,clean_validation,0.8200377833856678,7092,,family_eb607bef12aaa172,502
transformer_l_legacy,1,family_leak,clean_validation,0.940044520849205,498,,family_04b84faa8791236a,487
transformer_l_legacy,1,family_leak,clean_validation,0.9534232706366899,2505,,family_d3c3ffd4bf041662,85
transformer_l_legacy,1,family_leak,clean_validation,1.1951736907051496,2643,,family_d204b7d342411c5e,677
transformer_l_legacy,1,family_leak,clean_validation,1.2773562717612923,49132,,family_82c86f72a6ba2d05,680
transformer_l_legacy,1,family_leak,clean_validation,1.4415895741951699,9141,,family_213ae165418380ad,206
transformer_l_legacy,1,family_leak,clean_validation,0.8061751127243042,206,,family_b4ad6d59b30dc431,658
transformer_l_legacy,1,family_leak,clean_validation,0.8970750329432705,5751,,family_66bfed3171c47d48,308
transformer_l_legacy,1,family_leak,clean_validation,0.7725388860121982,1191,,family_1042e6cfc0da940b,561
transformer_l_legacy,1,family_leak,clean_validation,0.6047910724110799,1825,,family_1b004e877fd9c150,444
transformer_l_legacy,1,family_leak,clean_validation,0.5593709809545855,3043,,family_cd0df1b5c356cfbf,40
transformer_l_legacy,1,family_leak,clean_validation,0.44322972893714907,6195,,family_87bb078a1609e1d4,594
transformer_l_legacy,1,family_leak,clean_validation,0.34730702602739644,5398,,family_365ed3f794ae6917,636
transformer_l_legacy,1,family_leak,clean_validation,0.7149149436030034,5270,,family_64aded009d0aa19d,252
transformer_l_legacy,1,family_leak,clean_validation,1.5193239450454712,126,,family_62119591a5d0e802,591
transformer_l_legacy,1,family_leak,clean_validation,0.9265185228565282,1425,,family_2573c0454c4f3b47,170
transformer_l_legacy,1,family_leak,clean_validation,0.8859949675729362,3936,,family_784552c59e6cde90,116
transformer_l_legacy,1,family_leak,clean_validation,0.8044502507749874,8970,,family_a0873d1045e6de73,179
transformer_l_legacy,1,family_leak,clean_validation,0.8058444857597351,261,,family_d7f647fc704e4090,503
transformer_l_legacy,1,family_leak,clean_validation,0.6874439120292664,582,,family_de177b5bfd3b4ad4,36
transformer_l_legacy,1,family_leak,clean_validation,1.0387603044509888,271,,family_57d0908d211a3aeb,446
transformer_l_legacy,1,family_leak,clean_validation,0.5582405924797058,221,,family_5f8fbce42478804e,652
transformer_l_legacy,1,family_leak,clean_validation,1.1940731113664123,2286,,family_48d0cb7d67246d93,483
transformer_l_legacy,1,family_leak,clean_validation,0.6716206101669515,598,,family_9f0867df23aab646,64
transformer_l_legacy,1,family_leak,clean_validation,0.6496129648531637,1550,,family_60fbccdcfac8d45f,201
transformer_l_legacy,1,family_leak,clean_validation,0.6304594066517413,3993,,family_222129623ae1d868,331
transformer_l_legacy,1,family_leak,clean_validation,1.2171409468633372,3553,,family_d12ec4943d04fda6,381
transformer_l_legacy,1,family_leak,clean_validation,1.0884469747543335,613,,family_ca5f7811310d4979,421
transformer_l_legacy,1,family_leak,clean_validation,0.9029721640091353,8917,,family_1a9b3b213cd3f0fe,289
transformer_l_legacy,1,family_leak,clean_validation,0.9201232057632619,6357,,family_8597a33e1a97ed61,234
transformer_l_legacy,1,family_leak,clean_validation,0.5987287759780884,331,,family_34fbf3c76cd35578,445
transformer_l_legacy,1,family_leak,clean_validation,1.2267219725593193,1525,,family_064fc18d23d7f6e0,171
transformer_l_legacy,1,family_leak,clean_validation,0.6027773892066303,13091,,family_1cb15a71042b13f5,469
transformer_l_legacy,1,family_leak,clean_validation,0.6879093432889402,412,,family_e6b4aacd5803536e,674
transformer_l_legacy,1,family_leak,clean_validation,0.8062079871658306,2764,,family_387cf57640b6d8de,4
transformer_l_legacy,1,family_leak,clean_validation,0.8752233557163507,15176,,family_2decb8320f2dfd02,113
transformer_l_legacy,1,family_leak,clean_validation,1.7266708285067311,15931,,family_ac0f9bcdce618038,518
transformer_l_legacy,1,family_leak,clean_validation,0.6835632920265198,221,,family_59a690110c469b8f,282
transformer_l_legacy,1,family_leak,clean_validation,0.7738785147666931,177,,family_242be05bb379eeaa,486
transformer_l_legacy,1,family_leak,clean_validation,0.9298701882362366,291,,family_8adbaad5b4f10b73,250
transformer_l_legacy,1,family_leak,clean_validation,0.7865546843181467,5841,,family_e7650acc72c99e33,285
transformer_l_legacy,1,family_leak,clean_validation,1.2122491000042346,2629,,family_cc51c1d0bd72fc52,517
transformer_l_legacy,1,family_leak,clean_validation,0.6036565899848938,271,,family_1fc3e8d69842199a,346
transformer_l_legacy,1,family_leak,clean_validation,0.6623254756939965,6498,,family_44bf22828218a5dc,223
transformer_l_legacy,1,family_leak,clean_validation,1.5427471928619312,1045,,family_423514ea82205c90,118
transformer_l_legacy,1,family_leak,clean_validation,0.8270914544629321,11303,,family_d065b978d8d6363c,233
transformer_l_legacy,1,family_leak,clean_validation,0.5357792612778897,13543,,family_34c0276853df68f6,592
transformer_l_legacy,1,family_leak,clean_validation,0.5564997364604284,1260,,family_1086f01990d35911,161
transformer_l_legacy,1,family_leak,clean_validation,0.6513960347685034,6524,,family_272ea12129852d21,83
transformer_l_legacy,1,family_leak,clean_validation,0.4713930375711366,458,,family_ab58c5df98c64c96,242
transformer_l_legacy,1,family_leak,clean_validation,0.3841565753161523,6518,,family_05ac1b1c30b4cc2e,514
transformer_l_legacy,1,family_leak,clean_validation,1.2823506190488614,20441,,family_57e56909cbd77983,472
transformer_l_legacy,1,family_leak,clean_validation,0.36941608786582947,201,,family_5dd2a8be853b78e8,22
transformer_l_legacy,1,family_leak,clean_validation,0.9756710195335848,1856,,family_9830d264b28c22a3,68
transformer_l_legacy,1,family_leak,clean_validation,0.5274481773376465,196,,family_142c201c93af1056,55
transformer_l_legacy,1,family_leak,clean_validation,0.9138604140253922,859,,family_8dee2f974b6e774e,17
transformer_l_legacy,1,family_leak,clean_validation,0.6829889580229153,7603,,family_1714b2bcb66f3a32,411
transformer_l_legacy,1,family_leak,clean_validation,1.1173580848267946,4503,,family_0b7033c8335243d6,210
transformer_l_legacy,1,family_leak,clean_validation,1.2279599150440286,30865,,family_f7fc3a6587acd552,669
transformer_l_legacy,1,family_leak,clean_validation,0.665949928651992,1318,,family_3073b2c859362b6b,537
transformer_l_legacy,1,family_leak,clean_validation,1.0219322443008423,682,,family_1022f1461ea02448,297
transformer_l_legacy,1,family_leak,clean_validation,0.9126249551773071,101,,family_ccc461da40d9ac0d,420
transformer_l_legacy,1,family_leak,clean_validation,1.162853959042501,6806,,family_4c7eec40a9857f16,668
transformer_l_legacy,1,family_leak,clean_validation,0.42366848987173933,1856,,family_ea447f225e37bcff,496
transformer_l_legacy,1,family_leak,clean_validation,1.5416399386290442,7555,,family_3335e158c995dd8a,148
transformer_l_legacy,1,family_leak,clean_validation,1.0285134193616632,12481,,family_d521b23ed1f019c7,121
transformer_l_legacy,1,family_leak,clean_validation,0.9209263414685341,5235,,family_0134076cacfda355,392
transformer_l_legacy,1,family_leak,clean_validation,1.1401806275049846,738,,family_56b2cba7fc132ef1,574
transformer_l_legacy,1,family_leak,clean_validation,0.8443538517984626,1022,,family_442e47d64373ea42,214
transformer_l_legacy,1,family_leak,clean_validation,0.7182028031475511,2076,,family_81ddae8c86d6f244,388
transformer_l_legacy,1,family_leak,clean_validation,0.9994780095458331,1191,,family_c182d668dd0813f1,368
transformer_l_legacy,1,family_leak,clean_validation,0.8479926178900941,824,,family_3619ff0a23b6cf76,583
transformer_l_legacy,1,family_leak,clean_validation,0.6794486512452262,2344,,family_8d7f055fadcc2466,554
transformer_l_legacy,1,family_leak,clean_validation,0.8032646012608491,9248,,family_47eed942bba714a7,119
transformer_l_legacy,1,family_leak,clean_validation,1.114007830619812,331,,family_4ad0ed70281e61b7,697
transformer_l_legacy,1,family_leak,clean_validation,0.48081965711103436,1428,,family_2caaaadc23ec98ec,248
transformer_l_legacy,1,family_leak,clean_validation,0.37408852564594736,945,,family_762c3082afd0d823,337
transformer_l_legacy,1,family_leak,clean_validation,0.9518602616606728,5437,,family_fb27253a42766057,212
transformer_l_legacy,1,family_leak,clean_validation,1.1200433383758237,2371,,family_892f6f575ad06fdb,351
transformer_l_legacy,1,family_leak,clean_validation,0.982177533308665,1200,,family_8aa0ed5e323eeb0d,195
transformer_l_legacy,1,family_leak,clean_validation,0.976187354696004,18135,,family_7069de93803bf73e,510
transformer_l_legacy,1,family_leak,clean_validation,0.5525028245066697,4240,,family_d6ff844172b34405,280
transformer_l_legacy,1,family_leak,clean_validation,0.6342089580353429,3515,,family_01939a8c620ed9e1,610
transformer_l_legacy,1,family_leak,clean_validation,0.5886041575546413,5006,,family_94b530a2eeef7b05,675
transformer_l_legacy,1,family_leak,clean_validation,0.4006035343866731,523,,family_b298a2c79b9acf61,186
transformer_l_legacy,1,family_leak,clean_validation,0.8282039165675819,6660,,family_4a86fa42bce94e67,26
transformer_l_legacy,1,family_leak,clean_validation,0.6726621985435486,497,,family_7af8a28c6e85bc8b,141
transformer_l_legacy,1,family_leak,clean_validation,1.3565341234207153,11,,family_99483ac7e710751f,175
transformer_l_legacy,1,family_leak,clean_validation,0.6513237319020337,860,,family_644383b9a5c7153d,50
transformer_l_legacy,1,family_leak,clean_validation,0.8535870913864851,714,,family_e08ea0e927cfea58,369
transformer_l_legacy,1,family_leak,clean_validation,0.8785450995048389,5217,,family_44cee7ecbafdaa0c,628
transformer_l_legacy,1,family_leak,clean_validation,0.9692663221815948,2391,,family_46ee5adc2c70d33b,312
transformer_l_legacy,1,family_leak,clean_validation,0.5799387693405151,226,,family_363f18ff9cdd663b,101
transformer_l_legacy,1,family_leak,clean_validation,0.5329396929876642,3794,,family_0f72232dcd828b96,526
transformer_l_legacy,1,family_leak,clean_validation,0.7012484069225243,2971,,family_97eeaf7b4a9c3731,434
transformer_l_legacy,1,family_leak,clean_validation,1.0281601070356363,7619,,family_09e1821e1435425f,490
transformer_l_legacy,1,family_leak,clean_validation,1.3053785562515259,301,,family_3e481fb1fbc87581,596
transformer_l_legacy,1,family_leak,clean_validation,0.3639370859473514,3261,,family_a43a516a7577f1ec,398
transformer_l_legacy,1,family_leak,clean_validation,0.39233270307475887,20304,,family_c70bbb1238ec368c,338
transformer_l_legacy,1,family_leak,clean_validation,1.4056669626083045,14843,,family_e7c9171f786b99da,183
transformer_l_legacy,1,family_leak,clean_validation,0.7772936820983887,583,,family_eac4733b2dae986d,69
transformer_l_legacy,1,family_leak,clean_validation,0.66995238851133,10963,,family_dcee5dfcf9fc6031,489
transformer_l_legacy,1,family_leak,clean_validation,0.5909440068469741,1086,,family_ba88844813c478c8,488
transformer_l_legacy,1,family_leak,clean_validation,0.8402710629724021,3671,,family_e3b1d0c18a60396e,626
transformer_l_legacy,1,family_leak,clean_validation,0.9545937517171122,2870,,family_455ecec853565931,619
transformer_l_legacy,1,family_leak,clean_validation,0.9607076048851013,291,,family_db0f95ba35a66044,329
transformer_l_legacy,1,family_leak,clean_validation,1.1313807692712932,7391,,family_f4900aed0a1c77c5,268
transformer_l_legacy,1,family_leak,clean_validation,0.6321804155588275,3814,,family_641e72e8ff1c1166,146
transformer_l_legacy,1,family_leak,clean_validation,0.8802173495343165,14163,,family_2312c27769277b81,470
transformer_l_legacy,1,family_leak,clean_validation,0.6936527098515817,3944,,family_1e6bf6c8d5b78e1a,640
transformer_l_legacy,1,family_leak,clean_validation,0.4984536900111354,7532,,family_502e6b70666e84f8,162
transformer_l_legacy,1,family_leak,clean_validation,0.7815778912172949,619,,family_a55f889fcbd8ead5,59
transformer_l_legacy,1,family_leak,clean_validation,0.6537805199623108,487,,family_d9ef2ad04ba5030a,94
transformer_l_legacy,1,family_leak,clean_validation,0.9773634144807244,3740,,family_6ecb17a2196b524b,216
transformer_l_legacy,1,family_leak,clean_validation,0.5868407716982762,21036,,family_6eb33acc697900b1,189
transformer_l_legacy,1,family_leak,clean_validation,0.6088080608180559,15489,,family_71038ecc81cc310d,567
transformer_l_legacy,1,family_leak,clean_validation,0.8612172911052496,7528,,family_43d070bb1d4728eb,436
transformer_l_legacy,1,family_leak,clean_validation,0.706261442215754,4143,,family_e943e5ae3161e964,215
transformer_l_legacy,1,family_leak,clean_validation,1.0016323358566024,1639,,family_977c404bc438de36,129
transformer_l_legacy,1,family_leak,clean_validation,0.8778839408270249,1654,,family_eb05ccf771a0f6fa,167
transformer_l_legacy,1,family_leak,clean_validation,0.6240159443899491,658,,family_f76575f43ce9f715,211
transformer_l_legacy,1,family_leak,clean_validation,0.9317821860313416,126,,family_c44c8014b64e9662,271
transformer_l_legacy,1,family_leak,clean_validation,1.0502788181275406,1615,,family_db3db1576a406cc8,647
transformer_l_legacy,1,family_leak,clean_validation,0.7505335503719283,3001,,family_74d6ca4f4b3ca714,198
transformer_l_legacy,1,family_leak,clean_validation,1.1046383624121214,13326,,family_e28197e9cf6fc68d,82
transformer_l_legacy,1,family_leak,clean_validation,1.1385287199870195,5959,,family_1bbcc4218f93ca73,585
transformer_l_legacy,1,family_leak,clean_validation,0.4253576587089766,5926,,family_6efa1cacb9ad3d66,450
transformer_l_legacy,1,family_leak,clean_validation,0.9130123491956025,1483,,family_293d3c58434ea432,424
transformer_l_legacy,1,family_leak,clean_validation,1.1387704902052491,307,,family_bb7a3764a0cb51ef,185
transformer_l_legacy,1,family_leak,clean_validation,0.3292107137339226,3853,,family_ce939a871f73797e,654
transformer_l_legacy,1,family_leak,clean_validation,0.5911461995257127,11511,,family_bf58440f90351608,656
transformer_l_legacy,1,family_leak,clean_validation,1.195734366724072,47814,,family_b13e3197621b6a67,665
transformer_l_legacy,1,family_leak,clean_validation,0.8565580464588798,5155,,family_e5b4b48758cc10cf,0
transformer_l_legacy,1,family_leak,clean_validation,0.5172943567259367,10750,,family_873455800f3af360,90
transformer_l_legacy,1,family_leak,clean_validation,0.1882900347191732,1648,,family_5b4f410a68b26980,294
transformer_l_legacy,1,family_leak,clean_validation,0.7870567001730117,6820,,family_6555b7af6b1e876d,333
transformer_l_legacy,1,family_leak,clean_validation,0.30258771793327954,9581,,family_c8ed53e602d47d77,373
transformer_l_legacy,1,family_leak,clean_validation,0.4806143147604806,910,,family_b7724334fda37767,2
transformer_l_legacy,1,family_leak,clean_validation,0.5178948659473727,6232,,family_e1e6b4777ab2f0d3,525
transformer_l_legacy,1,family_leak,clean_validation,0.6076163340271741,10054,,family_68b8fd69ce397884,205
transformer_l_legacy,1,family_leak,clean_validation,0.5718249678611755,261,,family_4484ffde0b8eeb1e,468
transformer_l_legacy,1,family_leak,clean_validation,1.153283113883505,5772,,family_f6c8d7d7ccb2fb7c,659
transformer_l_legacy,1,family_leak,clean_validation,0.8132733682820041,8322,,family_bf5e46a018cc309f,91
transformer_l_legacy,1,family_leak,clean_validation,1.197008873512893,3333,,family_74d92a6b925fff2b,361
transformer_l_legacy,1,family_leak,clean_validation,1.304406575177679,755,,family_fecd8209b4231ff0,562
transformer_l_legacy,1,family_leak,clean_validation,0.8109087853513679,1047,,family_a5b4b56c411c3e3e,19
transformer_l_legacy,1,family_leak,clean_validation,0.6703711087920307,3038,,family_125b174edd279860,622
transformer_l_legacy,1,family_leak,clean_validation,0.8659217857697155,12165,,family_4fd03386572a5e7d,49
transformer_l_legacy,1,family_leak,clean_validation,0.7920688980696152,784,,family_b683e3dda3d53d7d,499
transformer_l_legacy,1,family_leak,clean_validation,0.7021177720235997,5434,,family_7cc38e130f767be2,152
transformer_l_legacy,1,family_leak,clean_validation,0.8658432237164465,2004,,family_c1cf47c50b324615,620
transformer_l_legacy,1,family_leak,clean_validation,0.5501881241798401,277,,family_e6f89a8fd4c28042,671
transformer_l_legacy,1,family_leak,clean_validation,1.1449711238026532,5436,,family_f32207a4bd1be5f3,641
transformer_l_legacy,1,family_leak,clean_validation,0.851412967786397,730,,family_750c1b7c9293fca0,555
transformer_l_legacy,1,family_leak,clean_validation,0.4283808333661653,2518,,family_dff095b3f9ea4486,228
transformer_l_legacy,1,family_leak,clean_validation,0.878832381274832,1393,,family_03f94974e43a6f72,219
transformer_l_legacy,1,family_leak,clean_validation,0.6887334142753947,11470,,family_20755f596dac4ad8,538
transformer_l_legacy,1,family_leak,clean_validation,0.23256180096147988,11134,,family_a5fb3561532a1515,251
transformer_l_legacy,1,family_leak,clean_validation,0.7525506395302661,10047,,family_09f185032eec1684,15
transformer_l_legacy,1,family_leak,clean_validation,0.7843590211370638,2108,,family_449b876c5d7555de,648
transformer_l_legacy,1,family_leak,clean_validation,1.139046013984473,9757,,family_17c63d0cae51b4f0,552
transformer_l_legacy,1,family_leak,clean_validation,0.9865070478593846,1901,,family_a7e7611a4fb45bb8,181
transformer_l_legacy,1,family_leak,clean_validation,0.6125239064559939,21536,,family_a0087912e552c325,160
transformer_l_legacy,1,family_leak,clean_validation,1.3333531680007586,13175,,family_26c7d9fe4637a87f,639
transformer_l_legacy,1,family_leak,clean_validation,1.3578556657014966,11417,,family_7c0ce9b52a4fb354,384
transformer_l_legacy,1,family_leak,clean_validation,0.8599320745674681,12236,,family_ce42ac82cf5b7aa5,491
transformer_l_legacy,1,family_leak,clean_validation,1.1119382766359054,926,,family_d1384d3d5b8f3e4a,325
transformer_l_legacy,1,family_leak,clean_validation,0.4152795670690171,8976,,family_a4ec6bc987630263,480
transformer_l_legacy,1,family_leak,clean_validation,0.5479443841789937,2274,,family_d7fd034f32743816,614
transformer_l_legacy,1,family_leak,clean_validation,0.49114653771998834,4080,,family_9ee07f048eddd3ef,605
transformer_l_legacy,1,family_leak,clean_validation,1.2887201663910293,9874,,family_d5db7a666d5cdce4,432
transformer_l_legacy,1,family_leak,clean_validation,0.5903311967849731,693,,family_e3990e8f3e5a019e,29
transformer_l_legacy,1,family_leak,clean_validation,0.5937150120735168,402,,family_424ba6cfeb2d4b06,347
transformer_l_legacy,1,family_leak,clean_validation,0.8813048390654051,2758,,family_1584dac71c5d3b21,417
transformer_l_legacy,1,family_leak,clean_validation,0.4744732593633641,1559,,family_71b49a81405adf23,28
transformer_l_legacy,1,family_leak,clean_validation,0.43073549456460664,3865,,family_02cd0d0062e7f2f0,136
transformer_l_legacy,1,family_leak,clean_validation,0.7700495123473201,6113,,family_f6a9ab27f75aaa2c,237
transformer_l_legacy,1,family_leak,clean_validation,2.65228271484375,56,,family_fa6d03faa672f307,607
transformer_l_legacy,1,family_leak,clean_validation,0.9026833994547924,1601,,family_32ee5e4e0bf64290,575
transformer_l_legacy,1,family_leak,clean_validation,0.8095103040370122,1373,,family_4b03c0c9196cb057,642
transformer_l_legacy,1,family_leak,clean_validation,0.8494940648038782,33265,,family_084d50552be46593,431
transformer_l_legacy,1,family_leak,clean_validation,0.9149711728096008,216,,family_f9eef55626121ccd,456
transformer_l_legacy,1,family_leak,clean_validation,1.355868801491905,2579,,family_f3c41c0d722fe806,299
transformer_l_legacy,1,family_leak,clean_validation,1.0063138030928966,8074,,family_830520441d24c99b,281
transformer_l_legacy,1,family_leak,clean_validation,0.7645032612235301,1574,,family_0bcfa76d0d0ba6c7,204
transformer_l_legacy,1,family_leak,clean_validation,0.5122696565394805,4379,,family_49c1e82f118ffcdb,155
transformer_l_legacy,1,family_leak,clean_validation,1.4722867012023926,37,,family_60813f1989c300e9,547
transformer_l_legacy,1,family_leak,clean_validation,0.6340563180622326,4098,,family_b9e55910bfee8055,104
transformer_l_legacy,1,family_leak,clean_validation,0.4948929240204405,683,,family_b5e8954b16e48222,6
transformer_l_legacy,1,family_leak,clean_validation,0.3542608320713043,181,,family_a8682c6d911fc3b8,566
transformer_l_legacy,1,family_leak,clean_validation,0.863260162670398,12601,,family_f8ba51ce9495f2bd,416
transformer_l_legacy,1,family_leak,clean_validation,0.7767373613477354,4366,,family_71a60fbe7040f158,38
transformer_l_legacy,1,family_leak,clean_validation,0.8955304622650146,437,,family_336e1c704addf9f3,393
transformer_l_legacy,1,family_leak,clean_validation,0.39123424475104357,1452,,family_ce5ee93c94f8cb47,427
transformer_l_legacy,1,family_leak,clean_validation,1.1955618484063921,11788,,family_ba5a886f795d4f27,345
transformer_l_legacy,1,family_leak,clean_validation,0.577922385866924,372,,family_3812a654a3d8068e,314
transformer_l_legacy,1,family_leak,clean_validation,0.3497636908850521,3751,,family_043b81d25e57bda6,14
transformer_l_legacy,1,family_leak,clean_validation,1.0045799211656048,1598,,family_60dc4c06abba1219,316
transformer_l_legacy,1,family_leak,clean_validation,0.45826730830212165,365,,family_0967320075dd090a,544
transformer_l_legacy,1,family_leak,clean_validation,0.6780893981560778,573,,family_4cbe424968d7c5e7,277
transformer_l_legacy,2,clean,treated,0.7002075537099754,3093,structurally_nonexact,family_d1a92696717aa9c2,176
transformer_l_legacy,2,clean,treated,1.0219780367946154,1216,structurally_nonexact,family_3835425eafb00035,524
transformer_l_legacy,2,clean,treated,0.7408167786389879,412,structurally_nonexact,family_a534382ff42b71fb,634
transformer_l_legacy,2,clean,treated,0.5513989005751743,4197,structurally_nonexact,family_6d17de7e325f25f8,467
transformer_l_legacy,2,clean,treated,0.6188050254471648,779,structurally_nonexact,family_56b1bf9100abf79a,254
transformer_l_legacy,2,clean,treated,1.3849785274292294,15674,structurally_nonexact,family_9edbfcdbf27d8472,87
transformer_l_legacy,2,clean,treated,0.5337175918578194,3153,structurally_nonexact,family_db6398f302f77cb4,563
transformer_l_legacy,2,clean,treated,0.7585902105858778,10203,canonical_event_exact,family_776fb0c74fb6af96,253
transformer_l_legacy,2,clean,treated,0.8334731906652451,1748,structurally_nonexact,family_be459453ebdfa1da,627
transformer_l_legacy,2,clean,treated,0.7344413592350372,3230,structurally_nonexact,family_439fc19617b55d44,309
transformer_l_legacy,2,clean,treated,0.6504022467182949,2560,structurally_nonexact,family_328dc279bafe7f69,265
transformer_l_legacy,2,clean,treated,1.0079350398460125,3803,structurally_nonexact,family_ac0566dd944bc201,327
transformer_l_legacy,2,clean,treated,0.8570634722709656,477,canonical_event_exact,family_3fbe0e330aecdc00,482
transformer_l_legacy,2,clean,treated,0.8669400453906168,704,structurally_nonexact,family_04795413b15e0b98,576
transformer_l_legacy,2,clean,treated,1.104496387852228,1108,structurally_nonexact,family_348b29b5f47eda18,220
transformer_l_legacy,2,clean,treated,1.254085094245244,8731,structurally_nonexact,family_f77d449f1658a159,292
transformer_l_legacy,2,clean,treated,1.2096912860870361,242,structurally_nonexact,family_39849966d6043c11,378
transformer_l_legacy,2,clean,treated,1.112039296210997,3169,structurally_nonexact,family_af212e596b07120e,405
transformer_l_legacy,2,clean,treated,0.5365549827807661,9069,structurally_nonexact,family_2d3e3d92f30c4369,600
transformer_l_legacy,2,clean,treated,0.6355784587036893,1674,structurally_nonexact,family_f0c0dd7c2f3b6a3f,661
transformer_l_legacy,2,clean,treated,1.0197738232214448,2491,structurally_nonexact,family_5aaa5f6f546aa704,105
transformer_l_legacy,2,clean,treated,1.0312168591137167,5759,structurally_nonexact,family_78031f033e192cce,11
transformer_l_legacy,2,clean,treated,0.8244285583496094,467,structurally_nonexact,family_961cefc620e3d5ab,408
transformer_l_legacy,2,clean,treated,0.8877942158783922,3303,canonical_event_exact,family_fe2836cc1cef695c,336
transformer_l_legacy,2,clean,treated,1.1696384403852975,9124,structurally_nonexact,family_0f71c7e0830e1d85,624
transformer_l_legacy,2,clean,treated,0.4137436040883663,6286,structurally_nonexact,family_2dbafe5054d4bee7,414
transformer_l_legacy,2,clean,treated,0.7900199414496665,14987,structurally_nonexact,family_52885ec61f0240b9,687
transformer_l_legacy,2,clean,treated,0.9192493178141423,5460,structurally_nonexact,family_b88eee6ecd7ef6bc,366
transformer_l_legacy,2,clean,treated,1.2036796886511818,20432,structurally_nonexact,family_de67cf52f9a2ce89,267
transformer_l_legacy,2,clean,treated,1.1072413952065854,854,structurally_nonexact,family_7b8c8789f38183da,317
transformer_l_legacy,2,clean,treated,0.8265452389699218,10665,structurally_nonexact,family_774f10d6c3d75980,145
transformer_l_legacy,2,clean,treated,0.6772976895988138,29458,structurally_nonexact,family_6fbe37a0a6611f64,520
transformer_l_legacy,2,clean,treated,0.8225673016915559,12501,structurally_nonexact,family_c64269798048b60f,666
transformer_l_legacy,2,clean,treated,0.9400520527034085,8558,structurally_nonexact,family_f60bd4cc83d02add,618
transformer_l_legacy,2,clean,treated,1.5157299041748047,61,structurally_nonexact,family_39f58e2fd604c61e,402
transformer_l_legacy,2,clean,treated,0.673623409584491,1918,structurally_nonexact,family_101bf32d18499c7d,686
transformer_l_legacy,2,clean,treated,1.2356083393096924,156,structurally_nonexact,family_e97b637c75aac2b5,637
transformer_l_legacy,2,clean,treated,1.1855170525418377,12995,structurally_nonexact,family_e2c30beb0d4abeae,477
transformer_l_legacy,2,clean,treated,1.0192741464867774,3028,structurally_nonexact,family_581cf690b70ed77f,269
transformer_l_legacy,2,clean,treated,1.0809991945761952,1789,structurally_nonexact,family_9ccd2f467361ebab,348
transformer_l_legacy,2,clean,treated,0.544317689085336,8256,structurally_nonexact,family_6342008bae187399,615
transformer_l_legacy,2,clean,treated,1.2117730379104614,266,structurally_nonexact,family_8661140073b6a2ab,691
transformer_l_legacy,2,clean,treated,0.6702820464732155,1890,structurally_nonexact,family_1a8ff9e18d3eabea,137
transformer_l_legacy,2,clean,treated,0.8080912175317997,8479,structurally_nonexact,family_b324bd83d2be3825,438
transformer_l_legacy,2,clean,treated,0.7766852431461729,725,structurally_nonexact,family_23e85181dd747797,695
transformer_l_legacy,2,clean,treated,1.3765355121989837,9580,structurally_nonexact,family_b3ba3218de08f591,66
transformer_l_legacy,2,clean,treated,0.6163012465224332,6949,structurally_nonexact,family_38ddaabf01adae92,106
transformer_l_legacy,2,clean,treated,0.7415354482080571,945,structurally_nonexact,family_5405158fe7a3977d,511
transformer_l_legacy,2,clean,treated,0.798031210899353,336,structurally_nonexact,family_e4e4467ef74cc720,428
transformer_l_legacy,2,clean,treated,1.0860843443479695,1037,structurally_nonexact,family_4f1b63b3eef9f7d0,531
transformer_l_legacy,2,clean,treated,1.0011667700562896,522,structurally_nonexact,family_7a300c986fbfa9f2,165
transformer_l_legacy,2,clean,treated,1.1425971884449408,463,structurally_nonexact,family_6f0024d47bda9a44,359
transformer_l_legacy,2,clean,treated,0.5368229812628876,1191,structurally_nonexact,family_746d1e0c3274827f,466
transformer_l_legacy,2,clean,treated,1.0290907836928138,1084,structurally_nonexact,family_6a42731481dda124,419
transformer_l_legacy,2,clean,treated,1.5003460901606924,15697,structurally_nonexact,family_0ecded087f80d73b,461
transformer_l_legacy,2,clean,treated,0.839164403534669,5721,structurally_nonexact,family_5facacfb4d33d062,5
transformer_l_legacy,2,clean,treated,0.7124610543251038,251,structurally_nonexact,family_5cc4efa05e4dc250,114
transformer_l_legacy,2,clean,treated,1.1973480619618853,17077,structurally_nonexact,family_4731a6d05dff34ce,132
transformer_l_legacy,2,clean,treated,1.022971122638852,5610,structurally_nonexact,family_c3ae851031cec2bb,663
transformer_l_legacy,2,clean,treated,0.822236997520012,48674,structurally_nonexact,family_30fbd9977a220042,589
transformer_l_legacy,2,clean,treated,0.8142202604474045,508,structurally_nonexact,family_e3c89d0945320ec5,3
transformer_l_legacy,2,clean,treated,1.2221108579859488,639,structurally_nonexact,family_f99e7467cfd91d72,230
transformer_l_legacy,2,clean,treated,1.1437394045198332,3294,structurally_nonexact,family_0a0ff01b239a934a,415
transformer_l_legacy,2,clean,treated,0.6163355708122253,166,structurally_nonexact,family_5ebcadebe538bd59,272
transformer_l_legacy,2,clean,treated,0.7185729740931885,533,structurally_nonexact,family_2fe71bb032cb85fe,184
transformer_l_legacy,2,clean,treated,0.8770711114857803,6626,structurally_nonexact,family_e0f7e5849dbe9388,513
transformer_l_legacy,2,clean,treated,0.9087718070155755,3859,structurally_nonexact,family_c3abd4306e03adf2,290
transformer_l_legacy,2,clean,treated,0.6329786939220294,1559,structurally_nonexact,family_83b27a32aa56f9dc,485
transformer_l_legacy,2,clean,treated,1.1133038922174443,2535,structurally_nonexact,family_fa3341292470541d,226
transformer_l_legacy,2,clean,treated,0.6716980194523386,548,canonical_event_exact,family_15b8f6d235825863,7
transformer_l_legacy,2,clean,treated,0.8520027285339126,10236,structurally_nonexact,family_a95aeca85317a04d,401
transformer_l_legacy,2,clean,treated,0.5986932666108618,7309,structurally_nonexact,family_3dffb074803c8f80,376
transformer_l_legacy,2,clean,treated,0.9685490612979056,1026,structurally_nonexact,family_1cfa4116628ae42e,681
transformer_l_legacy,2,clean,treated,0.964403815531384,1238,structurally_nonexact,family_f53ae103dc0def58,261
transformer_l_legacy,2,clean,treated,0.6590800116297434,1287,structurally_nonexact,family_3db848c291e71542,123
transformer_l_legacy,2,clean,treated,1.0446707321184825,3583,structurally_nonexact,family_76f3986b08ecfc19,97
transformer_l_legacy,2,clean,treated,0.7865393533411844,13214,structurally_nonexact,family_121eefce620403f7,295
transformer_l_legacy,2,clean,treated,1.1147788722044452,20977,structurally_nonexact,family_8aff46e64d1c8360,286
transformer_l_legacy,2,clean,treated,0.8744908370234085,4952,structurally_nonexact,family_debbecc1e7f77f3e,20
transformer_l_legacy,2,clean,treated,0.5098858683748551,1779,structurally_nonexact,family_f19aa9a5e722eb61,379
transformer_l_legacy,2,clean,treated,0.9337931989638273,1815,structurally_nonexact,family_d0b38ee50d018148,664
transformer_l_legacy,2,clean,treated,0.7163442410097159,1036,structurally_nonexact,family_aad2d66dec95dc7a,569
transformer_l_legacy,2,clean,treated,0.7561390217185625,985,structurally_nonexact,family_59add5a121b9a616,451
transformer_l_legacy,2,clean,treated,1.2247915006573211,12091,structurally_nonexact,family_c2d4ffa1539bdafe,263
transformer_l_legacy,2,clean,treated,0.8107521705001001,1157,structurally_nonexact,family_58a5b18cf3751bf1,41
transformer_l_legacy,2,clean,treated,0.6520990858257377,638,structurally_nonexact,family_8f08581ca21b6c6f,539
transformer_l_legacy,2,clean,treated,0.7446899443962197,5203,structurally_nonexact,family_5d6a15b20dff7233,33
transformer_l_legacy,2,clean,treated,0.6044260217785472,1312,structurally_nonexact,family_eacebc389812585f,693
transformer_l_legacy,2,clean,treated,0.6112471400247725,578,structurally_nonexact,family_3bd7e5ca43f02666,476
transformer_l_legacy,2,clean,treated,0.6128202656219746,377,structurally_nonexact,family_da2cbb03fa208ffc,65
transformer_l_legacy,2,clean,treated,0.7525436824571478,15281,structurally_nonexact,family_5fe0b889b5279fed,275
transformer_l_legacy,2,clean,treated,0.655964825496032,654,structurally_nonexact,family_58c32a6b58cc329f,505
transformer_l_legacy,2,clean,treated,1.1000372539352776,4931,structurally_nonexact,family_d4c8efafc098f593,580
transformer_l_legacy,2,clean,treated,0.7658253935610672,6166,structurally_nonexact,family_853b6705e7d7e7a9,509
transformer_l_legacy,2,clean,treated,1.0643173578614906,1558,canonical_event_exact,family_7c104874587dddcc,324
transformer_l_legacy,2,clean,treated,1.2045252290998116,3893,structurally_nonexact,family_2eec85a0fe915e64,326
transformer_l_legacy,2,clean,treated,0.822213724042509,1189,structurally_nonexact,family_08157e0ead630e5c,623
transformer_l_legacy,2,clean,treated,1.3566461797547196,12275,structurally_nonexact,family_67cf34a836b9cd6c,473
transformer_l_legacy,2,clean,treated,0.9558347899424686,3188,structurally_nonexact,family_a03ac5414952d229,344
transformer_l_legacy,2,clean,treated,1.335947360047904,5109,structurally_nonexact,family_4da27be0a15493fc,455
transformer_l_legacy,2,clean,control,1.4223895072937012,86,,family_8353c8bc6b1abe91,231
transformer_l_legacy,2,clean,control,0.8014556169509888,281,,family_a21b0655ee8718e3,44
transformer_l_legacy,2,clean,control,0.9744673396882678,1492,,family_828011733ff46fcc,135
transformer_l_legacy,2,clean,control,1.056604433318843,92,,family_c352cf53fe360f50,89
transformer_l_legacy,2,clean,control,0.9536528786023458,543,,family_581b417d448220ce,278
transformer_l_legacy,2,clean,control,0.7643540204823769,4997,,family_c5e7a2f4ebdc9ce7,523
transformer_l_legacy,2,clean,control,1.2566514048394333,23970,,family_942d0bbb1f3057b7,117
transformer_l_legacy,2,clean,control,1.3083256846736389,1957,,family_e8f2414f825f028e,21
transformer_l_legacy,2,clean,control,1.3078040714986594,24928,,family_d9eece89cdccb42e,318
transformer_l_legacy,2,clean,control,1.1707341476324327,2226,,family_159334980be342ce,590
transformer_l_legacy,2,clean,control,0.7006889261426618,9706,,family_5cc3056db91c371f,475
transformer_l_legacy,2,clean,control,1.0993782734038953,14644,,family_cac05bc962cb19ae,529
transformer_l_legacy,2,clean,control,1.1587490787734314,794,,family_91b28d898f74de65,458
transformer_l_legacy,2,clean,control,0.7523312475904989,2249,,family_0ed7b687c2bbe731,679
transformer_l_legacy,2,clean,control,0.7202775901280387,2076,,family_c09c42656e829799,75
transformer_l_legacy,2,clean,control,0.7806774950453214,8400,,family_5029829bbea32071,45
transformer_l_legacy,2,clean,control,0.7904789269551136,2361,,family_b524f58169d7a062,422
transformer_l_legacy,2,clean,control,0.789456004347286,20104,,family_e449d968e1ca6e62,481
transformer_l_legacy,2,clean,control,1.0995668869860469,3217,,family_f176b8796acaf1a3,449
transformer_l_legacy,2,clean,control,1.6098736865049412,13053,,family_2aacce96c1e48e02,43
transformer_l_legacy,2,clean,control,0.5953087533404232,22913,,family_95e00157e6b24668,246
transformer_l_legacy,2,clean,control,1.2580628624304813,11280,,family_c83ce9a767947dac,169
transformer_l_legacy,2,clean,control,1.4112348460691757,18996,,family_c00a93f90020b6fe,255
transformer_l_legacy,2,clean,control,1.0425772666931152,226,,family_4388b443af85145b,182
transformer_l_legacy,2,clean,control,0.6147666697593728,5102,,family_090556d6964926b6,696
transformer_l_legacy,2,clean,control,0.7850903790358196,997,,family_517a76fa41613984,435
transformer_l_legacy,2,clean,control,1.073085069656372,331,,family_d5117873cfa5f4e7,403
transformer_l_legacy,2,clean,control,0.8239264753280008,5289,,family_5c4b107ad8b67511,39
transformer_l_legacy,2,clean,control,0.637821372289264,2157,,family_6b39589c59910bc9,527
transformer_l_legacy,2,clean,control,1.1231411695480347,557,,family_09e71dae304bced8,407
transformer_l_legacy,2,clean,control,0.741953930269387,7005,,family_7ab40688290292cb,699
transformer_l_legacy,2,clean,control,0.8378856861080206,3615,,family_c9287c1de390bb4b,287
transformer_l_legacy,2,clean,control,0.6585918958313368,3531,,family_b82550e1d139176a,133
transformer_l_legacy,2,clean,control,1.1477661822087069,4469,,family_5ead6639536180b8,16
transformer_l_legacy,2,clean,control,0.3948891869683429,3148,,family_c200a4f65bbc5209,270
transformer_l_legacy,2,clean,control,0.8309454686295142,6866,,family_104496edebed4f61,385
transformer_l_legacy,2,clean,control,1.1301776493286215,4592,,family_843833735eeb7063,519
transformer_l_legacy,2,clean,control,0.7198436951383631,940,,family_9c25f8a3328ce8da,494
transformer_l_legacy,2,clean,control,0.9510197596497942,11819,,family_8adb1a64e2eed3ab,400
transformer_l_legacy,2,clean,control,1.0224154157137797,638,,family_1f464d80218f494a,150
transformer_l_legacy,2,clean,control,0.8270283285837673,1566,,family_cb2f86c88344d124,572
transformer_l_legacy,2,clean,control,1.2337679369696255,2465,,family_7d2361899b55eee8,522
transformer_l_legacy,2,clean,control,0.8760915536559958,2886,,family_056399865754201e,177
transformer_l_legacy,2,clean,control,1.204278360995434,7537,,family_048732487ed12eba,266
transformer_l_legacy,2,clean,control,0.6719622015953064,266,,family_1d8665cf98427374,632
transformer_l_legacy,2,clean,control,0.797819732783288,8124,,family_7b7a14e1daaa4e52,207
transformer_l_legacy,2,clean,control,0.6166272468037075,1980,,family_ace63736575276fd,76
transformer_l_legacy,2,clean,control,0.9454629421234131,381,,family_471c422daeefac7a,24
transformer_l_legacy,2,clean,control,1.0367745925991234,2354,,family_484de8ba061636e2,134
transformer_l_legacy,2,clean,control,0.4982815831102789,748,,family_a8edfe7c17d49498,142
transformer_l_legacy,2,clean,control,1.146859880914956,3704,,family_fc41e434d5d7e595,413
transformer_l_legacy,2,clean,control,0.5284169767365181,1439,,family_309d1ff512e1e9a9,426
transformer_l_legacy,2,clean,control,0.9214246120788225,10437,,family_d16673229b6e8db9,273
transformer_l_legacy,2,clean,control,0.8463202379968986,1146,,family_9e8b2eb6ec3ec445,96
transformer_l_legacy,2,clean,control,0.9009028491721932,11034,,family_50f05ec6e42283bd,153
transformer_l_legacy,2,clean,control,1.0228385624872776,373,,family_341df9602a2ccf1e,649
transformer_l_legacy,2,clean,control,0.9436927305525963,6341,,family_352e44896c06757b,543
transformer_l_legacy,2,clean,control,0.6141721276012627,407,,family_0b0978005887e1a2,474
transformer_l_legacy,2,clean,control,1.1331950142435874,9756,,family_e0804d88b4e3c086,464
transformer_l_legacy,2,clean,control,1.4350385960392764,5497,,family_7136d870073b72bf,492
transformer_l_legacy,2,clean,control,1.1190500918482216,4898,,family_90e53f43974a85ff,305
transformer_l_legacy,2,clean,control,0.3790249709643085,8758,,family_ba0bab377b74f9bc,593
transformer_l_legacy,2,clean,control,0.8415075326951955,3385,,family_dd7fe974853169e3,340
transformer_l_legacy,2,clean,control,0.8596529134874759,14375,,family_89e820583b7bf692,521
transformer_l_legacy,2,clean,control,0.8026509148104859,5387,,family_c3c5b7b46ed5cca4,604
transformer_l_legacy,2,clean,control,1.106929744369492,2595,,family_13478cc2fa596f00,676
transformer_l_legacy,2,clean,control,0.8848633533036451,2122,,family_4b791b52cdbf0c94,342
transformer_l_legacy,2,clean,control,1.1887685170965305,1554,,family_24beda513cb73140,190
transformer_l_legacy,2,clean,control,1.0165082847043907,2574,,family_bd2e09f5164640ac,355
transformer_l_legacy,2,clean,control,1.2021627066543836,14722,,family_d90c907b60f5db7e,227
transformer_l_legacy,2,clean,control,1.1838096380233765,608,,family_0a1d834f1fc5ec9d,397
transformer_l_legacy,2,clean,control,1.0158414926397974,619,,family_bd36f067059fa430,608
transformer_l_legacy,2,clean,control,0.8607328983170908,10380,,family_9d3263359149060b,174
transformer_l_legacy,2,clean,control,0.9148371815681458,96,,family_701911482f478840,164
transformer_l_legacy,2,clean,control,0.5781640315984153,1297,,family_a69d52c7adca6131,688
transformer_l_legacy,2,clean,control,1.083328595472874,911,,family_0907d69883a983d5,125
transformer_l_legacy,2,clean,control,0.8674232911556959,10000,,family_6aa82ca2608dc1b1,23
transformer_l_legacy,2,clean,control,0.7189640109170893,7247,,family_0b7d7d5455b615a1,306
transformer_l_legacy,2,clean,control,0.486755147981055,810,,family_6ff7124bfcd14a0c,545
transformer_l_legacy,2,clean,control,1.092828277470474,2128,,family_b8051512c4e658bb,180
transformer_l_legacy,2,clean,control,0.8373753529727678,1907,,family_419159423badc2ef,391
transformer_l_legacy,2,clean,control,0.967533210151111,7116,,family_330ff47988f3581a,291
transformer_l_legacy,2,clean,control,0.8870820362535864,6921,,family_c2708c9ff73ceb82,660
transformer_l_legacy,2,clean,control,1.001248163550159,4344,,family_ddb1afd90e017414,484
transformer_l_legacy,2,clean,control,1.0394920587566485,4446,,family_354a6fa9839f5265,196
transformer_l_legacy,2,clean,control,0.4386000340825945,1647,,family_25637fe768f1ed97,602
transformer_l_legacy,2,clean,control,0.9090890882100612,1815,,family_c8d9a7933734de14,232
transformer_l_legacy,2,clean,control,0.7711188034335659,12979,,family_5dfcdbc50b497fa3,241
transformer_l_legacy,2,clean,control,1.2947987049675758,2723,,family_cb79ab953eb3a23e,425
transformer_l_legacy,2,clean,control,0.8009395334520377,4096,,family_4cbe524347d5770f,442
transformer_l_legacy,2,clean,control,0.657221592421161,4361,,family_584bf061d2625f25,495
transformer_l_legacy,2,clean,control,0.7367409467697144,251,,family_56890c17b9133ef4,506
transformer_l_legacy,2,clean,control,0.37375190567338107,2640,,family_205aeeeda178f7ca,644
transformer_l_legacy,2,clean,control,1.6321065425872803,56,,family_3179470752a6d838,18
transformer_l_legacy,2,clean,control,1.0717662889675228,7232,,family_7659084f070baf14,130
transformer_l_legacy,2,clean,control,1.1870866962687627,16261,,family_2210ee0a2c3ccbc9,396
transformer_l_legacy,2,clean,control,0.6151524338121255,7863,,family_d20f6f896d965906,310
transformer_l_legacy,2,clean,control,1.0668216843752596,1228,,family_9ba17784e54ec105,163
transformer_l_legacy,2,clean,control,0.7830790703680405,2684,,family_28cc6a5379f62efc,84
transformer_l_legacy,2,clean,control,1.265540579004468,3596,,family_cd85f816dfda97e0,601
transformer_l_legacy,2,clean,control,0.5644621718054512,23809,,family_6c5d60bd118ca08d,493
transformer_l_legacy,2,clean,control,0.8370369242703668,9452,,family_a6b3f3bba1c3ea38,611
transformer_l_legacy,2,clean,control,0.9795489076393933,995,,family_46ccb6e3625b0d26,559
transformer_l_legacy,2,clean,control,0.6682032573244516,13925,,family_b6c76ee6e1fbdad4,617
transformer_l_legacy,2,clean,control,1.0761030307650943,8836,,family_eb5f13fb7b1698a7,433
transformer_l_legacy,2,clean,control,0.7008468830328194,417,,family_0928b40aaefe1e43,616
transformer_l_legacy,2,clean,control,1.7174078226089478,51,,family_e8cb312f6947fae2,578
transformer_l_legacy,2,clean,control,1.0539447553666514,3890,,family_50833a4ebce7122c,103
transformer_l_legacy,2,clean,control,1.1968536376953125,216,,family_e52a55fe95cda992,463
transformer_l_legacy,2,clean,control,1.7266637968453706,17522,,family_65e575b20c174fd7,479
transformer_l_legacy,2,clean,control,0.8803853957229156,9258,,family_c4cc5f62a0ab31c3,276
transformer_l_legacy,2,clean,control,1.2591980852174984,6370,,family_a6fc375b5cc488f5,95
transformer_l_legacy,2,clean,control,0.11222857021136642,1157,,family_6d128cd3979417a4,423
transformer_l_legacy,2,clean,control,0.35385923516832585,4638,,family_01bdfbf40b1dfff5,139
transformer_l_legacy,2,clean,control,0.899633756693134,7458,,family_b55c602531d8b111,556
transformer_l_legacy,2,clean,control,0.7852474923386473,11061,,family_150827bde0e3f90f,689
transformer_l_legacy,2,clean,control,0.7886341549140903,10400,,family_41293800444fbe3e,108
transformer_l_legacy,2,clean,control,1.4647392532250816,14488,,family_0ffae0bc1065eadf,60
transformer_l_legacy,2,clean,control,0.45181797099174914,4656,,family_483585a89e5ae17f,34
transformer_l_legacy,2,clean,control,0.757571324834063,815,,family_0c5e308d08929fa4,247
transformer_l_legacy,2,clean,control,0.6045565009117126,391,,family_07575db7931c72ea,300
transformer_l_legacy,2,clean,control,0.8863002061843872,191,,family_efb0835b02015240,528
transformer_l_legacy,2,clean,control,1.0162538407293837,3258,,family_94692368e418ed72,173
transformer_l_legacy,2,clean,control,0.6194641363053095,252,,family_46e2de939a29fd34,429
transformer_l_legacy,2,clean,control,0.797213762918682,746,,family_39754d1db81a7bf4,127
transformer_l_legacy,2,clean,control,0.9114969250830737,3212,,family_b964a57ffbddf6a6,534
transformer_l_legacy,2,clean,control,1.535955961593969,17312,,family_71b144025f52e59c,140
transformer_l_legacy,2,clean,control,1.1882028231284105,1218,,family_4bf6d11e259630c1,532
transformer_l_legacy,2,clean,control,1.1506939285229871,2677,,family_a164057d15ea429a,698
transformer_l_legacy,2,clean,control,1.1396914038069503,2414,,family_24dfe3f15bbe835d,243
transformer_l_legacy,2,clean,control,0.785132885891564,588,,family_cb2cf90a481fb793,606
transformer_l_legacy,2,clean,control,0.6115968898010659,10358,,family_c874ed8859d535ca,362
transformer_l_legacy,2,clean,control,0.8310591933168011,810,,family_9d706bbe5906e6bc,93
transformer_l_legacy,2,clean,control,0.7862963852515317,13562,,family_bb5eaea47e3db521,158
transformer_l_legacy,2,clean,control,0.7978844060786884,10960,,family_2e23a957596c94a1,452
transformer_l_legacy,2,clean,control,1.126769471014758,1318,,family_190ff6b8b86c31bd,387
transformer_l_legacy,2,clean,control,0.8818759564868311,22265,,family_1dbac5e5dc15225e,284
transformer_l_legacy,2,clean,control,1.1680350831083066,10659,,family_d12ec1205e2b38f3,258
transformer_l_legacy,2,clean,control,1.086653215689654,939,,family_fe64b9392ac59945,54
transformer_l_legacy,2,clean,control,0.787109843192977,593,,family_cb8273cf04ee6422,58
transformer_l_legacy,2,clean,control,0.9026240159210056,10770,,family_52fcc2a430ac1dfe,46
transformer_l_legacy,2,clean,control,1.2129469971584343,48634,,family_d73cd491d1cc376e,313
transformer_l_legacy,2,clean,control,0.27916134893894196,402,,family_896e6058475d85c2,504
transformer_l_legacy,2,clean,control,0.8371546268463135,271,,family_dc605f4c0311b69b,77
transformer_l_legacy,2,clean,control,0.8362004160881042,418,,family_9d9014958e229b26,71
transformer_l_legacy,2,clean,control,0.6043758307471653,3410,,family_8cba6a895a1eda02,353
transformer_l_legacy,2,clean,control,0.7116833076214184,7782,,family_f139578e4dab698a,80
transformer_l_legacy,2,clean,control,0.5588665157922166,8966,,family_6d75ac5f58d11f18,217
transformer_l_legacy,2,clean,control,0.7530083115518662,6494,,family_5990a7393b1bfc0a,31
transformer_l_legacy,2,clean,control,1.0825248358704898,1854,,family_284fbbf34df3f7e8,100
transformer_l_legacy,2,clean,control,1.0137072698655456,857,,family_b49585225cf5c0d6,558
transformer_l_legacy,2,clean,control,0.676927789759043,6393,,family_f5c26ed350b4ab73,37
transformer_l_legacy,2,clean,control,1.148799651623432,8674,,family_bfddaa9b983612cd,667
transformer_l_legacy,2,clean,control,0.7747731136322021,2500,,family_d1efa3da7bf90eef,672
transformer_l_legacy,2,clean,control,0.985396774139974,3281,,family_e27845ea1d3c17f5,418
transformer_l_legacy,2,clean,control,0.8380162119865417,41,,family_b7f94b3542a0da7d,609
transformer_l_legacy,2,clean,control,0.7304608852251935,12830,,family_73ee2da564c3d39b,462
transformer_l_legacy,2,clean,control,0.8547807463318277,4101,,family_7b40d80764230547,533
transformer_l_legacy,2,clean,control,0.47336470781520196,9640,,family_d14815f8add032f5,508
transformer_l_legacy,2,clean,control,0.5360829030662676,9584,,family_998e2240a156ecdd,138
transformer_l_legacy,2,clean,control,1.0026737451553345,186,,family_38899c6e7a885c05,110
transformer_l_legacy,2,clean,control,0.8312940753150713,3903,,family_fcc0832c532eec68,188
transformer_l_legacy,2,clean,control,0.6439550996937053,1181,,family_a6a06fcf0eb60a8c,579
transformer_l_legacy,2,clean,control,1.3459704322099537,48390,,family_70cece08fb91854c,12
transformer_l_legacy,2,clean,control,1.0240576401145511,503,,family_4b94b213c3d4fa08,168
transformer_l_legacy,2,clean,control,1.1037345304322324,12892,,family_0a7cb9ca8662c54b,551
transformer_l_legacy,2,clean,control,0.5363929271697998,356,,family_f38ebbcef90914e9,8
transformer_l_legacy,2,clean,control,1.0111381713144794,2004,,family_fc2ade3f73bf052f,380
transformer_l_legacy,2,clean,control,0.9748986959457397,502,,family_2e9be0de8753a286,203
transformer_l_legacy,2,clean,control,0.7897736587785298,987,,family_b0b662377a329d27,581
transformer_l_legacy,2,clean,control,1.0069156885147095,356,,family_28e240b156c54585,629
transformer_l_legacy,2,clean,control,1.1481912132480798,12262,,family_b285992ddbc1ba24,81
transformer_l_legacy,2,clean,control,1.3060451374855002,29811,,family_941fe9b7f6e42836,62
transformer_l_legacy,2,clean,control,1.40417390389392,1702,,family_7e5d0f85c7938ae7,245
transformer_l_legacy,2,clean,control,1.188738979659714,2717,,family_ade1acf63d403dff,102
transformer_l_legacy,2,clean,control,0.8438246434449912,6022,,family_eb75a33dade5cdeb,678
transformer_l_legacy,2,clean,control,0.9517991137961375,1618,,family_236c05b0b6b045cb,143
transformer_l_legacy,2,clean,control,0.8525318746609538,669,,family_707a4103f358feb3,288
transformer_l_legacy,2,clean,control,0.17541901767253876,96,,family_21b728ec668b432d,631
transformer_l_legacy,2,clean,control,0.7292522270631734,849,,family_7df5e4cd2001efeb,612
transformer_l_legacy,2,clean,control,0.7580586845207293,8476,,family_5cdee57343206eb1,13
transformer_l_legacy,2,clean,control,1.0393928306250921,708,,family_fbb60f07539bf74a,283
transformer_l_legacy,2,clean,control,0.9392185126032148,945,,family_52d508d06e660fb2,122
transformer_l_legacy,2,clean,control,0.8298867724244934,10036,,family_24c49b2dbbea0ff6,322
transformer_l_legacy,2,clean,control,0.6735165128829641,4073,,family_a3988b9597f6817f,571
transformer_l_legacy,2,clean,control,1.2375039187042356,12548,,family_4a8fbe9c547e5ce4,98
transformer_l_legacy,2,clean,control,0.5961304903030396,216,,family_51048182ed7b4454,512
transformer_l_legacy,2,clean,control,0.5182183980941772,186,,family_7224c63d7d5f2b96,262
transformer_l_legacy,2,clean,control,0.6205348372459412,181,,family_643cfac776d5dea8,683
transformer_l_legacy,2,clean,control,0.3001864669689803,12040,,family_619fe82eb42ec462,209
transformer_l_legacy,2,clean,control,1.1122647855742887,4835,,family_9b1625bc030f3790,79
transformer_l_legacy,2,clean,control,0.7757193435014013,10375,,family_edc93bd478511702,202
transformer_l_legacy,2,clean,control,1.022936224937439,276,,family_7acbab6855200014,51
transformer_l_legacy,2,clean,control,0.742891954833811,660,,family_db6f9992bb16df2a,126
transformer_l_legacy,2,clean,control,0.8657489657232467,2812,,family_b2aa288c70165e5f,70
transformer_l_legacy,2,clean,control,0.7255424611307707,6995,,family_cc532019d574a61c,655
transformer_l_legacy,2,clean,control,0.9655859807070265,940,,family_b16072295921a493,357
transformer_l_legacy,2,clean,control,0.7340574542804781,966,,family_b4b1c2ecb31b907a,315
transformer_l_legacy,2,clean,control,0.978860652469842,15485,,family_0d4a945b85bbaaba,370
transformer_l_legacy,2,clean,control,0.8803707249192935,3868,,family_97b8d4d98ee960bf,557
transformer_l_legacy,2,clean,control,0.6751118722783477,3384,,family_f7a86802e4f557fd,235
transformer_l_legacy,2,clean,control,0.7807123927276527,3347,,family_e0c21fc7c10d2034,430
transformer_l_legacy,2,clean,control,0.6210006544463086,4396,,family_d5bc4e01b0b8bac6,111
transformer_l_legacy,2,clean,control,0.6910467059813449,1754,,family_57eac865a7f36b7c,323
transformer_l_legacy,2,clean,control,0.7674996744430185,1495,,family_96a402e381d595c2,42
transformer_l_legacy,2,clean,control,0.6631340257414094,910,,family_0753f5ee1792042c,330
transformer_l_legacy,2,clean,control,1.4017662743614958,5656,,family_f170aad69aff7478,364
transformer_l_legacy,2,clean,control,0.7116940142816566,4216,,family_731071db0d9fbdbe,386
transformer_l_legacy,2,clean,control,0.862705218320171,9071,,family_4582dbaeae746fdb,311
transformer_l_legacy,2,clean,control,0.8406954482177071,3601,,family_37f5f4cedb55aeea,383
transformer_l_legacy,2,clean,control,0.760672816224409,5862,,family_f5b2bdc32c7d9391,603
transformer_l_legacy,2,clean,control,0.8450617228695785,518,,family_5c7b977277b847b2,690
transformer_l_legacy,2,clean,control,0.859698657718881,3154,,family_c35a6abc1d407f4a,694
transformer_l_legacy,2,clean,control,1.140985198491862,3792,,family_e7af2e4cd0151c75,156
transformer_l_legacy,2,clean,control,1.2627411375899478,849,,family_16c1d42e507896a8,240
transformer_l_legacy,2,clean,control,0.5218721856699029,14431,,family_b387fed6ef4479f5,399
transformer_l_legacy,2,clean,control,0.5999755204507625,7073,,family_5d24c227f0462f74,439
transformer_l_legacy,2,clean,control,1.1891780095092905,3180,,family_37347c6729a17ba5,274
transformer_l_legacy,2,clean,control,0.6241983039293758,1201,,family_31b6d88b207ec253,27
transformer_l_legacy,2,clean,control,0.5418816457233357,7224,,family_4694d2838960b723,224
transformer_l_legacy,2,clean,control,1.1079391249597579,7552,,family_e0952099c8a720c3,570
transformer_l_legacy,2,clean,control,0.5544328689575195,256,,family_c59f3ed95a508878,595
transformer_l_legacy,2,clean,control,0.8422682813984054,4574,,family_4cb23b14e3d36b0d,57
transformer_l_legacy,2,clean,control,0.5044990489259362,544,,family_aebb5b803b4c0278,208
transformer_l_legacy,2,clean,control,0.7556477785110474,412,,family_71e38421debc9320,159
transformer_l_legacy,2,clean,control,0.8288443609183045,1257,,family_d4e91cd391597bfb,377
transformer_l_legacy,2,clean,control,0.6614323597987257,337,,family_a458e18ffb59cdc5,670
transformer_l_legacy,2,clean,control,1.1170877854576533,5519,,family_47ba9ddc476931a4,621
transformer_l_legacy,2,clean,control,0.7803045848515201,3121,,family_f95fe97783adac95,52
transformer_l_legacy,2,clean,control,1.1515773759659278,3488,,family_dc0b5179722e8fe5,61
transformer_l_legacy,2,clean,control,0.7983231852418956,1204,,family_e4b55ba694cc08da,597
transformer_l_legacy,2,clean,control,1.263275200203226,10856,,family_85905b5b7536d21a,124
transformer_l_legacy,2,clean,control,0.9499427415926271,2029,,family_19989c971f68ce4b,501
transformer_l_legacy,2,clean,control,1.083782726437539,739,,family_59bfc8c37fa36b20,599
transformer_l_legacy,2,clean,control,0.6906588403930003,7902,,family_f84e475cf4f80566,584
transformer_l_legacy,2,clean,control,0.6938440541560044,3715,,family_4dadeb8474fe8ff9,10
transformer_l_legacy,2,clean,control,0.782364075054354,7658,,family_907fa6edb24e0ed3,440
transformer_l_legacy,2,clean,control,0.4687334900457838,2631,,family_0d0b16856dabcffa,128
transformer_l_legacy,2,clean,control,0.9585986593042889,9510,,family_e5b3c0aff0dd05ec,187
transformer_l_legacy,2,clean,control,1.0735166886792662,8105,,family_eefe9fe6b23e51c4,88
transformer_l_legacy,2,clean,control,0.7788668963286094,6731,,family_b673e0fc724a479d,112
transformer_l_legacy,2,clean,control,0.7959893186277939,3392,,family_e07911eb7022fd85,193
transformer_l_legacy,2,clean,control,2.067562778543982,161,,family_b207295fbdf40272,684
transformer_l_legacy,2,clean,control,0.6902220938874006,11873,,family_de9c72ef62ac72df,74
transformer_l_legacy,2,clean,control,0.8683570506798465,3517,,family_aa86dc70aa03289b,35
transformer_l_legacy,2,clean,control,0.758495567453401,3793,,family_2f904d1499c3c221,412
transformer_l_legacy,2,clean,control,0.6137324722896694,1899,,family_7ea59bf5d40f5c4f,375
transformer_l_legacy,2,clean,control,0.6852183350759039,5771,,family_1ed29ad6679ffb57,553
transformer_l_legacy,2,clean,control,1.3639918922548915,20130,,family_cedb480383e32e92,645
transformer_l_legacy,2,clean,control,0.9271053222099993,5956,,family_c676713b17e94995,515
transformer_l_legacy,2,clean,control,0.648144870971743,4820,,family_ab81517fb265a914,236
transformer_l_legacy,2,clean,control,0.8985740612598433,2760,,family_a3a83feb27470fd8,536
transformer_l_legacy,2,clean,control,0.8418059294498884,2600,,family_8da1a87adf970316,341
transformer_l_legacy,2,clean,control,1.156438492386404,11084,,family_48362ee4e66fbdca,221
transformer_l_legacy,2,clean,control,0.7760214866735996,624,,family_16727aa87b392f1f,30
transformer_l_legacy,2,clean,control,0.6996984778849289,5746,,family_8b45b52019b254b0,197
transformer_l_legacy,2,clean,control,1.0177799393635545,8431,,family_ec04895340d4fdc3,350
transformer_l_legacy,2,clean,control,1.0685288178438397,865,,family_73822ea66fa7eeb0,448
transformer_l_legacy,2,clean,control,0.720712464233523,4626,,family_e8b54594efd4b9e6,107
transformer_l_legacy,2,clean,control,1.5960833542823387,4714,,family_7cc11ff05363ef06,335
transformer_l_legacy,2,clean,control,0.8897115329990207,2013,,family_ab3d2680525ee608,191
transformer_l_legacy,2,clean,control,1.5701864597318687,18363,,family_11328ccfc215dfa8,390
transformer_l_legacy,2,clean,control,1.3395350190929114,3418,,family_845d068ba0824cf7,443
transformer_l_legacy,2,clean,control,0.608141572091704,6120,,family_1e46a30df40c6200,692
transformer_l_legacy,2,clean,control,0.596598729527846,1221,,family_e3d7b72a268ee197,144
transformer_l_legacy,2,clean,control,0.5104251978865887,10890,,family_bc785f448eebf656,546
transformer_l_legacy,2,clean,control,1.1802226137844767,353,,family_acb335d44fa9df56,349
transformer_l_legacy,2,clean,control,1.2245221192356925,2544,,family_b9da95162a284b4f,298
transformer_l_legacy,2,clean,control,0.7974895238876343,226,,family_97ecb02c814c9745,63
transformer_l_legacy,2,clean,control,0.8631777774523974,1202,,family_2c0b8c4f2526d835,394
transformer_l_legacy,2,clean,control,0.7788292830470956,2555,,family_78bbff520ba07726,178
transformer_l_legacy,2,clean,control,0.7166585630939388,4833,,family_9c778dc897506350,685
transformer_l_legacy,2,clean,control,0.822701712499406,6356,,family_28fe60087b2cd721,332
transformer_l_legacy,2,clean,control,0.5817331979423821,12523,,family_0431bffd214ca7bc,257
transformer_l_legacy,2,clean,control,0.7308548065337365,5396,,family_c0f46844b9a3878a,542
transformer_l_legacy,2,clean,control,0.8128125898451674,759,,family_97885d2353dfa64d,441
transformer_l_legacy,2,clean,control,0.9737166166305542,267,,family_09c83fb2711d64d5,564
transformer_l_legacy,2,clean,control,0.9451034138722483,15333,,family_a48d659018922846,497
transformer_l_legacy,2,clean,control,1.2385173409729877,2798,,family_d52dd246b31007f3,548
transformer_l_legacy,2,clean,control,1.1218455908268405,9826,,family_2acca371576a6fd6,363
transformer_l_legacy,2,clean,control,1.11362018682834,16826,,family_08689d6c3fd6e06a,279
transformer_l_legacy,2,clean,control,1.0303052176531438,1211,,family_65831b5b1b3a29fa,582
transformer_l_legacy,2,clean,control,1.1252048181011043,872,,family_82bd7085a31a7554,147
transformer_l_legacy,2,clean,control,0.7781967520713806,327,,family_c88efe0ec26b43e3,372
transformer_l_legacy,2,clean,control,1.0145610955666946,2254,,family_f45bf2582f059a32,406
transformer_l_legacy,2,clean,control,0.8702375520609541,2556,,family_35f68b61619872a8,172
transformer_l_legacy,2,clean,control,1.5763137340545654,131,,family_840a6921e02d98c7,157
transformer_l_legacy,2,clean,control,0.7863268823896551,5574,,family_07b4a78bd4df5db4,657
transformer_l_legacy,2,clean,control,0.6527521311012204,11925,,family_b520ad73480ac213,541
transformer_l_legacy,2,clean,control,0.9083619849562184,1554,,family_06501bb82c35d53d,354
transformer_l_legacy,2,clean,control,0.7421791463108083,2852,,family_43b744922bc6a2b7,682
transformer_l_legacy,2,clean,control,0.44193874081067835,1296,,family_08cdd9141b42b8a6,225
transformer_l_legacy,2,clean,control,1.1698506475694912,3477,,family_8dd64a20ac498091,194
transformer_l_legacy,2,clean,control,1.0121042802610112,2796,,family_8a75620caa46a4bb,320
transformer_l_legacy,2,clean,control,0.5403730644671616,2834,,family_7133a47758bc1e83,588
transformer_l_legacy,2,clean,control,1.0769782066345215,388,,family_7674fcfd8eb0f8a6,365
transformer_l_legacy,2,clean,control,1.0023631321961612,734,,family_b16129a99034b8c9,498
transformer_l_legacy,2,clean,control,0.7996384533935849,3285,,family_9a211141e0be1d71,358
transformer_l_legacy,2,clean,control,0.8153085712535104,10652,,family_ad2b3cd2ed862d0c,389
transformer_l_legacy,2,clean,control,1.0046385478986186,1863,,family_705c36bdf218eff1,222
transformer_l_legacy,2,clean,clean_validation,0.9629646541814949,1121,,family_506bf4406cb0d194,321
transformer_l_legacy,2,clean,clean_validation,0.6511471843949839,1035,,family_8c2d85eda3c6c0af,565
transformer_l_legacy,2,clean,clean_validation,0.6245800471218776,7667,,family_53d69e3df7c4019e,382
transformer_l_legacy,2,clean,clean_validation,1.1548676150461643,1543,,family_0682993cd6dae2ed,549
transformer_l_legacy,2,clean,clean_validation,0.9583495874820678,367,,family_c2107d3bea36abf9,72
transformer_l_legacy,2,clean,clean_validation,1.2608115450609103,2106,,family_13ece3a8f78f89a2,625
transformer_l_legacy,2,clean,clean_validation,0.8166472315788269,301,,family_7535ae77a17dc02e,301
transformer_l_legacy,2,clean,clean_validation,0.7997580449631874,282,,family_fa76be46983f7f33,530
transformer_l_legacy,2,clean,clean_validation,0.9945653514648617,10835,,family_cb253f56c14aaef0,1
transformer_l_legacy,2,clean,clean_validation,1.060767131879789,2180,,family_3e4cb248c8f64e86,86
transformer_l_legacy,2,clean,clean_validation,0.7533382177352905,216,,family_8b8ebcd5a49b5c95,447
transformer_l_legacy,2,clean,clean_validation,0.7634587511260982,4678,,family_3cd795074901ac53,460
transformer_l_legacy,2,clean,clean_validation,1.4373030095945958,688,,family_94d17723c53c0857,457
transformer_l_legacy,2,clean,clean_validation,0.39508935605857437,1686,,family_b3d7700f2724b4da,151
transformer_l_legacy,2,clean,clean_validation,0.5491677698451181,4418,,family_200325224f3118ec,131
transformer_l_legacy,2,clean,clean_validation,0.8840542150580365,598,,family_a2007ec7c2f39458,409
transformer_l_legacy,2,clean,clean_validation,0.8509637248038302,2021,,family_0156d6f8bec156a8,264
transformer_l_legacy,2,clean,clean_validation,0.821294343425984,10470,,family_98e69521d6d5ed6a,653
transformer_l_legacy,2,clean,clean_validation,1.1160669467320223,1442,,family_d903612ae7a3b48e,633
transformer_l_legacy,2,clean,clean_validation,0.5657204949330178,8845,,family_1de7a628296b57e3,92
transformer_l_legacy,2,clean,clean_validation,0.7295421361923218,261,,family_9868fe525e6f6581,535
transformer_l_legacy,2,clean,clean_validation,0.6971082793006415,2133,,family_0f10a03796a0c09e,465
transformer_l_legacy,2,clean,clean_validation,1.0014394817364602,4649,,family_c6a487213dca86b0,540
transformer_l_legacy,2,clean,clean_validation,0.9056657286743179,5403,,family_4c360aa749c4a1ef,149
transformer_l_legacy,2,clean,clean_validation,0.8066437781475349,28440,,family_9cec718d857c608f,115
transformer_l_legacy,2,clean,clean_validation,0.2485971533294235,2912,,family_156ffd19a0eec30a,598
transformer_l_legacy,2,clean,clean_validation,0.5671553746138219,1477,,family_e4f029933a31381d,573
transformer_l_legacy,2,clean,clean_validation,1.3831977224947802,13719,,family_2aeac1591f6f74ea,307
transformer_l_legacy,2,clean,clean_validation,0.9781019482414213,697,,family_b476be0b49274370,260
transformer_l_legacy,2,clean,clean_validation,0.7200035421658578,6384,,family_9d6498c1a4edbe8c,199
transformer_l_legacy,2,clean,clean_validation,1.1920413310329685,8797,,family_177773ab1cfd2532,630
transformer_l_legacy,2,clean,clean_validation,0.8708758758657483,6151,,family_1ea2a219a2bdf844,53
transformer_l_legacy,2,clean,clean_validation,1.1962863566182185,1692,,family_3dd1e430f3ee7446,9
transformer_l_legacy,2,clean,clean_validation,0.9936634302139282,256,,family_44f2b0e77f4af418,650
transformer_l_legacy,2,clean,clean_validation,0.5737935608060318,2099,,family_620599f8e0ecd444,47
transformer_l_legacy,2,clean,clean_validation,0.7376542091369629,211,,family_1ddad3a2c05e2680,296
transformer_l_legacy,2,clean,clean_validation,1.0686110174180694,1179,,family_5174bcfb395c6c93,229
transformer_l_legacy,2,clean,clean_validation,0.6415148991062097,5284,,family_752e5140a83655db,560
transformer_l_legacy,2,clean,clean_validation,0.7335321952467957,4491,,family_ad503dfcc1e63e96,239
transformer_l_legacy,2,clean,clean_validation,1.0885066767351343,2725,,family_af0d017372cb2ffa,643
transformer_l_legacy,2,clean,clean_validation,0.8899333150368098,15417,,family_83ead3d96159a25d,395
transformer_l_legacy,2,clean,clean_validation,1.2032801496181282,20099,,family_03bc829a418eac27,459
transformer_l_legacy,2,clean,clean_validation,0.7763143593569424,2869,,family_312947f388fcd367,638
transformer_l_legacy,2,clean,clean_validation,0.8290116700447868,1378,,family_b0968c9d92a309da,302
transformer_l_legacy,2,clean,clean_validation,0.6692977033872277,3434,,family_044026fc250ea949,437
transformer_l_legacy,2,clean,clean_validation,0.9353389299497372,2460,,family_a77741e8f387ba1b,154
transformer_l_legacy,2,clean,clean_validation,1.0704971653267354,1076,,family_e994803a7b762aa2,410
transformer_l_legacy,2,clean,clean_validation,1.2538282952477342,7611,,family_6417dd72b6af3eda,404
transformer_l_legacy,2,clean,clean_validation,1.0535912829262422,14317,,family_0bab43cce14a333d,471
transformer_l_legacy,2,clean,clean_validation,0.24870859904190437,1303,,family_9cc0d2dc7c97039d,213
transformer_l_legacy,2,clean,clean_validation,0.5630946387182563,2182,,family_82a4b79ac7e84a17,200
transformer_l_legacy,2,clean,clean_validation,1.0525791669878108,13780,,family_f4cb6b9481320847,371
transformer_l_legacy,2,clean,clean_validation,0.7587061618301076,4024,,family_5bd01148f60d04e0,120
transformer_l_legacy,2,clean,clean_validation,0.4891820979342772,1806,,family_17daca9afdd839fe,568
transformer_l_legacy,2,clean,clean_validation,0.9036926254907062,538,,family_276804a34673f756,304
transformer_l_legacy,2,clean,clean_validation,1.086709075796481,5998,,family_92b0513dee6f07dd,25
transformer_l_legacy,2,clean,clean_validation,0.5689632254533279,1092,,family_9b1a4d796317c86e,613
transformer_l_legacy,2,clean,clean_validation,1.0945245249612532,2523,,family_7cf31d6371e489fd,48
transformer_l_legacy,2,clean,clean_validation,0.9834418778219519,2766,,family_705d9aa21ef59c14,339
transformer_l_legacy,2,clean,clean_validation,0.8526653401165719,8912,,family_e7a8a4c136ad4c88,334
transformer_l_legacy,2,clean,clean_validation,0.3064162074517037,654,,family_2cd67233ffc8de8d,587
transformer_l_legacy,2,clean,clean_validation,0.8310249023841021,4195,,family_61367478b0d50a39,360
transformer_l_legacy,2,clean,clean_validation,1.2762963672406322,5468,,family_6a5eb7c975a3a6a8,73
transformer_l_legacy,2,clean,clean_validation,0.7648002109943334,3567,,family_e9c05c6e37633fe0,500
transformer_l_legacy,2,clean,clean_validation,1.0849138173093853,8451,,family_8209ef2211a8fa80,662
transformer_l_legacy,2,clean,clean_validation,0.8881819440329328,1880,,family_534587ddf3c590a6,507
transformer_l_legacy,2,clean,clean_validation,0.6662444310611205,13034,,family_88000d4a34b43f6f,109
transformer_l_legacy,2,clean,clean_validation,0.7768979668617249,357,,family_09ba6788519a60f2,293
transformer_l_legacy,2,clean,clean_validation,0.822696355580134,3111,,family_3297a1612112b3a9,99
transformer_l_legacy,2,clean,clean_validation,0.7810877104259764,5018,,family_77156022943ef360,516
transformer_l_legacy,2,clean,clean_validation,0.5772018408703752,7328,,family_843eb0e7d3797357,673
transformer_l_legacy,2,clean,clean_validation,1.1455322565724007,3015,,family_e3e1e8490f43c6b7,67
transformer_l_legacy,2,clean,clean_validation,0.5166687149454392,1377,,family_33bc1bfb24a91122,238
transformer_l_legacy,2,clean,clean_validation,0.5687295794487,201,,family_cef9e09ff37dd808,56
transformer_l_legacy,2,clean,clean_validation,0.8546616683441509,5248,,family_85be83889927906f,367
transformer_l_legacy,2,clean,clean_validation,1.2135187087890105,1727,,family_933c96d2bfde210b,303
transformer_l_legacy,2,clean,clean_validation,1.184815113628461,10048,,family_113476d14044fff1,478
transformer_l_legacy,2,clean,clean_validation,1.0803408790834181,15822,,family_b2cc89a22bd3650f,259
transformer_l_legacy,2,clean,clean_validation,0.6653165772037996,14004,,family_009b778c57456b7a,244
transformer_l_legacy,2,clean,clean_validation,0.6508354949368287,1902,,family_38ceea7c76f255b3,343
transformer_l_legacy,2,clean,clean_validation,0.9217256307601929,442,,family_7a48a7509f2ed688,646
transformer_l_legacy,2,clean,clean_validation,1.29181328540047,11424,,family_a9e91a290c2b5c30,651
transformer_l_legacy,2,clean,clean_validation,0.6202452102240797,3612,,family_b22cb24378dd7aaa,550
transformer_l_legacy,2,clean,clean_validation,0.858318964539189,1179,,family_bdd6debf555477b4,78
transformer_l_legacy,2,clean,clean_validation,0.44000353587188484,2478,,family_d997865401469e31,454
transformer_l_legacy,2,clean,clean_validation,0.647514969579801,14923,,family_1a70716ad19cc9d6,328
transformer_l_legacy,2,clean,clean_validation,0.8356910830086449,7486,,family_cbf8d1e12b32df90,586
transformer_l_legacy,2,clean,clean_validation,1.683234691619873,102,,family_1423635df94c5343,577
transformer_l_legacy,2,clean,clean_validation,1.4154442884495868,6210,,family_5ec977e50f88a732,635
transformer_l_legacy,2,clean,clean_validation,1.43337082862854,46,,family_13449e7cf493b2f6,192
transformer_l_legacy,2,clean,clean_validation,1.1367764585617517,1619,,family_fb7471c20f2b4aed,218
transformer_l_legacy,2,clean,clean_validation,1.1603998397525987,1425,,family_502f200f3e0313b3,374
transformer_l_legacy,2,clean,clean_validation,1.0032785457722024,5579,,family_06f033ae1dede60a,166
transformer_l_legacy,2,clean,clean_validation,0.513826229811885,3871,,family_d5bc99ec8cbbe193,352
transformer_l_legacy,2,clean,clean_validation,0.9631882651016046,844,,family_a913d556915e01ff,319
transformer_l_legacy,2,clean,clean_validation,1.0320542454719543,462,,family_26d482864d00ab2a,453
transformer_l_legacy,2,clean,clean_validation,0.8911396663064297,593,,family_9e1b57363d3766ce,356
transformer_l_legacy,2,clean,clean_validation,1.092604244241083,20615,,family_b4dc091216fd58c5,32
transformer_l_legacy,2,clean,clean_validation,0.7516079586936123,839,,family_dd4daa9a12128180,256
transformer_l_legacy,2,clean,clean_validation,0.7692223761200322,12260,,family_6e4ca288c20596c8,249
transformer_l_legacy,2,clean,clean_validation,0.9078315925998198,7092,,family_eb607bef12aaa172,502
transformer_l_legacy,2,clean,clean_validation,1.0112432715404465,498,,family_04b84faa8791236a,487
transformer_l_legacy,2,clean,clean_validation,0.9704561683708084,2505,,family_d3c3ffd4bf041662,85
transformer_l_legacy,2,clean,clean_validation,1.2477236263146692,2643,,family_d204b7d342411c5e,677
transformer_l_legacy,2,clean,clean_validation,1.3067597405892344,49132,,family_82c86f72a6ba2d05,680
transformer_l_legacy,2,clean,clean_validation,1.5497929218782793,9141,,family_213ae165418380ad,206
transformer_l_legacy,2,clean,clean_validation,0.858656108379364,206,,family_b4ad6d59b30dc431,658
transformer_l_legacy,2,clean,clean_validation,0.9165803997065995,5751,,family_66bfed3171c47d48,308
transformer_l_legacy,2,clean,clean_validation,0.782492025372964,1191,,family_1042e6cfc0da940b,561
transformer_l_legacy,2,clean,clean_validation,0.6974275265164571,1825,,family_1b004e877fd9c150,444
transformer_l_legacy,2,clean,clean_validation,0.6432930581318168,3043,,family_cd0df1b5c356cfbf,40
transformer_l_legacy,2,clean,clean_validation,0.6628992880516422,6195,,family_87bb078a1609e1d4,594
transformer_l_legacy,2,clean,clean_validation,0.40871765960605555,5398,,family_365ed3f794ae6917,636
transformer_l_legacy,2,clean,clean_validation,0.7597070482921782,5270,,family_64aded009d0aa19d,252
transformer_l_legacy,2,clean,clean_validation,1.3838493824005127,126,,family_62119591a5d0e802,591
transformer_l_legacy,2,clean,clean_validation,1.006361783178229,1425,,family_2573c0454c4f3b47,170
transformer_l_legacy,2,clean,clean_validation,1.0088719999856823,3936,,family_784552c59e6cde90,116
transformer_l_legacy,2,clean,clean_validation,0.8403693113239313,8970,,family_a0873d1045e6de73,179
transformer_l_legacy,2,clean,clean_validation,0.8862718343734741,261,,family_d7f647fc704e4090,503
transformer_l_legacy,2,clean,clean_validation,0.9367114901542664,582,,family_de177b5bfd3b4ad4,36
transformer_l_legacy,2,clean,clean_validation,1.1386691331863403,271,,family_57d0908d211a3aeb,446
transformer_l_legacy,2,clean,clean_validation,0.5925816297531128,221,,family_5f8fbce42478804e,652
transformer_l_legacy,2,clean,clean_validation,1.2255113217670044,2286,,family_48d0cb7d67246d93,483
transformer_l_legacy,2,clean,clean_validation,0.7132536912941215,598,,family_9f0867df23aab646,64
transformer_l_legacy,2,clean,clean_validation,0.8024032436647722,1550,,family_60fbccdcfac8d45f,201
transformer_l_legacy,2,clean,clean_validation,0.6800118459814508,3993,,family_222129623ae1d868,331
transformer_l_legacy,2,clean,clean_validation,1.2846162091031599,3553,,family_d12ec4943d04fda6,381
transformer_l_legacy,2,clean,clean_validation,1.216563105583191,613,,family_ca5f7811310d4979,421
transformer_l_legacy,2,clean,clean_validation,0.9774675304557866,8917,,family_1a9b3b213cd3f0fe,289
transformer_l_legacy,2,clean,clean_validation,0.7413277910324656,6357,,family_8597a33e1a97ed61,234
transformer_l_legacy,2,clean,clean_validation,0.6872824430465698,331,,family_34fbf3c76cd35578,445
transformer_l_legacy,2,clean,clean_validation,1.2808463716506957,1525,,family_064fc18d23d7f6e0,171
transformer_l_legacy,2,clean,clean_validation,0.6071968169311053,13091,,family_1cb15a71042b13f5,469
transformer_l_legacy,2,clean,clean_validation,0.7335364248567414,412,,family_e6b4aacd5803536e,674
transformer_l_legacy,2,clean,clean_validation,0.8700124019091106,2764,,family_387cf57640b6d8de,4
transformer_l_legacy,2,clean,clean_validation,0.9221931902881226,15176,,family_2decb8320f2dfd02,113
transformer_l_legacy,2,clean,clean_validation,1.7655414694723874,15931,,family_ac0f9bcdce618038,518
transformer_l_legacy,2,clean,clean_validation,0.857190728187561,221,,family_59a690110c469b8f,282
transformer_l_legacy,2,clean,clean_validation,1.0037306547164917,177,,family_242be05bb379eeaa,486
transformer_l_legacy,2,clean,clean_validation,1.0003814697265625,291,,family_8adbaad5b4f10b73,250
transformer_l_legacy,2,clean,clean_validation,0.8748341145794638,5841,,family_e7650acc72c99e33,285
transformer_l_legacy,2,clean,clean_validation,1.3039667448556753,2629,,family_cc51c1d0bd72fc52,517
transformer_l_legacy,2,clean,clean_validation,0.6962947845458984,271,,family_1fc3e8d69842199a,346
transformer_l_legacy,2,clean,clean_validation,0.7462436057083714,6498,,family_44bf22828218a5dc,223
transformer_l_legacy,2,clean,clean_validation,1.5734153657438652,1045,,family_423514ea82205c90,118
transformer_l_legacy,2,clean,clean_validation,0.8515550412088013,11303,,family_d065b978d8d6363c,233
transformer_l_legacy,2,clean,clean_validation,0.6256393059787779,13543,,family_34c0276853df68f6,592
transformer_l_legacy,2,clean,clean_validation,0.6160830554508028,1260,,family_1086f01990d35911,161
transformer_l_legacy,2,clean,clean_validation,0.7344963337511171,6524,,family_272ea12129852d21,83
transformer_l_legacy,2,clean,clean_validation,0.5984513868931599,458,,family_ab58c5df98c64c96,242
transformer_l_legacy,2,clean,clean_validation,0.40462594006088254,6518,,family_05ac1b1c30b4cc2e,514
transformer_l_legacy,2,clean,clean_validation,1.3086734492568481,20441,,family_57e56909cbd77983,472
transformer_l_legacy,2,clean,clean_validation,0.42713043093681335,201,,family_5dd2a8be853b78e8,22
transformer_l_legacy,2,clean,clean_validation,1.0447278589909446,1856,,family_9830d264b28c22a3,68
transformer_l_legacy,2,clean,clean_validation,0.4792269468307495,196,,family_142c201c93af1056,55
transformer_l_legacy,2,clean,clean_validation,1.0441287188368986,859,,family_8dee2f974b6e774e,17
transformer_l_legacy,2,clean,clean_validation,0.7658824348048319,7603,,family_1714b2bcb66f3a32,411
transformer_l_legacy,2,clean,clean_validation,1.1706789390870844,4503,,family_0b7033c8335243d6,210
transformer_l_legacy,2,clean,clean_validation,1.3395080714563332,30865,,family_f7fc3a6587acd552,669
transformer_l_legacy,2,clean,clean_validation,0.6820167075158613,1318,,family_3073b2c859362b6b,537
transformer_l_legacy,2,clean,clean_validation,1.0492537021636963,682,,family_1022f1461ea02448,297
transformer_l_legacy,2,clean,clean_validation,0.8680405020713806,101,,family_ccc461da40d9ac0d,420
transformer_l_legacy,2,clean,clean_validation,1.1931292904043351,6806,,family_4c7eec40a9857f16,668
transformer_l_legacy,2,clean,clean_validation,0.44840126931025037,1856,,family_ea447f225e37bcff,496
transformer_l_legacy,2,clean,clean_validation,1.6536756894195577,7555,,family_3335e158c995dd8a,148
transformer_l_legacy,2,clean,clean_validation,1.0484414015306456,12481,,family_d521b23ed1f019c7,121
transformer_l_legacy,2,clean,clean_validation,1.0161272207554342,5235,,family_0134076cacfda355,392
transformer_l_legacy,2,clean,clean_validation,1.2111210425694783,738,,family_56b2cba7fc132ef1,574
transformer_l_legacy,2,clean,clean_validation,0.8782120016339707,1022,,family_442e47d64373ea42,214
transformer_l_legacy,2,clean,clean_validation,0.8106277376585613,2076,,family_81ddae8c86d6f244,388
transformer_l_legacy,2,clean,clean_validation,1.118190408954092,1191,,family_c182d668dd0813f1,368
transformer_l_legacy,2,clean,clean_validation,0.8955144980578746,824,,family_3619ff0a23b6cf76,583
transformer_l_legacy,2,clean,clean_validation,0.7771078899451898,2344,,family_8d7f055fadcc2466,554
transformer_l_legacy,2,clean,clean_validation,0.8486206076530076,9248,,family_47eed942bba714a7,119
transformer_l_legacy,2,clean,clean_validation,1.1063148975372314,331,,family_4ad0ed70281e61b7,697
transformer_l_legacy,2,clean,clean_validation,0.5380164899912869,1428,,family_2caaaadc23ec98ec,248
transformer_l_legacy,2,clean,clean_validation,0.513009014646843,945,,family_762c3082afd0d823,337
transformer_l_legacy,2,clean,clean_validation,1.007060025355297,5437,,family_fb27253a42766057,212
transformer_l_legacy,2,clean,clean_validation,1.164694164383517,2371,,family_892f6f575ad06fdb,351
transformer_l_legacy,2,clean,clean_validation,1.0949574597676595,1200,,family_8aa0ed5e323eeb0d,195
transformer_l_legacy,2,clean,clean_validation,1.048064610854239,18135,,family_7069de93803bf73e,510
transformer_l_legacy,2,clean,clean_validation,0.6468224439067098,4240,,family_d6ff844172b34405,280
transformer_l_legacy,2,clean,clean_validation,0.7102422475645247,3515,,family_01939a8c620ed9e1,610
transformer_l_legacy,2,clean,clean_validation,0.6711536884498368,5006,,family_94b530a2eeef7b05,675
transformer_l_legacy,2,clean,clean_validation,0.39921793335938316,523,,family_b298a2c79b9acf61,186
transformer_l_legacy,2,clean,clean_validation,0.9182274468489238,6660,,family_4a86fa42bce94e67,26
transformer_l_legacy,2,clean,clean_validation,0.7680296897888184,497,,family_7af8a28c6e85bc8b,141
transformer_l_legacy,2,clean,clean_validation,1.3146306276321411,11,,family_99483ac7e710751f,175
transformer_l_legacy,2,clean,clean_validation,0.7522620604481808,860,,family_644383b9a5c7153d,50
transformer_l_legacy,2,clean,clean_validation,0.9025427355986684,714,,family_e08ea0e927cfea58,369
transformer_l_legacy,2,clean,clean_validation,0.9189702865376838,5217,,family_44cee7ecbafdaa0c,628
transformer_l_legacy,2,clean,clean_validation,1.0249258156403096,2391,,family_46ee5adc2c70d33b,312
transformer_l_legacy,2,clean,clean_validation,0.6393124461174011,226,,family_363f18ff9cdd663b,101
transformer_l_legacy,2,clean,clean_validation,0.630708585444663,3794,,family_0f72232dcd828b96,526
transformer_l_legacy,2,clean,clean_validation,0.7441030661291805,2971,,family_97eeaf7b4a9c3731,434
transformer_l_legacy,2,clean,clean_validation,1.0278517247685799,7619,,family_09e1821e1435425f,490
transformer_l_legacy,2,clean,clean_validation,1.3099119663238525,301,,family_3e481fb1fbc87581,596
transformer_l_legacy,2,clean,clean_validation,0.38170232062908593,3261,,family_a43a516a7577f1ec,398
transformer_l_legacy,2,clean,clean_validation,0.4335441276595478,20304,,family_c70bbb1238ec368c,338
transformer_l_legacy,2,clean,clean_validation,1.4373329105719654,14843,,family_e7c9171f786b99da,183
transformer_l_legacy,2,clean,clean_validation,0.7798261046409607,583,,family_eac4733b2dae986d,69
transformer_l_legacy,2,clean,clean_validation,0.7427050720532967,10963,,family_dcee5dfcf9fc6031,489
transformer_l_legacy,2,clean,clean_validation,0.8988697218192436,1086,,family_ba88844813c478c8,488
transformer_l_legacy,2,clean,clean_validation,0.9458039659825115,3671,,family_e3b1d0c18a60396e,626
transformer_l_legacy,2,clean,clean_validation,1.0285650950898693,2870,,family_455ecec853565931,619
transformer_l_legacy,2,clean,clean_validation,1.053891897201538,291,,family_db0f95ba35a66044,329
transformer_l_legacy,2,clean,clean_validation,1.189571439050528,7391,,family_f4900aed0a1c77c5,268
transformer_l_legacy,2,clean,clean_validation,0.6788417282814622,3814,,family_641e72e8ff1c1166,146
transformer_l_legacy,2,clean,clean_validation,1.018391326079301,14163,,family_2312c27769277b81,470
transformer_l_legacy,2,clean,clean_validation,0.7425626215749773,3944,,family_1e6bf6c8d5b78e1a,640
transformer_l_legacy,2,clean,clean_validation,0.5331732793075571,7532,,family_502e6b70666e84f8,162
transformer_l_legacy,2,clean,clean_validation,0.9010456098493351,619,,family_a55f889fcbd8ead5,59
transformer_l_legacy,2,clean,clean_validation,0.7023138999938965,487,,family_d9ef2ad04ba5030a,94
transformer_l_legacy,2,clean,clean_validation,1.0719921966925023,3740,,family_6ecb17a2196b524b,216
transformer_l_legacy,2,clean,clean_validation,0.6218458250417164,21036,,family_6eb33acc697900b1,189
transformer_l_legacy,2,clean,clean_validation,0.764108975189606,15489,,family_71038ecc81cc310d,567
transformer_l_legacy,2,clean,clean_validation,0.9816951325418591,7528,,family_43d070bb1d4728eb,436
transformer_l_legacy,2,clean,clean_validation,0.8580959155281587,4143,,family_e943e5ae3161e964,215
transformer_l_legacy,2,clean,clean_validation,1.0749951851229758,1639,,family_977c404bc438de36,129
transformer_l_legacy,2,clean,clean_validation,0.9193387593727158,1654,,family_eb05ccf771a0f6fa,167
transformer_l_legacy,2,clean,clean_validation,0.7503021058702903,658,,family_f76575f43ce9f715,211
transformer_l_legacy,2,clean,clean_validation,1.0173113346099854,126,,family_c44c8014b64e9662,271
transformer_l_legacy,2,clean,clean_validation,1.110522055072312,1615,,family_db3db1576a406cc8,647
transformer_l_legacy,2,clean,clean_validation,0.917215636792639,3001,,family_74d6ca4f4b3ca714,198
transformer_l_legacy,2,clean,clean_validation,1.1559541890897784,13326,,family_e28197e9cf6fc68d,82
transformer_l_legacy,2,clean,clean_validation,1.19650456758929,5959,,family_1bbcc4218f93ca73,585
transformer_l_legacy,2,clean,clean_validation,0.4894604714706143,5926,,family_6efa1cacb9ad3d66,450
transformer_l_legacy,2,clean,clean_validation,0.9668212417244348,1483,,family_293d3c58434ea432,424
transformer_l_legacy,2,clean,clean_validation,1.1913496275289828,307,,family_bb7a3764a0cb51ef,185
transformer_l_legacy,2,clean,clean_validation,0.3466723124926164,3853,,family_ce939a871f73797e,654
transformer_l_legacy,2,clean,clean_validation,0.6292022930354789,11511,,family_bf58440f90351608,656
transformer_l_legacy,2,clean,clean_validation,1.2153633364449032,47814,,family_b13e3197621b6a67,665
transformer_l_legacy,2,clean,clean_validation,1.0535949166716012,5155,,family_e5b4b48758cc10cf,0
transformer_l_legacy,2,clean,clean_validation,0.5704873912334442,10750,,family_873455800f3af360,90
transformer_l_legacy,2,clean,clean_validation,0.18664112540178943,1648,,family_5b4f410a68b26980,294
transformer_l_legacy,2,clean,clean_validation,0.8252104614399745,6820,,family_6555b7af6b1e876d,333
transformer_l_legacy,2,clean,clean_validation,0.3306888031002724,9581,,family_c8ed53e602d47d77,373
transformer_l_legacy,2,clean,clean_validation,0.5902512533324106,910,,family_b7724334fda37767,2
transformer_l_legacy,2,clean,clean_validation,0.6018445213996018,6232,,family_e1e6b4777ab2f0d3,525
transformer_l_legacy,2,clean,clean_validation,0.6782268486014412,10054,,family_68b8fd69ce397884,205
transformer_l_legacy,2,clean,clean_validation,0.6811147332191467,261,,family_4484ffde0b8eeb1e,468
transformer_l_legacy,2,clean,clean_validation,1.193000726727091,5772,,family_f6c8d7d7ccb2fb7c,659
transformer_l_legacy,2,clean,clean_validation,0.8705609090710397,8322,,family_bf5e46a018cc309f,91
transformer_l_legacy,2,clean,clean_validation,1.238947881723788,3333,,family_74d92a6b925fff2b,361
transformer_l_legacy,2,clean,clean_validation,1.3551065100739335,755,,family_fecd8209b4231ff0,562
transformer_l_legacy,2,clean,clean_validation,0.8814133265640127,1047,,family_a5b4b56c411c3e3e,19
transformer_l_legacy,2,clean,clean_validation,0.7470993874612962,3038,,family_125b174edd279860,622
transformer_l_legacy,2,clean,clean_validation,1.006413742014277,12165,,family_4fd03386572a5e7d,49
transformer_l_legacy,2,clean,clean_validation,0.8841412836799816,784,,family_b683e3dda3d53d7d,499
transformer_l_legacy,2,clean,clean_validation,0.8876019135682426,5434,,family_7cc38e130f767be2,152
transformer_l_legacy,2,clean,clean_validation,0.9142640001938015,2004,,family_c1cf47c50b324615,620
transformer_l_legacy,2,clean,clean_validation,0.6510573625564575,277,,family_e6f89a8fd4c28042,671
transformer_l_legacy,2,clean,clean_validation,1.1518501905591458,5436,,family_f32207a4bd1be5f3,641
transformer_l_legacy,2,clean,clean_validation,0.9182936554085719,730,,family_750c1b7c9293fca0,555
transformer_l_legacy,2,clean,clean_validation,0.4364167187567075,2518,,family_dff095b3f9ea4486,228
transformer_l_legacy,2,clean,clean_validation,0.896563318121459,1393,,family_03f94974e43a6f72,219
transformer_l_legacy,2,clean,clean_validation,0.7261927621564142,11470,,family_20755f596dac4ad8,538
transformer_l_legacy,2,clean,clean_validation,0.30395673438357945,11134,,family_a5fb3561532a1515,251
transformer_l_legacy,2,clean,clean_validation,0.8144968701225259,10047,,family_09f185032eec1684,15
transformer_l_legacy,2,clean,clean_validation,0.8460735529378424,2108,,family_449b876c5d7555de,648
transformer_l_legacy,2,clean,clean_validation,1.183761946695853,9757,,family_17c63d0cae51b4f0,552
transformer_l_legacy,2,clean,clean_validation,0.969136838346077,1901,,family_a7e7611a4fb45bb8,181
transformer_l_legacy,2,clean,clean_validation,0.7052269621017385,21536,,family_a0087912e552c325,160
transformer_l_legacy,2,clean,clean_validation,1.3662042782474062,13175,,family_26c7d9fe4637a87f,639
transformer_l_legacy,2,clean,clean_validation,1.357798845502555,11417,,family_7c0ce9b52a4fb354,384
transformer_l_legacy,2,clean,clean_validation,0.9096833853871263,12236,,family_ce42ac82cf5b7aa5,491
transformer_l_legacy,2,clean,clean_validation,1.16442780927242,926,,family_d1384d3d5b8f3e4a,325
transformer_l_legacy,2,clean,clean_validation,0.4951531392042384,8976,,family_a4ec6bc987630263,480
transformer_l_legacy,2,clean,clean_validation,0.6363309931629252,2274,,family_d7fd034f32743816,614
transformer_l_legacy,2,clean,clean_validation,0.5721835690020931,4080,,family_9ee07f048eddd3ef,605
transformer_l_legacy,2,clean,clean_validation,1.3477325521308399,9874,,family_d5db7a666d5cdce4,432
transformer_l_legacy,2,clean,clean_validation,0.5749075412750244,693,,family_e3990e8f3e5a019e,29
transformer_l_legacy,2,clean,clean_validation,0.6674534678459167,402,,family_424ba6cfeb2d4b06,347
transformer_l_legacy,2,clean,clean_validation,0.9755015678168899,2758,,family_1584dac71c5d3b21,417
transformer_l_legacy,2,clean,clean_validation,0.6063840338402333,1559,,family_71b49a81405adf23,28
transformer_l_legacy,2,clean,clean_validation,0.4744613096754116,3865,,family_02cd0d0062e7f2f0,136
transformer_l_legacy,2,clean,clean_validation,0.9069839623328143,6113,,family_f6a9ab27f75aaa2c,237
transformer_l_legacy,2,clean,clean_validation,2.5931265354156494,56,,family_fa6d03faa672f307,607
transformer_l_legacy,2,clean,clean_validation,0.9517271455416897,1601,,family_32ee5e4e0bf64290,575
transformer_l_legacy,2,clean,clean_validation,0.8483087525086427,1373,,family_4b03c0c9196cb057,642
transformer_l_legacy,2,clean,clean_validation,0.9073208230609341,33265,,family_084d50552be46593,431
transformer_l_legacy,2,clean,clean_validation,0.8708528876304626,216,,family_f9eef55626121ccd,456
transformer_l_legacy,2,clean,clean_validation,1.4114299620154662,2579,,family_f3c41c0d722fe806,299
transformer_l_legacy,2,clean,clean_validation,1.055445030992327,8074,,family_830520441d24c99b,281
transformer_l_legacy,2,clean,clean_validation,0.8662967658785126,1574,,family_0bcfa76d0d0ba6c7,204
transformer_l_legacy,2,clean,clean_validation,0.6547575591225199,4379,,family_49c1e82f118ffcdb,155
transformer_l_legacy,2,clean,clean_validation,1.4192157983779907,37,,family_60813f1989c300e9,547
transformer_l_legacy,2,clean,clean_validation,0.7203755946698103,4098,,family_b9e55910bfee8055,104
transformer_l_legacy,2,clean,clean_validation,0.6695467413431729,683,,family_b5e8954b16e48222,6
transformer_l_legacy,2,clean,clean_validation,0.48822420835494995,181,,family_a8682c6d911fc3b8,566
transformer_l_legacy,2,clean,clean_validation,0.9085297044776052,12601,,family_f8ba51ce9495f2bd,416
transformer_l_legacy,2,clean,clean_validation,0.8322882239582666,4366,,family_71a60fbe7040f158,38
transformer_l_legacy,2,clean,clean_validation,1.0224286317825317,437,,family_336e1c704addf9f3,393
transformer_l_legacy,2,clean,clean_validation,0.39768503815674583,1452,,family_ce5ee93c94f8cb47,427
transformer_l_legacy,2,clean,clean_validation,1.2032021229898966,11788,,family_ba5a886f795d4f27,345
transformer_l_legacy,2,clean,clean_validation,0.7281143082085476,372,,family_3812a654a3d8068e,314
transformer_l_legacy,2,clean,clean_validation,0.4293967965872121,3751,,family_043b81d25e57bda6,14
transformer_l_legacy,2,clean,clean_validation,1.1217698992716059,1598,,family_60dc4c06abba1219,316
transformer_l_legacy,2,clean,clean_validation,0.47065525956145704,365,,family_0967320075dd090a,544
transformer_l_legacy,2,clean,clean_validation,0.9453010681828071,573,,family_4cbe424968d7c5e7,277
transformer_l_legacy,2,family_leak,treated,0.6067098416135105,3093,structurally_nonexact,family_d1a92696717aa9c2,176
transformer_l_legacy,2,family_leak,treated,0.9899759096534628,1216,structurally_nonexact,family_3835425eafb00035,524
transformer_l_legacy,2,family_leak,treated,0.6889033272717763,412,structurally_nonexact,family_a534382ff42b71fb,634
transformer_l_legacy,2,family_leak,treated,0.5069630703231338,4197,structurally_nonexact,family_6d17de7e325f25f8,467
transformer_l_legacy,2,family_leak,treated,0.5319887460884907,779,structurally_nonexact,family_56b1bf9100abf79a,254
transformer_l_legacy,2,family_leak,treated,1.286386072095657,15674,structurally_nonexact,family_9edbfcdbf27d8472,87
transformer_l_legacy,2,family_leak,treated,0.32172006159274114,3153,structurally_nonexact,family_db6398f302f77cb4,563
transformer_l_legacy,2,family_leak,treated,0.37973593724839516,10203,canonical_event_exact,family_776fb0c74fb6af96,253
transformer_l_legacy,2,family_leak,treated,0.820228278261846,1748,structurally_nonexact,family_be459453ebdfa1da,627
transformer_l_legacy,2,family_leak,treated,0.671942614374146,3230,structurally_nonexact,family_439fc19617b55d44,309
transformer_l_legacy,2,family_leak,treated,0.5839982152800076,2560,structurally_nonexact,family_328dc279bafe7f69,265
transformer_l_legacy,2,family_leak,treated,0.8776015322709315,3803,structurally_nonexact,family_ac0566dd944bc201,327
transformer_l_legacy,2,family_leak,treated,0.8380788564682007,477,canonical_event_exact,family_3fbe0e330aecdc00,482
transformer_l_legacy,2,family_leak,treated,0.7743054557253014,704,structurally_nonexact,family_04795413b15e0b98,576
transformer_l_legacy,2,family_leak,treated,1.096897183611505,1108,structurally_nonexact,family_348b29b5f47eda18,220
transformer_l_legacy,2,family_leak,treated,1.0428889061000772,8731,structurally_nonexact,family_f77d449f1658a159,292
transformer_l_legacy,2,family_leak,treated,1.1827819347381592,242,structurally_nonexact,family_39849966d6043c11,378
transformer_l_legacy,2,family_leak,treated,0.980375023868491,3169,structurally_nonexact,family_af212e596b07120e,405
transformer_l_legacy,2,family_leak,treated,0.413467951351443,9069,structurally_nonexact,family_2d3e3d92f30c4369,600
transformer_l_legacy,2,family_leak,treated,0.5934719001093218,1674,structurally_nonexact,family_f0c0dd7c2f3b6a3f,661
transformer_l_legacy,2,family_leak,treated,0.8720919474426976,2491,structurally_nonexact,family_5aaa5f6f546aa704,105
transformer_l_legacy,2,family_leak,treated,0.8012295541177091,5759,structurally_nonexact,family_78031f033e192cce,11
transformer_l_legacy,2,family_leak,treated,0.6941980123519897,467,structurally_nonexact,family_961cefc620e3d5ab,408
transformer_l_legacy,2,family_leak,treated,0.774505180605895,3303,canonical_event_exact,family_fe2836cc1cef695c,336
transformer_l_legacy,2,family_leak,treated,0.8823142601164847,9124,structurally_nonexact,family_0f71c7e0830e1d85,624
transformer_l_legacy,2,family_leak,treated,0.3207435424632511,6286,structurally_nonexact,family_2dbafe5054d4bee7,414
transformer_l_legacy,2,family_leak,treated,0.3602269765439771,14987,structurally_nonexact,family_52885ec61f0240b9,687
transformer_l_legacy,2,family_leak,treated,0.7450796281952998,5460,structurally_nonexact,family_b88eee6ecd7ef6bc,366
transformer_l_legacy,2,family_leak,treated,0.9546895381544565,20432,structurally_nonexact,family_de67cf52f9a2ce89,267
transformer_l_legacy,2,family_leak,treated,1.0882097301215143,854,structurally_nonexact,family_7b8c8789f38183da,317
transformer_l_legacy,2,family_leak,treated,0.6842974667978354,10665,structurally_nonexact,family_774f10d6c3d75980,145
transformer_l_legacy,2,family_leak,treated,0.48179177615645624,29458,structurally_nonexact,family_6fbe37a0a6611f64,520
transformer_l_legacy,2,family_leak,treated,0.41483716779819024,12501,structurally_nonexact,family_c64269798048b60f,666
transformer_l_legacy,2,family_leak,treated,0.5416869055127173,8558,structurally_nonexact,family_f60bd4cc83d02add,618
transformer_l_legacy,2,family_leak,treated,1.2948079109191895,61,structurally_nonexact,family_39f58e2fd604c61e,402
transformer_l_legacy,2,family_leak,treated,0.5355980163041941,1918,structurally_nonexact,family_101bf32d18499c7d,686
transformer_l_legacy,2,family_leak,treated,1.163241982460022,156,structurally_nonexact,family_e97b637c75aac2b5,637
transformer_l_legacy,2,family_leak,treated,1.1505675807325781,12995,structurally_nonexact,family_e2c30beb0d4abeae,477
transformer_l_legacy,2,family_leak,treated,0.9328301740881632,3028,structurally_nonexact,family_581cf690b70ed77f,269
transformer_l_legacy,2,family_leak,treated,1.0841596653302865,1789,structurally_nonexact,family_9ccd2f467361ebab,348
transformer_l_legacy,2,family_leak,treated,0.36796878247572357,8256,structurally_nonexact,family_6342008bae187399,615
transformer_l_legacy,2,family_leak,treated,1.0065293312072754,266,structurally_nonexact,family_8661140073b6a2ab,691
transformer_l_legacy,2,family_leak,treated,0.6591095976413243,1890,structurally_nonexact,family_1a8ff9e18d3eabea,137
transformer_l_legacy,2,family_leak,treated,0.6127966274657274,8479,structurally_nonexact,family_b324bd83d2be3825,438
transformer_l_legacy,2,family_leak,treated,0.6318885478480109,725,structurally_nonexact,family_23e85181dd747797,695
transformer_l_legacy,2,family_leak,treated,1.2943039690029645,9580,structurally_nonexact,family_b3ba3218de08f591,66
transformer_l_legacy,2,family_leak,treated,0.46207747280443295,6949,structurally_nonexact,family_38ddaabf01adae92,106
transformer_l_legacy,2,family_leak,treated,0.6984405632372256,945,structurally_nonexact,family_5405158fe7a3977d,511
transformer_l_legacy,2,family_leak,treated,0.6775821447372437,336,structurally_nonexact,family_e4e4467ef74cc720,428
transformer_l_legacy,2,family_leak,treated,1.0534307825645808,1037,structurally_nonexact,family_4f1b63b3eef9f7d0,531
transformer_l_legacy,2,family_leak,treated,0.9667364396583075,522,structurally_nonexact,family_7a300c986fbfa9f2,165
transformer_l_legacy,2,family_leak,treated,1.0573231983390792,463,structurally_nonexact,family_6f0024d47bda9a44,359
transformer_l_legacy,2,family_leak,treated,0.46549318451825356,1191,structurally_nonexact,family_746d1e0c3274827f,466
transformer_l_legacy,2,family_leak,treated,0.9378738293348643,1084,structurally_nonexact,family_6a42731481dda124,419
transformer_l_legacy,2,family_leak,treated,1.395415441226054,15697,structurally_nonexact,family_0ecded087f80d73b,461
transformer_l_legacy,2,family_leak,treated,0.749065065931928,5721,structurally_nonexact,family_5facacfb4d33d062,5
transformer_l_legacy,2,family_leak,treated,0.6716539263725281,251,structurally_nonexact,family_5cc4efa05e4dc250,114
transformer_l_legacy,2,family_leak,treated,0.9556146731957162,17077,structurally_nonexact,family_4731a6d05dff34ce,132
transformer_l_legacy,2,family_leak,treated,0.9112564377924975,5610,structurally_nonexact,family_c3ae851031cec2bb,663
transformer_l_legacy,2,family_leak,treated,0.6215900617807046,48674,structurally_nonexact,family_30fbd9977a220042,589
transformer_l_legacy,2,family_leak,treated,0.7859481488625835,508,structurally_nonexact,family_e3c89d0945320ec5,3
transformer_l_legacy,2,family_leak,treated,1.1464799775017633,639,structurally_nonexact,family_f99e7467cfd91d72,230
transformer_l_legacy,2,family_leak,treated,0.8967862132106612,3294,structurally_nonexact,family_0a0ff01b239a934a,415
transformer_l_legacy,2,family_leak,treated,0.5582810640335083,166,structurally_nonexact,family_5ebcadebe538bd59,272
transformer_l_legacy,2,family_leak,treated,0.5903868524263322,533,structurally_nonexact,family_2fe71bb032cb85fe,184
transformer_l_legacy,2,family_leak,treated,0.801525875984489,6626,structurally_nonexact,family_e0f7e5849dbe9388,513
transformer_l_legacy,2,family_leak,treated,0.8625758395321044,3859,structurally_nonexact,family_c3abd4306e03adf2,290
transformer_l_legacy,2,family_leak,treated,0.43014889357180225,1559,structurally_nonexact,family_83b27a32aa56f9dc,485
transformer_l_legacy,2,family_leak,treated,0.9145581860984335,2535,structurally_nonexact,family_fa3341292470541d,226
transformer_l_legacy,2,family_leak,treated,0.5521204447659263,548,canonical_event_exact,family_15b8f6d235825863,7
transformer_l_legacy,2,family_leak,treated,0.6408237952385251,10236,structurally_nonexact,family_a95aeca85317a04d,401
transformer_l_legacy,2,family_leak,treated,0.34417799879912886,7309,structurally_nonexact,family_3dffb074803c8f80,376
transformer_l_legacy,2,family_leak,treated,0.8073302040323179,1026,structurally_nonexact,family_1cfa4116628ae42e,681
transformer_l_legacy,2,family_leak,treated,0.9011970690552368,1238,structurally_nonexact,family_f53ae103dc0def58,261
transformer_l_legacy,2,family_leak,treated,0.44329426093164487,1287,structurally_nonexact,family_3db848c291e71542,123
transformer_l_legacy,2,family_leak,treated,0.7248488678600813,3583,structurally_nonexact,family_76f3986b08ecfc19,97
transformer_l_legacy,2,family_leak,treated,0.7263897339343591,13214,structurally_nonexact,family_121eefce620403f7,295
transformer_l_legacy,2,family_leak,treated,0.8156221878280254,20977,structurally_nonexact,family_8aff46e64d1c8360,286
transformer_l_legacy,2,family_leak,treated,0.7177461468899,4952,structurally_nonexact,family_debbecc1e7f77f3e,20
transformer_l_legacy,2,family_leak,treated,0.32432150147214506,1779,structurally_nonexact,family_f19aa9a5e722eb61,379
transformer_l_legacy,2,family_leak,treated,0.8633474463273672,1815,structurally_nonexact,family_d0b38ee50d018148,664
transformer_l_legacy,2,family_leak,treated,0.5786939836376882,1036,structurally_nonexact,family_aad2d66dec95dc7a,569
transformer_l_legacy,2,family_leak,treated,0.6878195450390656,985,structurally_nonexact,family_59add5a121b9a616,451
transformer_l_legacy,2,family_leak,treated,0.7778412552598037,12091,structurally_nonexact,family_c2d4ffa1539bdafe,263
transformer_l_legacy,2,family_leak,treated,0.6271724858053203,1157,structurally_nonexact,family_58a5b18cf3751bf1,41
transformer_l_legacy,2,family_leak,treated,0.61079556656108,638,structurally_nonexact,family_8f08581ca21b6c6f,539
transformer_l_legacy,2,family_leak,treated,0.4984310978814865,5203,structurally_nonexact,family_5d6a15b20dff7233,33
transformer_l_legacy,2,family_leak,treated,0.4924308525216652,1312,structurally_nonexact,family_eacebc389812585f,693
transformer_l_legacy,2,family_leak,treated,0.4048723890397788,578,structurally_nonexact,family_3bd7e5ca43f02666,476
transformer_l_legacy,2,family_leak,treated,0.5425611261663765,377,structurally_nonexact,family_da2cbb03fa208ffc,65
transformer_l_legacy,2,family_leak,treated,0.4781933560822149,15281,structurally_nonexact,family_5fe0b889b5279fed,275
transformer_l_legacy,2,family_leak,treated,0.5344182190909663,654,structurally_nonexact,family_58c32a6b58cc329f,505
transformer_l_legacy,2,family_leak,treated,1.0149507158862918,4931,structurally_nonexact,family_d4c8efafc098f593,580
transformer_l_legacy,2,family_leak,treated,0.5468749496898518,6166,structurally_nonexact,family_853b6705e7d7e7a9,509
transformer_l_legacy,2,family_leak,treated,0.8012466917295052,1558,canonical_event_exact,family_7c104874587dddcc,324
transformer_l_legacy,2,family_leak,treated,1.1099993016522003,3893,structurally_nonexact,family_2eec85a0fe915e64,326
transformer_l_legacy,2,family_leak,treated,0.7270546819704535,1189,structurally_nonexact,family_08157e0ead630e5c,623
transformer_l_legacy,2,family_leak,treated,1.2493919648609433,12275,structurally_nonexact,family_67cf34a836b9cd6c,473
transformer_l_legacy,2,family_leak,treated,0.8845136998924736,3188,structurally_nonexact,family_a03ac5414952d229,344
transformer_l_legacy,2,family_leak,treated,1.1997250583358976,5109,structurally_nonexact,family_4da27be0a15493fc,455
transformer_l_legacy,2,family_leak,control,1.504511833190918,86,,family_8353c8bc6b1abe91,231
transformer_l_legacy,2,family_leak,control,0.7829698920249939,281,,family_a21b0655ee8718e3,44
transformer_l_legacy,2,family_leak,control,0.9959841943458322,1492,,family_828011733ff46fcc,135
transformer_l_legacy,2,family_leak,control,1.0331617995448734,92,,family_c352cf53fe360f50,89
transformer_l_legacy,2,family_leak,control,0.941987673441569,543,,family_581b417d448220ce,278
transformer_l_legacy,2,family_leak,control,0.7574812856129892,4997,,family_c5e7a2f4ebdc9ce7,523
transformer_l_legacy,2,family_leak,control,1.2562407484440492,23970,,family_942d0bbb1f3057b7,117
transformer_l_legacy,2,family_leak,control,1.310689269613111,1957,,family_e8f2414f825f028e,21
transformer_l_legacy,2,family_leak,control,1.298254287451391,24928,,family_d9eece89cdccb42e,318
transformer_l_legacy,2,family_leak,control,1.138168612767851,2226,,family_159334980be342ce,590
transformer_l_legacy,2,family_leak,control,0.6839724845329118,9706,,family_5cc3056db91c371f,475
transformer_l_legacy,2,family_leak,control,1.0934552402525317,14644,,family_cac05bc962cb19ae,529
transformer_l_legacy,2,family_leak,control,1.1195286104000486,794,,family_91b28d898f74de65,458
transformer_l_legacy,2,family_leak,control,0.7590745676883648,2249,,family_0ed7b687c2bbe731,679
transformer_l_legacy,2,family_leak,control,0.6811663314901105,2076,,family_c09c42656e829799,75
transformer_l_legacy,2,family_leak,control,0.7376372413692021,8400,,family_5029829bbea32071,45
transformer_l_legacy,2,family_leak,control,0.7544206048360774,2361,,family_b524f58169d7a062,422
transformer_l_legacy,2,family_leak,control,0.7656651724780692,20104,,family_e449d968e1ca6e62,481
transformer_l_legacy,2,family_leak,control,1.0618413751970954,3217,,family_f176b8796acaf1a3,449
transformer_l_legacy,2,family_leak,control,1.599556093927198,13053,,family_2aacce96c1e48e02,43
transformer_l_legacy,2,family_leak,control,0.5792360846423907,22913,,family_95e00157e6b24668,246
transformer_l_legacy,2,family_leak,control,1.2520460699836835,11280,,family_c83ce9a767947dac,169
transformer_l_legacy,2,family_leak,control,1.4063241890817724,18996,,family_c00a93f90020b6fe,255
transformer_l_legacy,2,family_leak,control,0.9641033411026001,226,,family_4388b443af85145b,182
transformer_l_legacy,2,family_leak,control,0.5912047181350023,5102,,family_090556d6964926b6,696
transformer_l_legacy,2,family_leak,control,0.767740656583455,997,,family_517a76fa41613984,435
transformer_l_legacy,2,family_leak,control,1.0313080549240112,331,,family_d5117873cfa5f4e7,403
transformer_l_legacy,2,family_leak,control,0.77678392292489,5289,,family_5c4b107ad8b67511,39
transformer_l_legacy,2,family_leak,control,0.619949586658385,2157,,family_6b39589c59910bc9,527
transformer_l_legacy,2,family_leak,control,1.089572787284851,557,,family_09e71dae304bced8,407
transformer_l_legacy,2,family_leak,control,0.7386514341975858,7005,,family_7ab40688290292cb,699
transformer_l_legacy,2,family_leak,control,0.818011272893407,3615,,family_c9287c1de390bb4b,287
transformer_l_legacy,2,family_leak,control,0.5779698052966065,3531,,family_b82550e1d139176a,133
transformer_l_legacy,2,family_leak,control,1.1378734801860697,4469,,family_5ead6639536180b8,16
transformer_l_legacy,2,family_leak,control,0.38670977651883565,3148,,family_c200a4f65bbc5209,270
transformer_l_legacy,2,family_leak,control,0.8399750459673382,6866,,family_104496edebed4f61,385
transformer_l_legacy,2,family_leak,control,1.1226576228434615,4592,,family_843833735eeb7063,519
transformer_l_legacy,2,family_leak,control,0.7157591296637312,940,,family_9c25f8a3328ce8da,494
transformer_l_legacy,2,family_leak,control,0.9314270195788322,11819,,family_8adb1a64e2eed3ab,400
transformer_l_legacy,2,family_leak,control,1.0022405906343907,638,,family_1f464d80218f494a,150
transformer_l_legacy,2,family_leak,control,0.8239135796235134,1566,,family_cb2f86c88344d124,572
transformer_l_legacy,2,family_leak,control,1.2238659776006702,2465,,family_7d2361899b55eee8,522
transformer_l_legacy,2,family_leak,control,0.8600192683195786,2886,,family_056399865754201e,177
transformer_l_legacy,2,family_leak,control,1.2086704802383428,7537,,family_048732487ed12eba,266
transformer_l_legacy,2,family_leak,control,0.6691173911094666,266,,family_1d8665cf98427374,632
transformer_l_legacy,2,family_leak,control,0.7831997491716458,8124,,family_7b7a14e1daaa4e52,207
transformer_l_legacy,2,family_leak,control,0.6242364645907373,1980,,family_ace63736575276fd,76
transformer_l_legacy,2,family_leak,control,0.9523180723190308,381,,family_471c422daeefac7a,24
transformer_l_legacy,2,family_leak,control,1.0210147225816268,2354,,family_484de8ba061636e2,134
transformer_l_legacy,2,family_leak,control,0.4783241908180522,748,,family_a8edfe7c17d49498,142
transformer_l_legacy,2,family_leak,control,1.1339059408842616,3704,,family_fc41e434d5d7e595,413
transformer_l_legacy,2,family_leak,control,0.5229194361439506,1439,,family_309d1ff512e1e9a9,426
transformer_l_legacy,2,family_leak,control,0.8958285293371682,10437,,family_d16673229b6e8db9,273
transformer_l_legacy,2,family_leak,control,0.8172300729972114,1146,,family_9e8b2eb6ec3ec445,96
transformer_l_legacy,2,family_leak,control,0.8763207856167998,11034,,family_50f05ec6e42283bd,153
transformer_l_legacy,2,family_leak,control,1.0299616342575237,373,,family_341df9602a2ccf1e,649
transformer_l_legacy,2,family_leak,control,0.9290318731309638,6341,,family_352e44896c06757b,543
transformer_l_legacy,2,family_leak,control,0.597557193963475,407,,family_0b0978005887e1a2,474
transformer_l_legacy,2,family_leak,control,1.1010011917819444,9756,,family_e0804d88b4e3c086,464
transformer_l_legacy,2,family_leak,control,1.4134080709490708,5497,,family_7136d870073b72bf,492
transformer_l_legacy,2,family_leak,control,1.073158260959662,4898,,family_90e53f43974a85ff,305
transformer_l_legacy,2,family_leak,control,0.3775724025384071,8758,,family_ba0bab377b74f9bc,593
transformer_l_legacy,2,family_leak,control,0.8344043908478415,3385,,family_dd7fe974853169e3,340
transformer_l_legacy,2,family_leak,control,0.8480392650438392,14375,,family_89e820583b7bf692,521
transformer_l_legacy,2,family_leak,control,0.7902211695937161,5387,,family_c3c5b7b46ed5cca4,604
transformer_l_legacy,2,family_leak,control,1.097957121430105,2595,,family_13478cc2fa596f00,676
transformer_l_legacy,2,family_leak,control,0.8109594532670444,2122,,family_4b791b52cdbf0c94,342
transformer_l_legacy,2,family_leak,control,1.178176263738016,1554,,family_24beda513cb73140,190
transformer_l_legacy,2,family_leak,control,1.0023721324767636,2574,,family_bd2e09f5164640ac,355
transformer_l_legacy,2,family_leak,control,1.2012483829301168,14722,,family_d90c907b60f5db7e,227
transformer_l_legacy,2,family_leak,control,1.1659663915634155,608,,family_0a1d834f1fc5ec9d,397
transformer_l_legacy,2,family_leak,control,0.9836829785191378,619,,family_bd36f067059fa430,608
transformer_l_legacy,2,family_leak,control,0.8633618125451553,10380,,family_9d3263359149060b,174
transformer_l_legacy,2,family_leak,control,0.8897975087165833,96,,family_701911482f478840,164
transformer_l_legacy,2,family_leak,control,0.5794943994573197,1297,,family_a69d52c7adca6131,688
transformer_l_legacy,2,family_leak,control,1.037238063260046,911,,family_0907d69883a983d5,125
transformer_l_legacy,2,family_leak,control,0.8617443542063237,10000,,family_6aa82ca2608dc1b1,23
transformer_l_legacy,2,family_leak,control,0.681328406313526,7247,,family_0b7d7d5455b615a1,306
transformer_l_legacy,2,family_leak,control,0.5098028902654295,810,,family_6ff7124bfcd14a0c,545
transformer_l_legacy,2,family_leak,control,1.0844798355286283,2128,,family_b8051512c4e658bb,180
transformer_l_legacy,2,family_leak,control,0.8274290863918771,1907,,family_419159423badc2ef,391
transformer_l_legacy,2,family_leak,control,0.8870333780845007,7116,,family_330ff47988f3581a,291
transformer_l_legacy,2,family_leak,control,0.8504075130068004,6921,,family_c2708c9ff73ceb82,660
transformer_l_legacy,2,family_leak,control,0.9768995264918984,4344,,family_ddb1afd90e017414,484
transformer_l_legacy,2,family_leak,control,0.9377899883139846,4446,,family_354a6fa9839f5265,196
transformer_l_legacy,2,family_leak,control,0.4384656194563555,1647,,family_25637fe768f1ed97,602
transformer_l_legacy,2,family_leak,control,0.9067729715144995,1815,,family_c8d9a7933734de14,232
transformer_l_legacy,2,family_leak,control,0.7674380758412309,12979,,family_5dfcdbc50b497fa3,241
transformer_l_legacy,2,family_leak,control,1.2561111870032655,2723,,family_cb79ab953eb3a23e,425
transformer_l_legacy,2,family_leak,control,0.7895637715264456,4096,,family_4cbe524347d5770f,442
transformer_l_legacy,2,family_leak,control,0.6478709721819464,4361,,family_584bf061d2625f25,495
transformer_l_legacy,2,family_leak,control,0.737728476524353,251,,family_56890c17b9133ef4,506
transformer_l_legacy,2,family_leak,control,0.39651084246509005,2640,,family_205aeeeda178f7ca,644
transformer_l_legacy,2,family_leak,control,1.69901442527771,56,,family_3179470752a6d838,18
transformer_l_legacy,2,family_leak,control,1.0729307249369742,7232,,family_7659084f070baf14,130
transformer_l_legacy,2,family_leak,control,1.1810577882185875,16261,,family_2210ee0a2c3ccbc9,396
transformer_l_legacy,2,family_leak,control,0.6114186680333602,7863,,family_d20f6f896d965906,310
transformer_l_legacy,2,family_leak,control,1.0711324436268512,1228,,family_9ba17784e54ec105,163
transformer_l_legacy,2,family_leak,control,0.7935297969512186,2684,,family_28cc6a5379f62efc,84
transformer_l_legacy,2,family_leak,control,1.237716643112785,3596,,family_cd85f816dfda97e0,601
transformer_l_legacy,2,family_leak,control,0.5427200104844901,23809,,family_6c5d60bd118ca08d,493
transformer_l_legacy,2,family_leak,control,0.8298681105817721,9452,,family_a6b3f3bba1c3ea38,611
transformer_l_legacy,2,family_leak,control,0.9625560994723334,995,,family_46ccb6e3625b0d26,559
transformer_l_legacy,2,family_leak,control,0.6337185728763978,13925,,family_b6c76ee6e1fbdad4,617
transformer_l_legacy,2,family_leak,control,1.0618528811410306,8836,,family_eb5f13fb7b1698a7,433
transformer_l_legacy,2,family_leak,control,0.6931412074205686,417,,family_0928b40aaefe1e43,616
transformer_l_legacy,2,family_leak,control,1.670701026916504,51,,family_e8cb312f6947fae2,578
transformer_l_legacy,2,family_leak,control,1.0559423075850027,3890,,family_50833a4ebce7122c,103
transformer_l_legacy,2,family_leak,control,1.2557870149612427,216,,family_e52a55fe95cda992,463
transformer_l_legacy,2,family_leak,control,1.6966954550301154,17522,,family_65e575b20c174fd7,479
transformer_l_legacy,2,family_leak,control,0.8355089320969598,9258,,family_c4cc5f62a0ab31c3,276
transformer_l_legacy,2,family_leak,control,1.255691908592332,6370,,family_a6fc375b5cc488f5,95
transformer_l_legacy,2,family_leak,control,0.11690371848687903,1157,,family_6d128cd3979417a4,423
transformer_l_legacy,2,family_leak,control,0.3594852405961293,4638,,family_01bdfbf40b1dfff5,139
transformer_l_legacy,2,family_leak,control,0.8625327768131439,7458,,family_b55c602531d8b111,556
transformer_l_legacy,2,family_leak,control,0.7913082510047015,11061,,family_150827bde0e3f90f,689
transformer_l_legacy,2,family_leak,control,0.7780812089403089,10400,,family_41293800444fbe3e,108
transformer_l_legacy,2,family_leak,control,1.4637668541062279,14488,,family_0ffae0bc1065eadf,60
transformer_l_legacy,2,family_leak,control,0.42514138052374434,4656,,family_483585a89e5ae17f,34
transformer_l_legacy,2,family_leak,control,0.6920099073392482,815,,family_0c5e308d08929fa4,247
transformer_l_legacy,2,family_leak,control,0.5921483039855957,391,,family_07575db7931c72ea,300
transformer_l_legacy,2,family_leak,control,0.925797700881958,191,,family_efb0835b02015240,528
transformer_l_legacy,2,family_leak,control,1.0388418632537182,3258,,family_94692368e418ed72,173
transformer_l_legacy,2,family_leak,control,0.5967150869823638,252,,family_46e2de939a29fd34,429
transformer_l_legacy,2,family_leak,control,0.7700509089407269,746,,family_39754d1db81a7bf4,127
transformer_l_legacy,2,family_leak,control,0.891657441037975,3212,,family_b964a57ffbddf6a6,534
transformer_l_legacy,2,family_leak,control,1.522637165566414,17312,,family_71b144025f52e59c,140
transformer_l_legacy,2,family_leak,control,1.1977102210369017,1218,,family_4bf6d11e259630c1,532
transformer_l_legacy,2,family_leak,control,1.1281567804840995,2677,,family_a164057d15ea429a,698
transformer_l_legacy,2,family_leak,control,1.117018969373063,2414,,family_24dfe3f15bbe835d,243
transformer_l_legacy,2,family_leak,control,0.8072404659726993,588,,family_cb2cf90a481fb793,606
transformer_l_legacy,2,family_leak,control,0.6179605351265022,10358,,family_c874ed8859d535ca,362
transformer_l_legacy,2,family_leak,control,0.829048514071806,810,,family_9d706bbe5906e6bc,93
transformer_l_legacy,2,family_leak,control,0.7444087526313394,13562,,family_bb5eaea47e3db521,158
transformer_l_legacy,2,family_leak,control,0.7906202536810488,10960,,family_2e23a957596c94a1,452
transformer_l_legacy,2,family_leak,control,1.128832380489442,1318,,family_190ff6b8b86c31bd,387
transformer_l_legacy,2,family_leak,control,0.8674466004752855,22265,,family_1dbac5e5dc15225e,284
transformer_l_legacy,2,family_leak,control,1.1671157427113257,10659,,family_d12ec1205e2b38f3,258
transformer_l_legacy,2,family_leak,control,1.0863783680719816,939,,family_fe64b9392ac59945,54
transformer_l_legacy,2,family_leak,control,0.7752203253831268,593,,family_cb8273cf04ee6422,58
transformer_l_legacy,2,family_leak,control,0.8896079741535966,10770,,family_52fcc2a430ac1dfe,46
transformer_l_legacy,2,family_leak,control,1.2094055739872038,48634,,family_d73cd491d1cc376e,313
transformer_l_legacy,2,family_leak,control,0.2604784369468689,402,,family_896e6058475d85c2,504
transformer_l_legacy,2,family_leak,control,0.8298584222793579,271,,family_dc605f4c0311b69b,77
transformer_l_legacy,2,family_leak,control,0.8742988705635071,418,,family_9d9014958e229b26,71
transformer_l_legacy,2,family_leak,control,0.5817610666898688,3410,,family_8cba6a895a1eda02,353
transformer_l_legacy,2,family_leak,control,0.6816010067875604,7782,,family_f139578e4dab698a,80
transformer_l_legacy,2,family_leak,control,0.5427634423428711,8966,,family_6d75ac5f58d11f18,217
transformer_l_legacy,2,family_leak,control,0.7715246479787348,6494,,family_5990a7393b1bfc0a,31
transformer_l_legacy,2,family_leak,control,1.0687311370781711,1854,,family_284fbbf34df3f7e8,100
transformer_l_legacy,2,family_leak,control,0.9988614828472516,857,,family_b49585225cf5c0d6,558
transformer_l_legacy,2,family_leak,control,0.7017031468062935,6393,,family_f5c26ed350b4ab73,37
transformer_l_legacy,2,family_leak,control,1.14611096810382,8674,,family_bfddaa9b983612cd,667
transformer_l_legacy,2,family_leak,control,0.7697685639619827,2500,,family_d1efa3da7bf90eef,672
transformer_l_legacy,2,family_leak,control,0.9904468006493297,3281,,family_e27845ea1d3c17f5,418
transformer_l_legacy,2,family_leak,control,0.8985048532485962,41,,family_b7f94b3542a0da7d,609
transformer_l_legacy,2,family_leak,control,0.7162243323407875,12830,,family_73ee2da564c3d39b,462
transformer_l_legacy,2,family_leak,control,0.8308268896808452,4101,,family_7b40d80764230547,533
transformer_l_legacy,2,family_leak,control,0.47823478373316314,9640,,family_d14815f8add032f5,508
transformer_l_legacy,2,family_leak,control,0.533325084726107,9584,,family_998e2240a156ecdd,138
transformer_l_legacy,2,family_leak,control,1.0139479637145996,186,,family_38899c6e7a885c05,110
transformer_l_legacy,2,family_leak,control,0.7683477242604421,3903,,family_fcc0832c532eec68,188
transformer_l_legacy,2,family_leak,control,0.6702165759588883,1181,,family_a6a06fcf0eb60a8c,579
transformer_l_legacy,2,family_leak,control,1.3437364449750344,48390,,family_70cece08fb91854c,12
transformer_l_legacy,2,family_leak,control,0.928032780499392,503,,family_4b94b213c3d4fa08,168
transformer_l_legacy,2,family_leak,control,0.9915518803909777,12892,,family_0a7cb9ca8662c54b,551
transformer_l_legacy,2,family_leak,control,0.5604502558708191,356,,family_f38ebbcef90914e9,8
transformer_l_legacy,2,family_leak,control,1.012546746733184,2004,,family_fc2ade3f73bf052f,380
transformer_l_legacy,2,family_leak,control,0.9312165379524231,502,,family_2e9be0de8753a286,203
transformer_l_legacy,2,family_leak,control,0.744370276804753,987,,family_b0b662377a329d27,581
transformer_l_legacy,2,family_leak,control,0.998707115650177,356,,family_28e240b156c54585,629
transformer_l_legacy,2,family_leak,control,1.1513091872273524,12262,,family_b285992ddbc1ba24,81
transformer_l_legacy,2,family_leak,control,1.3064995954639018,29811,,family_941fe9b7f6e42836,62
transformer_l_legacy,2,family_leak,control,1.380084540042698,1702,,family_7e5d0f85c7938ae7,245
transformer_l_legacy,2,family_leak,control,1.186664532421703,2717,,family_ade1acf63d403dff,102
transformer_l_legacy,2,family_leak,control,0.8862368643323435,6022,,family_eb75a33dade5cdeb,678
transformer_l_legacy,2,family_leak,control,0.9022695281817975,1618,,family_236c05b0b6b045cb,143
transformer_l_legacy,2,family_leak,control,0.8701842918167912,669,,family_707a4103f358feb3,288
transformer_l_legacy,2,family_leak,control,0.16042836010456085,96,,family_21b728ec668b432d,631
transformer_l_legacy,2,family_leak,control,0.7164329192102026,849,,family_7df5e4cd2001efeb,612
transformer_l_legacy,2,family_leak,control,0.7473612786281666,8476,,family_5cdee57343206eb1,13
transformer_l_legacy,2,family_leak,control,1.0203477925499953,708,,family_fbb60f07539bf74a,283
transformer_l_legacy,2,family_leak,control,0.8914464065006801,945,,family_52d508d06e660fb2,122
transformer_l_legacy,2,family_leak,control,0.8376437712768103,10036,,family_24c49b2dbbea0ff6,322
transformer_l_legacy,2,family_leak,control,0.6434487203781358,4073,,family_a3988b9597f6817f,571
transformer_l_legacy,2,family_leak,control,1.227577599572421,12548,,family_4a8fbe9c547e5ce4,98
transformer_l_legacy,2,family_leak,control,0.5113317966461182,216,,family_51048182ed7b4454,512
transformer_l_legacy,2,family_leak,control,0.5435083508491516,186,,family_7224c63d7d5f2b96,262
transformer_l_legacy,2,family_leak,control,0.5781985521316528,181,,family_643cfac776d5dea8,683
transformer_l_legacy,2,family_leak,control,0.2907713292209908,12040,,family_619fe82eb42ec462,209
transformer_l_legacy,2,family_leak,control,1.0875533973788525,4835,,family_9b1625bc030f3790,79
transformer_l_legacy,2,family_leak,control,0.6507628282753818,10375,,family_edc93bd478511702,202
transformer_l_legacy,2,family_leak,control,1.033700704574585,276,,family_7acbab6855200014,51
transformer_l_legacy,2,family_leak,control,0.7447180477055636,660,,family_db6f9992bb16df2a,126
transformer_l_legacy,2,family_leak,control,0.8479119640368317,2812,,family_b2aa288c70165e5f,70
transformer_l_legacy,2,family_leak,control,0.7341705161218051,6995,,family_cc532019d574a61c,655
transformer_l_legacy,2,family_leak,control,0.9443902437991284,940,,family_b16072295921a493,357
transformer_l_legacy,2,family_leak,control,0.7463879804310097,966,,family_b4b1c2ecb31b907a,315
transformer_l_legacy,2,family_leak,control,0.9789044404399369,15485,,family_0d4a945b85bbaaba,370
transformer_l_legacy,2,family_leak,control,0.8759244422292513,3868,,family_97b8d4d98ee960bf,557
transformer_l_legacy,2,family_leak,control,0.6619097574065763,3384,,family_f7a86802e4f557fd,235
transformer_l_legacy,2,family_leak,control,0.7544291533211434,3347,,family_e0c21fc7c10d2034,430
transformer_l_legacy,2,family_leak,control,0.6308170948262318,4396,,family_d5bc4e01b0b8bac6,111
transformer_l_legacy,2,family_leak,control,0.6664596401843133,1754,,family_57eac865a7f36b7c,323
transformer_l_legacy,2,family_leak,control,0.7793284975166703,1495,,family_96a402e381d595c2,42
transformer_l_legacy,2,family_leak,control,0.6516343715426686,910,,family_0753f5ee1792042c,330
transformer_l_legacy,2,family_leak,control,1.4158742261742263,5656,,family_f170aad69aff7478,364
transformer_l_legacy,2,family_leak,control,0.656413889728642,4216,,family_731071db0d9fbdbe,386
transformer_l_legacy,2,family_leak,control,0.8484100330140096,9071,,family_4582dbaeae746fdb,311
transformer_l_legacy,2,family_leak,control,0.8274787774320378,3601,,family_37f5f4cedb55aeea,383
transformer_l_legacy,2,family_leak,control,0.768017520771544,5862,,family_f5b2bdc32c7d9391,603
transformer_l_legacy,2,family_leak,control,0.8471694181324432,518,,family_5c7b977277b847b2,690
transformer_l_legacy,2,family_leak,control,0.844368113546184,3154,,family_c35a6abc1d407f4a,694
transformer_l_legacy,2,family_leak,control,1.1229683420137515,3792,,family_e7af2e4cd0151c75,156
transformer_l_legacy,2,family_leak,control,1.2412418531444807,849,,family_16c1d42e507896a8,240
transformer_l_legacy,2,family_leak,control,0.5183975926994261,14431,,family_b387fed6ef4479f5,399
transformer_l_legacy,2,family_leak,control,0.5446004546651,7073,,family_5d24c227f0462f74,439
transformer_l_legacy,2,family_leak,control,1.1605865275335012,3180,,family_37347c6729a17ba5,274
transformer_l_legacy,2,family_leak,control,0.6122864115545891,1201,,family_31b6d88b207ec253,27
transformer_l_legacy,2,family_leak,control,0.5442482749637575,7224,,family_4694d2838960b723,224
transformer_l_legacy,2,family_leak,control,1.0974946727707855,7552,,family_e0952099c8a720c3,570
transformer_l_legacy,2,family_leak,control,0.5584710836410522,256,,family_c59f3ed95a508878,595
transformer_l_legacy,2,family_leak,control,0.8247242352041971,4574,,family_4cb23b14e3d36b0d,57
transformer_l_legacy,2,family_leak,control,0.5359835186973214,544,,family_aebb5b803b4c0278,208
transformer_l_legacy,2,family_leak,control,0.720268189907074,412,,family_71e38421debc9320,159
transformer_l_legacy,2,family_leak,control,0.8464089018917311,1257,,family_d4e91cd391597bfb,377
transformer_l_legacy,2,family_leak,control,0.6142178163684087,337,,family_a458e18ffb59cdc5,670
transformer_l_legacy,2,family_leak,control,1.0860744741952686,5519,,family_47ba9ddc476931a4,621
transformer_l_legacy,2,family_leak,control,0.7673856904207992,3121,,family_f95fe97783adac95,52
transformer_l_legacy,2,family_leak,control,1.1419691125768314,3488,,family_dc0b5179722e8fe5,61
transformer_l_legacy,2,family_leak,control,0.7741992188450506,1204,,family_e4b55ba694cc08da,597
transformer_l_legacy,2,family_leak,control,1.2621525462137573,10856,,family_85905b5b7536d21a,124
transformer_l_legacy,2,family_leak,control,0.9492744922990456,2029,,family_19989c971f68ce4b,501
transformer_l_legacy,2,family_leak,control,1.1070831320443884,739,,family_59bfc8c37fa36b20,599
transformer_l_legacy,2,family_leak,control,0.6625292177737075,7902,,family_f84e475cf4f80566,584
transformer_l_legacy,2,family_leak,control,0.6975888796642041,3715,,family_4dadeb8474fe8ff9,10
transformer_l_legacy,2,family_leak,control,0.7901502003570735,7658,,family_907fa6edb24e0ed3,440
transformer_l_legacy,2,family_leak,control,0.46317000226664573,2631,,family_0d0b16856dabcffa,128
transformer_l_legacy,2,family_leak,control,0.9253597367574489,9510,,family_e5b3c0aff0dd05ec,187
transformer_l_legacy,2,family_leak,control,1.0756578843583302,8105,,family_eefe9fe6b23e51c4,88
transformer_l_legacy,2,family_leak,control,0.7408291676603761,6731,,family_b673e0fc724a479d,112
transformer_l_legacy,2,family_leak,control,0.7826781469695973,3392,,family_e07911eb7022fd85,193
transformer_l_legacy,2,family_leak,control,2.0098802961918136,161,,family_b207295fbdf40272,684
transformer_l_legacy,2,family_leak,control,0.6744381076116063,11873,,family_de9c72ef62ac72df,74
transformer_l_legacy,2,family_leak,control,0.8456375918538861,3517,,family_aa86dc70aa03289b,35
transformer_l_legacy,2,family_leak,control,0.7631462829238093,3793,,family_2f904d1499c3c221,412
transformer_l_legacy,2,family_leak,control,0.5916812377832261,1899,,family_7ea59bf5d40f5c4f,375
transformer_l_legacy,2,family_leak,control,0.7287526855619957,5771,,family_1ed29ad6679ffb57,553
transformer_l_legacy,2,family_leak,control,1.3563356082888307,20130,,family_cedb480383e32e92,645
transformer_l_legacy,2,family_leak,control,0.9136052723996506,5956,,family_c676713b17e94995,515
transformer_l_legacy,2,family_leak,control,0.6170350371925662,4820,,family_ab81517fb265a914,236
transformer_l_legacy,2,family_leak,control,0.890045305006746,2760,,family_a3a83feb27470fd8,536
transformer_l_legacy,2,family_leak,control,0.8225561868456693,2600,,family_8da1a87adf970316,341
transformer_l_legacy,2,family_leak,control,1.132532036861587,11084,,family_48362ee4e66fbdca,221
transformer_l_legacy,2,family_leak,control,0.7438158774987246,624,,family_16727aa87b392f1f,30
transformer_l_legacy,2,family_leak,control,0.6925986823909506,5746,,family_8b45b52019b254b0,197
transformer_l_legacy,2,family_leak,control,1.002281717467373,8431,,family_ec04895340d4fdc3,350
transformer_l_legacy,2,family_leak,control,1.0719684653199477,865,,family_73822ea66fa7eeb0,448
transformer_l_legacy,2,family_leak,control,0.700313926619263,4626,,family_e8b54594efd4b9e6,107
transformer_l_legacy,2,family_leak,control,1.5918914521200758,4714,,family_7cc11ff05363ef06,335
transformer_l_legacy,2,family_leak,control,0.8564994632753636,2013,,family_ab3d2680525ee608,191
transformer_l_legacy,2,family_leak,control,1.6109787225853103,18363,,family_11328ccfc215dfa8,390
transformer_l_legacy,2,family_leak,control,1.3236160794498628,3418,,family_845d068ba0824cf7,443
transformer_l_legacy,2,family_leak,control,0.582878843125175,6120,,family_1e46a30df40c6200,692
transformer_l_legacy,2,family_leak,control,0.6138196867523771,1221,,family_e3d7b72a268ee197,144
transformer_l_legacy,2,family_leak,control,0.5015082098810469,10890,,family_bc785f448eebf656,546
transformer_l_legacy,2,family_leak,control,1.1584925940286674,353,,family_acb335d44fa9df56,349
transformer_l_legacy,2,family_leak,control,1.2060135995629448,2544,,family_b9da95162a284b4f,298
transformer_l_legacy,2,family_leak,control,0.8161182403564453,226,,family_97ecb02c814c9745,63
transformer_l_legacy,2,family_leak,control,0.8628083969065036,1202,,family_2c0b8c4f2526d835,394
transformer_l_legacy,2,family_leak,control,0.7896707811234281,2555,,family_78bbff520ba07726,178
transformer_l_legacy,2,family_leak,control,0.714097457644413,4833,,family_9c778dc897506350,685
transformer_l_legacy,2,family_leak,control,0.8123281904554277,6356,,family_28fe60087b2cd721,332
transformer_l_legacy,2,family_leak,control,0.5766120875504301,12523,,family_0431bffd214ca7bc,257
transformer_l_legacy,2,family_leak,control,0.7274246067471465,5396,,family_c0f46844b9a3878a,542
transformer_l_legacy,2,family_leak,control,0.7637827730932726,759,,family_97885d2353dfa64d,441
transformer_l_legacy,2,family_leak,control,0.9498592927661281,267,,family_09c83fb2711d64d5,564
transformer_l_legacy,2,family_leak,control,0.9825500844276435,15333,,family_a48d659018922846,497
transformer_l_legacy,2,family_leak,control,1.2218554148595617,2798,,family_d52dd246b31007f3,548
transformer_l_legacy,2,family_leak,control,1.1116439888900975,9826,,family_2acca371576a6fd6,363
transformer_l_legacy,2,family_leak,control,1.105200226679152,16826,,family_08689d6c3fd6e06a,279
transformer_l_legacy,2,family_leak,control,1.0225250734759204,1211,,family_65831b5b1b3a29fa,582
transformer_l_legacy,2,family_leak,control,1.1120686031399516,872,,family_82bd7085a31a7554,147
transformer_l_legacy,2,family_leak,control,0.7912963628768921,327,,family_c88efe0ec26b43e3,372
transformer_l_legacy,2,family_leak,control,0.9934660767493464,2254,,family_f45bf2582f059a32,406
transformer_l_legacy,2,family_leak,control,0.7873472600289168,2556,,family_35f68b61619872a8,172
transformer_l_legacy,2,family_leak,control,1.55519700050354,131,,family_840a6921e02d98c7,157
transformer_l_legacy,2,family_leak,control,0.7721977881368104,5574,,family_07b4a78bd4df5db4,657
transformer_l_legacy,2,family_leak,control,0.6348455605716825,11925,,family_b520ad73480ac213,541
transformer_l_legacy,2,family_leak,control,0.9107799107350284,1554,,family_06501bb82c35d53d,354
transformer_l_legacy,2,family_leak,control,0.7182771840549451,2852,,family_43b744922bc6a2b7,682
transformer_l_legacy,2,family_leak,control,0.4289518229111477,1296,,family_08cdd9141b42b8a6,225
transformer_l_legacy,2,family_leak,control,1.1828177932490211,3477,,family_8dd64a20ac498091,194
transformer_l_legacy,2,family_leak,control,1.0078604015626962,2796,,family_8a75620caa46a4bb,320
transformer_l_legacy,2,family_leak,control,0.5450525725274836,2834,,family_7133a47758bc1e83,588
transformer_l_legacy,2,family_leak,control,1.0278204679489136,388,,family_7674fcfd8eb0f8a6,365
transformer_l_legacy,2,family_leak,control,0.9839596085717308,734,,family_b16129a99034b8c9,498
transformer_l_legacy,2,family_leak,control,0.8047803993457348,3285,,family_9a211141e0be1d71,358
transformer_l_legacy,2,family_leak,control,0.8356790608407141,10652,,family_ad2b3cd2ed862d0c,389
transformer_l_legacy,2,family_leak,control,0.983841763154448,1863,,family_705c36bdf218eff1,222
transformer_l_legacy,2,family_leak,clean_validation,0.9166928881199418,1121,,family_506bf4406cb0d194,321
transformer_l_legacy,2,family_leak,clean_validation,0.6563020999304914,1035,,family_8c2d85eda3c6c0af,565
transformer_l_legacy,2,family_leak,clean_validation,0.6131495979434899,7667,,family_53d69e3df7c4019e,382
transformer_l_legacy,2,family_leak,clean_validation,1.1581647389134415,1543,,family_0682993cd6dae2ed,549
transformer_l_legacy,2,family_leak,clean_validation,0.9621448242371998,367,,family_c2107d3bea36abf9,72
transformer_l_legacy,2,family_leak,clean_validation,1.2581505159027555,2106,,family_13ece3a8f78f89a2,625
transformer_l_legacy,2,family_leak,clean_validation,0.7884363532066345,301,,family_7535ae77a17dc02e,301
transformer_l_legacy,2,family_leak,clean_validation,0.745667151948239,282,,family_fa76be46983f7f33,530
transformer_l_legacy,2,family_leak,clean_validation,0.9369980189455892,10835,,family_cb253f56c14aaef0,1
transformer_l_legacy,2,family_leak,clean_validation,1.0341728850242196,2180,,family_3e4cb248c8f64e86,86
transformer_l_legacy,2,family_leak,clean_validation,0.7417262196540833,216,,family_8b8ebcd5a49b5c95,447
transformer_l_legacy,2,family_leak,clean_validation,0.7450138044413362,4678,,family_3cd795074901ac53,460
transformer_l_legacy,2,family_leak,clean_validation,1.3507663456853045,688,,family_94d17723c53c0857,457
transformer_l_legacy,2,family_leak,clean_validation,0.38118008972274875,1686,,family_b3d7700f2724b4da,151
transformer_l_legacy,2,family_leak,clean_validation,0.5196659064106728,4418,,family_200325224f3118ec,131
transformer_l_legacy,2,family_leak,clean_validation,0.8225893141035252,598,,family_a2007ec7c2f39458,409
transformer_l_legacy,2,family_leak,clean_validation,0.847284360577245,2021,,family_0156d6f8bec156a8,264
transformer_l_legacy,2,family_leak,clean_validation,0.8129589721546246,10470,,family_98e69521d6d5ed6a,653
transformer_l_legacy,2,family_leak,clean_validation,1.120182574704682,1442,,family_d903612ae7a3b48e,633
transformer_l_legacy,2,family_leak,clean_validation,0.5888192004844791,8845,,family_1de7a628296b57e3,92
transformer_l_legacy,2,family_leak,clean_validation,0.7391518354415894,261,,family_9868fe525e6f6581,535
transformer_l_legacy,2,family_leak,clean_validation,0.670661376135147,2133,,family_0f10a03796a0c09e,465
transformer_l_legacy,2,family_leak,clean_validation,0.9417477126248704,4649,,family_c6a487213dca86b0,540
transformer_l_legacy,2,family_leak,clean_validation,0.8811083227070574,5403,,family_4c360aa749c4a1ef,149
transformer_l_legacy,2,family_leak,clean_validation,0.807675884341305,28440,,family_9cec718d857c608f,115
transformer_l_legacy,2,family_leak,clean_validation,0.23033425598763502,2912,,family_156ffd19a0eec30a,598
transformer_l_legacy,2,family_leak,clean_validation,0.6049949287883962,1477,,family_e4f029933a31381d,573
transformer_l_legacy,2,family_leak,clean_validation,1.3663996369595934,13719,,family_2aeac1591f6f74ea,307
transformer_l_legacy,2,family_leak,clean_validation,1.0363169386876023,697,,family_b476be0b49274370,260
transformer_l_legacy,2,family_leak,clean_validation,0.6695366805339965,6384,,family_9d6498c1a4edbe8c,199
transformer_l_legacy,2,family_leak,clean_validation,1.1261113340968203,8797,,family_177773ab1cfd2532,630
transformer_l_legacy,2,family_leak,clean_validation,0.8478208760326809,6151,,family_1ea2a219a2bdf844,53
transformer_l_legacy,2,family_leak,clean_validation,1.2155722448730018,1692,,family_3dd1e430f3ee7446,9
transformer_l_legacy,2,family_leak,clean_validation,0.9891399145126343,256,,family_44f2b0e77f4af418,650
transformer_l_legacy,2,family_leak,clean_validation,0.6049659305694501,2099,,family_620599f8e0ecd444,47
transformer_l_legacy,2,family_leak,clean_validation,0.7206833362579346,211,,family_1ddad3a2c05e2680,296
transformer_l_legacy,2,family_leak,clean_validation,1.0484268896856785,1179,,family_5174bcfb395c6c93,229
transformer_l_legacy,2,family_leak,clean_validation,0.6376235327492331,5284,,family_752e5140a83655db,560
transformer_l_legacy,2,family_leak,clean_validation,0.7121884858149033,4491,,family_ad503dfcc1e63e96,239
transformer_l_legacy,2,family_leak,clean_validation,1.0457513435390018,2725,,family_af0d017372cb2ffa,643
transformer_l_legacy,2,family_leak,clean_validation,0.8788242319790531,15417,,family_83ead3d96159a25d,395
transformer_l_legacy,2,family_leak,clean_validation,1.159438120309936,20099,,family_03bc829a418eac27,459
transformer_l_legacy,2,family_leak,clean_validation,0.7893805977109003,2869,,family_312947f388fcd367,638
transformer_l_legacy,2,family_leak,clean_validation,0.8182687597627737,1378,,family_b0968c9d92a309da,302
transformer_l_legacy,2,family_leak,clean_validation,0.6540289823059156,3434,,family_044026fc250ea949,437
transformer_l_legacy,2,family_leak,clean_validation,0.9299487779780132,2460,,family_a77741e8f387ba1b,154
transformer_l_legacy,2,family_leak,clean_validation,1.098097511162102,1076,,family_e994803a7b762aa2,410
transformer_l_legacy,2,family_leak,clean_validation,1.2516924847759754,7611,,family_6417dd72b6af3eda,404
transformer_l_legacy,2,family_leak,clean_validation,1.0420170647601572,14317,,family_0bab43cce14a333d,471
transformer_l_legacy,2,family_leak,clean_validation,0.2337151388090936,1303,,family_9cc0d2dc7c97039d,213
transformer_l_legacy,2,family_leak,clean_validation,0.5533072208724472,2182,,family_82a4b79ac7e84a17,200
transformer_l_legacy,2,family_leak,clean_validation,1.0286982066572492,13780,,family_f4cb6b9481320847,371
transformer_l_legacy,2,family_leak,clean_validation,0.7675161992253413,4024,,family_5bd01148f60d04e0,120
transformer_l_legacy,2,family_leak,clean_validation,0.4759109740868491,1806,,family_17daca9afdd839fe,568
transformer_l_legacy,2,family_leak,clean_validation,0.9430972694464332,538,,family_276804a34673f756,304
transformer_l_legacy,2,family_leak,clean_validation,1.0336958663826905,5998,,family_92b0513dee6f07dd,25
transformer_l_legacy,2,family_leak,clean_validation,0.6001850869301911,1092,,family_9b1a4d796317c86e,613
transformer_l_legacy,2,family_leak,clean_validation,1.0644518598128632,2523,,family_7cf31d6371e489fd,48
transformer_l_legacy,2,family_leak,clean_validation,0.9781115576786488,2766,,family_705d9aa21ef59c14,339
transformer_l_legacy,2,family_leak,clean_validation,0.8423318405580478,8912,,family_e7a8a4c136ad4c88,334
transformer_l_legacy,2,family_leak,clean_validation,0.26654820390250705,654,,family_2cd67233ffc8de8d,587
transformer_l_legacy,2,family_leak,clean_validation,0.8106664760036036,4195,,family_61367478b0d50a39,360
transformer_l_legacy,2,family_leak,clean_validation,1.2675513378354695,5468,,family_6a5eb7c975a3a6a8,73
transformer_l_legacy,2,family_leak,clean_validation,0.7296032309365066,3567,,family_e9c05c6e37633fe0,500
transformer_l_legacy,2,family_leak,clean_validation,1.0684285952895087,8451,,family_8209ef2211a8fa80,662
transformer_l_legacy,2,family_leak,clean_validation,0.8827132639732767,1880,,family_534587ddf3c590a6,507
transformer_l_legacy,2,family_leak,clean_validation,0.6539641878430017,13034,,family_88000d4a34b43f6f,109
transformer_l_legacy,2,family_leak,clean_validation,0.7999501824378967,357,,family_09ba6788519a60f2,293
transformer_l_legacy,2,family_leak,clean_validation,0.7668694307071455,3111,,family_3297a1612112b3a9,99
transformer_l_legacy,2,family_leak,clean_validation,0.7621417588425519,5018,,family_77156022943ef360,516
transformer_l_legacy,2,family_leak,clean_validation,0.5379950315671196,7328,,family_843eb0e7d3797357,673
transformer_l_legacy,2,family_leak,clean_validation,1.1524412881082564,3015,,family_e3e1e8490f43c6b7,67
transformer_l_legacy,2,family_leak,clean_validation,0.4787164974143389,1377,,family_33bc1bfb24a91122,238
transformer_l_legacy,2,family_leak,clean_validation,0.5797842741012573,201,,family_cef9e09ff37dd808,56
transformer_l_legacy,2,family_leak,clean_validation,0.8441899867342194,5248,,family_85be83889927906f,367
transformer_l_legacy,2,family_leak,clean_validation,1.182647171984122,1727,,family_933c96d2bfde210b,303
transformer_l_legacy,2,family_leak,clean_validation,1.172421043691267,10048,,family_113476d14044fff1,478
transformer_l_legacy,2,family_leak,clean_validation,1.0338157039762463,15822,,family_b2cc89a22bd3650f,259
transformer_l_legacy,2,family_leak,clean_validation,0.6421410251995116,14004,,family_009b778c57456b7a,244
transformer_l_legacy,2,family_leak,clean_validation,0.6747304511057717,1902,,family_38ceea7c76f255b3,343
transformer_l_legacy,2,family_leak,clean_validation,0.9014663994312286,442,,family_7a48a7509f2ed688,646
transformer_l_legacy,2,family_leak,clean_validation,1.2875974131774168,11424,,family_a9e91a290c2b5c30,651
transformer_l_legacy,2,family_leak,clean_validation,0.594686197812111,3612,,family_b22cb24378dd7aaa,550
transformer_l_legacy,2,family_leak,clean_validation,0.8691897497933431,1179,,family_bdd6debf555477b4,78
transformer_l_legacy,2,family_leak,clean_validation,0.43662191541975215,2478,,family_d997865401469e31,454
transformer_l_legacy,2,family_leak,clean_validation,0.6584138660486667,14923,,family_1a70716ad19cc9d6,328
transformer_l_legacy,2,family_leak,clean_validation,0.8167644507850583,7486,,family_cbf8d1e12b32df90,586
transformer_l_legacy,2,family_leak,clean_validation,1.713954210281372,102,,family_1423635df94c5343,577
transformer_l_legacy,2,family_leak,clean_validation,1.4090473497739353,6210,,family_5ec977e50f88a732,635
transformer_l_legacy,2,family_leak,clean_validation,1.41672945022583,46,,family_13449e7cf493b2f6,192
transformer_l_legacy,2,family_leak,clean_validation,1.111036096847374,1619,,family_fb7471c20f2b4aed,218
transformer_l_legacy,2,family_leak,clean_validation,1.1430937331182915,1425,,family_502f200f3e0313b3,374
transformer_l_legacy,2,family_leak,clean_validation,0.9984899455339897,5579,,family_06f033ae1dede60a,166
transformer_l_legacy,2,family_leak,clean_validation,0.5085925628236023,3871,,family_d5bc99ec8cbbe193,352
transformer_l_legacy,2,family_leak,clean_validation,0.9380535219941659,844,,family_a913d556915e01ff,319
transformer_l_legacy,2,family_leak,clean_validation,0.9965208470821381,462,,family_26d482864d00ab2a,453
transformer_l_legacy,2,family_leak,clean_validation,0.8478510587854691,593,,family_9e1b57363d3766ce,356
transformer_l_legacy,2,family_leak,clean_validation,1.0895403643675634,20615,,family_b4dc091216fd58c5,32
transformer_l_legacy,2,family_leak,clean_validation,0.7763938832055685,839,,family_dd4daa9a12128180,256
transformer_l_legacy,2,family_leak,clean_validation,0.7459729317545307,12260,,family_6e4ca288c20596c8,249
transformer_l_legacy,2,family_leak,clean_validation,0.8926410459977923,7092,,family_eb607bef12aaa172,502
transformer_l_legacy,2,family_leak,clean_validation,0.9876480274889843,498,,family_04b84faa8791236a,487
transformer_l_legacy,2,family_leak,clean_validation,0.9656636745154025,2505,,family_d3c3ffd4bf041662,85
transformer_l_legacy,2,family_leak,clean_validation,1.235983594051149,2643,,family_d204b7d342411c5e,677
transformer_l_legacy,2,family_leak,clean_validation,1.2963123634126397,49132,,family_82c86f72a6ba2d05,680
transformer_l_legacy,2,family_leak,clean_validation,1.5136571436478161,9141,,family_213ae165418380ad,206
transformer_l_legacy,2,family_leak,clean_validation,0.8846494555473328,206,,family_b4ad6d59b30dc431,658
transformer_l_legacy,2,family_leak,clean_validation,0.9252140117280278,5751,,family_66bfed3171c47d48,308
transformer_l_legacy,2,family_leak,clean_validation,0.7972650838739025,1191,,family_1042e6cfc0da940b,561
transformer_l_legacy,2,family_leak,clean_validation,0.6995061979555104,1825,,family_1b004e877fd9c150,444
transformer_l_legacy,2,family_leak,clean_validation,0.63236193412274,3043,,family_cd0df1b5c356cfbf,40
transformer_l_legacy,2,family_leak,clean_validation,0.6434147149925755,6195,,family_87bb078a1609e1d4,594
transformer_l_legacy,2,family_leak,clean_validation,0.42165521020224994,5398,,family_365ed3f794ae6917,636
transformer_l_legacy,2,family_leak,clean_validation,0.7504649689459937,5270,,family_64aded009d0aa19d,252
transformer_l_legacy,2,family_leak,clean_validation,1.4319559335708618,126,,family_62119591a5d0e802,591
transformer_l_legacy,2,family_leak,clean_validation,0.9863239077099583,1425,,family_2573c0454c4f3b47,170
transformer_l_legacy,2,family_leak,clean_validation,0.9659973343728276,3936,,family_784552c59e6cde90,116
transformer_l_legacy,2,family_leak,clean_validation,0.8303532748052241,8970,,family_a0873d1045e6de73,179
transformer_l_legacy,2,family_leak,clean_validation,0.9238505363464355,261,,family_d7f647fc704e4090,503
transformer_l_legacy,2,family_leak,clean_validation,0.9368948936462402,582,,family_de177b5bfd3b4ad4,36
transformer_l_legacy,2,family_leak,clean_validation,1.1276330947875977,271,,family_57d0908d211a3aeb,446
transformer_l_legacy,2,family_leak,clean_validation,0.5685759782791138,221,,family_5f8fbce42478804e,652
transformer_l_legacy,2,family_leak,clean_validation,1.22020514649669,2286,,family_48d0cb7d67246d93,483
transformer_l_legacy,2,family_leak,clean_validation,0.6912789244615912,598,,family_9f0867df23aab646,64
transformer_l_legacy,2,family_leak,clean_validation,0.7543848778355506,1550,,family_60fbccdcfac8d45f,201
transformer_l_legacy,2,family_leak,clean_validation,0.6978593816322519,3993,,family_222129623ae1d868,331
transformer_l_legacy,2,family_leak,clean_validation,1.2733110880267946,3553,,family_d12ec4943d04fda6,381
transformer_l_legacy,2,family_leak,clean_validation,1.1935337781906128,613,,family_ca5f7811310d4979,421
transformer_l_legacy,2,family_leak,clean_validation,0.9607205738117038,8917,,family_1a9b3b213cd3f0fe,289
transformer_l_legacy,2,family_leak,clean_validation,0.6726686531443143,6357,,family_8597a33e1a97ed61,234
transformer_l_legacy,2,family_leak,clean_validation,0.6828940510749817,331,,family_34fbf3c76cd35578,445
transformer_l_legacy,2,family_leak,clean_validation,1.2518466542978757,1525,,family_064fc18d23d7f6e0,171
transformer_l_legacy,2,family_leak,clean_validation,0.6097100007507619,13091,,family_1cb15a71042b13f5,469
transformer_l_legacy,2,family_leak,clean_validation,0.7503001108331587,412,,family_e6b4aacd5803536e,674
transformer_l_legacy,2,family_leak,clean_validation,0.8442212794132412,2764,,family_387cf57640b6d8de,4
transformer_l_legacy,2,family_leak,clean_validation,0.9208219884317927,15176,,family_2decb8320f2dfd02,113
transformer_l_legacy,2,family_leak,clean_validation,1.7539779965946825,15931,,family_ac0f9bcdce618038,518
transformer_l_legacy,2,family_leak,clean_validation,0.8707481026649475,221,,family_59a690110c469b8f,282
transformer_l_legacy,2,family_leak,clean_validation,0.9553943276405334,177,,family_242be05bb379eeaa,486
transformer_l_legacy,2,family_leak,clean_validation,1.0662168264389038,291,,family_8adbaad5b4f10b73,250
transformer_l_legacy,2,family_leak,clean_validation,0.8604990893225825,5841,,family_e7650acc72c99e33,285
transformer_l_legacy,2,family_leak,clean_validation,1.2788494497072838,2629,,family_cc51c1d0bd72fc52,517
transformer_l_legacy,2,family_leak,clean_validation,0.6432285904884338,271,,family_1fc3e8d69842199a,346
transformer_l_legacy,2,family_leak,clean_validation,0.708507175444089,6498,,family_44bf22828218a5dc,223
transformer_l_legacy,2,family_leak,clean_validation,1.582085301659324,1045,,family_423514ea82205c90,118
transformer_l_legacy,2,family_leak,clean_validation,0.8488985265787329,11303,,family_d065b978d8d6363c,233
transformer_l_legacy,2,family_leak,clean_validation,0.6105191634222067,13543,,family_34c0276853df68f6,592
transformer_l_legacy,2,family_leak,clean_validation,0.6603293252369714,1260,,family_1086f01990d35911,161
transformer_l_legacy,2,family_leak,clean_validation,0.732140084658935,6524,,family_272ea12129852d21,83
transformer_l_legacy,2,family_leak,clean_validation,0.5698162304261887,458,,family_ab58c5df98c64c96,242
transformer_l_legacy,2,family_leak,clean_validation,0.4019815621679822,6518,,family_05ac1b1c30b4cc2e,514
transformer_l_legacy,2,family_leak,clean_validation,1.299839756025866,20441,,family_57e56909cbd77983,472
transformer_l_legacy,2,family_leak,clean_validation,0.39088866114616394,201,,family_5dd2a8be853b78e8,22
transformer_l_legacy,2,family_leak,clean_validation,1.0308721740569533,1856,,family_9830d264b28c22a3,68
transformer_l_legacy,2,family_leak,clean_validation,0.43858665227890015,196,,family_142c201c93af1056,55
transformer_l_legacy,2,family_leak,clean_validation,1.0351040475720994,859,,family_8dee2f974b6e774e,17
transformer_l_legacy,2,family_leak,clean_validation,0.7544037620911203,7603,,family_1714b2bcb66f3a32,411
transformer_l_legacy,2,family_leak,clean_validation,1.1558018592021848,4503,,family_0b7033c8335243d6,210
transformer_l_legacy,2,family_leak,clean_validation,1.3167557172985376,30865,,family_f7fc3a6587acd552,669
transformer_l_legacy,2,family_leak,clean_validation,0.7516329452191933,1318,,family_3073b2c859362b6b,537
transformer_l_legacy,2,family_leak,clean_validation,1.0583254098892212,682,,family_1022f1461ea02448,297
transformer_l_legacy,2,family_leak,clean_validation,0.8898229598999023,101,,family_ccc461da40d9ac0d,420
transformer_l_legacy,2,family_leak,clean_validation,1.1922489656023232,6806,,family_4c7eec40a9857f16,668
transformer_l_legacy,2,family_leak,clean_validation,0.43585695247647577,1856,,family_ea447f225e37bcff,496
transformer_l_legacy,2,family_leak,clean_validation,1.6219149947087548,7555,,family_3335e158c995dd8a,148
transformer_l_legacy,2,family_leak,clean_validation,1.0412186585923684,12481,,family_d521b23ed1f019c7,121
transformer_l_legacy,2,family_leak,clean_validation,1.0012629949716352,5235,,family_0134076cacfda355,392
transformer_l_legacy,2,family_leak,clean_validation,1.1890457073847454,738,,family_56b2cba7fc132ef1,574
transformer_l_legacy,2,family_leak,clean_validation,0.8898737679605615,1022,,family_442e47d64373ea42,214
transformer_l_legacy,2,family_leak,clean_validation,0.8070483834470168,2076,,family_81ddae8c86d6f244,388
transformer_l_legacy,2,family_leak,clean_validation,1.0828661351119842,1191,,family_c182d668dd0813f1,368
transformer_l_legacy,2,family_leak,clean_validation,0.8747894403714578,824,,family_3619ff0a23b6cf76,583
transformer_l_legacy,2,family_leak,clean_validation,0.7596689643459108,2344,,family_8d7f055fadcc2466,554
transformer_l_legacy,2,family_leak,clean_validation,0.8449927851570622,9248,,family_47eed942bba714a7,119
transformer_l_legacy,2,family_leak,clean_validation,1.1216315031051636,331,,family_4ad0ed70281e61b7,697
transformer_l_legacy,2,family_leak,clean_validation,0.49979330407304257,1428,,family_2caaaadc23ec98ec,248
transformer_l_legacy,2,family_leak,clean_validation,0.4489926799264534,945,,family_762c3082afd0d823,337
transformer_l_legacy,2,family_leak,clean_validation,0.9883492866355267,5437,,family_fb27253a42766057,212
transformer_l_legacy,2,family_leak,clean_validation,1.144329139624201,2371,,family_892f6f575ad06fdb,351
transformer_l_legacy,2,family_leak,clean_validation,1.0635531298319498,1200,,family_8aa0ed5e323eeb0d,195
transformer_l_legacy,2,family_leak,clean_validation,1.0353803818141063,18135,,family_7069de93803bf73e,510
transformer_l_legacy,2,family_leak,clean_validation,0.6791878838092089,4240,,family_d6ff844172b34405,280
transformer_l_legacy,2,family_leak,clean_validation,0.7139183333723846,3515,,family_01939a8c620ed9e1,610
transformer_l_legacy,2,family_leak,clean_validation,0.6560191125856416,5006,,family_94b530a2eeef7b05,675
transformer_l_legacy,2,family_leak,clean_validation,0.3955286750374059,523,,family_b298a2c79b9acf61,186
transformer_l_legacy,2,family_leak,clean_validation,0.9419888186741162,6660,,family_4a86fa42bce94e67,26
transformer_l_legacy,2,family_leak,clean_validation,0.782630205154419,497,,family_7af8a28c6e85bc8b,141
transformer_l_legacy,2,family_leak,clean_validation,1.3836115598678589,11,,family_99483ac7e710751f,175
transformer_l_legacy,2,family_leak,clean_validation,0.7213431584280591,860,,family_644383b9a5c7153d,50
transformer_l_legacy,2,family_leak,clean_validation,0.8856870255717376,714,,family_e08ea0e927cfea58,369
transformer_l_legacy,2,family_leak,clean_validation,0.8979155639818809,5217,,family_44cee7ecbafdaa0c,628
transformer_l_legacy,2,family_leak,clean_validation,1.0164348144054611,2391,,family_46ee5adc2c70d33b,312
transformer_l_legacy,2,family_leak,clean_validation,0.638463020324707,226,,family_363f18ff9cdd663b,101
transformer_l_legacy,2,family_leak,clean_validation,0.5958956073288171,3794,,family_0f72232dcd828b96,526
transformer_l_legacy,2,family_leak,clean_validation,0.7346993962428819,2971,,family_97eeaf7b4a9c3731,434
transformer_l_legacy,2,family_leak,clean_validation,1.031102951539284,7619,,family_09e1821e1435425f,490
transformer_l_legacy,2,family_leak,clean_validation,1.3334286212921143,301,,family_3e481fb1fbc87581,596
transformer_l_legacy,2,family_leak,clean_validation,0.373372570096039,3261,,family_a43a516a7577f1ec,398
transformer_l_legacy,2,family_leak,clean_validation,0.42458316565757664,20304,,family_c70bbb1238ec368c,338
transformer_l_legacy,2,family_leak,clean_validation,1.4264220527735858,14843,,family_e7c9171f786b99da,183
transformer_l_legacy,2,family_leak,clean_validation,0.8192931413650513,583,,family_eac4733b2dae986d,69
transformer_l_legacy,2,family_leak,clean_validation,0.7484181811369587,10963,,family_dcee5dfcf9fc6031,489
transformer_l_legacy,2,family_leak,clean_validation,0.7899516766023021,1086,,family_ba88844813c478c8,488
transformer_l_legacy,2,family_leak,clean_validation,0.9138461782314641,3671,,family_e3b1d0c18a60396e,626
transformer_l_legacy,2,family_leak,clean_validation,1.0192950010299682,2870,,family_455ecec853565931,619
transformer_l_legacy,2,family_leak,clean_validation,1.041821837425232,291,,family_db0f95ba35a66044,329
transformer_l_legacy,2,family_leak,clean_validation,1.1740330759702524,7391,,family_f4900aed0a1c77c5,268
transformer_l_legacy,2,family_leak,clean_validation,0.6673128095420794,3814,,family_641e72e8ff1c1166,146
transformer_l_legacy,2,family_leak,clean_validation,0.9370007434024621,14163,,family_2312c27769277b81,470
transformer_l_legacy,2,family_leak,clean_validation,0.7165044337420386,3944,,family_1e6bf6c8d5b78e1a,640
transformer_l_legacy,2,family_leak,clean_validation,0.5807692602917798,7532,,family_502e6b70666e84f8,162
transformer_l_legacy,2,family_leak,clean_validation,0.8822699979742047,619,,family_a55f889fcbd8ead5,59
transformer_l_legacy,2,family_leak,clean_validation,0.6600878238677979,487,,family_d9ef2ad04ba5030a,94
transformer_l_legacy,2,family_leak,clean_validation,1.0324418871001126,3740,,family_6ecb17a2196b524b,216
transformer_l_legacy,2,family_leak,clean_validation,0.6180325269948441,21036,,family_6eb33acc697900b1,189
transformer_l_legacy,2,family_leak,clean_validation,0.7430505156901848,15489,,family_71038ecc81cc310d,567
transformer_l_legacy,2,family_leak,clean_validation,0.951514310184688,7528,,family_43d070bb1d4728eb,436
transformer_l_legacy,2,family_leak,clean_validation,0.820891997361281,4143,,family_e943e5ae3161e964,215
transformer_l_legacy,2,family_leak,clean_validation,1.0438501766864086,1639,,family_977c404bc438de36,129
transformer_l_legacy,2,family_leak,clean_validation,0.8936992537369896,1654,,family_eb05ccf771a0f6fa,167
transformer_l_legacy,2,family_leak,clean_validation,0.7461855173292131,658,,family_f76575f43ce9f715,211
transformer_l_legacy,2,family_leak,clean_validation,0.9749371409416199,126,,family_c44c8014b64e9662,271
transformer_l_legacy,2,family_leak,clean_validation,1.1051348826833554,1615,,family_db3db1576a406cc8,647
transformer_l_legacy,2,family_leak,clean_validation,0.9187524390395424,3001,,family_74d6ca4f4b3ca714,198
transformer_l_legacy,2,family_leak,clean_validation,1.1108068542116918,13326,,family_e28197e9cf6fc68d,82
transformer_l_legacy,2,family_leak,clean_validation,1.1823193733074817,5959,,family_1bbcc4218f93ca73,585
transformer_l_legacy,2,family_leak,clean_validation,0.4729875810356346,5926,,family_6efa1cacb9ad3d66,450
transformer_l_legacy,2,family_leak,clean_validation,0.9599345660820573,1483,,family_293d3c58434ea432,424
transformer_l_legacy,2,family_leak,clean_validation,1.1956102358790097,307,,family_bb7a3764a0cb51ef,185
transformer_l_legacy,2,family_leak,clean_validation,0.34335905592719396,3853,,family_ce939a871f73797e,654
transformer_l_legacy,2,family_leak,clean_validation,0.6342877960051807,11511,,family_bf58440f90351608,656
transformer_l_legacy,2,family_leak,clean_validation,1.211881679219454,47814,,family_b13e3197621b6a67,665
transformer_l_legacy,2,family_leak,clean_validation,0.9907102214607882,5155,,family_e5b4b48758cc10cf,0
transformer_l_legacy,2,family_leak,clean_validation,0.570798951509387,10750,,family_873455800f3af360,90
transformer_l_legacy,2,family_leak,clean_validation,0.18440583591503137,1648,,family_5b4f410a68b26980,294
transformer_l_legacy,2,family_leak,clean_validation,0.8333808320271304,6820,,family_6555b7af6b1e876d,333
transformer_l_legacy,2,family_leak,clean_validation,0.3291291110532516,9581,,family_c8ed53e602d47d77,373
transformer_l_legacy,2,family_leak,clean_validation,0.5688928995813642,910,,family_b7724334fda37767,2
transformer_l_legacy,2,family_leak,clean_validation,0.5990195204533723,6232,,family_e1e6b4777ab2f0d3,525
transformer_l_legacy,2,family_leak,clean_validation,0.6714745678269937,10054,,family_68b8fd69ce397884,205
transformer_l_legacy,2,family_leak,clean_validation,0.7191638350486755,261,,family_4484ffde0b8eeb1e,468
transformer_l_legacy,2,family_leak,clean_validation,1.2079027546666516,5772,,family_f6c8d7d7ccb2fb7c,659
transformer_l_legacy,2,family_leak,clean_validation,0.8622293727052982,8322,,family_bf5e46a018cc309f,91
transformer_l_legacy,2,family_leak,clean_validation,1.235402380708385,3333,,family_74d92a6b925fff2b,361
transformer_l_legacy,2,family_leak,clean_validation,1.3518039419161563,755,,family_fecd8209b4231ff0,562
transformer_l_legacy,2,family_leak,clean_validation,0.848790463198905,1047,,family_a5b4b56c411c3e3e,19
transformer_l_legacy,2,family_leak,clean_validation,0.7429615660197174,3038,,family_125b174edd279860,622
transformer_l_legacy,2,family_leak,clean_validation,0.9826476913688117,12165,,family_4fd03386572a5e7d,49
transformer_l_legacy,2,family_leak,clean_validation,0.8760181749049498,784,,family_b683e3dda3d53d7d,499
transformer_l_legacy,2,family_leak,clean_validation,0.8796641043893634,5434,,family_7cc38e130f767be2,152
transformer_l_legacy,2,family_leak,clean_validation,0.8990248104412398,2004,,family_c1cf47c50b324615,620
transformer_l_legacy,2,family_leak,clean_validation,0.641097366809845,277,,family_e6f89a8fd4c28042,671
transformer_l_legacy,2,family_leak,clean_validation,1.1544026189687235,5436,,family_f32207a4bd1be5f3,641
transformer_l_legacy,2,family_leak,clean_validation,0.8875719754663233,730,,family_750c1b7c9293fca0,555
transformer_l_legacy,2,family_leak,clean_validation,0.4353295746448023,2518,,family_dff095b3f9ea4486,228
transformer_l_legacy,2,family_leak,clean_validation,0.8895602133405868,1393,,family_03f94974e43a6f72,219
transformer_l_legacy,2,family_leak,clean_validation,0.722822986245675,11470,,family_20755f596dac4ad8,538
transformer_l_legacy,2,family_leak,clean_validation,0.3072773863144723,11134,,family_a5fb3561532a1515,251
transformer_l_legacy,2,family_leak,clean_validation,0.8327117072203462,10047,,family_09f185032eec1684,15
transformer_l_legacy,2,family_leak,clean_validation,0.8325152469258155,2108,,family_449b876c5d7555de,648
transformer_l_legacy,2,family_leak,clean_validation,1.1960607844688274,9757,,family_17c63d0cae51b4f0,552
transformer_l_legacy,2,family_leak,clean_validation,0.987749359941307,1901,,family_a7e7611a4fb45bb8,181
transformer_l_legacy,2,family_leak,clean_validation,0.7009290523694227,21536,,family_a0087912e552c325,160
transformer_l_legacy,2,family_leak,clean_validation,1.3455484900212151,13175,,family_26c7d9fe4637a87f,639
transformer_l_legacy,2,family_leak,clean_validation,1.3661705939941193,11417,,family_7c0ce9b52a4fb354,384
transformer_l_legacy,2,family_leak,clean_validation,0.9009330121617023,12236,,family_ce42ac82cf5b7aa5,491
transformer_l_legacy,2,family_leak,clean_validation,1.1411731410489998,926,,family_d1384d3d5b8f3e4a,325
transformer_l_legacy,2,family_leak,clean_validation,0.4559410592796756,8976,,family_a4ec6bc987630263,480
transformer_l_legacy,2,family_leak,clean_validation,0.6230516368187407,2274,,family_d7fd034f32743816,614
transformer_l_legacy,2,family_leak,clean_validation,0.5542852363896136,4080,,family_9ee07f048eddd3ef,605
transformer_l_legacy,2,family_leak,clean_validation,1.3364291140032076,9874,,family_d5db7a666d5cdce4,432
transformer_l_legacy,2,family_leak,clean_validation,0.5858575105667114,693,,family_e3990e8f3e5a019e,29
transformer_l_legacy,2,family_leak,clean_validation,0.6399247646331787,402,,family_424ba6cfeb2d4b06,347
transformer_l_legacy,2,family_leak,clean_validation,0.9319493928147538,2758,,family_1584dac71c5d3b21,417
transformer_l_legacy,2,family_leak,clean_validation,0.5639716629763304,1559,,family_71b49a81405adf23,28
transformer_l_legacy,2,family_leak,clean_validation,0.46288699747519846,3865,,family_02cd0d0062e7f2f0,136
transformer_l_legacy,2,family_leak,clean_validation,0.8735179206304302,6113,,family_f6a9ab27f75aaa2c,237
transformer_l_legacy,2,family_leak,clean_validation,2.6362597942352295,56,,family_fa6d03faa672f307,607
transformer_l_legacy,2,family_leak,clean_validation,0.9624636742489402,1601,,family_32ee5e4e0bf64290,575
transformer_l_legacy,2,family_leak,clean_validation,0.8397609696541055,1373,,family_4b03c0c9196cb057,642
transformer_l_legacy,2,family_leak,clean_validation,0.8902001841129548,33265,,family_084d50552be46593,431
transformer_l_legacy,2,family_leak,clean_validation,0.8693997263908386,216,,family_f9eef55626121ccd,456
transformer_l_legacy,2,family_leak,clean_validation,1.4094480993489786,2579,,family_f3c41c0d722fe806,299
transformer_l_legacy,2,family_leak,clean_validation,1.041977039068856,8074,,family_830520441d24c99b,281
transformer_l_legacy,2,family_leak,clean_validation,0.8476509633255126,1574,,family_0bcfa76d0d0ba6c7,204
transformer_l_legacy,2,family_leak,clean_validation,0.6250240512908554,4379,,family_49c1e82f118ffcdb,155
transformer_l_legacy,2,family_leak,clean_validation,1.3985463380813599,37,,family_60813f1989c300e9,547
transformer_l_legacy,2,family_leak,clean_validation,0.7141891722419659,4098,,family_b9e55910bfee8055,104
transformer_l_legacy,2,family_leak,clean_validation,0.6298546585122105,683,,family_b5e8954b16e48222,6
transformer_l_legacy,2,family_leak,clean_validation,0.48969289660453796,181,,family_a8682c6d911fc3b8,566
transformer_l_legacy,2,family_leak,clean_validation,0.9101493944819792,12601,,family_f8ba51ce9495f2bd,416
transformer_l_legacy,2,family_leak,clean_validation,0.7983848843151858,4366,,family_71a60fbe7040f158,38
transformer_l_legacy,2,family_leak,clean_validation,0.9945108890533447,437,,family_336e1c704addf9f3,393
transformer_l_legacy,2,family_leak,clean_validation,0.3932326154644824,1452,,family_ce5ee93c94f8cb47,427
transformer_l_legacy,2,family_leak,clean_validation,1.2025355455185303,11788,,family_ba5a886f795d4f27,345
transformer_l_legacy,2,family_leak,clean_validation,0.7159516016642252,372,,family_3812a654a3d8068e,314
transformer_l_legacy,2,family_leak,clean_validation,0.4372685533925649,3751,,family_043b81d25e57bda6,14
transformer_l_legacy,2,family_leak,clean_validation,1.108040000082405,1598,,family_60dc4c06abba1219,316
transformer_l_legacy,2,family_leak,clean_validation,0.45868427203330275,365,,family_0967320075dd090a,544
transformer_l_legacy,2,family_leak,clean_validation,0.856500409452495,573,,family_4cbe424968d7c5e7,277
tcn_384_legacy,0,clean,treated,1.040317047405428,3093,structurally_nonexact,family_d1a92696717aa9c2,176
tcn_384_legacy,0,clean,treated,1.1724000844712321,1216,structurally_nonexact,family_3835425eafb00035,524
tcn_384_legacy,0,clean,treated,1.209089756011963,412,structurally_nonexact,family_a534382ff42b71fb,634
tcn_384_legacy,0,clean,treated,0.9299821279461906,4197,structurally_nonexact,family_6d17de7e325f25f8,467
tcn_384_legacy,0,clean,treated,1.0179686680990863,779,structurally_nonexact,family_56b1bf9100abf79a,254
tcn_384_legacy,0,clean,treated,1.5237450423526022,15674,structurally_nonexact,family_9edbfcdbf27d8472,87
tcn_384_legacy,0,clean,treated,1.1212603446607774,3153,structurally_nonexact,family_db6398f302f77cb4,563
tcn_384_legacy,0,clean,treated,1.3822904721458882,10203,canonical_event_exact,family_776fb0c74fb6af96,253
tcn_384_legacy,0,clean,treated,1.2305717590335306,1748,structurally_nonexact,family_be459453ebdfa1da,627
tcn_384_legacy,0,clean,treated,1.210107560940202,3230,structurally_nonexact,family_439fc19617b55d44,309
tcn_384_legacy,0,clean,treated,1.068109889840707,2560,structurally_nonexact,family_328dc279bafe7f69,265
tcn_384_legacy,0,clean,treated,1.3623857801912835,3803,structurally_nonexact,family_ac0566dd944bc201,327
tcn_384_legacy,0,clean,treated,1.091286063194275,477,canonical_event_exact,family_3fbe0e330aecdc00,482
tcn_384_legacy,0,clean,treated,1.1933725273067302,704,structurally_nonexact,family_04795413b15e0b98,576
tcn_384_legacy,0,clean,treated,1.3185911644451884,1108,structurally_nonexact,family_348b29b5f47eda18,220
tcn_384_legacy,0,clean,treated,1.6573119734232264,8731,structurally_nonexact,family_f77d449f1658a159,292
tcn_384_legacy,0,clean,treated,1.5676125288009644,242,structurally_nonexact,family_39849966d6043c11,378
tcn_384_legacy,0,clean,treated,1.5923798830586677,3169,structurally_nonexact,family_af212e596b07120e,405
tcn_384_legacy,0,clean,treated,0.8194188277123847,9069,structurally_nonexact,family_2d3e3d92f30c4369,600
tcn_384_legacy,0,clean,treated,0.8312706657848905,1674,structurally_nonexact,family_f0c0dd7c2f3b6a3f,661
tcn_384_legacy,0,clean,treated,1.3303622161227027,2491,structurally_nonexact,family_5aaa5f6f546aa704,105
tcn_384_legacy,0,clean,treated,1.5263540904168806,5759,structurally_nonexact,family_78031f033e192cce,11
tcn_384_legacy,0,clean,treated,0.8894815444946289,467,structurally_nonexact,family_961cefc620e3d5ab,408
tcn_384_legacy,0,clean,treated,1.2524259482013287,3303,canonical_event_exact,family_fe2836cc1cef695c,336
tcn_384_legacy,0,clean,treated,1.6470122971800218,9124,structurally_nonexact,family_0f71c7e0830e1d85,624
tcn_384_legacy,0,clean,treated,0.8411859439373623,6286,structurally_nonexact,family_2dbafe5054d4bee7,414
tcn_384_legacy,0,clean,treated,1.2797039662565917,14987,structurally_nonexact,family_52885ec61f0240b9,687
tcn_384_legacy,0,clean,treated,1.27815537243099,5460,structurally_nonexact,family_b88eee6ecd7ef6bc,366
tcn_384_legacy,0,clean,treated,1.6360401466908918,20432,structurally_nonexact,family_de67cf52f9a2ce89,267
tcn_384_legacy,0,clean,treated,1.398875797520756,854,structurally_nonexact,family_7b8c8789f38183da,317
tcn_384_legacy,0,clean,treated,1.0503334752226792,10665,structurally_nonexact,family_774f10d6c3d75980,145
tcn_384_legacy,0,clean,treated,0.9057192851860304,29458,structurally_nonexact,family_6fbe37a0a6611f64,520
tcn_384_legacy,0,clean,treated,1.26342711909448,12501,structurally_nonexact,family_c64269798048b60f,666
tcn_384_legacy,0,clean,treated,1.3679798668262195,8558,structurally_nonexact,family_f60bd4cc83d02add,618
tcn_384_legacy,0,clean,treated,1.5127438306808472,61,structurally_nonexact,family_39f58e2fd604c61e,402
tcn_384_legacy,0,clean,treated,1.0514458160268627,1918,structurally_nonexact,family_101bf32d18499c7d,686
tcn_384_legacy,0,clean,treated,1.5144602060317993,156,structurally_nonexact,family_e97b637c75aac2b5,637
tcn_384_legacy,0,clean,treated,1.381630985367156,12995,structurally_nonexact,family_e2c30beb0d4abeae,477
tcn_384_legacy,0,clean,treated,1.363664979230775,3028,structurally_nonexact,family_581cf690b70ed77f,269
tcn_384_legacy,0,clean,treated,1.1837802894825773,1789,structurally_nonexact,family_9ccd2f467361ebab,348
tcn_384_legacy,0,clean,treated,0.9571764897194135,8256,structurally_nonexact,family_6342008bae187399,615
tcn_384_legacy,0,clean,treated,1.6674162149429321,266,structurally_nonexact,family_8661140073b6a2ab,691
tcn_384_legacy,0,clean,treated,1.0683919338952927,1890,structurally_nonexact,family_1a8ff9e18d3eabea,137
tcn_384_legacy,0,clean,treated,1.0909931875369026,8479,structurally_nonexact,family_b324bd83d2be3825,438
tcn_384_legacy,0,clean,treated,1.5506651284776884,725,structurally_nonexact,family_23e85181dd747797,695
tcn_384_legacy,0,clean,treated,1.4928571665212356,9580,structurally_nonexact,family_b3ba3218de08f591,66
tcn_384_legacy,0,clean,treated,1.0588084474143784,6949,structurally_nonexact,family_38ddaabf01adae92,106
tcn_384_legacy,0,clean,treated,1.192411322694607,945,structurally_nonexact,family_5405158fe7a3977d,511
tcn_384_legacy,0,clean,treated,1.1862386465072632,336,structurally_nonexact,family_e4e4467ef74cc720,428
tcn_384_legacy,0,clean,treated,1.4836094421958739,1037,structurally_nonexact,family_4f1b63b3eef9f7d0,531
tcn_384_legacy,0,clean,treated,1.6032930132986485,522,structurally_nonexact,family_7a300c986fbfa9f2,165
tcn_384_legacy,0,clean,treated,1.483679383413838,463,structurally_nonexact,family_6f0024d47bda9a44,359
tcn_384_legacy,0,clean,treated,0.984294523269964,1191,structurally_nonexact,family_746d1e0c3274827f,466
tcn_384_legacy,0,clean,treated,1.370815467130654,1084,structurally_nonexact,family_6a42731481dda124,419
tcn_384_legacy,0,clean,treated,1.69247646878432,15697,structurally_nonexact,family_0ecded087f80d73b,461
tcn_384_legacy,0,clean,treated,1.2092675839535654,5721,structurally_nonexact,family_5facacfb4d33d062,5
tcn_384_legacy,0,clean,treated,1.094434380531311,251,structurally_nonexact,family_5cc4efa05e4dc250,114
tcn_384_legacy,0,clean,treated,1.5913359525088244,17077,structurally_nonexact,family_4731a6d05dff34ce,132
tcn_384_legacy,0,clean,treated,1.3782948021157753,5610,structurally_nonexact,family_c3ae851031cec2bb,663
tcn_384_legacy,0,clean,treated,1.1303183218212376,48674,structurally_nonexact,family_30fbd9977a220042,589
tcn_384_legacy,0,clean,treated,1.211264420682051,508,structurally_nonexact,family_e3c89d0945320ec5,3
tcn_384_legacy,0,clean,treated,1.490991792954936,639,structurally_nonexact,family_f99e7467cfd91d72,230
tcn_384_legacy,0,clean,treated,1.3029576993451817,3294,structurally_nonexact,family_0a0ff01b239a934a,415
tcn_384_legacy,0,clean,treated,1.0875108242034912,166,structurally_nonexact,family_5ebcadebe538bd59,272
tcn_384_legacy,0,clean,treated,1.0791836136053918,533,structurally_nonexact,family_2fe71bb032cb85fe,184
tcn_384_legacy,0,clean,treated,1.1471091546286927,6626,structurally_nonexact,family_e0f7e5849dbe9388,513
tcn_384_legacy,0,clean,treated,1.2824718698252975,3859,structurally_nonexact,family_c3abd4306e03adf2,290
tcn_384_legacy,0,clean,treated,1.000678070353116,1559,structurally_nonexact,family_83b27a32aa56f9dc,485
tcn_384_legacy,0,clean,treated,1.5274651870219664,2535,structurally_nonexact,family_fa3341292470541d,226
tcn_384_legacy,0,clean,treated,1.0040867620140967,548,canonical_event_exact,family_15b8f6d235825863,7
tcn_384_legacy,0,clean,treated,1.0833612196598728,10236,structurally_nonexact,family_a95aeca85317a04d,401
tcn_384_legacy,0,clean,treated,1.2907096737141257,7309,structurally_nonexact,family_3dffb074803c8f80,376
tcn_384_legacy,0,clean,treated,1.4868256237074646,1026,structurally_nonexact,family_1cfa4116628ae42e,681
tcn_384_legacy,0,clean,treated,1.3534090565171495,1238,structurally_nonexact,family_f53ae103dc0def58,261
tcn_384_legacy,0,clean,treated,1.2913180451663595,1287,structurally_nonexact,family_3db848c291e71542,123
tcn_384_legacy,0,clean,treated,1.4669249098692865,3583,structurally_nonexact,family_76f3986b08ecfc19,97
tcn_384_legacy,0,clean,treated,0.9590531703706623,13214,structurally_nonexact,family_121eefce620403f7,295
tcn_384_legacy,0,clean,treated,1.50197467192707,20977,structurally_nonexact,family_8aff46e64d1c8360,286
tcn_384_legacy,0,clean,treated,1.270789824799305,4952,structurally_nonexact,family_debbecc1e7f77f3e,20
tcn_384_legacy,0,clean,treated,1.0336998266876247,1779,structurally_nonexact,family_f19aa9a5e722eb61,379
tcn_384_legacy,0,clean,treated,1.2347200745065021,1815,structurally_nonexact,family_d0b38ee50d018148,664
tcn_384_legacy,0,clean,treated,1.18176851804192,1036,structurally_nonexact,family_aad2d66dec95dc7a,569
tcn_384_legacy,0,clean,treated,1.1330356213647097,985,structurally_nonexact,family_59add5a121b9a616,451
tcn_384_legacy,0,clean,treated,1.5582464037477088,12091,structurally_nonexact,family_c2d4ffa1539bdafe,263
tcn_384_legacy,0,clean,treated,1.3851630515648357,1157,structurally_nonexact,family_58a5b18cf3751bf1,41
tcn_384_legacy,0,clean,treated,1.1958866317444088,638,structurally_nonexact,family_8f08581ca21b6c6f,539
tcn_384_legacy,0,clean,treated,1.2668312337795817,5203,structurally_nonexact,family_5d6a15b20dff7233,33
tcn_384_legacy,0,clean,treated,1.1941402032971382,1312,structurally_nonexact,family_eacebc389812585f,693
tcn_384_legacy,0,clean,treated,1.2807738125118004,578,structurally_nonexact,family_3bd7e5ca43f02666,476
tcn_384_legacy,0,clean,treated,0.8884484850127121,377,structurally_nonexact,family_da2cbb03fa208ffc,65
tcn_384_legacy,0,clean,treated,1.177459915967896,15281,structurally_nonexact,family_5fe0b889b5279fed,275
tcn_384_legacy,0,clean,treated,1.1147899390725184,654,structurally_nonexact,family_58c32a6b58cc329f,505
tcn_384_legacy,0,clean,treated,1.270816614977899,4931,structurally_nonexact,family_d4c8efafc098f593,580
tcn_384_legacy,0,clean,treated,1.0186600533159684,6166,structurally_nonexact,family_853b6705e7d7e7a9,509
tcn_384_legacy,0,clean,treated,1.323152043929608,1558,canonical_event_exact,family_7c104874587dddcc,324
tcn_384_legacy,0,clean,treated,1.4463765651500535,3893,structurally_nonexact,family_2eec85a0fe915e64,326
tcn_384_legacy,0,clean,treated,1.0703027956219056,1189,structurally_nonexact,family_08157e0ead630e5c,623
tcn_384_legacy,0,clean,treated,1.6598581690118173,12275,structurally_nonexact,family_67cf34a836b9cd6c,473
tcn_384_legacy,0,clean,treated,1.3102479991006433,3188,structurally_nonexact,family_a03ac5414952d229,344
tcn_384_legacy,0,clean,treated,1.7417949787626343,5109,structurally_nonexact,family_4da27be0a15493fc,455
tcn_384_legacy,0,clean,control,1.752793788909912,86,,family_8353c8bc6b1abe91,231
tcn_384_legacy,0,clean,control,1.0886752605438232,281,,family_a21b0655ee8718e3,44
tcn_384_legacy,0,clean,control,1.271842399567126,1492,,family_828011733ff46fcc,135
tcn_384_legacy,0,clean,control,1.424381418072659,92,,family_c352cf53fe360f50,89
tcn_384_legacy,0,clean,control,1.3103282848993938,543,,family_581b417d448220ce,278
tcn_384_legacy,0,clean,control,1.2074726377698644,4997,,family_c5e7a2f4ebdc9ce7,523
tcn_384_legacy,0,clean,control,1.6472890006088445,23970,,family_942d0bbb1f3057b7,117
tcn_384_legacy,0,clean,control,1.4250459878129136,1957,,family_e8f2414f825f028e,21
tcn_384_legacy,0,clean,control,1.4390333385250993,24928,,family_d9eece89cdccb42e,318
tcn_384_legacy,0,clean,control,1.408316861158647,2226,,family_159334980be342ce,590
tcn_384_legacy,0,clean,control,1.0382982632646163,9706,,family_5cc3056db91c371f,475
tcn_384_legacy,0,clean,control,1.2959003845742088,14644,,family_cac05bc962cb19ae,529
tcn_384_legacy,0,clean,control,1.3014503938124822,794,,family_91b28d898f74de65,458
tcn_384_legacy,0,clean,control,1.2161746937839546,2249,,family_0ed7b687c2bbe731,679
tcn_384_legacy,0,clean,control,1.3713664587637362,2076,,family_c09c42656e829799,75
tcn_384_legacy,0,clean,control,1.2608054699642317,8400,,family_5029829bbea32071,45
tcn_384_legacy,0,clean,control,1.0811680412201596,2361,,family_b524f58169d7a062,422
tcn_384_legacy,0,clean,control,1.134093395138209,20104,,family_e449d968e1ca6e62,481
tcn_384_legacy,0,clean,control,1.636102715745119,3217,,family_f176b8796acaf1a3,449
tcn_384_legacy,0,clean,control,1.7390758073860537,13053,,family_2aacce96c1e48e02,43
tcn_384_legacy,0,clean,control,0.8609923601634363,22913,,family_95e00157e6b24668,246
tcn_384_legacy,0,clean,control,1.719848200974735,11280,,family_c83ce9a767947dac,169
tcn_384_legacy,0,clean,control,1.5987897192924794,18996,,family_c00a93f90020b6fe,255
tcn_384_legacy,0,clean,control,1.298241138458252,226,,family_4388b443af85145b,182
tcn_384_legacy,0,clean,control,0.9880656681309397,5102,,family_090556d6964926b6,696
tcn_384_legacy,0,clean,control,1.4588251070847125,997,,family_517a76fa41613984,435
tcn_384_legacy,0,clean,control,1.463172435760498,331,,family_d5117873cfa5f4e7,403
tcn_384_legacy,0,clean,control,1.2762183479966143,5289,,family_5c4b107ad8b67511,39
tcn_384_legacy,0,clean,control,1.0223285578222367,2157,,family_6b39589c59910bc9,527
tcn_384_legacy,0,clean,control,1.3568453788757324,557,,family_09e71dae304bced8,407
tcn_384_legacy,0,clean,control,1.0833011135129227,7005,,family_7ab40688290292cb,699
tcn_384_legacy,0,clean,control,1.2012379088012675,3615,,family_c9287c1de390bb4b,287
tcn_384_legacy,0,clean,control,1.1999486771226773,3531,,family_b82550e1d139176a,133
tcn_384_legacy,0,clean,control,1.652962261997205,4469,,family_5ead6639536180b8,16
tcn_384_legacy,0,clean,control,0.6563519246620629,3148,,family_c200a4f65bbc5209,270
tcn_384_legacy,0,clean,control,1.210598455481025,6866,,family_104496edebed4f61,385
tcn_384_legacy,0,clean,control,1.538154455687111,4592,,family_843833735eeb7063,519
tcn_384_legacy,0,clean,control,1.3869134980313322,940,,family_9c25f8a3328ce8da,494
tcn_384_legacy,0,clean,control,1.1609042669444007,11819,,family_8adb1a64e2eed3ab,400
tcn_384_legacy,0,clean,control,1.402324442205758,638,,family_1f464d80218f494a,150
tcn_384_legacy,0,clean,control,1.2143804099824693,1566,,family_cb2f86c88344d124,572
tcn_384_legacy,0,clean,control,1.502543418402604,2465,,family_7d2361899b55eee8,522
tcn_384_legacy,0,clean,control,1.3030620884003115,2886,,family_056399865754201e,177
tcn_384_legacy,0,clean,control,1.3346155079824784,7537,,family_048732487ed12eba,266
tcn_384_legacy,0,clean,control,1.095218300819397,266,,family_1d8665cf98427374,632
tcn_384_legacy,0,clean,control,1.275249493541769,8124,,family_7b7a14e1daaa4e52,207
tcn_384_legacy,0,clean,control,1.0294838942963667,1980,,family_ace63736575276fd,76
tcn_384_legacy,0,clean,control,1.3098567724227905,381,,family_471c422daeefac7a,24
tcn_384_legacy,0,clean,control,1.4281674692361357,2354,,family_484de8ba061636e2,134
tcn_384_legacy,0,clean,control,0.7624101269053903,748,,family_a8edfe7c17d49498,142
tcn_384_legacy,0,clean,control,1.6670767723805962,3704,,family_fc41e434d5d7e595,413
tcn_384_legacy,0,clean,control,0.808810946053312,1439,,family_309d1ff512e1e9a9,426
tcn_384_legacy,0,clean,control,1.3086103657099026,10437,,family_d16673229b6e8db9,273
tcn_384_legacy,0,clean,control,1.2470329447566526,1146,,family_9e8b2eb6ec3ec445,96
tcn_384_legacy,0,clean,control,1.3095967533775532,11034,,family_50f05ec6e42283bd,153
tcn_384_legacy,0,clean,control,1.3027144056862225,373,,family_341df9602a2ccf1e,649
tcn_384_legacy,0,clean,control,1.231123293504563,6341,,family_352e44896c06757b,543
tcn_384_legacy,0,clean,control,1.2714911333173147,407,,family_0b0978005887e1a2,474
tcn_384_legacy,0,clean,control,1.569092298797918,9756,,family_e0804d88b4e3c086,464
tcn_384_legacy,0,clean,control,1.819607513719024,5497,,family_7136d870073b72bf,492
tcn_384_legacy,0,clean,control,1.617697558144055,4898,,family_90e53f43974a85ff,305
tcn_384_legacy,0,clean,control,0.8183988888777127,8758,,family_ba0bab377b74f9bc,593
tcn_384_legacy,0,clean,control,1.2535596643628186,3385,,family_dd7fe974853169e3,340
tcn_384_legacy,0,clean,control,1.254291887706259,14375,,family_89e820583b7bf692,521
tcn_384_legacy,0,clean,control,1.0497379491739467,5387,,family_c3c5b7b46ed5cca4,604
tcn_384_legacy,0,clean,control,1.6247121656101793,2595,,family_13478cc2fa596f00,676
tcn_384_legacy,0,clean,control,1.324559948053369,2122,,family_4b791b52cdbf0c94,342
tcn_384_legacy,0,clean,control,1.5484910297424483,1554,,family_24beda513cb73140,190
tcn_384_legacy,0,clean,control,1.318690778816404,2574,,family_bd2e09f5164640ac,355
tcn_384_legacy,0,clean,control,1.401728254372846,14722,,family_d90c907b60f5db7e,227
tcn_384_legacy,0,clean,control,1.4708093404769897,608,,family_0a1d834f1fc5ec9d,397
tcn_384_legacy,0,clean,control,1.2338538897827098,619,,family_bd36f067059fa430,608
tcn_384_legacy,0,clean,control,1.1035259169420526,10380,,family_9d3263359149060b,174
tcn_384_legacy,0,clean,control,1.183449387550354,96,,family_701911482f478840,164
tcn_384_legacy,0,clean,control,1.1140546736206196,1297,,family_a69d52c7adca6131,688
tcn_384_legacy,0,clean,control,1.3331131177466735,911,,family_0907d69883a983d5,125
tcn_384_legacy,0,clean,control,1.1186455494880676,10000,,family_6aa82ca2608dc1b1,23
tcn_384_legacy,0,clean,control,1.271620920021254,7247,,family_0b7d7d5455b615a1,306
tcn_384_legacy,0,clean,control,0.798240362788424,810,,family_6ff7124bfcd14a0c,545
tcn_384_legacy,0,clean,control,1.1938976650511413,2128,,family_b8051512c4e658bb,180
tcn_384_legacy,0,clean,control,1.155656078503153,1907,,family_419159423badc2ef,391
tcn_384_legacy,0,clean,control,1.4590228599835944,7116,,family_330ff47988f3581a,291
tcn_384_legacy,0,clean,control,1.279195830081691,6921,,family_c2708c9ff73ceb82,660
tcn_384_legacy,0,clean,control,1.3723835295021645,4344,,family_ddb1afd90e017414,484
tcn_384_legacy,0,clean,control,1.6012798557933579,4446,,family_354a6fa9839f5265,196
tcn_384_legacy,0,clean,control,0.7276306905815945,1647,,family_25637fe768f1ed97,602
tcn_384_legacy,0,clean,control,1.290578534780455,1815,,family_c8d9a7933734de14,232
tcn_384_legacy,0,clean,control,1.1388041030847198,12979,,family_5dfcdbc50b497fa3,241
tcn_384_legacy,0,clean,control,1.7077663669768302,2723,,family_cb79ab953eb3a23e,425
tcn_384_legacy,0,clean,control,1.1598551036440767,4096,,family_4cbe524347d5770f,442
tcn_384_legacy,0,clean,control,1.189255784476905,4361,,family_584bf061d2625f25,495
tcn_384_legacy,0,clean,control,1.2385966777801514,251,,family_56890c17b9133ef4,506
tcn_384_legacy,0,clean,control,0.667993373694745,2640,,family_205aeeeda178f7ca,644
tcn_384_legacy,0,clean,control,1.7459509372711182,56,,family_3179470752a6d838,18
tcn_384_legacy,0,clean,control,1.4856172855778607,7232,,family_7659084f070baf14,130
tcn_384_legacy,0,clean,control,1.3820999637241551,16261,,family_2210ee0a2c3ccbc9,396
tcn_384_legacy,0,clean,control,1.0186528940245074,7863,,family_d20f6f896d965906,310
tcn_384_legacy,0,clean,control,1.2693181800919946,1228,,family_9ba17784e54ec105,163
tcn_384_legacy,0,clean,control,1.2105702187549516,2684,,family_28cc6a5379f62efc,84
tcn_384_legacy,0,clean,control,1.5132462059761977,3596,,family_cd85f816dfda97e0,601
tcn_384_legacy,0,clean,control,0.9302606265930122,23809,,family_6c5d60bd118ca08d,493
tcn_384_legacy,0,clean,control,1.1500714459612973,9452,,family_a6b3f3bba1c3ea38,611
tcn_384_legacy,0,clean,control,1.3098074043216419,995,,family_46ccb6e3625b0d26,559
tcn_384_legacy,0,clean,control,1.0048851858264025,13925,,family_b6c76ee6e1fbdad4,617
tcn_384_legacy,0,clean,control,1.5592198920444214,8836,,family_eb5f13fb7b1698a7,433
tcn_384_legacy,0,clean,control,1.1455570416484806,417,,family_0928b40aaefe1e43,616
tcn_384_legacy,0,clean,control,1.6212594509124756,51,,family_e8cb312f6947fae2,578
tcn_384_legacy,0,clean,control,1.3702041209510176,3890,,family_50833a4ebce7122c,103
tcn_384_legacy,0,clean,control,1.3909826278686523,216,,family_e52a55fe95cda992,463
tcn_384_legacy,0,clean,control,2.110067542918318,17522,,family_65e575b20c174fd7,479
tcn_384_legacy,0,clean,control,1.3281389202920169,9258,,family_c4cc5f62a0ab31c3,276
tcn_384_legacy,0,clean,control,1.5758527929404842,6370,,family_a6fc375b5cc488f5,95
tcn_384_legacy,0,clean,control,0.6375893413659922,1157,,family_6d128cd3979417a4,423
tcn_384_legacy,0,clean,control,0.8793694456752491,4638,,family_01bdfbf40b1dfff5,139
tcn_384_legacy,0,clean,control,1.352708496814696,7458,,family_b55c602531d8b111,556
tcn_384_legacy,0,clean,control,1.0623620702176895,11061,,family_150827bde0e3f90f,689
tcn_384_legacy,0,clean,control,1.2271590046584606,10400,,family_41293800444fbe3e,108
tcn_384_legacy,0,clean,control,1.6574037415852276,14488,,family_0ffae0bc1065eadf,60
tcn_384_legacy,0,clean,control,0.8210627931038949,4656,,family_483585a89e5ae17f,34
tcn_384_legacy,0,clean,control,1.3714435628586752,815,,family_0c5e308d08929fa4,247
tcn_384_legacy,0,clean,control,0.980958878993988,391,,family_07575db7931c72ea,300
tcn_384_legacy,0,clean,control,1.3471037149429321,191,,family_efb0835b02015240,528
tcn_384_legacy,0,clean,control,1.3655787578311123,3258,,family_94692368e418ed72,173
tcn_384_legacy,0,clean,control,1.0474358477762766,252,,family_46e2de939a29fd34,429
tcn_384_legacy,0,clean,control,1.328807868682667,746,,family_39754d1db81a7bf4,127
tcn_384_legacy,0,clean,control,1.1723227351718346,3212,,family_b964a57ffbddf6a6,534
tcn_384_legacy,0,clean,control,1.712133733008243,17312,,family_71b144025f52e59c,140
tcn_384_legacy,0,clean,control,1.471097751987,1218,,family_4bf6d11e259630c1,532
tcn_384_legacy,0,clean,control,1.4812646344120395,2677,,family_a164057d15ea429a,698
tcn_384_legacy,0,clean,control,1.587279862723473,2414,,family_24dfe3f15bbe835d,243
tcn_384_legacy,0,clean,control,1.088558378876472,588,,family_cb2cf90a481fb793,606
tcn_384_legacy,0,clean,control,0.8462695644027962,10358,,family_c874ed8859d535ca,362
tcn_384_legacy,0,clean,control,1.4473345781549996,810,,family_9d706bbe5906e6bc,93
tcn_384_legacy,0,clean,control,0.8837174023697288,13562,,family_bb5eaea47e3db521,158
tcn_384_legacy,0,clean,control,1.2379891448321134,10960,,family_2e23a957596c94a1,452
tcn_384_legacy,0,clean,control,1.4120673229734164,1318,,family_190ff6b8b86c31bd,387
tcn_384_legacy,0,clean,control,1.2263551663795589,22265,,family_1dbac5e5dc15225e,284
tcn_384_legacy,0,clean,control,1.33696017482064,10659,,family_d12ec1205e2b38f3,258
tcn_384_legacy,0,clean,control,1.4028178751786042,939,,family_fe64b9392ac59945,54
tcn_384_legacy,0,clean,control,1.266729234040889,593,,family_cb8273cf04ee6422,58
tcn_384_legacy,0,clean,control,1.4187211364646033,10770,,family_52fcc2a430ac1dfe,46
tcn_384_legacy,0,clean,control,1.3959255154702392,48634,,family_d73cd491d1cc376e,313
tcn_384_legacy,0,clean,control,0.9377246201038361,402,,family_896e6058475d85c2,504
tcn_384_legacy,0,clean,control,1.198407769203186,271,,family_dc605f4c0311b69b,77
tcn_384_legacy,0,clean,control,1.2486519813537598,418,,family_9d9014958e229b26,71
tcn_384_legacy,0,clean,control,1.035379877590364,3410,,family_8cba6a895a1eda02,353
tcn_384_legacy,0,clean,control,1.1992026568148444,7782,,family_f139578e4dab698a,80
tcn_384_legacy,0,clean,control,0.8135846183950444,8966,,family_6d75ac5f58d11f18,217
tcn_384_legacy,0,clean,control,1.2382930032576198,6494,,family_5990a7393b1bfc0a,31
tcn_384_legacy,0,clean,control,1.3604787826023699,1854,,family_284fbbf34df3f7e8,100
tcn_384_legacy,0,clean,control,1.344676824684321,857,,family_b49585225cf5c0d6,558
tcn_384_legacy,0,clean,control,1.2319361647771927,6393,,family_f5c26ed350b4ab73,37
tcn_384_legacy,0,clean,control,1.479388660224099,8674,,family_bfddaa9b983612cd,667
tcn_384_legacy,0,clean,control,1.1678287094593047,2500,,family_d1efa3da7bf90eef,672
tcn_384_legacy,0,clean,control,1.3427539220927365,3281,,family_e27845ea1d3c17f5,418
tcn_384_legacy,0,clean,control,1.1852848529815674,41,,family_b7f94b3542a0da7d,609
tcn_384_legacy,0,clean,control,1.0246112322955976,12830,,family_73ee2da564c3d39b,462
tcn_384_legacy,0,clean,control,1.2546363769871698,4101,,family_7b40d80764230547,533
tcn_384_legacy,0,clean,control,1.0186912951071232,9640,,family_d14815f8add032f5,508
tcn_384_legacy,0,clean,control,1.2754592542009482,9584,,family_998e2240a156ecdd,138
tcn_384_legacy,0,clean,control,1.2657572031021118,186,,family_38899c6e7a885c05,110
tcn_384_legacy,0,clean,control,1.4120494613517958,3903,,family_fcc0832c532eec68,188
tcn_384_legacy,0,clean,control,1.0654325712342871,1181,,family_a6a06fcf0eb60a8c,579
tcn_384_legacy,0,clean,control,1.5483079081799624,48390,,family_70cece08fb91854c,12
tcn_384_legacy,0,clean,control,1.302824843000939,503,,family_4b94b213c3d4fa08,168
tcn_384_legacy,0,clean,control,1.589073607067569,12892,,family_0a7cb9ca8662c54b,551
tcn_384_legacy,0,clean,control,1.0980442762374878,356,,family_f38ebbcef90914e9,8
tcn_384_legacy,0,clean,control,1.3950203184834022,2004,,family_fc2ade3f73bf052f,380
tcn_384_legacy,0,clean,control,1.1995837688446045,502,,family_2e9be0de8753a286,203
tcn_384_legacy,0,clean,control,1.132311935845117,987,,family_b0b662377a329d27,581
tcn_384_legacy,0,clean,control,1.1241333484649658,356,,family_28e240b156c54585,629
tcn_384_legacy,0,clean,control,1.3419528165098467,12262,,family_b285992ddbc1ba24,81
tcn_384_legacy,0,clean,control,1.4420209643041901,29811,,family_941fe9b7f6e42836,62
tcn_384_legacy,0,clean,control,1.6707493786105818,1702,,family_7e5d0f85c7938ae7,245
tcn_384_legacy,0,clean,control,1.5601244945055779,2717,,family_ade1acf63d403dff,102
tcn_384_legacy,0,clean,control,1.2774231939646778,6022,,family_eb75a33dade5cdeb,678
tcn_384_legacy,0,clean,control,1.3692471522041245,1618,,family_236c05b0b6b045cb,143
tcn_384_legacy,0,clean,control,1.1404343339181624,669,,family_707a4103f358feb3,288
tcn_384_legacy,0,clean,control,0.41226324439048767,96,,family_21b728ec668b432d,631
tcn_384_legacy,0,clean,control,1.1484011963483722,849,,family_7df5e4cd2001efeb,612
tcn_384_legacy,0,clean,control,1.303179860691689,8476,,family_5cdee57343206eb1,13
tcn_384_legacy,0,clean,control,1.4063585097506894,708,,family_fbb60f07539bf74a,283
tcn_384_legacy,0,clean,control,1.3809450217655728,945,,family_52d508d06e660fb2,122
tcn_384_legacy,0,clean,control,1.2102721822290319,10036,,family_24c49b2dbbea0ff6,322
tcn_384_legacy,0,clean,control,1.0647965334804,4073,,family_a3988b9597f6817f,571
tcn_384_legacy,0,clean,control,1.5718289202267401,12548,,family_4a8fbe9c547e5ce4,98
tcn_384_legacy,0,clean,control,0.9290160536766052,216,,family_51048182ed7b4454,512
tcn_384_legacy,0,clean,control,1.1250104904174805,186,,family_7224c63d7d5f2b96,262
tcn_384_legacy,0,clean,control,0.9407663941383362,181,,family_643cfac776d5dea8,683
tcn_384_legacy,0,clean,control,0.7475920590352378,12040,,family_619fe82eb42ec462,209
tcn_384_legacy,0,clean,control,1.5089317437411587,4835,,family_9b1625bc030f3790,79
tcn_384_legacy,0,clean,control,1.3134354729594955,10375,,family_edc93bd478511702,202
tcn_384_legacy,0,clean,control,1.3734439611434937,276,,family_7acbab6855200014,51
tcn_384_legacy,0,clean,control,0.9349599613384767,660,,family_db6f9992bb16df2a,126
tcn_384_legacy,0,clean,control,1.0318655685798541,2812,,family_b2aa288c70165e5f,70
tcn_384_legacy,0,clean,control,1.167557305468245,6995,,family_cc532019d574a61c,655
tcn_384_legacy,0,clean,control,1.2392866105475324,940,,family_b16072295921a493,357
tcn_384_legacy,0,clean,control,1.0429236682799046,966,,family_b4b1c2ecb31b907a,315
tcn_384_legacy,0,clean,control,1.2062440339734488,15485,,family_0d4a945b85bbaaba,370
tcn_384_legacy,0,clean,control,1.2477828151437589,3868,,family_97b8d4d98ee960bf,557
tcn_384_legacy,0,clean,control,1.1087241873109877,3384,,family_f7a86802e4f557fd,235
tcn_384_legacy,0,clean,control,1.0650056526665905,3347,,family_e0c21fc7c10d2034,430
tcn_384_legacy,0,clean,control,0.933895365203696,4396,,family_d5bc4e01b0b8bac6,111
tcn_384_legacy,0,clean,control,1.111046570532678,1754,,family_57eac865a7f36b7c,323
tcn_384_legacy,0,clean,control,1.023798630787776,1495,,family_96a402e381d595c2,42
tcn_384_legacy,0,clean,control,0.9445324924620954,910,,family_0753f5ee1792042c,330
tcn_384_legacy,0,clean,control,1.8337937427165654,5656,,family_f170aad69aff7478,364
tcn_384_legacy,0,clean,control,1.1601351346870075,4216,,family_731071db0d9fbdbe,386
tcn_384_legacy,0,clean,control,1.1994568830471608,9071,,family_4582dbaeae746fdb,311
tcn_384_legacy,0,clean,control,1.2643636901058841,3601,,family_37f5f4cedb55aeea,383
tcn_384_legacy,0,clean,control,1.2096824400642958,5862,,family_f5b2bdc32c7d9391,603
tcn_384_legacy,0,clean,control,1.2429067669688045,518,,family_5c7b977277b847b2,690
tcn_384_legacy,0,clean,control,1.2535099978679785,3154,,family_c35a6abc1d407f4a,694
tcn_384_legacy,0,clean,control,1.4153006105734829,3792,,family_e7af2e4cd0151c75,156
tcn_384_legacy,0,clean,control,1.5475829039361368,849,,family_16c1d42e507896a8,240
tcn_384_legacy,0,clean,control,0.9578617890174718,14431,,family_b387fed6ef4479f5,399
tcn_384_legacy,0,clean,control,1.1702902866828968,7073,,family_5d24c227f0462f74,439
tcn_384_legacy,0,clean,control,1.5888023047702118,3180,,family_37347c6729a17ba5,274
tcn_384_legacy,0,clean,control,1.0775034145749083,1201,,family_31b6d88b207ec253,27
tcn_384_legacy,0,clean,control,0.7452044872853777,7224,,family_4694d2838960b723,224
tcn_384_legacy,0,clean,control,1.4699115523342359,7552,,family_e0952099c8a720c3,570
tcn_384_legacy,0,clean,control,1.1571714878082275,256,,family_c59f3ed95a508878,595
tcn_384_legacy,0,clean,control,1.4250686070676135,4574,,family_4cb23b14e3d36b0d,57
tcn_384_legacy,0,clean,control,1.0758005902171135,544,,family_aebb5b803b4c0278,208
tcn_384_legacy,0,clean,control,1.160939335823059,412,,family_71e38421debc9320,159
tcn_384_legacy,0,clean,control,1.407667020624748,1257,,family_d4e91cd391597bfb,377
tcn_384_legacy,0,clean,control,1.298693671424594,337,,family_a458e18ffb59cdc5,670
tcn_384_legacy,0,clean,control,1.5460252451019716,5519,,family_47ba9ddc476931a4,621
tcn_384_legacy,0,clean,control,1.2839050222688362,3121,,family_f95fe97783adac95,52
tcn_384_legacy,0,clean,control,1.4568118002573285,3488,,family_dc0b5179722e8fe5,61
tcn_384_legacy,0,clean,control,1.219682244763422,1204,,family_e4b55ba694cc08da,597
tcn_384_legacy,0,clean,control,1.4459033683546343,10856,,family_85905b5b7536d21a,124
tcn_384_legacy,0,clean,control,1.1536286306416477,2029,,family_19989c971f68ce4b,501
tcn_384_legacy,0,clean,control,1.3371903078481857,739,,family_59bfc8c37fa36b20,599
tcn_384_legacy,0,clean,control,1.0994557418330837,7902,,family_f84e475cf4f80566,584
tcn_384_legacy,0,clean,control,1.18136686043335,3715,,family_4dadeb8474fe8ff9,10
tcn_384_legacy,0,clean,control,1.2919721845454726,7658,,family_907fa6edb24e0ed3,440
tcn_384_legacy,0,clean,control,0.8707416920506061,2631,,family_0d0b16856dabcffa,128
tcn_384_legacy,0,clean,control,1.4773212406788214,9510,,family_e5b3c0aff0dd05ec,187
tcn_384_legacy,0,clean,control,1.4431881889158529,8105,,family_eefe9fe6b23e51c4,88
tcn_384_legacy,0,clean,control,1.3006607223240694,6731,,family_b673e0fc724a479d,112
tcn_384_legacy,0,clean,control,1.1725228953895703,3392,,family_e07911eb7022fd85,193
tcn_384_legacy,0,clean,control,1.9694842870191018,161,,family_b207295fbdf40272,684
tcn_384_legacy,0,clean,control,1.1805510127051422,11873,,family_de9c72ef62ac72df,74
tcn_384_legacy,0,clean,control,1.2528264018531412,3517,,family_aa86dc70aa03289b,35
tcn_384_legacy,0,clean,control,0.9534762513030968,3793,,family_2f904d1499c3c221,412
tcn_384_legacy,0,clean,control,1.028568088003935,1899,,family_7ea59bf5d40f5c4f,375
tcn_384_legacy,0,clean,control,1.1728022923772783,5771,,family_1ed29ad6679ffb57,553
tcn_384_legacy,0,clean,control,1.5646482729520954,20130,,family_cedb480383e32e92,645
tcn_384_legacy,0,clean,control,1.264447229452146,5956,,family_c676713b17e94995,515
tcn_384_legacy,0,clean,control,1.0522981482422697,4820,,family_ab81517fb265a914,236
tcn_384_legacy,0,clean,control,1.248333922892377,2760,,family_a3a83feb27470fd8,536
tcn_384_legacy,0,clean,control,1.2297171806830627,2600,,family_8da1a87adf970316,341
tcn_384_legacy,0,clean,control,1.5768004530003594,11084,,family_48362ee4e66fbdca,221
tcn_384_legacy,0,clean,control,1.1944567362467449,624,,family_16727aa87b392f1f,30
tcn_384_legacy,0,clean,control,1.0065885445007745,5746,,family_8b45b52019b254b0,197
tcn_384_legacy,0,clean,control,1.3462352003014508,8431,,family_ec04895340d4fdc3,350
tcn_384_legacy,0,clean,control,1.1704690339248305,865,,family_73822ea66fa7eeb0,448
tcn_384_legacy,0,clean,control,1.1294427606073025,4626,,family_e8b54594efd4b9e6,107
tcn_384_legacy,0,clean,control,1.7303769367197381,4714,,family_7cc11ff05363ef06,335
tcn_384_legacy,0,clean,control,1.278592356034197,2013,,family_ab3d2680525ee608,191
tcn_384_legacy,0,clean,control,2.0128162905573035,18363,,family_11328ccfc215dfa8,390
tcn_384_legacy,0,clean,control,1.762194675196675,3418,,family_845d068ba0824cf7,443
tcn_384_legacy,0,clean,control,1.225771773660105,6120,,family_1e46a30df40c6200,692
tcn_384_legacy,0,clean,control,1.0808427085845222,1221,,family_e3d7b72a268ee197,144
tcn_384_legacy,0,clean,control,0.8669409000348125,10890,,family_bc785f448eebf656,546
tcn_384_legacy,0,clean,control,1.5242409138774062,353,,family_acb335d44fa9df56,349
tcn_384_legacy,0,clean,control,1.633422946592547,2544,,family_b9da95162a284b4f,298
tcn_384_legacy,0,clean,control,1.2411091327667236,226,,family_97ecb02c814c9745,63
tcn_384_legacy,0,clean,control,1.160948097755429,1202,,family_2c0b8c4f2526d835,394
tcn_384_legacy,0,clean,control,1.0465763493993279,2555,,family_78bbff520ba07726,178
tcn_384_legacy,0,clean,control,1.2511439552322916,4833,,family_9c778dc897506350,685
tcn_384_legacy,0,clean,control,1.2767118880814767,6356,,family_28fe60087b2cd721,332
tcn_384_legacy,0,clean,control,0.7796867442266215,12523,,family_0431bffd214ca7bc,257
tcn_384_legacy,0,clean,control,0.910064346972353,5396,,family_c0f46844b9a3878a,542
tcn_384_legacy,0,clean,control,1.353363375889925,759,,family_97885d2353dfa64d,441
tcn_384_legacy,0,clean,control,1.4089365603771995,267,,family_09c83fb2711d64d5,564
tcn_384_legacy,0,clean,control,1.2985484909655212,15333,,family_a48d659018922846,497
tcn_384_legacy,0,clean,control,1.5753869411347166,2798,,family_d52dd246b31007f3,548
tcn_384_legacy,0,clean,control,1.5028367318059819,9826,,family_2acca371576a6fd6,363
tcn_384_legacy,0,clean,control,1.4563874831972459,16826,,family_08689d6c3fd6e06a,279
tcn_384_legacy,0,clean,control,1.3535259953222425,1211,,family_65831b5b1b3a29fa,582
tcn_384_legacy,0,clean,control,1.4521102324264858,872,,family_82bd7085a31a7554,147
tcn_384_legacy,0,clean,control,1.1876342296600342,327,,family_c88efe0ec26b43e3,372
tcn_384_legacy,0,clean,control,1.3610132552134642,2254,,family_f45bf2582f059a32,406
tcn_384_legacy,0,clean,control,1.3922964488396623,2556,,family_35f68b61619872a8,172
tcn_384_legacy,0,clean,control,1.8377209901809692,131,,family_840a6921e02d98c7,157
tcn_384_legacy,0,clean,control,1.328239948380836,5574,,family_07b4a78bd4df5db4,657
tcn_384_legacy,0,clean,control,1.0169553589570948,11925,,family_b520ad73480ac213,541
tcn_384_legacy,0,clean,control,1.197126018878269,1554,,family_06501bb82c35d53d,354
tcn_384_legacy,0,clean,control,1.2710770594914866,2852,,family_43b744922bc6a2b7,682
tcn_384_legacy,0,clean,control,0.8381473530589798,1296,,family_08cdd9141b42b8a6,225
tcn_384_legacy,0,clean,control,1.3584255023286504,3477,,family_8dd64a20ac498091,194
tcn_384_legacy,0,clean,control,1.3164497584061903,2796,,family_8a75620caa46a4bb,320
tcn_384_legacy,0,clean,control,1.0558814185138479,2834,,family_7133a47758bc1e83,588
tcn_384_legacy,0,clean,control,1.287182092666626,388,,family_7674fcfd8eb0f8a6,365
tcn_384_legacy,0,clean,control,1.3490883670645775,734,,family_b16129a99034b8c9,498
tcn_384_legacy,0,clean,control,1.2606293878598844,3285,,family_9a211141e0be1d71,358
tcn_384_legacy,0,clean,control,1.3069471253954374,10652,,family_ad2b3cd2ed862d0c,389
tcn_384_legacy,0,clean,control,1.3278140358174928,1863,,family_705c36bdf218eff1,222
tcn_384_legacy,0,clean,clean_validation,1.4146281420174291,1121,,family_506bf4406cb0d194,321
tcn_384_legacy,0,clean,clean_validation,0.9825595407670247,1035,,family_8c2d85eda3c6c0af,565
tcn_384_legacy,0,clean,clean_validation,1.1613225229283706,7667,,family_53d69e3df7c4019e,382
tcn_384_legacy,0,clean,clean_validation,1.3323297397084461,1543,,family_0682993cd6dae2ed,549
tcn_384_legacy,0,clean,clean_validation,1.1730446035920437,367,,family_c2107d3bea36abf9,72
tcn_384_legacy,0,clean,clean_validation,1.5463852841063894,2106,,family_13ece3a8f78f89a2,625
tcn_384_legacy,0,clean,clean_validation,1.1709522008895874,301,,family_7535ae77a17dc02e,301
tcn_384_legacy,0,clean,clean_validation,1.3167947759019567,282,,family_fa76be46983f7f33,530
tcn_384_legacy,0,clean,clean_validation,1.431227538351315,10835,,family_cb253f56c14aaef0,1
tcn_384_legacy,0,clean,clean_validation,1.3151414132993156,2180,,family_3e4cb248c8f64e86,86
tcn_384_legacy,0,clean,clean_validation,1.1648025512695312,216,,family_8b8ebcd5a49b5c95,447
tcn_384_legacy,0,clean,clean_validation,1.0519356469712537,4678,,family_3cd795074901ac53,460
tcn_384_legacy,0,clean,clean_validation,1.2706511958047402,688,,family_94d17723c53c0857,457
tcn_384_legacy,0,clean,clean_validation,0.6914453167083849,1686,,family_b3d7700f2724b4da,151
tcn_384_legacy,0,clean,clean_validation,0.9734242854613748,4418,,family_200325224f3118ec,131
tcn_384_legacy,0,clean,clean_validation,1.2001357178225565,598,,family_a2007ec7c2f39458,409
tcn_384_legacy,0,clean,clean_validation,1.331290498398012,2021,,family_0156d6f8bec156a8,264
tcn_384_legacy,0,clean,clean_validation,1.078961764468163,10470,,family_98e69521d6d5ed6a,653
tcn_384_legacy,0,clean,clean_validation,1.3224140146899652,1442,,family_d903612ae7a3b48e,633
tcn_384_legacy,0,clean,clean_validation,0.8407642027157859,8845,,family_1de7a628296b57e3,92
tcn_384_legacy,0,clean,clean_validation,1.1468256711959839,261,,family_9868fe525e6f6581,535
tcn_384_legacy,0,clean,clean_validation,0.7798636242139524,2133,,family_0f10a03796a0c09e,465
tcn_384_legacy,0,clean,clean_validation,1.4240303203659075,4649,,family_c6a487213dca86b0,540
tcn_384_legacy,0,clean,clean_validation,1.2720830346309937,5403,,family_4c360aa749c4a1ef,149
tcn_384_legacy,0,clean,clean_validation,1.10404874883414,28440,,family_9cec718d857c608f,115
tcn_384_legacy,0,clean,clean_validation,0.695687830427682,2912,,family_156ffd19a0eec30a,598
tcn_384_legacy,0,clean,clean_validation,0.8177116058449044,1477,,family_e4f029933a31381d,573
tcn_384_legacy,0,clean,clean_validation,1.4542508687506577,13719,,family_2aeac1591f6f74ea,307
tcn_384_legacy,0,clean,clean_validation,1.275086786517796,697,,family_b476be0b49274370,260
tcn_384_legacy,0,clean,clean_validation,1.1726220546472341,6384,,family_9d6498c1a4edbe8c,199
tcn_384_legacy,0,clean,clean_validation,1.5277899719848407,8797,,family_177773ab1cfd2532,630
tcn_384_legacy,0,clean,clean_validation,1.3532458524203188,6151,,family_1ea2a219a2bdf844,53
tcn_384_legacy,0,clean,clean_validation,1.502843505383665,1692,,family_3dd1e430f3ee7446,9
tcn_384_legacy,0,clean,clean_validation,1.2564979791641235,256,,family_44f2b0e77f4af418,650
tcn_384_legacy,0,clean,clean_validation,0.9822435515048448,2099,,family_620599f8e0ecd444,47
tcn_384_legacy,0,clean,clean_validation,0.9637348651885986,211,,family_1ddad3a2c05e2680,296
tcn_384_legacy,0,clean,clean_validation,1.3871596045570924,1179,,family_5174bcfb395c6c93,229
tcn_384_legacy,0,clean,clean_validation,1.060317045682583,5284,,family_752e5140a83655db,560
tcn_384_legacy,0,clean,clean_validation,1.0346772927426728,4491,,family_ad503dfcc1e63e96,239
tcn_384_legacy,0,clean,clean_validation,1.591214718774918,2725,,family_af0d017372cb2ffa,643
tcn_384_legacy,0,clean,clean_validation,1.2721843485270228,15417,,family_83ead3d96159a25d,395
tcn_384_legacy,0,clean,clean_validation,1.5144430979536958,20099,,family_03bc829a418eac27,459
tcn_384_legacy,0,clean,clean_validation,1.322962878638753,2869,,family_312947f388fcd367,638
tcn_384_legacy,0,clean,clean_validation,1.1199194147901714,1378,,family_b0968c9d92a309da,302
tcn_384_legacy,0,clean,clean_validation,0.9664723133027172,3434,,family_044026fc250ea949,437
tcn_384_legacy,0,clean,clean_validation,1.2751765239529493,2460,,family_a77741e8f387ba1b,154
tcn_384_legacy,0,clean,clean_validation,1.3155776443977782,1076,,family_e994803a7b762aa2,410
tcn_384_legacy,0,clean,clean_validation,1.5724594993270848,7611,,family_6417dd72b6af3eda,404
tcn_384_legacy,0,clean,clean_validation,1.3298328308916927,14317,,family_0bab43cce14a333d,471
tcn_384_legacy,0,clean,clean_validation,0.5452172524729602,1303,,family_9cc0d2dc7c97039d,213
tcn_384_legacy,0,clean,clean_validation,0.8906222247509209,2182,,family_82a4b79ac7e84a17,200
tcn_384_legacy,0,clean,clean_validation,1.4908529606976253,13780,,family_f4cb6b9481320847,371
tcn_384_legacy,0,clean,clean_validation,1.25935444911242,4024,,family_5bd01148f60d04e0,120
tcn_384_legacy,0,clean,clean_validation,0.9143346152696367,1806,,family_17daca9afdd839fe,568
tcn_384_legacy,0,clean,clean_validation,1.0953818962919668,538,,family_276804a34673f756,304
tcn_384_legacy,0,clean,clean_validation,1.6992215352004352,5998,,family_92b0513dee6f07dd,25
tcn_384_legacy,0,clean,clean_validation,1.0830686081460108,1092,,family_9b1a4d796317c86e,613
tcn_384_legacy,0,clean,clean_validation,1.3788122953614497,2523,,family_7cf31d6371e489fd,48
tcn_384_legacy,0,clean,clean_validation,1.3151087056271684,2766,,family_705d9aa21ef59c14,339
tcn_384_legacy,0,clean,clean_validation,1.2922870401874906,8912,,family_e7a8a4c136ad4c88,334
tcn_384_legacy,0,clean,clean_validation,0.614364353068378,654,,family_2cd67233ffc8de8d,587
tcn_384_legacy,0,clean,clean_validation,1.2018648911431804,4195,,family_61367478b0d50a39,360
tcn_384_legacy,0,clean,clean_validation,1.6015573002904893,5468,,family_6a5eb7c975a3a6a8,73
tcn_384_legacy,0,clean,clean_validation,1.359091224508657,3567,,family_e9c05c6e37633fe0,500
tcn_384_legacy,0,clean,clean_validation,1.5328532051100645,8451,,family_8209ef2211a8fa80,662
tcn_384_legacy,0,clean,clean_validation,1.2027178723761376,1880,,family_534587ddf3c590a6,507
tcn_384_legacy,0,clean,clean_validation,1.1049430518587875,13034,,family_88000d4a34b43f6f,109
tcn_384_legacy,0,clean,clean_validation,1.3357446193695068,357,,family_09ba6788519a60f2,293
tcn_384_legacy,0,clean,clean_validation,1.3062390550774647,3111,,family_3297a1612112b3a9,99
tcn_384_legacy,0,clean,clean_validation,1.2152328780800663,5018,,family_77156022943ef360,516
tcn_384_legacy,0,clean,clean_validation,1.032732581370002,7328,,family_843eb0e7d3797357,673
tcn_384_legacy,0,clean,clean_validation,1.473362308078342,3015,,family_e3e1e8490f43c6b7,67
tcn_384_legacy,0,clean,clean_validation,0.841196015120072,1377,,family_33bc1bfb24a91122,238
tcn_384_legacy,0,clean,clean_validation,0.695182204246521,201,,family_cef9e09ff37dd808,56
tcn_384_legacy,0,clean,clean_validation,1.0860950165405505,5248,,family_85be83889927906f,367
tcn_384_legacy,0,clean,clean_validation,1.474251219904623,1727,,family_933c96d2bfde210b,303
tcn_384_legacy,0,clean,clean_validation,1.6591807504297251,10048,,family_113476d14044fff1,478
tcn_384_legacy,0,clean,clean_validation,1.3313332380499254,15822,,family_b2cc89a22bd3650f,259
tcn_384_legacy,0,clean,clean_validation,1.2028691060660193,14004,,family_009b778c57456b7a,244
tcn_384_legacy,0,clean,clean_validation,1.144265723591974,1902,,family_38ceea7c76f255b3,343
tcn_384_legacy,0,clean,clean_validation,1.445655643939972,442,,family_7a48a7509f2ed688,646
tcn_384_legacy,0,clean,clean_validation,1.5652260097781985,11424,,family_a9e91a290c2b5c30,651
tcn_384_legacy,0,clean,clean_validation,0.933052351753973,3612,,family_b22cb24378dd7aaa,550
tcn_384_legacy,0,clean,clean_validation,1.1680085073597255,1179,,family_bdd6debf555477b4,78
tcn_384_legacy,0,clean,clean_validation,1.1015632894127672,2478,,family_d997865401469e31,454
tcn_384_legacy,0,clean,clean_validation,1.0815071958100149,14923,,family_1a70716ad19cc9d6,328
tcn_384_legacy,0,clean,clean_validation,0.9391318119260165,7486,,family_cbf8d1e12b32df90,586
tcn_384_legacy,0,clean,clean_validation,1.8164242506027222,102,,family_1423635df94c5343,577
tcn_384_legacy,0,clean,clean_validation,1.564808388474291,6210,,family_5ec977e50f88a732,635
tcn_384_legacy,0,clean,clean_validation,2.0709760189056396,46,,family_13449e7cf493b2f6,192
tcn_384_legacy,0,clean,clean_validation,1.5105677374061646,1619,,family_fb7471c20f2b4aed,218
tcn_384_legacy,0,clean,clean_validation,1.4992148775803416,1425,,family_502f200f3e0313b3,374
tcn_384_legacy,0,clean,clean_validation,1.4194691856395902,5579,,family_06f033ae1dede60a,166
tcn_384_legacy,0,clean,clean_validation,0.7227150035963844,3871,,family_d5bc99ec8cbbe193,352
tcn_384_legacy,0,clean,clean_validation,1.2110121063711519,844,,family_a913d556915e01ff,319
tcn_384_legacy,0,clean,clean_validation,1.4749134182929993,462,,family_26d482864d00ab2a,453
tcn_384_legacy,0,clean,clean_validation,1.277735177823303,593,,family_9e1b57363d3766ce,356
tcn_384_legacy,0,clean,clean_validation,1.253850284069162,20615,,family_b4dc091216fd58c5,32
tcn_384_legacy,0,clean,clean_validation,1.3393661977281446,839,,family_dd4daa9a12128180,256
tcn_384_legacy,0,clean,clean_validation,1.357759734740265,12260,,family_6e4ca288c20596c8,249
tcn_384_legacy,0,clean,clean_validation,1.5384715264017006,7092,,family_eb607bef12aaa172,502
tcn_384_legacy,0,clean,clean_validation,1.389711486287864,498,,family_04b84faa8791236a,487
tcn_384_legacy,0,clean,clean_validation,1.3549100333821036,2505,,family_d3c3ffd4bf041662,85
tcn_384_legacy,0,clean,clean_validation,1.6479654005428088,2643,,family_d204b7d342411c5e,677
tcn_384_legacy,0,clean,clean_validation,1.4960726870564018,49132,,family_82c86f72a6ba2d05,680
tcn_384_legacy,0,clean,clean_validation,1.7683037364134682,9141,,family_213ae165418380ad,206
tcn_384_legacy,0,clean,clean_validation,1.4863983392715454,206,,family_b4ad6d59b30dc431,658
tcn_384_legacy,0,clean,clean_validation,1.004974708269418,5751,,family_66bfed3171c47d48,308
tcn_384_legacy,0,clean,clean_validation,1.2353165333857565,1191,,family_1042e6cfc0da940b,561
tcn_384_legacy,0,clean,clean_validation,1.0806324714177276,1825,,family_1b004e877fd9c150,444
tcn_384_legacy,0,clean,clean_validation,1.1261974442682883,3043,,family_cd0df1b5c356cfbf,40
tcn_384_legacy,0,clean,clean_validation,0.979038869766962,6195,,family_87bb078a1609e1d4,594
tcn_384_legacy,0,clean,clean_validation,0.8248695447052704,5398,,family_365ed3f794ae6917,636
tcn_384_legacy,0,clean,clean_validation,1.3130657112123392,5270,,family_64aded009d0aa19d,252
tcn_384_legacy,0,clean,clean_validation,1.5403907299041748,126,,family_62119591a5d0e802,591
tcn_384_legacy,0,clean,clean_validation,1.3744411376484653,1425,,family_2573c0454c4f3b47,170
tcn_384_legacy,0,clean,clean_validation,1.360041011942596,3936,,family_784552c59e6cde90,116
tcn_384_legacy,0,clean,clean_validation,1.2289673918332809,8970,,family_a0873d1045e6de73,179
tcn_384_legacy,0,clean,clean_validation,1.325019121170044,261,,family_d7f647fc704e4090,503
tcn_384_legacy,0,clean,clean_validation,1.2193337678909302,582,,family_de177b5bfd3b4ad4,36
tcn_384_legacy,0,clean,clean_validation,1.4946540594100952,271,,family_57d0908d211a3aeb,446
tcn_384_legacy,0,clean,clean_validation,1.3040361404418945,221,,family_5f8fbce42478804e,652
tcn_384_legacy,0,clean,clean_validation,1.5096077520599098,2286,,family_48d0cb7d67246d93,483
tcn_384_legacy,0,clean,clean_validation,1.1093878371261034,598,,family_9f0867df23aab646,64
tcn_384_legacy,0,clean,clean_validation,1.1663019160301455,1550,,family_60fbccdcfac8d45f,201
tcn_384_legacy,0,clean,clean_validation,1.1912741388201027,3993,,family_222129623ae1d868,331
tcn_384_legacy,0,clean,clean_validation,1.695185896178014,3553,,family_d12ec4943d04fda6,381
tcn_384_legacy,0,clean,clean_validation,1.5328534841537476,613,,family_ca5f7811310d4979,421
tcn_384_legacy,0,clean,clean_validation,1.3082469816604672,8917,,family_1a9b3b213cd3f0fe,289
tcn_384_legacy,0,clean,clean_validation,1.0355799199932116,6357,,family_8597a33e1a97ed61,234
tcn_384_legacy,0,clean,clean_validation,1.019708514213562,331,,family_34fbf3c76cd35578,445
tcn_384_legacy,0,clean,clean_validation,1.5589026651226106,1525,,family_064fc18d23d7f6e0,171
tcn_384_legacy,0,clean,clean_validation,0.9109198374686672,13091,,family_1cb15a71042b13f5,469
tcn_384_legacy,0,clean,clean_validation,1.0476494927718802,412,,family_e6b4aacd5803536e,674
tcn_384_legacy,0,clean,clean_validation,1.151915332386014,2764,,family_387cf57640b6d8de,4
tcn_384_legacy,0,clean,clean_validation,1.3254487430446074,15176,,family_2decb8320f2dfd02,113
tcn_384_legacy,0,clean,clean_validation,1.8590295947763134,15931,,family_ac0f9bcdce618038,518
tcn_384_legacy,0,clean,clean_validation,1.2761558294296265,221,,family_59a690110c469b8f,282
tcn_384_legacy,0,clean,clean_validation,1.410982608795166,177,,family_242be05bb379eeaa,486
tcn_384_legacy,0,clean,clean_validation,1.3422176837921143,291,,family_8adbaad5b4f10b73,250
tcn_384_legacy,0,clean,clean_validation,1.2319275718542673,5841,,family_e7650acc72c99e33,285
tcn_384_legacy,0,clean,clean_validation,1.5922372310775548,2629,,family_cc51c1d0bd72fc52,517
tcn_384_legacy,0,clean,clean_validation,1.3052691221237183,271,,family_1fc3e8d69842199a,346
tcn_384_legacy,0,clean,clean_validation,1.396026730830943,6498,,family_44bf22828218a5dc,223
tcn_384_legacy,0,clean,clean_validation,1.7585816736997029,1045,,family_423514ea82205c90,118
tcn_384_legacy,0,clean,clean_validation,1.1773064287744728,11303,,family_d065b978d8d6363c,233
tcn_384_legacy,0,clean,clean_validation,1.078928859549154,13543,,family_34c0276853df68f6,592
tcn_384_legacy,0,clean,clean_validation,0.9299063815010918,1260,,family_1086f01990d35911,161
tcn_384_legacy,0,clean,clean_validation,1.2401267340181796,6524,,family_272ea12129852d21,83
tcn_384_legacy,0,clean,clean_validation,1.1349161202210005,458,,family_ab58c5df98c64c96,242
tcn_384_legacy,0,clean,clean_validation,0.6654746720179271,6518,,family_05ac1b1c30b4cc2e,514
tcn_384_legacy,0,clean,clean_validation,1.477109488772119,20441,,family_57e56909cbd77983,472
tcn_384_legacy,0,clean,clean_validation,0.7843765616416931,201,,family_5dd2a8be853b78e8,22
tcn_384_legacy,0,clean,clean_validation,1.5176181400130535,1856,,family_9830d264b28c22a3,68
tcn_384_legacy,0,clean,clean_validation,0.9915833473205566,196,,family_142c201c93af1056,55
tcn_384_legacy,0,clean,clean_validation,1.3232176503702149,859,,family_8dee2f974b6e774e,17
tcn_384_legacy,0,clean,clean_validation,1.165229559383721,7603,,family_1714b2bcb66f3a32,411
tcn_384_legacy,0,clean,clean_validation,1.4859458608625202,4503,,family_0b7033c8335243d6,210
tcn_384_legacy,0,clean,clean_validation,1.5979361517047372,30865,,family_f7fc3a6587acd552,669
tcn_384_legacy,0,clean,clean_validation,1.0574945499032329,1318,,family_3073b2c859362b6b,537
tcn_384_legacy,0,clean,clean_validation,1.242958426475525,682,,family_1022f1461ea02448,297
tcn_384_legacy,0,clean,clean_validation,1.1581193208694458,101,,family_ccc461da40d9ac0d,420
tcn_384_legacy,0,clean,clean_validation,1.4792779704734853,6806,,family_4c7eec40a9857f16,668
tcn_384_legacy,0,clean,clean_validation,0.6704760267045992,1856,,family_ea447f225e37bcff,496
tcn_384_legacy,0,clean,clean_validation,2.29972239750888,7555,,family_3335e158c995dd8a,148
tcn_384_legacy,0,clean,clean_validation,1.2094086526382162,12481,,family_d521b23ed1f019c7,121
tcn_384_legacy,0,clean,clean_validation,1.3538608647576944,5235,,family_0134076cacfda355,392
tcn_384_legacy,0,clean,clean_validation,1.5389368931452434,738,,family_56b2cba7fc132ef1,574
tcn_384_legacy,0,clean,clean_validation,1.267235224377619,1022,,family_442e47d64373ea42,214
tcn_384_legacy,0,clean,clean_validation,1.1422293698971442,2076,,family_81ddae8c86d6f244,388
tcn_384_legacy,0,clean,clean_validation,1.3751459940454722,1191,,family_c182d668dd0813f1,368
tcn_384_legacy,0,clean,clean_validation,1.1757000745500175,824,,family_3619ff0a23b6cf76,583
tcn_384_legacy,0,clean,clean_validation,1.1729418739625619,2344,,family_8d7f055fadcc2466,554
tcn_384_legacy,0,clean,clean_validation,1.2869576788974675,9248,,family_47eed942bba714a7,119
tcn_384_legacy,0,clean,clean_validation,1.4150748252868652,331,,family_4ad0ed70281e61b7,697
tcn_384_legacy,0,clean,clean_validation,0.8655960530209608,1428,,family_2caaaadc23ec98ec,248
tcn_384_legacy,0,clean,clean_validation,0.97626253309704,945,,family_762c3082afd0d823,337
tcn_384_legacy,0,clean,clean_validation,1.1947268229625407,5437,,family_fb27253a42766057,212
tcn_384_legacy,0,clean,clean_validation,1.4351231268517128,2371,,family_892f6f575ad06fdb,351
tcn_384_legacy,0,clean,clean_validation,1.2198083114624023,1200,,family_8aa0ed5e323eeb0d,195
tcn_384_legacy,0,clean,clean_validation,1.3606705272694017,18135,,family_7069de93803bf73e,510
tcn_384_legacy,0,clean,clean_validation,0.9778153140589876,4240,,family_d6ff844172b34405,280
tcn_384_legacy,0,clean,clean_validation,1.0531576708404302,3515,,family_01939a8c620ed9e1,610
tcn_384_legacy,0,clean,clean_validation,1.0197628417874258,5006,,family_94b530a2eeef7b05,675
tcn_384_legacy,0,clean,clean_validation,0.6288854702025025,523,,family_b298a2c79b9acf61,186
tcn_384_legacy,0,clean,clean_validation,1.6013737474296903,6660,,family_4a86fa42bce94e67,26
tcn_384_legacy,0,clean,clean_validation,1.1975998878479004,497,,family_7af8a28c6e85bc8b,141
tcn_384_legacy,0,clean,clean_validation,2.2135565280914307,11,,family_99483ac7e710751f,175
tcn_384_legacy,0,clean,clean_validation,1.2227195554001387,860,,family_644383b9a5c7153d,50
tcn_384_legacy,0,clean,clean_validation,1.1345984302148098,714,,family_e08ea0e927cfea58,369
tcn_384_legacy,0,clean,clean_validation,1.3091964441993718,5217,,family_44cee7ecbafdaa0c,628
tcn_384_legacy,0,clean,clean_validation,1.3526058721023841,2391,,family_46ee5adc2c70d33b,312
tcn_384_legacy,0,clean,clean_validation,0.7213404774665833,226,,family_363f18ff9cdd663b,101
tcn_384_legacy,0,clean,clean_validation,1.0956356790924173,3794,,family_0f72232dcd828b96,526
tcn_384_legacy,0,clean,clean_validation,1.1875069727202692,2971,,family_97eeaf7b4a9c3731,434
tcn_384_legacy,0,clean,clean_validation,1.270780576763386,7619,,family_09e1821e1435425f,490
tcn_384_legacy,0,clean,clean_validation,1.487297773361206,301,,family_3e481fb1fbc87581,596
tcn_384_legacy,0,clean,clean_validation,0.7423762355396185,3261,,family_a43a516a7577f1ec,398
tcn_384_legacy,0,clean,clean_validation,0.7767400086025866,20304,,family_c70bbb1238ec368c,338
tcn_384_legacy,0,clean,clean_validation,1.5937405920916954,14843,,family_e7c9171f786b99da,183
tcn_384_legacy,0,clean,clean_validation,1.0631208419799805,583,,family_eac4733b2dae986d,69
tcn_384_legacy,0,clean,clean_validation,1.325238911620372,10963,,family_dcee5dfcf9fc6031,489
tcn_384_legacy,0,clean,clean_validation,1.759799585157995,1086,,family_ba88844813c478c8,488
tcn_384_legacy,0,clean,clean_validation,1.2907805818200793,3671,,family_e3b1d0c18a60396e,626
tcn_384_legacy,0,clean,clean_validation,1.4817623945063414,2870,,family_455ecec853565931,619
tcn_384_legacy,0,clean,clean_validation,1.4865543842315674,291,,family_db0f95ba35a66044,329
tcn_384_legacy,0,clean,clean_validation,1.5300040664409627,7391,,family_f4900aed0a1c77c5,268
tcn_384_legacy,0,clean,clean_validation,1.1011704352118297,3814,,family_641e72e8ff1c1166,146
tcn_384_legacy,0,clean,clean_validation,1.264577661287496,14163,,family_2312c27769277b81,470
tcn_384_legacy,0,clean,clean_validation,1.1026352752929527,3944,,family_1e6bf6c8d5b78e1a,640
tcn_384_legacy,0,clean,clean_validation,0.9223912254616864,7532,,family_502e6b70666e84f8,162
tcn_384_legacy,0,clean,clean_validation,1.3992913011973047,619,,family_a55f889fcbd8ead5,59
tcn_384_legacy,0,clean,clean_validation,0.940484881401062,487,,family_d9ef2ad04ba5030a,94
tcn_384_legacy,0,clean,clean_validation,1.6848433139171193,3740,,family_6ecb17a2196b524b,216
tcn_384_legacy,0,clean,clean_validation,0.9088734716182654,21036,,family_6eb33acc697900b1,189
tcn_384_legacy,0,clean,clean_validation,1.1006751489097457,15489,,family_71038ecc81cc310d,567
tcn_384_legacy,0,clean,clean_validation,1.5042013214321117,7528,,family_43d070bb1d4728eb,436
tcn_384_legacy,0,clean,clean_validation,1.429745415314194,4143,,family_e943e5ae3161e964,215
tcn_384_legacy,0,clean,clean_validation,1.4286119196748064,1639,,family_977c404bc438de36,129
tcn_384_legacy,0,clean,clean_validation,1.324316793874789,1654,,family_eb05ccf771a0f6fa,167
tcn_384_legacy,0,clean,clean_validation,1.3079262917527312,658,,family_f76575f43ce9f715,211
tcn_384_legacy,0,clean,clean_validation,1.4456263780593872,126,,family_c44c8014b64e9662,271
tcn_384_legacy,0,clean,clean_validation,1.4167594942146042,1615,,family_db3db1576a406cc8,647
tcn_384_legacy,0,clean,clean_validation,1.0691202728202525,3001,,family_74d6ca4f4b3ca714,198
tcn_384_legacy,0,clean,clean_validation,1.307247239235874,13326,,family_e28197e9cf6fc68d,82
tcn_384_legacy,0,clean,clean_validation,1.5642791813422938,5959,,family_1bbcc4218f93ca73,585
tcn_384_legacy,0,clean,clean_validation,0.773645233945029,5926,,family_6efa1cacb9ad3d66,450
tcn_384_legacy,0,clean,clean_validation,1.3083636379692094,1483,,family_293d3c58434ea432,424
tcn_384_legacy,0,clean,clean_validation,1.5514857893269691,307,,family_bb7a3764a0cb51ef,185
tcn_384_legacy,0,clean,clean_validation,0.6706982937967997,3853,,family_ce939a871f73797e,654
tcn_384_legacy,0,clean,clean_validation,0.8291779249199734,11511,,family_bf58440f90351608,656
tcn_384_legacy,0,clean,clean_validation,1.3979383397990928,47814,,family_b13e3197621b6a67,665
tcn_384_legacy,0,clean,clean_validation,1.4394605656715416,5155,,family_e5b4b48758cc10cf,0
tcn_384_legacy,0,clean,clean_validation,1.0923083335299824,10750,,family_873455800f3af360,90
tcn_384_legacy,0,clean,clean_validation,0.6703711485906133,1648,,family_5b4f410a68b26980,294
tcn_384_legacy,0,clean,clean_validation,1.4364415708350295,6820,,family_6555b7af6b1e876d,333
tcn_384_legacy,0,clean,clean_validation,0.6298471796103253,9581,,family_c8ed53e602d47d77,373
tcn_384_legacy,0,clean,clean_validation,0.9388467465128217,910,,family_b7724334fda37767,2
tcn_384_legacy,0,clean,clean_validation,1.1012338421119805,6232,,family_e1e6b4777ab2f0d3,525
tcn_384_legacy,0,clean,clean_validation,0.9835364403344301,10054,,family_68b8fd69ce397884,205
tcn_384_legacy,0,clean,clean_validation,1.304381012916565,261,,family_4484ffde0b8eeb1e,468
tcn_384_legacy,0,clean,clean_validation,1.5255901313910283,5772,,family_f6c8d7d7ccb2fb7c,659
tcn_384_legacy,0,clean,clean_validation,1.2108189792937885,8322,,family_bf5e46a018cc309f,91
tcn_384_legacy,0,clean,clean_validation,1.5390788241259659,3333,,family_74d92a6b925fff2b,361
tcn_384_legacy,0,clean,clean_validation,1.7148560451355992,755,,family_fecd8209b4231ff0,562
tcn_384_legacy,0,clean,clean_validation,1.267750329934879,1047,,family_a5b4b56c411c3e3e,19
tcn_384_legacy,0,clean,clean_validation,1.210749440164924,3038,,family_125b174edd279860,622
tcn_384_legacy,0,clean,clean_validation,1.3937385054218685,12165,,family_4fd03386572a5e7d,49
tcn_384_legacy,0,clean,clean_validation,1.3414449121574967,784,,family_b683e3dda3d53d7d,499
tcn_384_legacy,0,clean,clean_validation,1.1306976131055564,5434,,family_7cc38e130f767be2,152
tcn_384_legacy,0,clean,clean_validation,1.4699376270680609,2004,,family_c1cf47c50b324615,620
tcn_384_legacy,0,clean,clean_validation,1.196580410003662,277,,family_e6f89a8fd4c28042,671
tcn_384_legacy,0,clean,clean_validation,1.2956374657557588,5436,,family_f32207a4bd1be5f3,641
tcn_384_legacy,0,clean,clean_validation,1.2665119447120248,730,,family_750c1b7c9293fca0,555
tcn_384_legacy,0,clean,clean_validation,0.6076390163069021,2518,,family_dff095b3f9ea4486,228
tcn_384_legacy,0,clean,clean_validation,1.1722805188528855,1393,,family_03f94974e43a6f72,219
tcn_384_legacy,0,clean,clean_validation,0.9963154044375798,11470,,family_20755f596dac4ad8,538
tcn_384_legacy,0,clean,clean_validation,0.708789434261889,11134,,family_a5fb3561532a1515,251
tcn_384_legacy,0,clean,clean_validation,1.3381667058954574,10047,,family_09f185032eec1684,15
tcn_384_legacy,0,clean,clean_validation,1.1686729607251836,2108,,family_449b876c5d7555de,648
tcn_384_legacy,0,clean,clean_validation,1.6226472945148318,9757,,family_17c63d0cae51b4f0,552
tcn_384_legacy,0,clean,clean_validation,1.448745893591771,1901,,family_a7e7611a4fb45bb8,181
tcn_384_legacy,0,clean,clean_validation,1.100870012680697,21536,,family_a0087912e552c325,160
tcn_384_legacy,0,clean,clean_validation,1.539669048772591,13175,,family_26c7d9fe4637a87f,639
tcn_384_legacy,0,clean,clean_validation,1.534250152416986,11417,,family_7c0ce9b52a4fb354,384
tcn_384_legacy,0,clean,clean_validation,1.2298025340036693,12236,,family_ce42ac82cf5b7aa5,491
tcn_384_legacy,0,clean,clean_validation,1.5927697421407596,926,,family_d1384d3d5b8f3e4a,325
tcn_384_legacy,0,clean,clean_validation,0.9971624719254579,8976,,family_a4ec6bc987630263,480
tcn_384_legacy,0,clean,clean_validation,0.8689765982598512,2274,,family_d7fd034f32743816,614
tcn_384_legacy,0,clean,clean_validation,1.0556472676787891,4080,,family_9ee07f048eddd3ef,605
tcn_384_legacy,0,clean,clean_validation,1.7969608927198042,9874,,family_d5db7a666d5cdce4,432
tcn_384_legacy,0,clean,clean_validation,0.9393557906150818,693,,family_e3990e8f3e5a019e,29
tcn_384_legacy,0,clean,clean_validation,1.0912679433822632,402,,family_424ba6cfeb2d4b06,347
tcn_384_legacy,0,clean,clean_validation,1.3714408302670202,2758,,family_1584dac71c5d3b21,417
tcn_384_legacy,0,clean,clean_validation,0.8287980001350486,1559,,family_71b49a81405adf23,28
tcn_384_legacy,0,clean,clean_validation,0.8679390383722866,3865,,family_02cd0d0062e7f2f0,136
tcn_384_legacy,0,clean,clean_validation,1.2204795604483032,6113,,family_f6a9ab27f75aaa2c,237
tcn_384_legacy,0,clean,clean_validation,3.161411762237549,56,,family_fa6d03faa672f307,607
tcn_384_legacy,0,clean,clean_validation,1.2049837492169029,1601,,family_32ee5e4e0bf64290,575
tcn_384_legacy,0,clean,clean_validation,1.3274338843608893,1373,,family_4b03c0c9196cb057,642
tcn_384_legacy,0,clean,clean_validation,1.2469751213182099,33265,,family_084d50552be46593,431
tcn_384_legacy,0,clean,clean_validation,1.155403971672058,216,,family_f9eef55626121ccd,456
tcn_384_legacy,0,clean,clean_validation,1.7054239776810272,2579,,family_f3c41c0d722fe806,299
tcn_384_legacy,0,clean,clean_validation,1.3795397348973253,8074,,family_830520441d24c99b,281
tcn_384_legacy,0,clean,clean_validation,1.5095191155637235,1574,,family_0bcfa76d0d0ba6c7,204
tcn_384_legacy,0,clean,clean_validation,1.1569572160385002,4379,,family_49c1e82f118ffcdb,155
tcn_384_legacy,0,clean,clean_validation,2.314690589904785,37,,family_60813f1989c300e9,547
tcn_384_legacy,0,clean,clean_validation,1.1187451842530522,4098,,family_b9e55910bfee8055,104
tcn_384_legacy,0,clean,clean_validation,1.129942959782669,683,,family_b5e8954b16e48222,6
tcn_384_legacy,0,clean,clean_validation,0.8040891289710999,181,,family_a8682c6d911fc3b8,566
tcn_384_legacy,0,clean,clean_validation,1.308853660629965,12601,,family_f8ba51ce9495f2bd,416
tcn_384_legacy,0,clean,clean_validation,1.138212940204706,4366,,family_71a60fbe7040f158,38
tcn_384_legacy,0,clean,clean_validation,1.2786599397659302,437,,family_336e1c704addf9f3,393
tcn_384_legacy,0,clean,clean_validation,0.7525727734092839,1452,,family_ce5ee93c94f8cb47,427
tcn_384_legacy,0,clean,clean_validation,1.3506602952348445,11788,,family_ba5a886f795d4f27,345
tcn_384_legacy,0,clean,clean_validation,1.4185425107197096,372,,family_3812a654a3d8068e,314
tcn_384_legacy,0,clean,clean_validation,0.8353915419841696,3751,,family_043b81d25e57bda6,14
tcn_384_legacy,0,clean,clean_validation,1.4137549871795616,1598,,family_60dc4c06abba1219,316
tcn_384_legacy,0,clean,clean_validation,0.9767231882435001,365,,family_0967320075dd090a,544
tcn_384_legacy,0,clean,clean_validation,1.5683924284280908,573,,family_4cbe424968d7c5e7,277
tcn_384_legacy,0,family_leak,treated,1.0251150884907336,3093,structurally_nonexact,family_d1a92696717aa9c2,176
tcn_384_legacy,0,family_leak,treated,1.1654680395792973,1216,structurally_nonexact,family_3835425eafb00035,524
tcn_384_legacy,0,family_leak,treated,1.1906333690129438,412,structurally_nonexact,family_a534382ff42b71fb,634
tcn_384_legacy,0,family_leak,treated,0.919475018040805,4197,structurally_nonexact,family_6d17de7e325f25f8,467
tcn_384_legacy,0,family_leak,treated,1.0012561970405922,779,structurally_nonexact,family_56b1bf9100abf79a,254
tcn_384_legacy,0,family_leak,treated,1.5014832830480795,15674,structurally_nonexact,family_9edbfcdbf27d8472,87
tcn_384_legacy,0,family_leak,treated,1.0820183940739847,3153,structurally_nonexact,family_db6398f302f77cb4,563
tcn_384_legacy,0,family_leak,treated,1.2612872358094265,10203,canonical_event_exact,family_776fb0c74fb6af96,253
tcn_384_legacy,0,family_leak,treated,1.2244535855079406,1748,structurally_nonexact,family_be459453ebdfa1da,627
tcn_384_legacy,0,family_leak,treated,1.189237880411532,3230,structurally_nonexact,family_439fc19617b55d44,309
tcn_384_legacy,0,family_leak,treated,1.0491663793800399,2560,structurally_nonexact,family_328dc279bafe7f69,265
tcn_384_legacy,0,family_leak,treated,1.330201285342433,3803,structurally_nonexact,family_ac0566dd944bc201,327
tcn_384_legacy,0,family_leak,treated,1.0828253030776978,477,canonical_event_exact,family_3fbe0e330aecdc00,482
tcn_384_legacy,0,family_leak,treated,1.1748705347153274,704,structurally_nonexact,family_04795413b15e0b98,576
tcn_384_legacy,0,family_leak,treated,1.3160669268899015,1108,structurally_nonexact,family_348b29b5f47eda18,220
tcn_384_legacy,0,family_leak,treated,1.628775526889888,8731,structurally_nonexact,family_f77d449f1658a159,292
tcn_384_legacy,0,family_leak,treated,1.5528903007507324,242,structurally_nonexact,family_39849966d6043c11,378
tcn_384_legacy,0,family_leak,treated,1.5523544134646796,3169,structurally_nonexact,family_af212e596b07120e,405
tcn_384_legacy,0,family_leak,treated,0.7898600226214155,9069,structurally_nonexact,family_2d3e3d92f30c4369,600
tcn_384_legacy,0,family_leak,treated,0.8283697950654845,1674,structurally_nonexact,family_f0c0dd7c2f3b6a3f,661
tcn_384_legacy,0,family_leak,treated,1.3059593637226001,2491,structurally_nonexact,family_5aaa5f6f546aa704,105
tcn_384_legacy,0,family_leak,treated,1.4764018887176884,5759,structurally_nonexact,family_78031f033e192cce,11
tcn_384_legacy,0,family_leak,treated,0.8787882924079895,467,structurally_nonexact,family_961cefc620e3d5ab,408
tcn_384_legacy,0,family_leak,treated,1.2235047170475617,3303,canonical_event_exact,family_fe2836cc1cef695c,336
tcn_384_legacy,0,family_leak,treated,1.5688318684664488,9124,structurally_nonexact,family_0f71c7e0830e1d85,624
tcn_384_legacy,0,family_leak,treated,0.8056438433263016,6286,structurally_nonexact,family_2dbafe5054d4bee7,414
tcn_384_legacy,0,family_leak,treated,1.13763491357869,14987,structurally_nonexact,family_52885ec61f0240b9,687
tcn_384_legacy,0,family_leak,treated,1.233858953880303,5460,structurally_nonexact,family_b88eee6ecd7ef6bc,366
tcn_384_legacy,0,family_leak,treated,1.5754873679838521,20432,structurally_nonexact,family_de67cf52f9a2ce89,267
tcn_384_legacy,0,family_leak,treated,1.385174934004174,854,structurally_nonexact,family_7b8c8789f38183da,317
tcn_384_legacy,0,family_leak,treated,1.0281393722838434,10665,structurally_nonexact,family_774f10d6c3d75980,145
tcn_384_legacy,0,family_leak,treated,0.8720700098108684,29458,structurally_nonexact,family_6fbe37a0a6611f64,520
tcn_384_legacy,0,family_leak,treated,1.1739058683094201,12501,structurally_nonexact,family_c64269798048b60f,666
tcn_384_legacy,0,family_leak,treated,1.2745340570413946,8558,structurally_nonexact,family_f60bd4cc83d02add,618
tcn_384_legacy,0,family_leak,treated,1.5047857761383057,61,structurally_nonexact,family_39f58e2fd604c61e,402
tcn_384_legacy,0,family_leak,treated,1.0187960299386472,1918,structurally_nonexact,family_101bf32d18499c7d,686
tcn_384_legacy,0,family_leak,treated,1.4976556301116943,156,structurally_nonexact,family_e97b637c75aac2b5,637
tcn_384_legacy,0,family_leak,treated,1.371309409163557,12995,structurally_nonexact,family_e2c30beb0d4abeae,477
tcn_384_legacy,0,family_leak,treated,1.3407072331584113,3028,structurally_nonexact,family_581cf690b70ed77f,269
tcn_384_legacy,0,family_leak,treated,1.182387165013074,1789,structurally_nonexact,family_9ccd2f467361ebab,348
tcn_384_legacy,0,family_leak,treated,0.8924646242774388,8256,structurally_nonexact,family_6342008bae187399,615
tcn_384_legacy,0,family_leak,treated,1.638852834701538,266,structurally_nonexact,family_8661140073b6a2ab,691
tcn_384_legacy,0,family_leak,treated,1.0540326320305073,1890,structurally_nonexact,family_1a8ff9e18d3eabea,137
tcn_384_legacy,0,family_leak,treated,1.0327565743122085,8479,structurally_nonexact,family_b324bd83d2be3825,438
tcn_384_legacy,0,family_leak,treated,1.5256623809090977,725,structurally_nonexact,family_23e85181dd747797,695
tcn_384_legacy,0,family_leak,treated,1.475649483281038,9580,structurally_nonexact,family_b3ba3218de08f591,66
tcn_384_legacy,0,family_leak,treated,1.0179495882312073,6949,structurally_nonexact,family_38ddaabf01adae92,106
tcn_384_legacy,0,family_leak,treated,1.1810649049345148,945,structurally_nonexact,family_5405158fe7a3977d,511
tcn_384_legacy,0,family_leak,treated,1.1653944253921509,336,structurally_nonexact,family_e4e4467ef74cc720,428
tcn_384_legacy,0,family_leak,treated,1.4702354421266135,1037,structurally_nonexact,family_4f1b63b3eef9f7d0,531
tcn_384_legacy,0,family_leak,treated,1.6083652139623503,522,structurally_nonexact,family_7a300c986fbfa9f2,165
tcn_384_legacy,0,family_leak,treated,1.473112690268531,463,structurally_nonexact,family_6f0024d47bda9a44,359
tcn_384_legacy,0,family_leak,treated,0.9624931313328939,1191,structurally_nonexact,family_746d1e0c3274827f,466
tcn_384_legacy,0,family_leak,treated,1.3484872570776851,1084,structurally_nonexact,family_6a42731481dda124,419
tcn_384_legacy,0,family_leak,treated,1.6529425704236955,15697,structurally_nonexact,family_0ecded087f80d73b,461
tcn_384_legacy,0,family_leak,treated,1.1970210696741994,5721,structurally_nonexact,family_5facacfb4d33d062,5
tcn_384_legacy,0,family_leak,treated,1.0813449621200562,251,structurally_nonexact,family_5cc4efa05e4dc250,114
tcn_384_legacy,0,family_leak,treated,1.486585099279528,17077,structurally_nonexact,family_4731a6d05dff34ce,132
tcn_384_legacy,0,family_leak,treated,1.3450876613139255,5610,structurally_nonexact,family_c3ae851031cec2bb,663
tcn_384_legacy,0,family_leak,treated,1.0846765762475188,48674,structurally_nonexact,family_30fbd9977a220042,589
tcn_384_legacy,0,family_leak,treated,1.1948581483420424,508,structurally_nonexact,family_e3c89d0945320ec5,3
tcn_384_legacy,0,family_leak,treated,1.4717466622264546,639,structurally_nonexact,family_f99e7467cfd91d72,230
tcn_384_legacy,0,family_leak,treated,1.271898327593233,3294,structurally_nonexact,family_0a0ff01b239a934a,415
tcn_384_legacy,0,family_leak,treated,1.0650572776794434,166,structurally_nonexact,family_5ebcadebe538bd59,272
tcn_384_legacy,0,family_leak,treated,1.056262649246273,533,structurally_nonexact,family_2fe71bb032cb85fe,184
tcn_384_legacy,0,family_leak,treated,1.1249825671976368,6626,structurally_nonexact,family_e0f7e5849dbe9388,513
tcn_384_legacy,0,family_leak,treated,1.2680285503345934,3859,structurally_nonexact,family_c3abd4306e03adf2,290
tcn_384_legacy,0,family_leak,treated,0.9688655787587854,1559,structurally_nonexact,family_83b27a32aa56f9dc,485
tcn_384_legacy,0,family_leak,treated,1.4881882413604555,2535,structurally_nonexact,family_fa3341292470541d,226
tcn_384_legacy,0,family_leak,treated,0.9943336920581595,548,canonical_event_exact,family_15b8f6d235825863,7
tcn_384_legacy,0,family_leak,treated,1.0135630583998374,10236,structurally_nonexact,family_a95aeca85317a04d,401
tcn_384_legacy,0,family_leak,treated,1.2167235562634673,7309,structurally_nonexact,family_3dffb074803c8f80,376
tcn_384_legacy,0,family_leak,treated,1.4661242760877629,1026,structurally_nonexact,family_1cfa4116628ae42e,681
tcn_384_legacy,0,family_leak,treated,1.3387395574896324,1238,structurally_nonexact,family_f53ae103dc0def58,261
tcn_384_legacy,0,family_leak,treated,1.2505196836815384,1287,structurally_nonexact,family_3db848c291e71542,123
tcn_384_legacy,0,family_leak,treated,1.424548458161382,3583,structurally_nonexact,family_76f3986b08ecfc19,97
tcn_384_legacy,0,family_leak,treated,0.9521625552710415,13214,structurally_nonexact,family_121eefce620403f7,295
tcn_384_legacy,0,family_leak,treated,1.4065746617122845,20977,structurally_nonexact,family_8aff46e64d1c8360,286
tcn_384_legacy,0,family_leak,treated,1.2344582180262382,4952,structurally_nonexact,family_debbecc1e7f77f3e,20
tcn_384_legacy,0,family_leak,treated,0.9927339432211388,1779,structurally_nonexact,family_f19aa9a5e722eb61,379
tcn_384_legacy,0,family_leak,treated,1.219165482337153,1815,structurally_nonexact,family_d0b38ee50d018148,664
tcn_384_legacy,0,family_leak,treated,1.1617564180412807,1036,structurally_nonexact,family_aad2d66dec95dc7a,569
tcn_384_legacy,0,family_leak,treated,1.1213865487708659,985,structurally_nonexact,family_59add5a121b9a616,451
tcn_384_legacy,0,family_leak,treated,1.3834967678489052,12091,structurally_nonexact,family_c2d4ffa1539bdafe,263
tcn_384_legacy,0,family_leak,treated,1.3595166365030829,1157,structurally_nonexact,family_58a5b18cf3751bf1,41
tcn_384_legacy,0,family_leak,treated,1.1756775098908283,638,structurally_nonexact,family_8f08581ca21b6c6f,539
tcn_384_legacy,0,family_leak,treated,1.2047220225199446,5203,structurally_nonexact,family_5d6a15b20dff7233,33
tcn_384_legacy,0,family_leak,treated,1.1864657642819532,1312,structurally_nonexact,family_eacebc389812585f,693
tcn_384_legacy,0,family_leak,treated,1.2519402887581954,578,structurally_nonexact,family_3bd7e5ca43f02666,476
tcn_384_legacy,0,family_leak,treated,0.8784618542112154,377,structurally_nonexact,family_da2cbb03fa208ffc,65
tcn_384_legacy,0,family_leak,treated,1.100189394476089,15281,structurally_nonexact,family_5fe0b889b5279fed,275
tcn_384_legacy,0,family_leak,treated,1.094019815462445,654,structurally_nonexact,family_58c32a6b58cc329f,505
tcn_384_legacy,0,family_leak,treated,1.256508313057462,4931,structurally_nonexact,family_d4c8efafc098f593,580
tcn_384_legacy,0,family_leak,treated,0.9820721473761128,6166,structurally_nonexact,family_853b6705e7d7e7a9,509
tcn_384_legacy,0,family_leak,treated,1.2943850862811557,1558,canonical_event_exact,family_7c104874587dddcc,324
tcn_384_legacy,0,family_leak,treated,1.4273263272668353,3893,structurally_nonexact,family_2eec85a0fe915e64,326
tcn_384_legacy,0,family_leak,treated,1.0521741049744884,1189,structurally_nonexact,family_08157e0ead630e5c,623
tcn_384_legacy,0,family_leak,treated,1.6276505221660171,12275,structurally_nonexact,family_67cf34a836b9cd6c,473
tcn_384_legacy,0,family_leak,treated,1.2890299838340118,3188,structurally_nonexact,family_a03ac5414952d229,344
tcn_384_legacy,0,family_leak,treated,1.7135628218939216,5109,structurally_nonexact,family_4da27be0a15493fc,455
tcn_384_legacy,0,family_leak,control,1.7610855102539062,86,,family_8353c8bc6b1abe91,231
tcn_384_legacy,0,family_leak,control,1.0924288034439087,281,,family_a21b0655ee8718e3,44
tcn_384_legacy,0,family_leak,control,1.2693423156604051,1492,,family_828011733ff46fcc,135
tcn_384_legacy,0,family_leak,control,1.430409982152607,92,,family_c352cf53fe360f50,89
tcn_384_legacy,0,family_leak,control,1.3111025492350261,543,,family_581b417d448220ce,278
tcn_384_legacy,0,family_leak,control,1.2075727669410714,4997,,family_c5e7a2f4ebdc9ce7,523
tcn_384_legacy,0,family_leak,control,1.6470032718860959,23970,,family_942d0bbb1f3057b7,117
tcn_384_legacy,0,family_leak,control,1.421866003140297,1957,,family_e8f2414f825f028e,21
tcn_384_legacy,0,family_leak,control,1.4365160478630483,24928,,family_d9eece89cdccb42e,318
tcn_384_legacy,0,family_leak,control,1.4093300721073407,2226,,family_159334980be342ce,590
tcn_384_legacy,0,family_leak,control,1.0371146690973223,9706,,family_5cc3056db91c371f,475
tcn_384_legacy,0,family_leak,control,1.2951989007660418,14644,,family_cac05bc962cb19ae,529
tcn_384_legacy,0,family_leak,control,1.3018629117036047,794,,family_91b28d898f74de65,458
tcn_384_legacy,0,family_leak,control,1.2114310256636582,2249,,family_0ed7b687c2bbe731,679
tcn_384_legacy,0,family_leak,control,1.3730452887010482,2076,,family_c09c42656e829799,75
tcn_384_legacy,0,family_leak,control,1.260159211953481,8400,,family_5029829bbea32071,45
tcn_384_legacy,0,family_leak,control,1.0799585092830133,2361,,family_b524f58169d7a062,422
tcn_384_legacy,0,family_leak,control,1.1344321942274853,20104,,family_e449d968e1ca6e62,481
tcn_384_legacy,0,family_leak,control,1.6305100136674782,3217,,family_f176b8796acaf1a3,449
tcn_384_legacy,0,family_leak,control,1.7398268365772311,13053,,family_2aacce96c1e48e02,43
tcn_384_legacy,0,family_leak,control,0.8655603333051871,22913,,family_95e00157e6b24668,246
tcn_384_legacy,0,family_leak,control,1.7190365253610813,11280,,family_c83ce9a767947dac,169
tcn_384_legacy,0,family_leak,control,1.598664224900856,18996,,family_c00a93f90020b6fe,255
tcn_384_legacy,0,family_leak,control,1.2943246364593506,226,,family_4388b443af85145b,182
tcn_384_legacy,0,family_leak,control,0.9916413520911496,5102,,family_090556d6964926b6,696
tcn_384_legacy,0,family_leak,control,1.4645208385787014,997,,family_517a76fa41613984,435
tcn_384_legacy,0,family_leak,control,1.4666246175765991,331,,family_d5117873cfa5f4e7,403
tcn_384_legacy,0,family_leak,control,1.2710252884859217,5289,,family_5c4b107ad8b67511,39
tcn_384_legacy,0,family_leak,control,1.0205432519517013,2157,,family_6b39589c59910bc9,527
tcn_384_legacy,0,family_leak,control,1.3591442108154297,557,,family_09e71dae304bced8,407
tcn_384_legacy,0,family_leak,control,1.0790487341503003,7005,,family_7ab40688290292cb,699
tcn_384_legacy,0,family_leak,control,1.1983224382374131,3615,,family_c9287c1de390bb4b,287
tcn_384_legacy,0,family_leak,control,1.2067747637355202,3531,,family_b82550e1d139176a,133
tcn_384_legacy,0,family_leak,control,1.651173892131079,4469,,family_5ead6639536180b8,16
tcn_384_legacy,0,family_leak,control,0.6554535298100572,3148,,family_c200a4f65bbc5209,270
tcn_384_legacy,0,family_leak,control,1.2088462694928142,6866,,family_104496edebed4f61,385
tcn_384_legacy,0,family_leak,control,1.5354962203820408,4592,,family_843833735eeb7063,519
tcn_384_legacy,0,family_leak,control,1.387750061902594,940,,family_9c25f8a3328ce8da,494
tcn_384_legacy,0,family_leak,control,1.1583608747466645,11819,,family_8adb1a64e2eed3ab,400
tcn_384_legacy,0,family_leak,control,1.400479512902263,638,,family_1f464d80218f494a,150
tcn_384_legacy,0,family_leak,control,1.2122658198059442,1566,,family_cb2f86c88344d124,572
tcn_384_legacy,0,family_leak,control,1.5008903550327912,2465,,family_7d2361899b55eee8,522
tcn_384_legacy,0,family_leak,control,1.3041268929126604,2886,,family_056399865754201e,177
tcn_384_legacy,0,family_leak,control,1.3351390462695438,7537,,family_048732487ed12eba,266
tcn_384_legacy,0,family_leak,control,1.0968917608261108,266,,family_1d8665cf98427374,632
tcn_384_legacy,0,family_leak,control,1.2744261163728452,8124,,family_7b7a14e1daaa4e52,207
tcn_384_legacy,0,family_leak,control,1.03144683007038,1980,,family_ace63736575276fd,76
tcn_384_legacy,0,family_leak,control,1.3023477792739868,381,,family_471c422daeefac7a,24
tcn_384_legacy,0,family_leak,control,1.4260801764089572,2354,,family_484de8ba061636e2,134
tcn_384_legacy,0,family_leak,control,0.7622708961925405,748,,family_a8edfe7c17d49498,142
tcn_384_legacy,0,family_leak,control,1.6611388485645373,3704,,family_fc41e434d5d7e595,413
tcn_384_legacy,0,family_leak,control,0.8057709680902535,1439,,family_309d1ff512e1e9a9,426
tcn_384_legacy,0,family_leak,control,1.310154397951137,10437,,family_d16673229b6e8db9,273
tcn_384_legacy,0,family_leak,control,1.2513616217160517,1146,,family_9e8b2eb6ec3ec445,96
tcn_384_legacy,0,family_leak,control,1.310877168121298,11034,,family_50f05ec6e42283bd,153
tcn_384_legacy,0,family_leak,control,1.3032339424613972,373,,family_341df9602a2ccf1e,649
tcn_384_legacy,0,family_leak,control,1.2301433242621285,6341,,family_352e44896c06757b,543
tcn_384_legacy,0,family_leak,control,1.2738292516010106,407,,family_0b0978005887e1a2,474
tcn_384_legacy,0,family_leak,control,1.565709517609638,9756,,family_e0804d88b4e3c086,464
tcn_384_legacy,0,family_leak,control,1.8129591710874986,5497,,family_7136d870073b72bf,492
tcn_384_legacy,0,family_leak,control,1.6145821973079075,4898,,family_90e53f43974a85ff,305
tcn_384_legacy,0,family_leak,control,0.8186532935137399,8758,,family_ba0bab377b74f9bc,593
tcn_384_legacy,0,family_leak,control,1.2551319281142783,3385,,family_dd7fe974853169e3,340
tcn_384_legacy,0,family_leak,control,1.253730820718019,14375,,family_89e820583b7bf692,521
tcn_384_legacy,0,family_leak,control,1.051125485932028,5387,,family_c3c5b7b46ed5cca4,604
tcn_384_legacy,0,family_leak,control,1.6247124285596872,2595,,family_13478cc2fa596f00,676
tcn_384_legacy,0,family_leak,control,1.3177613085671263,2122,,family_4b791b52cdbf0c94,342
tcn_384_legacy,0,family_leak,control,1.5480438839821589,1554,,family_24beda513cb73140,190
tcn_384_legacy,0,family_leak,control,1.3188035489518048,2574,,family_bd2e09f5164640ac,355
tcn_384_legacy,0,family_leak,control,1.4014568222296204,14722,,family_d90c907b60f5db7e,227
tcn_384_legacy,0,family_leak,control,1.4687259197235107,608,,family_0a1d834f1fc5ec9d,397
tcn_384_legacy,0,family_leak,control,1.2317637226308105,619,,family_bd36f067059fa430,608
tcn_384_legacy,0,family_leak,control,1.1040402500500799,10380,,family_9d3263359149060b,174
tcn_384_legacy,0,family_leak,control,1.2011922597885132,96,,family_701911482f478840,164
tcn_384_legacy,0,family_leak,control,1.112956297425187,1297,,family_a69d52c7adca6131,688
tcn_384_legacy,0,family_leak,control,1.3256490726502352,911,,family_0907d69883a983d5,125
tcn_384_legacy,0,family_leak,control,1.1158619643986225,10000,,family_6aa82ca2608dc1b1,23
tcn_384_legacy,0,family_leak,control,1.2630948017297225,7247,,family_0b7d7d5455b615a1,306
tcn_384_legacy,0,family_leak,control,0.8012231361718826,810,,family_6ff7124bfcd14a0c,545
tcn_384_legacy,0,family_leak,control,1.1937819947313546,2128,,family_b8051512c4e658bb,180
tcn_384_legacy,0,family_leak,control,1.1611534156409244,1907,,family_419159423badc2ef,391
tcn_384_legacy,0,family_leak,control,1.4596014230555534,7116,,family_330ff47988f3581a,291
tcn_384_legacy,0,family_leak,control,1.2715690076876507,6921,,family_c2708c9ff73ceb82,660
tcn_384_legacy,0,family_leak,control,1.3762531187762652,4344,,family_ddb1afd90e017414,484
tcn_384_legacy,0,family_leak,control,1.6035112879107891,4446,,family_354a6fa9839f5265,196
tcn_384_legacy,0,family_leak,control,0.7266015925042616,1647,,family_25637fe768f1ed97,602
tcn_384_legacy,0,family_leak,control,1.2928773945028131,1815,,family_c8d9a7933734de14,232
tcn_384_legacy,0,family_leak,control,1.1411481552897749,12979,,family_5dfcdbc50b497fa3,241
tcn_384_legacy,0,family_leak,control,1.7038067303463855,2723,,family_cb79ab953eb3a23e,425
tcn_384_legacy,0,family_leak,control,1.1609104614472017,4096,,family_4cbe524347d5770f,442
tcn_384_legacy,0,family_leak,control,1.181808331804903,4361,,family_584bf061d2625f25,495
tcn_384_legacy,0,family_leak,control,1.2408099174499512,251,,family_56890c17b9133ef4,506
tcn_384_legacy,0,family_leak,control,0.6668375801182155,2640,,family_205aeeeda178f7ca,644
tcn_384_legacy,0,family_leak,control,1.7392991781234741,56,,family_3179470752a6d838,18
tcn_384_legacy,0,family_leak,control,1.4870163647177737,7232,,family_7659084f070baf14,130
tcn_384_legacy,0,family_leak,control,1.3800776546991558,16261,,family_2210ee0a2c3ccbc9,396
tcn_384_legacy,0,family_leak,control,1.018790738835493,7863,,family_d20f6f896d965906,310
tcn_384_legacy,0,family_leak,control,1.271488250660974,1228,,family_9ba17784e54ec105,163
tcn_384_legacy,0,family_leak,control,1.2129514809869975,2684,,family_28cc6a5379f62efc,84
tcn_384_legacy,0,family_leak,control,1.5109575496897416,3596,,family_cd85f816dfda97e0,601
tcn_384_legacy,0,family_leak,control,0.9303533779267497,23809,,family_6c5d60bd118ca08d,493
tcn_384_legacy,0,family_leak,control,1.1498603277094426,9452,,family_a6b3f3bba1c3ea38,611
tcn_384_legacy,0,family_leak,control,1.3088410491320357,995,,family_46ccb6e3625b0d26,559
tcn_384_legacy,0,family_leak,control,1.0062575139562788,13925,,family_b6c76ee6e1fbdad4,617
tcn_384_legacy,0,family_leak,control,1.560001192089118,8836,,family_eb5f13fb7b1698a7,433
tcn_384_legacy,0,family_leak,control,1.1434802880390085,417,,family_0928b40aaefe1e43,616
tcn_384_legacy,0,family_leak,control,1.6121431589126587,51,,family_e8cb312f6947fae2,578
tcn_384_legacy,0,family_leak,control,1.3722017292804767,3890,,family_50833a4ebce7122c,103
tcn_384_legacy,0,family_leak,control,1.3958150148391724,216,,family_e52a55fe95cda992,463
tcn_384_legacy,0,family_leak,control,2.106710541433374,17522,,family_65e575b20c174fd7,479
tcn_384_legacy,0,family_leak,control,1.3277693327752116,9258,,family_c4cc5f62a0ab31c3,276
tcn_384_legacy,0,family_leak,control,1.5772877153272344,6370,,family_a6fc375b5cc488f5,95
tcn_384_legacy,0,family_leak,control,0.6236891296266376,1157,,family_6d128cd3979417a4,423
tcn_384_legacy,0,family_leak,control,0.8792488021601783,4638,,family_01bdfbf40b1dfff5,139
tcn_384_legacy,0,family_leak,control,1.3490155215044703,7458,,family_b55c602531d8b111,556
tcn_384_legacy,0,family_leak,control,1.0616847949200023,11061,,family_150827bde0e3f90f,689
tcn_384_legacy,0,family_leak,control,1.2213121928160007,10400,,family_41293800444fbe3e,108
tcn_384_legacy,0,family_leak,control,1.6554352781889123,14488,,family_0ffae0bc1065eadf,60
tcn_384_legacy,0,family_leak,control,0.8187835515953626,4656,,family_483585a89e5ae17f,34
tcn_384_legacy,0,family_leak,control,1.3748055822278824,815,,family_0c5e308d08929fa4,247
tcn_384_legacy,0,family_leak,control,0.9759519696235657,391,,family_07575db7931c72ea,300
tcn_384_legacy,0,family_leak,control,1.3619122505187988,191,,family_efb0835b02015240,528
tcn_384_legacy,0,family_leak,control,1.3637206654668659,3258,,family_94692368e418ed72,173
tcn_384_legacy,0,family_leak,control,1.042826662460963,252,,family_46e2de939a29fd34,429
tcn_384_legacy,0,family_leak,control,1.3359764576277848,746,,family_39754d1db81a7bf4,127
tcn_384_legacy,0,family_leak,control,1.1717818334494552,3212,,family_b964a57ffbddf6a6,534
tcn_384_legacy,0,family_leak,control,1.711532350953207,17312,,family_71b144025f52e59c,140
tcn_384_legacy,0,family_leak,control,1.4688004676148614,1218,,family_4bf6d11e259630c1,532
tcn_384_legacy,0,family_leak,control,1.4819976182227976,2677,,family_a164057d15ea429a,698
tcn_384_legacy,0,family_leak,control,1.5892095014193677,2414,,family_24dfe3f15bbe835d,243
tcn_384_legacy,0,family_leak,control,1.0843235193466654,588,,family_cb2cf90a481fb793,606
tcn_384_legacy,0,family_leak,control,0.8452522525469247,10358,,family_c874ed8859d535ca,362
tcn_384_legacy,0,family_leak,control,1.4484424851558826,810,,family_9d706bbe5906e6bc,93
tcn_384_legacy,0,family_leak,control,0.8868896239645238,13562,,family_bb5eaea47e3db521,158
tcn_384_legacy,0,family_leak,control,1.2399764897723267,10960,,family_2e23a957596c94a1,452
tcn_384_legacy,0,family_leak,control,1.408226045744553,1318,,family_190ff6b8b86c31bd,387
tcn_384_legacy,0,family_leak,control,1.2256468505450322,22265,,family_1dbac5e5dc15225e,284
tcn_384_legacy,0,family_leak,control,1.3372144221096396,10659,,family_d12ec1205e2b38f3,258
tcn_384_legacy,0,family_leak,control,1.4059793099808617,939,,family_fe64b9392ac59945,54
tcn_384_legacy,0,family_leak,control,1.2727528951220328,593,,family_cb8273cf04ee6422,58
tcn_384_legacy,0,family_leak,control,1.4254611295024444,10770,,family_52fcc2a430ac1dfe,46
tcn_384_legacy,0,family_leak,control,1.396388054788713,48634,,family_d73cd491d1cc376e,313
tcn_384_legacy,0,family_leak,control,0.9370561242103577,402,,family_896e6058475d85c2,504
tcn_384_legacy,0,family_leak,control,1.197169303894043,271,,family_dc605f4c0311b69b,77
tcn_384_legacy,0,family_leak,control,1.2490653991699219,418,,family_9d9014958e229b26,71
tcn_384_legacy,0,family_leak,control,1.0354313596252822,3410,,family_8cba6a895a1eda02,353
tcn_384_legacy,0,family_leak,control,1.1968520445616562,7782,,family_f139578e4dab698a,80
tcn_384_legacy,0,family_leak,control,0.8133716487323442,8966,,family_6d75ac5f58d11f18,217
tcn_384_legacy,0,family_leak,control,1.239144340712803,6494,,family_5990a7393b1bfc0a,31
tcn_384_legacy,0,family_leak,control,1.3583111342488754,1854,,family_284fbbf34df3f7e8,100
tcn_384_legacy,0,family_leak,control,1.3428088297226326,857,,family_b49585225cf5c0d6,558
tcn_384_legacy,0,family_leak,control,1.2303352505691207,6393,,family_f5c26ed350b4ab73,37
tcn_384_legacy,0,family_leak,control,1.476338555138315,8674,,family_bfddaa9b983612cd,667
tcn_384_legacy,0,family_leak,control,1.170787615919113,2500,,family_d1efa3da7bf90eef,672
tcn_384_legacy,0,family_leak,control,1.3418538252488392,3281,,family_e27845ea1d3c17f5,418
tcn_384_legacy,0,family_leak,control,1.1837828159332275,41,,family_b7f94b3542a0da7d,609
tcn_384_legacy,0,family_leak,control,1.025482325463767,12830,,family_73ee2da564c3d39b,462
tcn_384_legacy,0,family_leak,control,1.253703981746961,4101,,family_7b40d80764230547,533
tcn_384_legacy,0,family_leak,control,1.0105201754270747,9640,,family_d14815f8add032f5,508
tcn_384_legacy,0,family_leak,control,1.2778648754989166,9584,,family_998e2240a156ecdd,138
tcn_384_legacy,0,family_leak,control,1.2604550123214722,186,,family_38899c6e7a885c05,110
tcn_384_legacy,0,family_leak,control,1.408467663363741,3903,,family_fcc0832c532eec68,188
tcn_384_legacy,0,family_leak,control,1.0647827172864806,1181,,family_a6a06fcf0eb60a8c,579
tcn_384_legacy,0,family_leak,control,1.5480856281958673,48390,,family_70cece08fb91854c,12
tcn_384_legacy,0,family_leak,control,1.3009798799310006,503,,family_4b94b213c3d4fa08,168
tcn_384_legacy,0,family_leak,control,1.5853881355013273,12892,,family_0a7cb9ca8662c54b,551
tcn_384_legacy,0,family_leak,control,1.1004869937896729,356,,family_f38ebbcef90914e9,8
tcn_384_legacy,0,family_leak,control,1.3969996978422838,2004,,family_fc2ade3f73bf052f,380
tcn_384_legacy,0,family_leak,control,1.197013020515442,502,,family_2e9be0de8753a286,203
tcn_384_legacy,0,family_leak,control,1.1307098028507638,987,,family_b0b662377a329d27,581
tcn_384_legacy,0,family_leak,control,1.1246697902679443,356,,family_28e240b156c54585,629
tcn_384_legacy,0,family_leak,control,1.3394700852542498,12262,,family_b285992ddbc1ba24,81
tcn_384_legacy,0,family_leak,control,1.4431181763503782,29811,,family_941fe9b7f6e42836,62
tcn_384_legacy,0,family_leak,control,1.6688037920922707,1702,,family_7e5d0f85c7938ae7,245
tcn_384_legacy,0,family_leak,control,1.5584143122022627,2717,,family_ade1acf63d403dff,102
tcn_384_legacy,0,family_leak,control,1.2645093474582911,6022,,family_eb75a33dade5cdeb,678
tcn_384_legacy,0,family_leak,control,1.3691204622001083,1618,,family_236c05b0b6b045cb,143
tcn_384_legacy,0,family_leak,control,1.1363616912710648,669,,family_707a4103f358feb3,288
tcn_384_legacy,0,family_leak,control,0.4120451509952545,96,,family_21b728ec668b432d,631
tcn_384_legacy,0,family_leak,control,1.1464359464016343,849,,family_7df5e4cd2001efeb,612
tcn_384_legacy,0,family_leak,control,1.3012114497443987,8476,,family_5cdee57343206eb1,13
tcn_384_legacy,0,family_leak,control,1.4072847984268166,708,,family_fbb60f07539bf74a,283
tcn_384_legacy,0,family_leak,control,1.378958398955209,945,,family_52d508d06e660fb2,122
tcn_384_legacy,0,family_leak,control,1.2129388110078916,10036,,family_24c49b2dbbea0ff6,322
tcn_384_legacy,0,family_leak,control,1.0676367198428738,4073,,family_a3988b9597f6817f,571
tcn_384_legacy,0,family_leak,control,1.5692118300367854,12548,,family_4a8fbe9c547e5ce4,98
tcn_384_legacy,0,family_leak,control,0.9329150915145874,216,,family_51048182ed7b4454,512
tcn_384_legacy,0,family_leak,control,1.1185332536697388,186,,family_7224c63d7d5f2b96,262
tcn_384_legacy,0,family_leak,control,0.9407581090927124,181,,family_643cfac776d5dea8,683
tcn_384_legacy,0,family_leak,control,0.7415488581225722,12040,,family_619fe82eb42ec462,209
tcn_384_legacy,0,family_leak,control,1.5085095037472163,4835,,family_9b1625bc030f3790,79
tcn_384_legacy,0,family_leak,control,1.3123275237140886,10375,,family_edc93bd478511702,202
tcn_384_legacy,0,family_leak,control,1.375455379486084,276,,family_7acbab6855200014,51
tcn_384_legacy,0,family_leak,control,0.932649624618617,660,,family_db6f9992bb16df2a,126
tcn_384_legacy,0,family_leak,control,1.0299569824299806,2812,,family_b2aa288c70165e5f,70
tcn_384_legacy,0,family_leak,control,1.1677707515843345,6995,,family_cc532019d574a61c,655
tcn_384_legacy,0,family_leak,control,1.234766049841617,940,,family_b16072295921a493,357
tcn_384_legacy,0,family_leak,control,1.0453603528054358,966,,family_b4b1c2ecb31b907a,315
tcn_384_legacy,0,family_leak,control,1.2077887706191532,15485,,family_0d4a945b85bbaaba,370
tcn_384_legacy,0,family_leak,control,1.248175155660359,3868,,family_97b8d4d98ee960bf,557
tcn_384_legacy,0,family_leak,control,1.109217731312939,3384,,family_f7a86802e4f557fd,235
tcn_384_legacy,0,family_leak,control,1.0637106041356916,3347,,family_e0c21fc7c10d2034,430
tcn_384_legacy,0,family_leak,control,0.936930764036031,4396,,family_d5bc4e01b0b8bac6,111
tcn_384_legacy,0,family_leak,control,1.1087644307480162,1754,,family_57eac865a7f36b7c,323
tcn_384_legacy,0,family_leak,control,1.0228317514709804,1495,,family_96a402e381d595c2,42
tcn_384_legacy,0,family_leak,control,0.9448122274744641,910,,family_0753f5ee1792042c,330
tcn_384_legacy,0,family_leak,control,1.8300682760490554,5656,,family_f170aad69aff7478,364
tcn_384_legacy,0,family_leak,control,1.1619711148444796,4216,,family_731071db0d9fbdbe,386
tcn_384_legacy,0,family_leak,control,1.1995096873874347,9071,,family_4582dbaeae746fdb,311
tcn_384_legacy,0,family_leak,control,1.261953293399922,3601,,family_37f5f4cedb55aeea,383
tcn_384_legacy,0,family_leak,control,1.2113114783622347,5862,,family_f5b2bdc32c7d9391,603
tcn_384_legacy,0,family_leak,control,1.2374134593028359,518,,family_5c7b977277b847b2,690
tcn_384_legacy,0,family_leak,control,1.2536143250456322,3154,,family_c35a6abc1d407f4a,694
tcn_384_legacy,0,family_leak,control,1.4149985680600259,3792,,family_e7af2e4cd0151c75,156
tcn_384_legacy,0,family_leak,control,1.5480171343743871,849,,family_16c1d42e507896a8,240
tcn_384_legacy,0,family_leak,control,0.9631850281018459,14431,,family_b387fed6ef4479f5,399
tcn_384_legacy,0,family_leak,control,1.1744342011911906,7073,,family_5d24c227f0462f74,439
tcn_384_legacy,0,family_leak,control,1.5898312160428965,3180,,family_37347c6729a17ba5,274
tcn_384_legacy,0,family_leak,control,1.0770814913099354,1201,,family_31b6d88b207ec253,27
tcn_384_legacy,0,family_leak,control,0.7425895771785234,7224,,family_4694d2838960b723,224
tcn_384_legacy,0,family_leak,control,1.4721104964708625,7552,,family_e0952099c8a720c3,570
tcn_384_legacy,0,family_leak,control,1.1508429050445557,256,,family_c59f3ed95a508878,595
tcn_384_legacy,0,family_leak,control,1.4153645931501602,4574,,family_4cb23b14e3d36b0d,57
tcn_384_legacy,0,family_leak,control,1.0658507384359837,544,,family_aebb5b803b4c0278,208
tcn_384_legacy,0,family_leak,control,1.1638015508651733,412,,family_71e38421debc9320,159
tcn_384_legacy,0,family_leak,control,1.4077033420451217,1257,,family_d4e91cd391597bfb,377
tcn_384_legacy,0,family_leak,control,1.2975145309544458,337,,family_a458e18ffb59cdc5,670
tcn_384_legacy,0,family_leak,control,1.5485174494995806,5519,,family_47ba9ddc476931a4,621
tcn_384_legacy,0,family_leak,control,1.2799107692288267,3121,,family_f95fe97783adac95,52
tcn_384_legacy,0,family_leak,control,1.462219596900251,3488,,family_dc0b5179722e8fe5,61
tcn_384_legacy,0,family_leak,control,1.2231580269495117,1204,,family_e4b55ba694cc08da,597
tcn_384_legacy,0,family_leak,control,1.4453689625971267,10856,,family_85905b5b7536d21a,124
tcn_384_legacy,0,family_leak,control,1.151645289494405,2029,,family_19989c971f68ce4b,501
tcn_384_legacy,0,family_leak,control,1.3355004885845159,739,,family_59bfc8c37fa36b20,599
tcn_384_legacy,0,family_leak,control,1.0977659132458897,7902,,family_f84e475cf4f80566,584
tcn_384_legacy,0,family_leak,control,1.1828475059442534,3715,,family_4dadeb8474fe8ff9,10
tcn_384_legacy,0,family_leak,control,1.293307180471911,7658,,family_907fa6edb24e0ed3,440
tcn_384_legacy,0,family_leak,control,0.8718444285443507,2631,,family_0d0b16856dabcffa,128
tcn_384_legacy,0,family_leak,control,1.4740996160592441,9510,,family_e5b3c0aff0dd05ec,187
tcn_384_legacy,0,family_leak,control,1.4410349604378947,8105,,family_eefe9fe6b23e51c4,88
tcn_384_legacy,0,family_leak,control,1.3011568559082138,6731,,family_b673e0fc724a479d,112
tcn_384_legacy,0,family_leak,control,1.1679879238231565,3392,,family_e07911eb7022fd85,193
tcn_384_legacy,0,family_leak,control,1.9762543047437016,161,,family_b207295fbdf40272,684
tcn_384_legacy,0,family_leak,control,1.1825313684031282,11873,,family_de9c72ef62ac72df,74
tcn_384_legacy,0,family_leak,control,1.2514428004711433,3517,,family_aa86dc70aa03289b,35
tcn_384_legacy,0,family_leak,control,0.9522959447114473,3793,,family_2f904d1499c3c221,412
tcn_384_legacy,0,family_leak,control,1.0291081456023181,1899,,family_7ea59bf5d40f5c4f,375
tcn_384_legacy,0,family_leak,control,1.1707110488834094,5771,,family_1ed29ad6679ffb57,553
tcn_384_legacy,0,family_leak,control,1.5625512570157551,20130,,family_cedb480383e32e92,645
tcn_384_legacy,0,family_leak,control,1.2643295586949792,5956,,family_c676713b17e94995,515
tcn_384_legacy,0,family_leak,control,1.0506479709845855,4820,,family_ab81517fb265a914,236
tcn_384_legacy,0,family_leak,control,1.2500234314065048,2760,,family_a3a83feb27470fd8,536
tcn_384_legacy,0,family_leak,control,1.2281937661537756,2600,,family_8da1a87adf970316,341
tcn_384_legacy,0,family_leak,control,1.5736446135614548,11084,,family_48362ee4e66fbdca,221
tcn_384_legacy,0,family_leak,control,1.192538946102827,624,,family_16727aa87b392f1f,30
tcn_384_legacy,0,family_leak,control,1.0110849024338295,5746,,family_8b45b52019b254b0,197
tcn_384_legacy,0,family_leak,control,1.3481144118515456,8431,,family_ec04895340d4fdc3,350
tcn_384_legacy,0,family_leak,control,1.1698156817110976,865,,family_73822ea66fa7eeb0,448
tcn_384_legacy,0,family_leak,control,1.1274566432123725,4626,,family_e8b54594efd4b9e6,107
tcn_384_legacy,0,family_leak,control,1.7279214652402957,4714,,family_7cc11ff05363ef06,335
tcn_384_legacy,0,family_leak,control,1.2801066829503263,2013,,family_ab3d2680525ee608,191
tcn_384_legacy,0,family_leak,control,2.0097602984227887,18363,,family_11328ccfc215dfa8,390
tcn_384_legacy,0,family_leak,control,1.7602805198808382,3418,,family_845d068ba0824cf7,443
tcn_384_legacy,0,family_leak,control,1.2189048021057851,6120,,family_1e46a30df40c6200,692
tcn_384_legacy,0,family_leak,control,1.0823173747503982,1221,,family_e3d7b72a268ee197,144
tcn_384_legacy,0,family_leak,control,0.867767194770037,10890,,family_bc785f448eebf656,546
tcn_384_legacy,0,family_leak,control,1.5216284048118267,353,,family_acb335d44fa9df56,349
tcn_384_legacy,0,family_leak,control,1.6295062082837213,2544,,family_b9da95162a284b4f,298
tcn_384_legacy,0,family_leak,control,1.2395670413970947,226,,family_97ecb02c814c9745,63
tcn_384_legacy,0,family_leak,control,1.1591157095503688,1202,,family_2c0b8c4f2526d835,394
tcn_384_legacy,0,family_leak,control,1.0478504573295728,2555,,family_78bbff520ba07726,178
tcn_384_legacy,0,family_leak,control,1.256920048151109,4833,,family_9c778dc897506350,685
tcn_384_legacy,0,family_leak,control,1.2722644335522901,6356,,family_28fe60087b2cd721,332
tcn_384_legacy,0,family_leak,control,0.7836398395507336,12523,,family_0431bffd214ca7bc,257
tcn_384_legacy,0,family_leak,control,0.9088222279625525,5396,,family_c0f46844b9a3878a,542
tcn_384_legacy,0,family_leak,control,1.3523474380432852,759,,family_97885d2353dfa64d,441
tcn_384_legacy,0,family_leak,control,1.4176468027664928,267,,family_09c83fb2711d64d5,564
tcn_384_legacy,0,family_leak,control,1.2929023820609253,15333,,family_a48d659018922846,497
tcn_384_legacy,0,family_leak,control,1.5746260258962292,2798,,family_d52dd246b31007f3,548
tcn_384_legacy,0,family_leak,control,1.5037566578584753,9826,,family_2acca371576a6fd6,363
tcn_384_legacy,0,family_leak,control,1.4547388877147984,16826,,family_08689d6c3fd6e06a,279
tcn_384_legacy,0,family_leak,control,1.3496552261806145,1211,,family_65831b5b1b3a29fa,582
tcn_384_legacy,0,family_leak,control,1.4528310996129972,872,,family_82bd7085a31a7554,147
tcn_384_legacy,0,family_leak,control,1.191792607307434,327,,family_c88efe0ec26b43e3,372
tcn_384_legacy,0,family_leak,control,1.3572579551398913,2254,,family_f45bf2582f059a32,406
tcn_384_legacy,0,family_leak,control,1.396712820901184,2556,,family_35f68b61619872a8,172
tcn_384_legacy,0,family_leak,control,1.826198935508728,131,,family_840a6921e02d98c7,157
tcn_384_legacy,0,family_leak,control,1.328896802516235,5574,,family_07b4a78bd4df5db4,657
tcn_384_legacy,0,family_leak,control,1.0172804356221132,11925,,family_b520ad73480ac213,541
tcn_384_legacy,0,family_leak,control,1.1978680282792837,1554,,family_06501bb82c35d53d,354
tcn_384_legacy,0,family_leak,control,1.2707917220253095,2852,,family_43b744922bc6a2b7,682
tcn_384_legacy,0,family_leak,control,0.8395920977180387,1296,,family_08cdd9141b42b8a6,225
tcn_384_legacy,0,family_leak,control,1.3570089138270727,3477,,family_8dd64a20ac498091,194
tcn_384_legacy,0,family_leak,control,1.3224025399814519,2796,,family_8a75620caa46a4bb,320
tcn_384_legacy,0,family_leak,control,1.054427342866623,2834,,family_7133a47758bc1e83,588
tcn_384_legacy,0,family_leak,control,1.287773847579956,388,,family_7674fcfd8eb0f8a6,365
tcn_384_legacy,0,family_leak,control,1.35337832058483,734,,family_b16129a99034b8c9,498
tcn_384_legacy,0,family_leak,control,1.2615548467708686,3285,,family_9a211141e0be1d71,358
tcn_384_legacy,0,family_leak,control,1.3064798050655533,10652,,family_ad2b3cd2ed862d0c,389
tcn_384_legacy,0,family_leak,control,1.3270611441141806,1863,,family_705c36bdf218eff1,222
tcn_384_legacy,0,family_leak,clean_validation,1.4149594422858491,1121,,family_506bf4406cb0d194,321
tcn_384_legacy,0,family_leak,clean_validation,0.9828861176103786,1035,,family_8c2d85eda3c6c0af,565
tcn_384_legacy,0,family_leak,clean_validation,1.1611840064295178,7667,,family_53d69e3df7c4019e,382
tcn_384_legacy,0,family_leak,clean_validation,1.3313557755537644,1543,,family_0682993cd6dae2ed,549
tcn_384_legacy,0,family_leak,clean_validation,1.1811643985051874,367,,family_c2107d3bea36abf9,72
tcn_384_legacy,0,family_leak,clean_validation,1.5468324153398403,2106,,family_13ece3a8f78f89a2,625
tcn_384_legacy,0,family_leak,clean_validation,1.1714353561401367,301,,family_7535ae77a17dc02e,301
tcn_384_legacy,0,family_leak,clean_validation,1.313153845198611,282,,family_fa76be46983f7f33,530
tcn_384_legacy,0,family_leak,clean_validation,1.4291983148058163,10835,,family_cb253f56c14aaef0,1
tcn_384_legacy,0,family_leak,clean_validation,1.3134568909439472,2180,,family_3e4cb248c8f64e86,86
tcn_384_legacy,0,family_leak,clean_validation,1.1600162982940674,216,,family_8b8ebcd5a49b5c95,447
tcn_384_legacy,0,family_leak,clean_validation,1.0405774772957177,4678,,family_3cd795074901ac53,460
tcn_384_legacy,0,family_leak,clean_validation,1.2731088075873465,688,,family_94d17723c53c0857,457
tcn_384_legacy,0,family_leak,clean_validation,0.6992217645243535,1686,,family_b3d7700f2724b4da,151
tcn_384_legacy,0,family_leak,clean_validation,0.9706566262671504,4418,,family_200325224f3118ec,131
tcn_384_legacy,0,family_leak,clean_validation,1.1964670455575388,598,,family_a2007ec7c2f39458,409
tcn_384_legacy,0,family_leak,clean_validation,1.3324392835790717,2021,,family_0156d6f8bec156a8,264
tcn_384_legacy,0,family_leak,clean_validation,1.0808107567835445,10470,,family_98e69521d6d5ed6a,653
tcn_384_legacy,0,family_leak,clean_validation,1.3239558018361646,1442,,family_d903612ae7a3b48e,633
tcn_384_legacy,0,family_leak,clean_validation,0.8361500577848465,8845,,family_1de7a628296b57e3,92
tcn_384_legacy,0,family_leak,clean_validation,1.152753233909607,261,,family_9868fe525e6f6581,535
tcn_384_legacy,0,family_leak,clean_validation,0.7780751098057389,2133,,family_0f10a03796a0c09e,465
tcn_384_legacy,0,family_leak,clean_validation,1.4140305199092833,4649,,family_c6a487213dca86b0,540
tcn_384_legacy,0,family_leak,clean_validation,1.2701153823805589,5403,,family_4c360aa749c4a1ef,149
tcn_384_legacy,0,family_leak,clean_validation,1.1027828074478232,28440,,family_9cec718d857c608f,115
tcn_384_legacy,0,family_leak,clean_validation,0.6951376815009248,2912,,family_156ffd19a0eec30a,598
tcn_384_legacy,0,family_leak,clean_validation,0.8180949633478231,1477,,family_e4f029933a31381d,573
tcn_384_legacy,0,family_leak,clean_validation,1.4521643181863475,13719,,family_2aeac1591f6f74ea,307
tcn_384_legacy,0,family_leak,clean_validation,1.2749562162579902,697,,family_b476be0b49274370,260
tcn_384_legacy,0,family_leak,clean_validation,1.167382880839937,6384,,family_9d6498c1a4edbe8c,199
tcn_384_legacy,0,family_leak,clean_validation,1.5282253698285255,8797,,family_177773ab1cfd2532,630
tcn_384_legacy,0,family_leak,clean_validation,1.351149851181627,6151,,family_1ea2a219a2bdf844,53
tcn_384_legacy,0,family_leak,clean_validation,1.5068236495022513,1692,,family_3dd1e430f3ee7446,9
tcn_384_legacy,0,family_leak,clean_validation,1.2567493915557861,256,,family_44f2b0e77f4af418,650
tcn_384_legacy,0,family_leak,clean_validation,0.9838447784059896,2099,,family_620599f8e0ecd444,47
tcn_384_legacy,0,family_leak,clean_validation,0.964339554309845,211,,family_1ddad3a2c05e2680,296
tcn_384_legacy,0,family_leak,clean_validation,1.385784203668486,1179,,family_5174bcfb395c6c93,229
tcn_384_legacy,0,family_leak,clean_validation,1.0626203048915055,5284,,family_752e5140a83655db,560
tcn_384_legacy,0,family_leak,clean_validation,1.0351116371112314,4491,,family_ad503dfcc1e63e96,239
tcn_384_legacy,0,family_leak,clean_validation,1.5938015111870723,2725,,family_af0d017372cb2ffa,643
tcn_384_legacy,0,family_leak,clean_validation,1.2756450506796004,15417,,family_83ead3d96159a25d,395
tcn_384_legacy,0,family_leak,clean_validation,1.5098222534872061,20099,,family_03bc829a418eac27,459
tcn_384_legacy,0,family_leak,clean_validation,1.3210027056647826,2869,,family_312947f388fcd367,638
tcn_384_legacy,0,family_leak,clean_validation,1.1221080052143257,1378,,family_b0968c9d92a309da,302
tcn_384_legacy,0,family_leak,clean_validation,0.964988259864395,3434,,family_044026fc250ea949,437
tcn_384_legacy,0,family_leak,clean_validation,1.278804201663025,2460,,family_a77741e8f387ba1b,154
tcn_384_legacy,0,family_leak,clean_validation,1.3153835628112454,1076,,family_e994803a7b762aa2,410
tcn_384_legacy,0,family_leak,clean_validation,1.5728023001859792,7611,,family_6417dd72b6af3eda,404
tcn_384_legacy,0,family_leak,clean_validation,1.3318776395672767,14317,,family_0bab43cce14a333d,471
tcn_384_legacy,0,family_leak,clean_validation,0.5497356825211555,1303,,family_9cc0d2dc7c97039d,213
tcn_384_legacy,0,family_leak,clean_validation,0.8868975691244648,2182,,family_82a4b79ac7e84a17,200
tcn_384_legacy,0,family_leak,clean_validation,1.496066130254369,13780,,family_f4cb6b9481320847,371
tcn_384_legacy,0,family_leak,clean_validation,1.2625438474992634,4024,,family_5bd01148f60d04e0,120
tcn_384_legacy,0,family_leak,clean_validation,0.9127092000059908,1806,,family_17daca9afdd839fe,568
tcn_384_legacy,0,family_leak,clean_validation,1.0933386648011474,538,,family_276804a34673f756,304
tcn_384_legacy,0,family_leak,clean_validation,1.6993969869875996,5998,,family_92b0513dee6f07dd,25
tcn_384_legacy,0,family_leak,clean_validation,1.0816263866511893,1092,,family_9b1a4d796317c86e,613
tcn_384_legacy,0,family_leak,clean_validation,1.3784218170413223,2523,,family_7cf31d6371e489fd,48
tcn_384_legacy,0,family_leak,clean_validation,1.3123408771474898,2766,,family_705d9aa21ef59c14,339
tcn_384_legacy,0,family_leak,clean_validation,1.2935812793792472,8912,,family_e7a8a4c136ad4c88,334
tcn_384_legacy,0,family_leak,clean_validation,0.6152647082958747,654,,family_2cd67233ffc8de8d,587
tcn_384_legacy,0,family_leak,clean_validation,1.205518225066284,4195,,family_61367478b0d50a39,360
tcn_384_legacy,0,family_leak,clean_validation,1.6010602507045344,5468,,family_6a5eb7c975a3a6a8,73
tcn_384_legacy,0,family_leak,clean_validation,1.3567135225733957,3567,,family_e9c05c6e37633fe0,500
tcn_384_legacy,0,family_leak,clean_validation,1.5304070370054261,8451,,family_8209ef2211a8fa80,662
tcn_384_legacy,0,family_leak,clean_validation,1.1985555541008077,1880,,family_534587ddf3c590a6,507
tcn_384_legacy,0,family_leak,clean_validation,1.1045457129831857,13034,,family_88000d4a34b43f6f,109
tcn_384_legacy,0,family_leak,clean_validation,1.3352254629135132,357,,family_09ba6788519a60f2,293
tcn_384_legacy,0,family_leak,clean_validation,1.3078501647938796,3111,,family_3297a1612112b3a9,99
tcn_384_legacy,0,family_leak,clean_validation,1.21722130622936,5018,,family_77156022943ef360,516
tcn_384_legacy,0,family_leak,clean_validation,1.0301800810256119,7328,,family_843eb0e7d3797357,673
tcn_384_legacy,0,family_leak,clean_validation,1.477498575980786,3015,,family_e3e1e8490f43c6b7,67
tcn_384_legacy,0,family_leak,clean_validation,0.8449642555213269,1377,,family_33bc1bfb24a91122,238
tcn_384_legacy,0,family_leak,clean_validation,0.7008646726608276,201,,family_cef9e09ff37dd808,56
tcn_384_legacy,0,family_leak,clean_validation,1.0822511002103365,5248,,family_85be83889927906f,367
tcn_384_legacy,0,family_leak,clean_validation,1.4724419790675478,1727,,family_933c96d2bfde210b,303
tcn_384_legacy,0,family_leak,clean_validation,1.654561348781464,10048,,family_113476d14044fff1,478
tcn_384_legacy,0,family_leak,clean_validation,1.3325473950690077,15822,,family_b2cc89a22bd3650f,259
tcn_384_legacy,0,family_leak,clean_validation,1.2049778058924903,14004,,family_009b778c57456b7a,244
tcn_384_legacy,0,family_leak,clean_validation,1.1439961373617973,1902,,family_38ceea7c76f255b3,343
tcn_384_legacy,0,family_leak,clean_validation,1.4485259056091309,442,,family_7a48a7509f2ed688,646
tcn_384_legacy,0,family_leak,clean_validation,1.5647411080134683,11424,,family_a9e91a290c2b5c30,651
tcn_384_legacy,0,family_leak,clean_validation,0.9269971937139169,3612,,family_b22cb24378dd7aaa,550
tcn_384_legacy,0,family_leak,clean_validation,1.1667525604481006,1179,,family_bdd6debf555477b4,78
tcn_384_legacy,0,family_leak,clean_validation,1.1010545331013597,2478,,family_d997865401469e31,454
tcn_384_legacy,0,family_leak,clean_validation,1.0782514958824843,14923,,family_1a70716ad19cc9d6,328
tcn_384_legacy,0,family_leak,clean_validation,0.9371652182509101,7486,,family_cbf8d1e12b32df90,586
tcn_384_legacy,0,family_leak,clean_validation,1.8287991285324097,102,,family_1423635df94c5343,577
tcn_384_legacy,0,family_leak,clean_validation,1.5646387451896728,6210,,family_5ec977e50f88a732,635
tcn_384_legacy,0,family_leak,clean_validation,2.0828380584716797,46,,family_13449e7cf493b2f6,192
tcn_384_legacy,0,family_leak,clean_validation,1.5143755387199596,1619,,family_fb7471c20f2b4aed,218
tcn_384_legacy,0,family_leak,clean_validation,1.4955185732088592,1425,,family_502f200f3e0313b3,374
tcn_384_legacy,0,family_leak,clean_validation,1.419793775697446,5579,,family_06f033ae1dede60a,166
tcn_384_legacy,0,family_leak,clean_validation,0.72273304012203,3871,,family_d5bc99ec8cbbe193,352
tcn_384_legacy,0,family_leak,clean_validation,1.2102866436915376,844,,family_a913d556915e01ff,319
tcn_384_legacy,0,family_leak,clean_validation,1.4764305353164673,462,,family_26d482864d00ab2a,453
tcn_384_legacy,0,family_leak,clean_validation,1.2697057639567486,593,,family_9e1b57363d3766ce,356
tcn_384_legacy,0,family_leak,clean_validation,1.2531540950900746,20615,,family_b4dc091216fd58c5,32
tcn_384_legacy,0,family_leak,clean_validation,1.3427970092543828,839,,family_dd4daa9a12128180,256
tcn_384_legacy,0,family_leak,clean_validation,1.3532695929339038,12260,,family_6e4ca288c20596c8,249
tcn_384_legacy,0,family_leak,clean_validation,1.535907915064795,7092,,family_eb607bef12aaa172,502
tcn_384_legacy,0,family_leak,clean_validation,1.3921993195292461,498,,family_04b84faa8791236a,487
tcn_384_legacy,0,family_leak,clean_validation,1.3550272095941023,2505,,family_d3c3ffd4bf041662,85
tcn_384_legacy,0,family_leak,clean_validation,1.6444251576563287,2643,,family_d204b7d342411c5e,677
tcn_384_legacy,0,family_leak,clean_validation,1.4965607983509124,49132,,family_82c86f72a6ba2d05,680
tcn_384_legacy,0,family_leak,clean_validation,1.7593626650375294,9141,,family_213ae165418380ad,206
tcn_384_legacy,0,family_leak,clean_validation,1.486122488975525,206,,family_b4ad6d59b30dc431,658
tcn_384_legacy,0,family_leak,clean_validation,1.006008402780126,5751,,family_66bfed3171c47d48,308
tcn_384_legacy,0,family_leak,clean_validation,1.2328602900332908,1191,,family_1042e6cfc0da940b,561
tcn_384_legacy,0,family_leak,clean_validation,1.0780685997009278,1825,,family_1b004e877fd9c150,444
tcn_384_legacy,0,family_leak,clean_validation,1.121917055227472,3043,,family_cd0df1b5c356cfbf,40
tcn_384_legacy,0,family_leak,clean_validation,0.9813428908706769,6195,,family_87bb078a1609e1d4,594
tcn_384_legacy,0,family_leak,clean_validation,0.8268103634993117,5398,,family_365ed3f794ae6917,636
tcn_384_legacy,0,family_leak,clean_validation,1.313040989580824,5270,,family_64aded009d0aa19d,252
tcn_384_legacy,0,family_leak,clean_validation,1.543723702430725,126,,family_62119591a5d0e802,591
tcn_384_legacy,0,family_leak,clean_validation,1.3720902773371915,1425,,family_2573c0454c4f3b47,170
tcn_384_legacy,0,family_leak,clean_validation,1.3710814661429664,3936,,family_784552c59e6cde90,116
tcn_384_legacy,0,family_leak,clean_validation,1.2303585961909598,8970,,family_a0873d1045e6de73,179
tcn_384_legacy,0,family_leak,clean_validation,1.3265899419784546,261,,family_d7f647fc704e4090,503
tcn_384_legacy,0,family_leak,clean_validation,1.2240439653396606,582,,family_de177b5bfd3b4ad4,36
tcn_384_legacy,0,family_leak,clean_validation,1.4902267456054688,271,,family_57d0908d211a3aeb,446
tcn_384_legacy,0,family_leak,clean_validation,1.3084551095962524,221,,family_5f8fbce42478804e,652
tcn_384_legacy,0,family_leak,clean_validation,1.5101527155019272,2286,,family_48d0cb7d67246d93,483
tcn_384_legacy,0,family_leak,clean_validation,1.111950119103875,598,,family_9f0867df23aab646,64
tcn_384_legacy,0,family_leak,clean_validation,1.167443100483187,1550,,family_60fbccdcfac8d45f,201
tcn_384_legacy,0,family_leak,clean_validation,1.1888037437846897,3993,,family_222129623ae1d868,331
tcn_384_legacy,0,family_leak,clean_validation,1.6911477173948302,3553,,family_d12ec4943d04fda6,381
tcn_384_legacy,0,family_leak,clean_validation,1.5371195077896118,613,,family_ca5f7811310d4979,421
tcn_384_legacy,0,family_leak,clean_validation,1.3073312734774147,8917,,family_1a9b3b213cd3f0fe,289
tcn_384_legacy,0,family_leak,clean_validation,1.0344253384093733,6357,,family_8597a33e1a97ed61,234
tcn_384_legacy,0,family_leak,clean_validation,1.0142911672592163,331,,family_34fbf3c76cd35578,445
tcn_384_legacy,0,family_leak,clean_validation,1.559102487485917,1525,,family_064fc18d23d7f6e0,171
tcn_384_legacy,0,family_leak,clean_validation,0.9130437746239932,13091,,family_1cb15a71042b13f5,469
tcn_384_legacy,0,family_leak,clean_validation,1.0459640931735918,412,,family_e6b4aacd5803536e,674
tcn_384_legacy,0,family_leak,clean_validation,1.1476598851673856,2764,,family_387cf57640b6d8de,4
tcn_384_legacy,0,family_leak,clean_validation,1.3254178479808723,15176,,family_2decb8320f2dfd02,113
tcn_384_legacy,0,family_leak,clean_validation,1.8569545043808586,15931,,family_ac0f9bcdce618038,518
tcn_384_legacy,0,family_leak,clean_validation,1.2729213237762451,221,,family_59a690110c469b8f,282
tcn_384_legacy,0,family_leak,clean_validation,1.4081228971481323,177,,family_242be05bb379eeaa,486
tcn_384_legacy,0,family_leak,clean_validation,1.3446102142333984,291,,family_8adbaad5b4f10b73,250
tcn_384_legacy,0,family_leak,clean_validation,1.2308198740743157,5841,,family_e7650acc72c99e33,285
tcn_384_legacy,0,family_leak,clean_validation,1.5931470444466325,2629,,family_cc51c1d0bd72fc52,517
tcn_384_legacy,0,family_leak,clean_validation,1.3025875091552734,271,,family_1fc3e8d69842199a,346
tcn_384_legacy,0,family_leak,clean_validation,1.3972741702440226,6498,,family_44bf22828218a5dc,223
tcn_384_legacy,0,family_leak,clean_validation,1.7516001679680564,1045,,family_423514ea82205c90,118
tcn_384_legacy,0,family_leak,clean_validation,1.1767293526558267,11303,,family_d065b978d8d6363c,233
tcn_384_legacy,0,family_leak,clean_validation,1.0790353968639383,13543,,family_34c0276853df68f6,592
tcn_384_legacy,0,family_leak,clean_validation,0.9249586014520554,1260,,family_1086f01990d35911,161
tcn_384_legacy,0,family_leak,clean_validation,1.2393783920385735,6524,,family_272ea12129852d21,83
tcn_384_legacy,0,family_leak,clean_validation,1.1379221058308298,458,,family_ab58c5df98c64c96,242
tcn_384_legacy,0,family_leak,clean_validation,0.6630598683962978,6518,,family_05ac1b1c30b4cc2e,514
tcn_384_legacy,0,family_leak,clean_validation,1.4745916224209497,20441,,family_57e56909cbd77983,472
tcn_384_legacy,0,family_leak,clean_validation,0.7867306470870972,201,,family_5dd2a8be853b78e8,22
tcn_384_legacy,0,family_leak,clean_validation,1.5191398304084252,1856,,family_9830d264b28c22a3,68
tcn_384_legacy,0,family_leak,clean_validation,0.9980839490890503,196,,family_142c201c93af1056,55
tcn_384_legacy,0,family_leak,clean_validation,1.326726942456504,859,,family_8dee2f974b6e774e,17
tcn_384_legacy,0,family_leak,clean_validation,1.1656866702973239,7603,,family_1714b2bcb66f3a32,411
tcn_384_legacy,0,family_leak,clean_validation,1.4846973745605296,4503,,family_0b7033c8335243d6,210
tcn_384_legacy,0,family_leak,clean_validation,1.5946830724097913,30865,,family_f7fc3a6587acd552,669
tcn_384_legacy,0,family_leak,clean_validation,1.049417482522261,1318,,family_3073b2c859362b6b,537
tcn_384_legacy,0,family_leak,clean_validation,1.2436562776565552,682,,family_1022f1461ea02448,297
tcn_384_legacy,0,family_leak,clean_validation,1.1572074890136719,101,,family_ccc461da40d9ac0d,420
tcn_384_legacy,0,family_leak,clean_validation,1.47866003672025,6806,,family_4c7eec40a9857f16,668
tcn_384_legacy,0,family_leak,clean_validation,0.6689759922888259,1856,,family_ea447f225e37bcff,496
tcn_384_legacy,0,family_leak,clean_validation,2.288108974636035,7555,,family_3335e158c995dd8a,148
tcn_384_legacy,0,family_leak,clean_validation,1.2092781561124535,12481,,family_d521b23ed1f019c7,121
tcn_384_legacy,0,family_leak,clean_validation,1.3555507439938521,5235,,family_0134076cacfda355,392
tcn_384_legacy,0,family_leak,clean_validation,1.5362925132115681,738,,family_56b2cba7fc132ef1,574
tcn_384_legacy,0,family_leak,clean_validation,1.2680082288506913,1022,,family_442e47d64373ea42,214
tcn_384_legacy,0,family_leak,clean_validation,1.1443077950004439,2076,,family_81ddae8c86d6f244,388
tcn_384_legacy,0,family_leak,clean_validation,1.368850150196418,1191,,family_c182d668dd0813f1,368
tcn_384_legacy,0,family_leak,clean_validation,1.1744319196175603,824,,family_3619ff0a23b6cf76,583
tcn_384_legacy,0,family_leak,clean_validation,1.1752023889648222,2344,,family_8d7f055fadcc2466,554
tcn_384_legacy,0,family_leak,clean_validation,1.2863771752051518,9248,,family_47eed942bba714a7,119
tcn_384_legacy,0,family_leak,clean_validation,1.4158058166503906,331,,family_4ad0ed70281e61b7,697
tcn_384_legacy,0,family_leak,clean_validation,0.8675763579059381,1428,,family_2caaaadc23ec98ec,248
tcn_384_legacy,0,family_leak,clean_validation,0.9759562686637596,945,,family_762c3082afd0d823,337
tcn_384_legacy,0,family_leak,clean_validation,1.1936108109397179,5437,,family_fb27253a42766057,212
tcn_384_legacy,0,family_leak,clean_validation,1.4357906863036813,2371,,family_892f6f575ad06fdb,351
tcn_384_legacy,0,family_leak,clean_validation,1.2229819456736246,1200,,family_8aa0ed5e323eeb0d,195
tcn_384_legacy,0,family_leak,clean_validation,1.361475707093053,18135,,family_7069de93803bf73e,510
tcn_384_legacy,0,family_leak,clean_validation,0.9718875186060959,4240,,family_d6ff844172b34405,280
tcn_384_legacy,0,family_leak,clean_validation,1.051490453195097,3515,,family_01939a8c620ed9e1,610
tcn_384_legacy,0,family_leak,clean_validation,1.0156532775341298,5006,,family_94b530a2eeef7b05,675
tcn_384_legacy,0,family_leak,clean_validation,0.6287530347220528,523,,family_b298a2c79b9acf61,186
tcn_384_legacy,0,family_leak,clean_validation,1.6021518072208485,6660,,family_4a86fa42bce94e67,26
tcn_384_legacy,0,family_leak,clean_validation,1.1931331157684326,497,,family_7af8a28c6e85bc8b,141
tcn_384_legacy,0,family_leak,clean_validation,2.2809393405914307,11,,family_99483ac7e710751f,175
tcn_384_legacy,0,family_leak,clean_validation,1.228065688942754,860,,family_644383b9a5c7153d,50
tcn_384_legacy,0,family_leak,clean_validation,1.1329824478686357,714,,family_e08ea0e927cfea58,369
tcn_384_legacy,0,family_leak,clean_validation,1.3068020667795799,5217,,family_44cee7ecbafdaa0c,628
tcn_384_legacy,0,family_leak,clean_validation,1.3495767078156353,2391,,family_46ee5adc2c70d33b,312
tcn_384_legacy,0,family_leak,clean_validation,0.7279083728790283,226,,family_363f18ff9cdd663b,101
tcn_384_legacy,0,family_leak,clean_validation,1.098570935023604,3794,,family_0f72232dcd828b96,526
tcn_384_legacy,0,family_leak,clean_validation,1.1872031118122668,2971,,family_97eeaf7b4a9c3731,434
tcn_384_legacy,0,family_leak,clean_validation,1.272711463965899,7619,,family_09e1821e1435425f,490
tcn_384_legacy,0,family_leak,clean_validation,1.4896804094314575,301,,family_3e481fb1fbc87581,596
tcn_384_legacy,0,family_leak,clean_validation,0.7404428489622767,3261,,family_a43a516a7577f1ec,398
tcn_384_legacy,0,family_leak,clean_validation,0.7807118240376925,20304,,family_c70bbb1238ec368c,338
tcn_384_legacy,0,family_leak,clean_validation,1.5952704910969209,14843,,family_e7c9171f786b99da,183
tcn_384_legacy,0,family_leak,clean_validation,1.0615016222000122,583,,family_eac4733b2dae986d,69
tcn_384_legacy,0,family_leak,clean_validation,1.322370436008227,10963,,family_dcee5dfcf9fc6031,489
tcn_384_legacy,0,family_leak,clean_validation,1.7546037136959547,1086,,family_ba88844813c478c8,488
tcn_384_legacy,0,family_leak,clean_validation,1.2896248241823072,3671,,family_e3b1d0c18a60396e,626
tcn_384_legacy,0,family_leak,clean_validation,1.4807782955701343,2870,,family_455ecec853565931,619
tcn_384_legacy,0,family_leak,clean_validation,1.4840768575668335,291,,family_db0f95ba35a66044,329
tcn_384_legacy,0,family_leak,clean_validation,1.5287874642219745,7391,,family_f4900aed0a1c77c5,268
tcn_384_legacy,0,family_leak,clean_validation,1.1005559497374668,3814,,family_641e72e8ff1c1166,146
tcn_384_legacy,0,family_leak,clean_validation,1.2627836576855167,14163,,family_2312c27769277b81,470
tcn_384_legacy,0,family_leak,clean_validation,1.097079252510598,3944,,family_1e6bf6c8d5b78e1a,640
tcn_384_legacy,0,family_leak,clean_validation,0.9236611441624526,7532,,family_502e6b70666e84f8,162
tcn_384_legacy,0,family_leak,clean_validation,1.401357862598869,619,,family_a55f889fcbd8ead5,59
tcn_384_legacy,0,family_leak,clean_validation,0.9350563883781433,487,,family_d9ef2ad04ba5030a,94
tcn_384_legacy,0,family_leak,clean_validation,1.678755156177888,3740,,family_6ecb17a2196b524b,216
tcn_384_legacy,0,family_leak,clean_validation,0.9088079838539443,21036,,family_6eb33acc697900b1,189
tcn_384_legacy,0,family_leak,clean_validation,1.1023061275212804,15489,,family_71038ecc81cc310d,567
tcn_384_legacy,0,family_leak,clean_validation,1.5013723385923095,7528,,family_43d070bb1d4728eb,436
tcn_384_legacy,0,family_leak,clean_validation,1.4276983636374523,4143,,family_e943e5ae3161e964,215
tcn_384_legacy,0,family_leak,clean_validation,1.4280357303380822,1639,,family_977c404bc438de36,129
tcn_384_legacy,0,family_leak,clean_validation,1.3235465291765898,1654,,family_eb05ccf771a0f6fa,167
tcn_384_legacy,0,family_leak,clean_validation,1.3011605766768877,658,,family_f76575f43ce9f715,211
tcn_384_legacy,0,family_leak,clean_validation,1.4479480981826782,126,,family_c44c8014b64e9662,271
tcn_384_legacy,0,family_leak,clean_validation,1.4093402083813222,1615,,family_db3db1576a406cc8,647
tcn_384_legacy,0,family_leak,clean_validation,1.0689432731829893,3001,,family_74d6ca4f4b3ca714,198
tcn_384_legacy,0,family_leak,clean_validation,1.3068683072913432,13326,,family_e28197e9cf6fc68d,82
tcn_384_legacy,0,family_leak,clean_validation,1.5613445804950914,5959,,family_1bbcc4218f93ca73,585
tcn_384_legacy,0,family_leak,clean_validation,0.7761810705080815,5926,,family_6efa1cacb9ad3d66,450
tcn_384_legacy,0,family_leak,clean_validation,1.3109974640893196,1483,,family_293d3c58434ea432,424
tcn_384_legacy,0,family_leak,clean_validation,1.5548510147616608,307,,family_bb7a3764a0cb51ef,185
tcn_384_legacy,0,family_leak,clean_validation,0.6709627639681155,3853,,family_ce939a871f73797e,654
tcn_384_legacy,0,family_leak,clean_validation,0.8293650291142295,11511,,family_bf58440f90351608,656
tcn_384_legacy,0,family_leak,clean_validation,1.3981118368006473,47814,,family_b13e3197621b6a67,665
tcn_384_legacy,0,family_leak,clean_validation,1.4375262796936628,5155,,family_e5b4b48758cc10cf,0
tcn_384_legacy,0,family_leak,clean_validation,1.0934755308239958,10750,,family_873455800f3af360,90
tcn_384_legacy,0,family_leak,clean_validation,0.6653275824359899,1648,,family_5b4f410a68b26980,294
tcn_384_legacy,0,family_leak,clean_validation,1.4546443821747632,6820,,family_6555b7af6b1e876d,333
tcn_384_legacy,0,family_leak,clean_validation,0.6288520375039406,9581,,family_c8ed53e602d47d77,373
tcn_384_legacy,0,family_leak,clean_validation,0.9387195195470538,910,,family_b7724334fda37767,2
tcn_384_legacy,0,family_leak,clean_validation,1.0977947381976634,6232,,family_e1e6b4777ab2f0d3,525
tcn_384_legacy,0,family_leak,clean_validation,0.9872109182838514,10054,,family_68b8fd69ce397884,205
tcn_384_legacy,0,family_leak,clean_validation,1.2912687063217163,261,,family_4484ffde0b8eeb1e,468
tcn_384_legacy,0,family_leak,clean_validation,1.5224736837033837,5772,,family_f6c8d7d7ccb2fb7c,659
tcn_384_legacy,0,family_leak,clean_validation,1.214011015069224,8322,,family_bf5e46a018cc309f,91
tcn_384_legacy,0,family_leak,clean_validation,1.5405864866867889,3333,,family_74d92a6b925fff2b,361
tcn_384_legacy,0,family_leak,clean_validation,1.7075812953986869,755,,family_fecd8209b4231ff0,562
tcn_384_legacy,0,family_leak,clean_validation,1.2701389742899534,1047,,family_a5b4b56c411c3e3e,19
tcn_384_legacy,0,family_leak,clean_validation,1.2110579197857236,3038,,family_125b174edd279860,622
tcn_384_legacy,0,family_leak,clean_validation,1.3914349018767984,12165,,family_4fd03386572a5e7d,49
tcn_384_legacy,0,family_leak,clean_validation,1.3387729405444495,784,,family_b683e3dda3d53d7d,499
tcn_384_legacy,0,family_leak,clean_validation,1.1279568547903285,5434,,family_7cc38e130f767be2,152
tcn_384_legacy,0,family_leak,clean_validation,1.4643360049781684,2004,,family_c1cf47c50b324615,620
tcn_384_legacy,0,family_leak,clean_validation,1.1995693445205688,277,,family_e6f89a8fd4c28042,671
tcn_384_legacy,0,family_leak,clean_validation,1.2958535759478829,5436,,family_f32207a4bd1be5f3,641
tcn_384_legacy,0,family_leak,clean_validation,1.2672097862583318,730,,family_750c1b7c9293fca0,555
tcn_384_legacy,0,family_leak,clean_validation,0.6078925247794584,2518,,family_dff095b3f9ea4486,228
tcn_384_legacy,0,family_leak,clean_validation,1.169486776497068,1393,,family_03f94974e43a6f72,219
tcn_384_legacy,0,family_leak,clean_validation,1.001094115684629,11470,,family_20755f596dac4ad8,538
tcn_384_legacy,0,family_leak,clean_validation,0.7073482743163115,11134,,family_a5fb3561532a1515,251
tcn_384_legacy,0,family_leak,clean_validation,1.337606666490808,10047,,family_09f185032eec1684,15
tcn_384_legacy,0,family_leak,clean_validation,1.171209983230768,2108,,family_449b876c5d7555de,648
tcn_384_legacy,0,family_leak,clean_validation,1.617136613064471,9757,,family_17c63d0cae51b4f0,552
tcn_384_legacy,0,family_leak,clean_validation,1.4436039691972207,1901,,family_a7e7611a4fb45bb8,181
tcn_384_legacy,0,family_leak,clean_validation,1.1012372575744567,21536,,family_a0087912e552c325,160
tcn_384_legacy,0,family_leak,clean_validation,1.5410454599318966,13175,,family_26c7d9fe4637a87f,639
tcn_384_legacy,0,family_leak,clean_validation,1.533078507480369,11417,,family_7c0ce9b52a4fb354,384
tcn_384_legacy,0,family_leak,clean_validation,1.2295745230307569,12236,,family_ce42ac82cf5b7aa5,491
tcn_384_legacy,0,family_leak,clean_validation,1.5876512165718408,926,,family_d1384d3d5b8f3e4a,325
tcn_384_legacy,0,family_leak,clean_validation,1.0028261833171794,8976,,family_a4ec6bc987630263,480
tcn_384_legacy,0,family_leak,clean_validation,0.8664689478165452,2274,,family_d7fd034f32743816,614
tcn_384_legacy,0,family_leak,clean_validation,1.0573859429242565,4080,,family_9ee07f048eddd3ef,605
tcn_384_legacy,0,family_leak,clean_validation,1.797862282643464,9874,,family_d5db7a666d5cdce4,432
tcn_384_legacy,0,family_leak,clean_validation,0.9396952390670776,693,,family_e3990e8f3e5a019e,29
tcn_384_legacy,0,family_leak,clean_validation,1.093417763710022,402,,family_424ba6cfeb2d4b06,347
tcn_384_legacy,0,family_leak,clean_validation,1.3755745116656375,2758,,family_1584dac71c5d3b21,417
tcn_384_legacy,0,family_leak,clean_validation,0.8281455995411044,1559,,family_71b49a81405adf23,28
tcn_384_legacy,0,family_leak,clean_validation,0.8682511614180166,3865,,family_02cd0d0062e7f2f0,136
tcn_384_legacy,0,family_leak,clean_validation,1.221019922448671,6113,,family_f6a9ab27f75aaa2c,237
tcn_384_legacy,0,family_leak,clean_validation,3.1397182941436768,56,,family_fa6d03faa672f307,607
tcn_384_legacy,0,family_leak,clean_validation,1.2017174035143212,1601,,family_32ee5e4e0bf64290,575
tcn_384_legacy,0,family_leak,clean_validation,1.329335066582804,1373,,family_4b03c0c9196cb057,642
tcn_384_legacy,0,family_leak,clean_validation,1.2448628839936882,33265,,family_084d50552be46593,431
tcn_384_legacy,0,family_leak,clean_validation,1.1562607288360596,216,,family_f9eef55626121ccd,456
tcn_384_legacy,0,family_leak,clean_validation,1.7076797707684515,2579,,family_f3c41c0d722fe806,299
tcn_384_legacy,0,family_leak,clean_validation,1.377979494230801,8074,,family_830520441d24c99b,281
tcn_384_legacy,0,family_leak,clean_validation,1.5088929279483714,1574,,family_0bcfa76d0d0ba6c7,204
tcn_384_legacy,0,family_leak,clean_validation,1.1582451499632762,4379,,family_49c1e82f118ffcdb,155
tcn_384_legacy,0,family_leak,clean_validation,2.2932591438293457,37,,family_60813f1989c300e9,547
tcn_384_legacy,0,family_leak,clean_validation,1.1169202968572745,4098,,family_b9e55910bfee8055,104
tcn_384_legacy,0,family_leak,clean_validation,1.129811382223886,683,,family_b5e8954b16e48222,6
tcn_384_legacy,0,family_leak,clean_validation,0.8119164705276489,181,,family_a8682c6d911fc3b8,566
tcn_384_legacy,0,family_leak,clean_validation,1.3086236200155923,12601,,family_f8ba51ce9495f2bd,416
tcn_384_legacy,0,family_leak,clean_validation,1.1334781628434831,4366,,family_71a60fbe7040f158,38
tcn_384_legacy,0,family_leak,clean_validation,1.278354287147522,437,,family_336e1c704addf9f3,393
tcn_384_legacy,0,family_leak,clean_validation,0.7513027579084901,1452,,family_ce5ee93c94f8cb47,427
tcn_384_legacy,0,family_leak,clean_validation,1.3489380635606827,11788,,family_ba5a886f795d4f27,345
tcn_384_legacy,0,family_leak,clean_validation,1.4103606003586964,372,,family_3812a654a3d8068e,314
tcn_384_legacy,0,family_leak,clean_validation,0.8320781614455628,3751,,family_043b81d25e57bda6,14
tcn_384_legacy,0,family_leak,clean_validation,1.408642124398629,1598,,family_60dc4c06abba1219,316
tcn_384_legacy,0,family_leak,clean_validation,0.9785448825522645,365,,family_0967320075dd090a,544
tcn_384_legacy,0,family_leak,clean_validation,1.5547434468127879,573,,family_4cbe424968d7c5e7,277
tcn_384_legacy,1,clean,treated,1.0349449317431396,3093,structurally_nonexact,family_d1a92696717aa9c2,176
tcn_384_legacy,1,clean,treated,1.1812962969078828,1216,structurally_nonexact,family_3835425eafb00035,524
tcn_384_legacy,1,clean,treated,1.2113792809467872,412,structurally_nonexact,family_a534382ff42b71fb,634
tcn_384_legacy,1,clean,treated,0.9337921550451701,4197,structurally_nonexact,family_6d17de7e325f25f8,467
tcn_384_legacy,1,clean,treated,1.0541018168029492,779,structurally_nonexact,family_56b1bf9100abf79a,254
tcn_384_legacy,1,clean,treated,1.521233257437233,15674,structurally_nonexact,family_9edbfcdbf27d8472,87
tcn_384_legacy,1,clean,treated,1.1309900013484768,3153,structurally_nonexact,family_db6398f302f77cb4,563
tcn_384_legacy,1,clean,treated,1.3687842966212627,10203,canonical_event_exact,family_776fb0c74fb6af96,253
tcn_384_legacy,1,clean,treated,1.233180496867243,1748,structurally_nonexact,family_be459453ebdfa1da,627
tcn_384_legacy,1,clean,treated,1.2097243295734512,3230,structurally_nonexact,family_439fc19617b55d44,309
tcn_384_legacy,1,clean,treated,1.071330889640376,2560,structurally_nonexact,family_328dc279bafe7f69,265
tcn_384_legacy,1,clean,treated,1.3746258821607795,3803,structurally_nonexact,family_ac0566dd944bc201,327
tcn_384_legacy,1,clean,treated,1.0901845693588257,477,canonical_event_exact,family_3fbe0e330aecdc00,482
tcn_384_legacy,1,clean,treated,1.187383902005174,704,structurally_nonexact,family_04795413b15e0b98,576
tcn_384_legacy,1,clean,treated,1.3199212858823233,1108,structurally_nonexact,family_348b29b5f47eda18,220
tcn_384_legacy,1,clean,treated,1.6677781074075215,8731,structurally_nonexact,family_f77d449f1658a159,292
tcn_384_legacy,1,clean,treated,1.573691487312317,242,structurally_nonexact,family_39849966d6043c11,378
tcn_384_legacy,1,clean,treated,1.5829693881748377,3169,structurally_nonexact,family_af212e596b07120e,405
tcn_384_legacy,1,clean,treated,0.8211345948909028,9069,structurally_nonexact,family_2d3e3d92f30c4369,600
tcn_384_legacy,1,clean,treated,0.827860585641975,1674,structurally_nonexact,family_f0c0dd7c2f3b6a3f,661
tcn_384_legacy,1,clean,treated,1.3279564883851565,2491,structurally_nonexact,family_5aaa5f6f546aa704,105
tcn_384_legacy,1,clean,treated,1.503374739723252,5759,structurally_nonexact,family_78031f033e192cce,11
tcn_384_legacy,1,clean,treated,0.8926568031311035,467,structurally_nonexact,family_961cefc620e3d5ab,408
tcn_384_legacy,1,clean,treated,1.251875550285672,3303,canonical_event_exact,family_fe2836cc1cef695c,336
tcn_384_legacy,1,clean,treated,1.6408269000727584,9124,structurally_nonexact,family_0f71c7e0830e1d85,624
tcn_384_legacy,1,clean,treated,0.8485477348061227,6286,structurally_nonexact,family_2dbafe5054d4bee7,414
tcn_384_legacy,1,clean,treated,1.2649573412660269,14987,structurally_nonexact,family_52885ec61f0240b9,687
tcn_384_legacy,1,clean,treated,1.284929887562881,5460,structurally_nonexact,family_b88eee6ecd7ef6bc,366
tcn_384_legacy,1,clean,treated,1.632691869697444,20432,structurally_nonexact,family_de67cf52f9a2ce89,267
tcn_384_legacy,1,clean,treated,1.3813795430598828,854,structurally_nonexact,family_7b8c8789f38183da,317
tcn_384_legacy,1,clean,treated,1.0441404409856792,10665,structurally_nonexact,family_774f10d6c3d75980,145
tcn_384_legacy,1,clean,treated,0.9062611121446313,29458,structurally_nonexact,family_6fbe37a0a6611f64,520
tcn_384_legacy,1,clean,treated,1.26685512372946,12501,structurally_nonexact,family_c64269798048b60f,666
tcn_384_legacy,1,clean,treated,1.3630538158019476,8558,structurally_nonexact,family_f60bd4cc83d02add,618
tcn_384_legacy,1,clean,treated,1.3803271055221558,61,structurally_nonexact,family_39f58e2fd604c61e,402
tcn_384_legacy,1,clean,treated,1.0467060023415697,1918,structurally_nonexact,family_101bf32d18499c7d,686
tcn_384_legacy,1,clean,treated,1.5409725904464722,156,structurally_nonexact,family_e97b637c75aac2b5,637
tcn_384_legacy,1,clean,treated,1.3808954130094204,12995,structurally_nonexact,family_e2c30beb0d4abeae,477
tcn_384_legacy,1,clean,treated,1.3742663381594176,3028,structurally_nonexact,family_581cf690b70ed77f,269
tcn_384_legacy,1,clean,treated,1.1828291730017153,1789,structurally_nonexact,family_9ccd2f467361ebab,348
tcn_384_legacy,1,clean,treated,0.9672137183505435,8256,structurally_nonexact,family_6342008bae187399,615
tcn_384_legacy,1,clean,treated,1.6584899425506592,266,structurally_nonexact,family_8661140073b6a2ab,691
tcn_384_legacy,1,clean,treated,1.0642613307824211,1890,structurally_nonexact,family_1a8ff9e18d3eabea,137
tcn_384_legacy,1,clean,treated,1.0851474434070563,8479,structurally_nonexact,family_b324bd83d2be3825,438
tcn_384_legacy,1,clean,treated,1.566966695949949,725,structurally_nonexact,family_23e85181dd747797,695
tcn_384_legacy,1,clean,treated,1.4925456386145073,9580,structurally_nonexact,family_b3ba3218de08f591,66
tcn_384_legacy,1,clean,treated,1.062116485025269,6949,structurally_nonexact,family_38ddaabf01adae92,106
tcn_384_legacy,1,clean,treated,1.2024465177425,945,structurally_nonexact,family_5405158fe7a3977d,511
tcn_384_legacy,1,clean,treated,1.2027376890182495,336,structurally_nonexact,family_e4e4467ef74cc720,428
tcn_384_legacy,1,clean,treated,1.4805333772988536,1037,structurally_nonexact,family_4f1b63b3eef9f7d0,531
tcn_384_legacy,1,clean,treated,1.5963237632736849,522,structurally_nonexact,family_7a300c986fbfa9f2,165
tcn_384_legacy,1,clean,treated,1.497002040078264,463,structurally_nonexact,family_6f0024d47bda9a44,359
tcn_384_legacy,1,clean,treated,0.9707788870076388,1191,structurally_nonexact,family_746d1e0c3274827f,466
tcn_384_legacy,1,clean,treated,1.3683665748891796,1084,structurally_nonexact,family_6a42731481dda124,419
tcn_384_legacy,1,clean,treated,1.691232430195971,15697,structurally_nonexact,family_0ecded087f80d73b,461
tcn_384_legacy,1,clean,treated,1.2002807557426576,5721,structurally_nonexact,family_5facacfb4d33d062,5
tcn_384_legacy,1,clean,treated,1.0720645189285278,251,structurally_nonexact,family_5cc4efa05e4dc250,114
tcn_384_legacy,1,clean,treated,1.5852343778863769,17077,structurally_nonexact,family_4731a6d05dff34ce,132
tcn_384_legacy,1,clean,treated,1.3763424322779378,5610,structurally_nonexact,family_c3ae851031cec2bb,663
tcn_384_legacy,1,clean,treated,1.1326364970441842,48674,structurally_nonexact,family_30fbd9977a220042,589
tcn_384_legacy,1,clean,treated,1.1986931890953245,508,structurally_nonexact,family_e3c89d0945320ec5,3
tcn_384_legacy,1,clean,treated,1.5059437621180813,639,structurally_nonexact,family_f99e7467cfd91d72,230
tcn_384_legacy,1,clean,treated,1.2994051172867933,3294,structurally_nonexact,family_0a0ff01b239a934a,415
tcn_384_legacy,1,clean,treated,1.0846697092056274,166,structurally_nonexact,family_5ebcadebe538bd59,272
tcn_384_legacy,1,clean,treated,1.0666438728067709,533,structurally_nonexact,family_2fe71bb032cb85fe,184
tcn_384_legacy,1,clean,treated,1.1531969678571063,6626,structurally_nonexact,family_e0f7e5849dbe9388,513
tcn_384_legacy,1,clean,treated,1.2801306637249699,3859,structurally_nonexact,family_c3abd4306e03adf2,290
tcn_384_legacy,1,clean,treated,0.9988876625541848,1559,structurally_nonexact,family_83b27a32aa56f9dc,485
tcn_384_legacy,1,clean,treated,1.538487703795499,2535,structurally_nonexact,family_fa3341292470541d,226
tcn_384_legacy,1,clean,treated,1.0023827304805282,548,canonical_event_exact,family_15b8f6d235825863,7
tcn_384_legacy,1,clean,treated,1.0798850999464509,10236,structurally_nonexact,family_a95aeca85317a04d,401
tcn_384_legacy,1,clean,treated,1.2908740001397414,7309,structurally_nonexact,family_3dffb074803c8f80,376
tcn_384_legacy,1,clean,treated,1.47742168991654,1026,structurally_nonexact,family_1cfa4116628ae42e,681
tcn_384_legacy,1,clean,treated,1.355199353278935,1238,structurally_nonexact,family_f53ae103dc0def58,261
tcn_384_legacy,1,clean,treated,1.2964447898835105,1287,structurally_nonexact,family_3db848c291e71542,123
tcn_384_legacy,1,clean,treated,1.4559608636007542,3583,structurally_nonexact,family_76f3986b08ecfc19,97
tcn_384_legacy,1,clean,treated,0.9575808724269792,13214,structurally_nonexact,family_121eefce620403f7,295
tcn_384_legacy,1,clean,treated,1.4967410902211622,20977,structurally_nonexact,family_8aff46e64d1c8360,286
tcn_384_legacy,1,clean,treated,1.2660442328558985,4952,structurally_nonexact,family_debbecc1e7f77f3e,20
tcn_384_legacy,1,clean,treated,1.02418880890835,1779,structurally_nonexact,family_f19aa9a5e722eb61,379
tcn_384_legacy,1,clean,treated,1.2321117675665654,1815,structurally_nonexact,family_d0b38ee50d018148,664
tcn_384_legacy,1,clean,treated,1.1962007090276734,1036,structurally_nonexact,family_aad2d66dec95dc7a,569
tcn_384_legacy,1,clean,treated,1.1435870333976552,985,structurally_nonexact,family_59add5a121b9a616,451
tcn_384_legacy,1,clean,treated,1.559805841572517,12091,structurally_nonexact,family_c2d4ffa1539bdafe,263
tcn_384_legacy,1,clean,treated,1.3724972688646901,1157,structurally_nonexact,family_58a5b18cf3751bf1,41
tcn_384_legacy,1,clean,treated,1.2111982180033358,638,structurally_nonexact,family_8f08581ca21b6c6f,539
tcn_384_legacy,1,clean,treated,1.2641605195141334,5203,structurally_nonexact,family_5d6a15b20dff7233,33
tcn_384_legacy,1,clean,treated,1.170335944333091,1312,structurally_nonexact,family_eacebc389812585f,693
tcn_384_legacy,1,clean,treated,1.270517121961785,578,structurally_nonexact,family_3bd7e5ca43f02666,476
tcn_384_legacy,1,clean,treated,0.8959730288078045,377,structurally_nonexact,family_da2cbb03fa208ffc,65
tcn_384_legacy,1,clean,treated,1.1683276140731196,15281,structurally_nonexact,family_5fe0b889b5279fed,275
tcn_384_legacy,1,clean,treated,1.1236103189830022,654,structurally_nonexact,family_58c32a6b58cc329f,505
tcn_384_legacy,1,clean,treated,1.2619398809112707,4931,structurally_nonexact,family_d4c8efafc098f593,580
tcn_384_legacy,1,clean,treated,1.015875934761838,6166,structurally_nonexact,family_853b6705e7d7e7a9,509
tcn_384_legacy,1,clean,treated,1.3113363734870882,1558,canonical_event_exact,family_7c104874587dddcc,324
tcn_384_legacy,1,clean,treated,1.44741882412531,3893,structurally_nonexact,family_2eec85a0fe915e64,326
tcn_384_legacy,1,clean,treated,1.0435032920239853,1189,structurally_nonexact,family_08157e0ead630e5c,623
tcn_384_legacy,1,clean,treated,1.6682435101064306,12275,structurally_nonexact,family_67cf34a836b9cd6c,473
tcn_384_legacy,1,clean,treated,1.3196798773152916,3188,structurally_nonexact,family_a03ac5414952d229,344
tcn_384_legacy,1,clean,treated,1.7351622843280374,5109,structurally_nonexact,family_4da27be0a15493fc,455
tcn_384_legacy,1,clean,control,1.7297700643539429,86,,family_8353c8bc6b1abe91,231
tcn_384_legacy,1,clean,control,1.0877690315246582,281,,family_a21b0655ee8718e3,44
tcn_384_legacy,1,clean,control,1.2665528993823894,1492,,family_828011733ff46fcc,135
tcn_384_legacy,1,clean,control,1.4867434112922004,92,,family_c352cf53fe360f50,89
tcn_384_legacy,1,clean,control,1.2991743087768555,543,,family_581b417d448220ce,278
tcn_384_legacy,1,clean,control,1.1975456471440313,4997,,family_c5e7a2f4ebdc9ce7,523
tcn_384_legacy,1,clean,control,1.6553651411482628,23970,,family_942d0bbb1f3057b7,117
tcn_384_legacy,1,clean,control,1.4274615914345274,1957,,family_e8f2414f825f028e,21
tcn_384_legacy,1,clean,control,1.4377276689598435,24928,,family_d9eece89cdccb42e,318
tcn_384_legacy,1,clean,control,1.4098536865944704,2226,,family_159334980be342ce,590
tcn_384_legacy,1,clean,control,1.0412060370549403,9706,,family_5cc3056db91c371f,475
tcn_384_legacy,1,clean,control,1.2907754856522244,14644,,family_cac05bc962cb19ae,529
tcn_384_legacy,1,clean,control,1.3090084620026556,794,,family_91b28d898f74de65,458
tcn_384_legacy,1,clean,control,1.2114251756625687,2249,,family_0ed7b687c2bbe731,679
tcn_384_legacy,1,clean,control,1.3430197420377492,2076,,family_c09c42656e829799,75
tcn_384_legacy,1,clean,control,1.2709008531485284,8400,,family_5029829bbea32071,45
tcn_384_legacy,1,clean,control,1.0593738096439955,2361,,family_b524f58169d7a062,422
tcn_384_legacy,1,clean,control,1.1529345437232073,20104,,family_e449d968e1ca6e62,481
tcn_384_legacy,1,clean,control,1.615317045252702,3217,,family_f176b8796acaf1a3,449
tcn_384_legacy,1,clean,control,1.7291127438290608,13053,,family_2aacce96c1e48e02,43
tcn_384_legacy,1,clean,control,0.8728852340188961,22913,,family_95e00157e6b24668,246
tcn_384_legacy,1,clean,control,1.7088253364495352,11280,,family_c83ce9a767947dac,169
tcn_384_legacy,1,clean,control,1.593229361416591,18996,,family_c00a93f90020b6fe,255
tcn_384_legacy,1,clean,control,1.2813150882720947,226,,family_4388b443af85145b,182
tcn_384_legacy,1,clean,control,0.9938519973583849,5102,,family_090556d6964926b6,696
tcn_384_legacy,1,clean,control,1.4780297290119029,997,,family_517a76fa41613984,435
tcn_384_legacy,1,clean,control,1.484598159790039,331,,family_d5117873cfa5f4e7,403
tcn_384_legacy,1,clean,control,1.287245680533503,5289,,family_5c4b107ad8b67511,39
tcn_384_legacy,1,clean,control,1.0246903131446963,2157,,family_6b39589c59910bc9,527
tcn_384_legacy,1,clean,control,1.3857262134552002,557,,family_09e71dae304bced8,407
tcn_384_legacy,1,clean,control,1.0910627642416426,7005,,family_7ab40688290292cb,699
tcn_384_legacy,1,clean,control,1.2057879266567415,3615,,family_c9287c1de390bb4b,287
tcn_384_legacy,1,clean,control,1.2007374470107652,3531,,family_b82550e1d139176a,133
tcn_384_legacy,1,clean,control,1.6419024078817703,4469,,family_5ead6639536180b8,16
tcn_384_legacy,1,clean,control,0.6605188625248142,3148,,family_c200a4f65bbc5209,270
tcn_384_legacy,1,clean,control,1.2136797495218883,6866,,family_104496edebed4f61,385
tcn_384_legacy,1,clean,control,1.5300778763738658,4592,,family_843833735eeb7063,519
tcn_384_legacy,1,clean,control,1.3749221332529757,940,,family_9c25f8a3328ce8da,494
tcn_384_legacy,1,clean,control,1.1615839621290276,11819,,family_8adb1a64e2eed3ab,400
tcn_384_legacy,1,clean,control,1.3911901723628508,638,,family_1f464d80218f494a,150
tcn_384_legacy,1,clean,control,1.2163796700432534,1566,,family_cb2f86c88344d124,572
tcn_384_legacy,1,clean,control,1.5044942778941341,2465,,family_7d2361899b55eee8,522
tcn_384_legacy,1,clean,control,1.310751343260849,2886,,family_056399865754201e,177
tcn_384_legacy,1,clean,control,1.3314168307862517,7537,,family_048732487ed12eba,266
tcn_384_legacy,1,clean,control,1.0905307531356812,266,,family_1d8665cf98427374,632
tcn_384_legacy,1,clean,control,1.275242915020266,8124,,family_7b7a14e1daaa4e52,207
tcn_384_legacy,1,clean,control,1.0561181493178762,1980,,family_ace63736575276fd,76
tcn_384_legacy,1,clean,control,1.3048206567764282,381,,family_471c422daeefac7a,24
tcn_384_legacy,1,clean,control,1.4260895519106693,2354,,family_484de8ba061636e2,134
tcn_384_legacy,1,clean,control,0.7536306827463568,748,,family_a8edfe7c17d49498,142
tcn_384_legacy,1,clean,control,1.682374743225765,3704,,family_fc41e434d5d7e595,413
tcn_384_legacy,1,clean,control,0.8054858108541053,1439,,family_309d1ff512e1e9a9,426
tcn_384_legacy,1,clean,control,1.2979224112751817,10437,,family_d16673229b6e8db9,273
tcn_384_legacy,1,clean,control,1.2497447294298476,1146,,family_9e8b2eb6ec3ec445,96
tcn_384_legacy,1,clean,control,1.3061327138240082,11034,,family_50f05ec6e42283bd,153
tcn_384_legacy,1,clean,control,1.3136007427849654,373,,family_341df9602a2ccf1e,649
tcn_384_legacy,1,clean,control,1.2283942161571189,6341,,family_352e44896c06757b,543
tcn_384_legacy,1,clean,control,1.266881961201567,407,,family_0b0978005887e1a2,474
tcn_384_legacy,1,clean,control,1.5672249911309462,9756,,family_e0804d88b4e3c086,464
tcn_384_legacy,1,clean,control,1.8145531778967074,5497,,family_7136d870073b72bf,492
tcn_384_legacy,1,clean,control,1.6319826014336882,4898,,family_90e53f43974a85ff,305
tcn_384_legacy,1,clean,control,0.818171309006489,8758,,family_ba0bab377b74f9bc,593
tcn_384_legacy,1,clean,control,1.2504405296007322,3385,,family_dd7fe974853169e3,340
tcn_384_legacy,1,clean,control,1.2506527647018433,14375,,family_89e820583b7bf692,521
tcn_384_legacy,1,clean,control,1.0482445644141793,5387,,family_c3c5b7b46ed5cca4,604
tcn_384_legacy,1,clean,control,1.631003987720247,2595,,family_13478cc2fa596f00,676
tcn_384_legacy,1,clean,control,1.335037716315896,2122,,family_4b791b52cdbf0c94,342
tcn_384_legacy,1,clean,control,1.541257231315284,1554,,family_24beda513cb73140,190
tcn_384_legacy,1,clean,control,1.3161983936909287,2574,,family_bd2e09f5164640ac,355
tcn_384_legacy,1,clean,control,1.4028278340335902,14722,,family_d90c907b60f5db7e,227
tcn_384_legacy,1,clean,control,1.4931796789169312,608,,family_0a1d834f1fc5ec9d,397
tcn_384_legacy,1,clean,control,1.239848541327555,619,,family_bd36f067059fa430,608
tcn_384_legacy,1,clean,control,1.1017317466538306,10380,,family_9d3263359149060b,174
tcn_384_legacy,1,clean,control,1.2244421243667603,96,,family_701911482f478840,164
tcn_384_legacy,1,clean,control,1.1291716338674564,1297,,family_a69d52c7adca6131,688
tcn_384_legacy,1,clean,control,1.3118006883416033,911,,family_0907d69883a983d5,125
tcn_384_legacy,1,clean,control,1.1187748563468456,10000,,family_6aa82ca2608dc1b1,23
tcn_384_legacy,1,clean,control,1.2660029483068493,7247,,family_0b7d7d5455b615a1,306
tcn_384_legacy,1,clean,control,0.7923054923981796,810,,family_6ff7124bfcd14a0c,545
tcn_384_legacy,1,clean,control,1.1906381674615063,2128,,family_b8051512c4e658bb,180
tcn_384_legacy,1,clean,control,1.1426538184605535,1907,,family_419159423badc2ef,391
tcn_384_legacy,1,clean,control,1.4689776215109682,7116,,family_330ff47988f3581a,291
tcn_384_legacy,1,clean,control,1.2660662299927699,6921,,family_c2708c9ff73ceb82,660
tcn_384_legacy,1,clean,control,1.3763871187443673,4344,,family_ddb1afd90e017414,484
tcn_384_legacy,1,clean,control,1.603147637372182,4446,,family_354a6fa9839f5265,196
tcn_384_legacy,1,clean,control,0.7386524985613936,1647,,family_25637fe768f1ed97,602
tcn_384_legacy,1,clean,control,1.284014515771682,1815,,family_c8d9a7933734de14,232
tcn_384_legacy,1,clean,control,1.1321410460807904,12979,,family_5dfcdbc50b497fa3,241
tcn_384_legacy,1,clean,control,1.7097355013947866,2723,,family_cb79ab953eb3a23e,425
tcn_384_legacy,1,clean,control,1.1572112156718504,4096,,family_4cbe524347d5770f,442
tcn_384_legacy,1,clean,control,1.184595981094712,4361,,family_584bf061d2625f25,495
tcn_384_legacy,1,clean,control,1.246976375579834,251,,family_56890c17b9133ef4,506
tcn_384_legacy,1,clean,control,0.6579123785662832,2640,,family_205aeeeda178f7ca,644
tcn_384_legacy,1,clean,control,1.6911163330078125,56,,family_3179470752a6d838,18
tcn_384_legacy,1,clean,control,1.4825004673670088,7232,,family_7659084f070baf14,130
tcn_384_legacy,1,clean,control,1.3840482850758309,16261,,family_2210ee0a2c3ccbc9,396
tcn_384_legacy,1,clean,control,1.0113039364436345,7863,,family_d20f6f896d965906,310
tcn_384_legacy,1,clean,control,1.2573382192403564,1228,,family_9ba17784e54ec105,163
tcn_384_legacy,1,clean,control,1.2021093150453668,2684,,family_28cc6a5379f62efc,84
tcn_384_legacy,1,clean,control,1.5053826933177612,3596,,family_cd85f816dfda97e0,601
tcn_384_legacy,1,clean,control,0.9347119271452301,23809,,family_6c5d60bd118ca08d,493
tcn_384_legacy,1,clean,control,1.1522298354152598,9452,,family_a6b3f3bba1c3ea38,611
tcn_384_legacy,1,clean,control,1.3051556805270401,995,,family_46ccb6e3625b0d26,559
tcn_384_legacy,1,clean,control,1.006377324968095,13925,,family_b6c76ee6e1fbdad4,617
tcn_384_legacy,1,clean,control,1.5603042141567696,8836,,family_eb5f13fb7b1698a7,433
tcn_384_legacy,1,clean,control,1.1422289824314256,417,,family_0928b40aaefe1e43,616
tcn_384_legacy,1,clean,control,1.6470420360565186,51,,family_e8cb312f6947fae2,578
tcn_384_legacy,1,clean,control,1.3645334149081174,3890,,family_50833a4ebce7122c,103
tcn_384_legacy,1,clean,control,1.4256782531738281,216,,family_e52a55fe95cda992,463
tcn_384_legacy,1,clean,control,2.114556321031276,17522,,family_65e575b20c174fd7,479
tcn_384_legacy,1,clean,control,1.3296727322301125,9258,,family_c4cc5f62a0ab31c3,276
tcn_384_legacy,1,clean,control,1.573525353690706,6370,,family_a6fc375b5cc488f5,95
tcn_384_legacy,1,clean,control,0.6233253070477689,1157,,family_6d128cd3979417a4,423
tcn_384_legacy,1,clean,control,0.9012962034957683,4638,,family_01bdfbf40b1dfff5,139
tcn_384_legacy,1,clean,control,1.3426017706085382,7458,,family_b55c602531d8b111,556
tcn_384_legacy,1,clean,control,1.0625640443474762,11061,,family_150827bde0e3f90f,689
tcn_384_legacy,1,clean,control,1.2363428431978591,10400,,family_41293800444fbe3e,108
tcn_384_legacy,1,clean,control,1.6570564088967543,14488,,family_0ffae0bc1065eadf,60
tcn_384_legacy,1,clean,control,0.8174273182999637,4656,,family_483585a89e5ae17f,34
tcn_384_legacy,1,clean,control,1.3624232827520077,815,,family_0c5e308d08929fa4,247
tcn_384_legacy,1,clean,control,0.9895681142807007,391,,family_07575db7931c72ea,300
tcn_384_legacy,1,clean,control,1.3255366086959839,191,,family_efb0835b02015240,528
tcn_384_legacy,1,clean,control,1.3609093299228183,3258,,family_94692368e418ed72,173
tcn_384_legacy,1,clean,control,1.0435491289411272,252,,family_46e2de939a29fd34,429
tcn_384_legacy,1,clean,control,1.322641554051366,746,,family_39754d1db81a7bf4,127
tcn_384_legacy,1,clean,control,1.151093477329905,3212,,family_b964a57ffbddf6a6,534
tcn_384_legacy,1,clean,control,1.7140197418974419,17312,,family_71b144025f52e59c,140
tcn_384_legacy,1,clean,control,1.4718626183633539,1218,,family_4bf6d11e259630c1,532
tcn_384_legacy,1,clean,control,1.4858373326065382,2677,,family_a164057d15ea429a,698
tcn_384_legacy,1,clean,control,1.5936319062111293,2414,,family_24dfe3f15bbe835d,243
tcn_384_legacy,1,clean,control,1.0721495451570369,588,,family_cb2cf90a481fb793,606
tcn_384_legacy,1,clean,control,0.8448143823769683,10358,,family_c874ed8859d535ca,362
tcn_384_legacy,1,clean,control,1.4492018505379005,810,,family_9d706bbe5906e6bc,93
tcn_384_legacy,1,clean,control,0.8768933016525013,13562,,family_bb5eaea47e3db521,158
tcn_384_legacy,1,clean,control,1.2412806813407988,10960,,family_2e23a957596c94a1,452
tcn_384_legacy,1,clean,control,1.417354836720798,1318,,family_190ff6b8b86c31bd,387
tcn_384_legacy,1,clean,control,1.2161387441775624,22265,,family_1dbac5e5dc15225e,284
tcn_384_legacy,1,clean,control,1.3399259986948124,10659,,family_d12ec1205e2b38f3,258
tcn_384_legacy,1,clean,control,1.4025731777357726,939,,family_fe64b9392ac59945,54
tcn_384_legacy,1,clean,control,1.2287186758112143,593,,family_cb8273cf04ee6422,58
tcn_384_legacy,1,clean,control,1.4254277867969807,10770,,family_52fcc2a430ac1dfe,46
tcn_384_legacy,1,clean,control,1.396192172974766,48634,,family_d73cd491d1cc376e,313
tcn_384_legacy,1,clean,control,0.9190481007099152,402,,family_896e6058475d85c2,504
tcn_384_legacy,1,clean,control,1.1829257011413574,271,,family_dc605f4c0311b69b,77
tcn_384_legacy,1,clean,control,1.2278960943222046,418,,family_9d9014958e229b26,71
tcn_384_legacy,1,clean,control,1.0374086565985359,3410,,family_8cba6a895a1eda02,353
tcn_384_legacy,1,clean,control,1.194283332533041,7782,,family_f139578e4dab698a,80
tcn_384_legacy,1,clean,control,0.8209846883234424,8966,,family_6d75ac5f58d11f18,217
tcn_384_legacy,1,clean,control,1.2267726705666868,6494,,family_5990a7393b1bfc0a,31
tcn_384_legacy,1,clean,control,1.3530388297643734,1854,,family_284fbbf34df3f7e8,100
tcn_384_legacy,1,clean,control,1.341195244076928,857,,family_b49585225cf5c0d6,558
tcn_384_legacy,1,clean,control,1.2361149050606521,6393,,family_f5c26ed350b4ab73,37
tcn_384_legacy,1,clean,control,1.486684630309928,8674,,family_bfddaa9b983612cd,667
tcn_384_legacy,1,clean,control,1.1705125106811523,2500,,family_d1efa3da7bf90eef,672
tcn_384_legacy,1,clean,control,1.3423026356890375,3281,,family_e27845ea1d3c17f5,418
tcn_384_legacy,1,clean,control,1.2022250890731812,41,,family_b7f94b3542a0da7d,609
tcn_384_legacy,1,clean,control,1.025487892807041,12830,,family_73ee2da564c3d39b,462
tcn_384_legacy,1,clean,control,1.2454531444802106,4101,,family_7b40d80764230547,533
tcn_384_legacy,1,clean,control,1.0202161942094687,9640,,family_d14815f8add032f5,508
tcn_384_legacy,1,clean,control,1.2810976554784232,9584,,family_998e2240a156ecdd,138
tcn_384_legacy,1,clean,control,1.3011963367462158,186,,family_38899c6e7a885c05,110
tcn_384_legacy,1,clean,control,1.414351847365426,3903,,family_fcc0832c532eec68,188
tcn_384_legacy,1,clean,control,1.0632782603198447,1181,,family_a6a06fcf0eb60a8c,579
tcn_384_legacy,1,clean,control,1.547291343188478,48390,,family_70cece08fb91854c,12
tcn_384_legacy,1,clean,control,1.2767076845434504,503,,family_4b94b213c3d4fa08,168
tcn_384_legacy,1,clean,control,1.573386483826032,12892,,family_0a7cb9ca8662c54b,551
tcn_384_legacy,1,clean,control,1.0750621557235718,356,,family_f38ebbcef90914e9,8
tcn_384_legacy,1,clean,control,1.3945562081660576,2004,,family_fc2ade3f73bf052f,380
tcn_384_legacy,1,clean,control,1.1931054592132568,502,,family_2e9be0de8753a286,203
tcn_384_legacy,1,clean,control,1.1352910238196423,987,,family_b0b662377a329d27,581
tcn_384_legacy,1,clean,control,1.1121097803115845,356,,family_28e240b156c54585,629
tcn_384_legacy,1,clean,control,1.343846400786216,12262,,family_b285992ddbc1ba24,81
tcn_384_legacy,1,clean,control,1.444331305600681,29811,,family_941fe9b7f6e42836,62
tcn_384_legacy,1,clean,control,1.6764819612934503,1702,,family_7e5d0f85c7938ae7,245
tcn_384_legacy,1,clean,control,1.5537700143244761,2717,,family_ade1acf63d403dff,102
tcn_384_legacy,1,clean,control,1.2924493700315374,6022,,family_eb75a33dade5cdeb,678
tcn_384_legacy,1,clean,control,1.3698995435341033,1618,,family_236c05b0b6b045cb,143
tcn_384_legacy,1,clean,control,1.1417208566081185,669,,family_707a4103f358feb3,288
tcn_384_legacy,1,clean,control,0.3826039731502533,96,,family_21b728ec668b432d,631
tcn_384_legacy,1,clean,control,1.154001424674853,849,,family_7df5e4cd2001efeb,612
tcn_384_legacy,1,clean,control,1.3053458449608766,8476,,family_5cdee57343206eb1,13
tcn_384_legacy,1,clean,control,1.4291204707433949,708,,family_fbb60f07539bf74a,283
tcn_384_legacy,1,clean,control,1.3796923909868513,945,,family_52d508d06e660fb2,122
tcn_384_legacy,1,clean,control,1.2104292405274057,10036,,family_24c49b2dbbea0ff6,322
tcn_384_legacy,1,clean,control,1.0664196268744766,4073,,family_a3988b9597f6817f,571
tcn_384_legacy,1,clean,control,1.5709560272379746,12548,,family_4a8fbe9c547e5ce4,98
tcn_384_legacy,1,clean,control,0.9079096913337708,216,,family_51048182ed7b4454,512
tcn_384_legacy,1,clean,control,1.1175215244293213,186,,family_7224c63d7d5f2b96,262
tcn_384_legacy,1,clean,control,0.9602065682411194,181,,family_643cfac776d5dea8,683
tcn_384_legacy,1,clean,control,0.7492447606402378,12040,,family_619fe82eb42ec462,209
tcn_384_legacy,1,clean,control,1.5174056794552178,4835,,family_9b1625bc030f3790,79
tcn_384_legacy,1,clean,control,1.2939707969297847,10375,,family_edc93bd478511702,202
tcn_384_legacy,1,clean,control,1.3406013250350952,276,,family_7acbab6855200014,51
tcn_384_legacy,1,clean,control,0.9288064593618567,660,,family_db6f9992bb16df2a,126
tcn_384_legacy,1,clean,control,1.0314261086634857,2812,,family_b2aa288c70165e5f,70
tcn_384_legacy,1,clean,control,1.1689013184608095,6995,,family_cc532019d574a61c,655
tcn_384_legacy,1,clean,control,1.23159811623553,940,,family_b16072295921a493,357
tcn_384_legacy,1,clean,control,1.0499349412957582,966,,family_b4b1c2ecb31b907a,315
tcn_384_legacy,1,clean,control,1.2114379787352687,15485,,family_0d4a945b85bbaaba,370
tcn_384_legacy,1,clean,control,1.2480298500149796,3868,,family_97b8d4d98ee960bf,557
tcn_384_legacy,1,clean,control,1.0884993583245761,3384,,family_f7a86802e4f557fd,235
tcn_384_legacy,1,clean,control,1.072709932126392,3347,,family_e0c21fc7c10d2034,430
tcn_384_legacy,1,clean,control,0.940711688707914,4396,,family_d5bc4e01b0b8bac6,111
tcn_384_legacy,1,clean,control,1.111523627079471,1754,,family_57eac865a7f36b7c,323
tcn_384_legacy,1,clean,control,1.0176937208925203,1495,,family_96a402e381d595c2,42
tcn_384_legacy,1,clean,control,0.938500546492063,910,,family_0753f5ee1792042c,330
tcn_384_legacy,1,clean,control,1.8254806651000086,5656,,family_f170aad69aff7478,364
tcn_384_legacy,1,clean,control,1.1405801923213919,4216,,family_731071db0d9fbdbe,386
tcn_384_legacy,1,clean,control,1.2057094646780195,9071,,family_4582dbaeae746fdb,311
tcn_384_legacy,1,clean,control,1.2651134338752326,3601,,family_37f5f4cedb55aeea,383
tcn_384_legacy,1,clean,control,1.2119957298925004,5862,,family_f5b2bdc32c7d9391,603
tcn_384_legacy,1,clean,control,1.2572508336954595,518,,family_5c7b977277b847b2,690
tcn_384_legacy,1,clean,control,1.246862433723203,3154,,family_c35a6abc1d407f4a,694
tcn_384_legacy,1,clean,control,1.4074471596989953,3792,,family_e7af2e4cd0151c75,156
tcn_384_legacy,1,clean,control,1.5586794144413636,849,,family_16c1d42e507896a8,240
tcn_384_legacy,1,clean,control,0.9398080059086142,14431,,family_b387fed6ef4479f5,399
tcn_384_legacy,1,clean,control,1.1942001309166295,7073,,family_5d24c227f0462f74,439
tcn_384_legacy,1,clean,control,1.588555171204813,3180,,family_37347c6729a17ba5,274
tcn_384_legacy,1,clean,control,1.0739852793508524,1201,,family_31b6d88b207ec253,27
tcn_384_legacy,1,clean,control,0.7429370343487128,7224,,family_4694d2838960b723,224
tcn_384_legacy,1,clean,control,1.4680281568129183,7552,,family_e0952099c8a720c3,570
tcn_384_legacy,1,clean,control,1.1402618885040283,256,,family_c59f3ed95a508878,595
tcn_384_legacy,1,clean,control,1.4360285810784164,4574,,family_4cb23b14e3d36b0d,57
tcn_384_legacy,1,clean,control,1.0869533251971006,544,,family_aebb5b803b4c0278,208
tcn_384_legacy,1,clean,control,1.1679351329803467,412,,family_71e38421debc9320,159
tcn_384_legacy,1,clean,control,1.4043605540987985,1257,,family_d4e91cd391597bfb,377
tcn_384_legacy,1,clean,control,1.3157386372987878,337,,family_a458e18ffb59cdc5,670
tcn_384_legacy,1,clean,control,1.5606912775820723,5519,,family_47ba9ddc476931a4,621
tcn_384_legacy,1,clean,control,1.285095311288305,3121,,family_f95fe97783adac95,52
tcn_384_legacy,1,clean,control,1.4562657371231722,3488,,family_dc0b5179722e8fe5,61
tcn_384_legacy,1,clean,control,1.2170802187979024,1204,,family_e4b55ba694cc08da,597
tcn_384_legacy,1,clean,control,1.4538415844113668,10856,,family_85905b5b7536d21a,124
tcn_384_legacy,1,clean,control,1.1522367071964401,2029,,family_19989c971f68ce4b,501
tcn_384_legacy,1,clean,control,1.333939603604225,739,,family_59bfc8c37fa36b20,599
tcn_384_legacy,1,clean,control,1.0939923086760166,7902,,family_f84e475cf4f80566,584
tcn_384_legacy,1,clean,control,1.1850570640525457,3715,,family_4dadeb8474fe8ff9,10
tcn_384_legacy,1,clean,control,1.298714596769398,7658,,family_907fa6edb24e0ed3,440
tcn_384_legacy,1,clean,control,0.8704527694206644,2631,,family_0d0b16856dabcffa,128
tcn_384_legacy,1,clean,control,1.4765665272808977,9510,,family_e5b3c0aff0dd05ec,187
tcn_384_legacy,1,clean,control,1.45496707661221,8105,,family_eefe9fe6b23e51c4,88
tcn_384_legacy,1,clean,control,1.3123878404761544,6731,,family_b673e0fc724a479d,112
tcn_384_legacy,1,clean,control,1.1777073370538793,3392,,family_e07911eb7022fd85,193
tcn_384_legacy,1,clean,control,2.0523757682823986,161,,family_b207295fbdf40272,684
tcn_384_legacy,1,clean,control,1.186386878765755,11873,,family_de9c72ef62ac72df,74
tcn_384_legacy,1,clean,control,1.2603408278204142,3517,,family_aa86dc70aa03289b,35
tcn_384_legacy,1,clean,control,0.9577164145217482,3793,,family_2f904d1499c3c221,412
tcn_384_legacy,1,clean,control,1.025293953328336,1899,,family_7ea59bf5d40f5c4f,375
tcn_384_legacy,1,clean,control,1.1687433084754137,5771,,family_1ed29ad6679ffb57,553
tcn_384_legacy,1,clean,control,1.568675810338488,20130,,family_cedb480383e32e92,645
tcn_384_legacy,1,clean,control,1.2549811466937901,5956,,family_c676713b17e94995,515
tcn_384_legacy,1,clean,control,1.057405562692658,4820,,family_ab81517fb265a914,236
tcn_384_legacy,1,clean,control,1.2511894431235133,2760,,family_a3a83feb27470fd8,536
tcn_384_legacy,1,clean,control,1.230757339963546,2600,,family_8da1a87adf970316,341
tcn_384_legacy,1,clean,control,1.571635028766149,11084,,family_48362ee4e66fbdca,221
tcn_384_legacy,1,clean,control,1.2024141458364634,624,,family_16727aa87b392f1f,30
tcn_384_legacy,1,clean,control,1.0192727356931286,5746,,family_8b45b52019b254b0,197
tcn_384_legacy,1,clean,control,1.3489513948370646,8431,,family_ec04895340d4fdc3,350
tcn_384_legacy,1,clean,control,1.173963215585389,865,,family_73822ea66fa7eeb0,448
tcn_384_legacy,1,clean,control,1.136461660272365,4626,,family_e8b54594efd4b9e6,107
tcn_384_legacy,1,clean,control,1.7156089954726212,4714,,family_7cc11ff05363ef06,335
tcn_384_legacy,1,clean,control,1.2723332501973788,2013,,family_ab3d2680525ee608,191
tcn_384_legacy,1,clean,control,2.003492867031927,18363,,family_11328ccfc215dfa8,390
tcn_384_legacy,1,clean,control,1.7643898600999064,3418,,family_845d068ba0824cf7,443
tcn_384_legacy,1,clean,control,1.2156757412587895,6120,,family_1e46a30df40c6200,692
tcn_384_legacy,1,clean,control,1.085090373501633,1221,,family_e3d7b72a268ee197,144
tcn_384_legacy,1,clean,control,0.8724141345536414,10890,,family_bc785f448eebf656,546
tcn_384_legacy,1,clean,control,1.528321604553093,353,,family_acb335d44fa9df56,349
tcn_384_legacy,1,clean,control,1.6220392419388459,2544,,family_b9da95162a284b4f,298
tcn_384_legacy,1,clean,control,1.2274417877197266,226,,family_97ecb02c814c9745,63
tcn_384_legacy,1,clean,control,1.16914441646038,1202,,family_2c0b8c4f2526d835,394
tcn_384_legacy,1,clean,control,1.0409682143224428,2555,,family_78bbff520ba07726,178
tcn_384_legacy,1,clean,control,1.2420916477025183,4833,,family_9c778dc897506350,685
tcn_384_legacy,1,clean,control,1.2774495081079313,6356,,family_28fe60087b2cd721,332
tcn_384_legacy,1,clean,control,0.7742010519059619,12523,,family_0431bffd214ca7bc,257
tcn_384_legacy,1,clean,control,0.9065927398743853,5396,,family_c0f46844b9a3878a,542
tcn_384_legacy,1,clean,control,1.3518714405331216,759,,family_97885d2353dfa64d,441
tcn_384_legacy,1,clean,control,1.3950968288750238,267,,family_09c83fb2711d64d5,564
tcn_384_legacy,1,clean,control,1.303278432490735,15333,,family_a48d659018922846,497
tcn_384_legacy,1,clean,control,1.5749398545762145,2798,,family_d52dd246b31007f3,548
tcn_384_legacy,1,clean,control,1.5079206417637154,9826,,family_2acca371576a6fd6,363
tcn_384_legacy,1,clean,control,1.4525814639690244,16826,,family_08689d6c3fd6e06a,279
tcn_384_legacy,1,clean,control,1.338992205264645,1211,,family_65831b5b1b3a29fa,582
tcn_384_legacy,1,clean,control,1.4467649133106983,872,,family_82bd7085a31a7554,147
tcn_384_legacy,1,clean,control,1.1644290685653687,327,,family_c88efe0ec26b43e3,372
tcn_384_legacy,1,clean,control,1.3606687034509197,2254,,family_f45bf2582f059a32,406
tcn_384_legacy,1,clean,control,1.3905675186424376,2556,,family_35f68b61619872a8,172
tcn_384_legacy,1,clean,control,1.8530441522598267,131,,family_840a6921e02d98c7,157
tcn_384_legacy,1,clean,control,1.337247590181175,5574,,family_07b4a78bd4df5db4,657
tcn_384_legacy,1,clean,control,1.038349461540486,11925,,family_b520ad73480ac213,541
tcn_384_legacy,1,clean,control,1.1922329161004517,1554,,family_06501bb82c35d53d,354
tcn_384_legacy,1,clean,control,1.2776564389550837,2852,,family_43b744922bc6a2b7,682
tcn_384_legacy,1,clean,control,0.8205135689565429,1296,,family_08cdd9141b42b8a6,225
tcn_384_legacy,1,clean,control,1.3477825211971217,3477,,family_8dd64a20ac498091,194
tcn_384_legacy,1,clean,control,1.3162775987889803,2796,,family_8a75620caa46a4bb,320
tcn_384_legacy,1,clean,control,1.0478898191123927,2834,,family_7133a47758bc1e83,588
tcn_384_legacy,1,clean,control,1.2897263765335083,388,,family_7674fcfd8eb0f8a6,365
tcn_384_legacy,1,clean,control,1.364436614415951,734,,family_b16129a99034b8c9,498
tcn_384_legacy,1,clean,control,1.267420210976216,3285,,family_9a211141e0be1d71,358
tcn_384_legacy,1,clean,control,1.3174803269242954,10652,,family_ad2b3cd2ed862d0c,389
tcn_384_legacy,1,clean,control,1.3370297848378467,1863,,family_705c36bdf218eff1,222
tcn_384_legacy,1,clean,clean_validation,1.403445784371416,1121,,family_506bf4406cb0d194,321
tcn_384_legacy,1,clean,clean_validation,0.9769991793494294,1035,,family_8c2d85eda3c6c0af,565
tcn_384_legacy,1,clean,clean_validation,1.1512601404344303,7667,,family_53d69e3df7c4019e,382
tcn_384_legacy,1,clean,clean_validation,1.3382825701559664,1543,,family_0682993cd6dae2ed,549
tcn_384_legacy,1,clean,clean_validation,1.1718040694982543,367,,family_c2107d3bea36abf9,72
tcn_384_legacy,1,clean,clean_validation,1.5442217709558528,2106,,family_13ece3a8f78f89a2,625
tcn_384_legacy,1,clean,clean_validation,1.1635911464691162,301,,family_7535ae77a17dc02e,301
tcn_384_legacy,1,clean,clean_validation,1.3058244446490674,282,,family_fa76be46983f7f33,530
tcn_384_legacy,1,clean,clean_validation,1.4316994280214401,10835,,family_cb253f56c14aaef0,1
tcn_384_legacy,1,clean,clean_validation,1.3113176113421763,2180,,family_3e4cb248c8f64e86,86
tcn_384_legacy,1,clean,clean_validation,1.181397557258606,216,,family_8b8ebcd5a49b5c95,447
tcn_384_legacy,1,clean,clean_validation,1.0483930206747327,4678,,family_3cd795074901ac53,460
tcn_384_legacy,1,clean,clean_validation,1.2686678739481194,688,,family_94d17723c53c0857,457
tcn_384_legacy,1,clean,clean_validation,0.6766533577993671,1686,,family_b3d7700f2724b4da,151
tcn_384_legacy,1,clean,clean_validation,0.985730851692223,4418,,family_200325224f3118ec,131
tcn_384_legacy,1,clean,clean_validation,1.1781095445754137,598,,family_a2007ec7c2f39458,409
tcn_384_legacy,1,clean,clean_validation,1.3198202489213977,2021,,family_0156d6f8bec156a8,264
tcn_384_legacy,1,clean,clean_validation,1.0747441937269886,10470,,family_98e69521d6d5ed6a,653
tcn_384_legacy,1,clean,clean_validation,1.3037602805562225,1442,,family_d903612ae7a3b48e,633
tcn_384_legacy,1,clean,clean_validation,0.8416966784330597,8845,,family_1de7a628296b57e3,92
tcn_384_legacy,1,clean,clean_validation,1.1619924306869507,261,,family_9868fe525e6f6581,535
tcn_384_legacy,1,clean,clean_validation,0.7828687713619022,2133,,family_0f10a03796a0c09e,465
tcn_384_legacy,1,clean,clean_validation,1.430798893052805,4649,,family_c6a487213dca86b0,540
tcn_384_legacy,1,clean,clean_validation,1.2822419947305257,5403,,family_4c360aa749c4a1ef,149
tcn_384_legacy,1,clean,clean_validation,1.0923939057648098,28440,,family_9cec718d857c608f,115
tcn_384_legacy,1,clean,clean_validation,0.6826712944350399,2912,,family_156ffd19a0eec30a,598
tcn_384_legacy,1,clean,clean_validation,0.8143262355087089,1477,,family_e4f029933a31381d,573
tcn_384_legacy,1,clean,clean_validation,1.4487697924614578,13719,,family_2aeac1591f6f74ea,307
tcn_384_legacy,1,clean,clean_validation,1.290538440304815,697,,family_b476be0b49274370,260
tcn_384_legacy,1,clean,clean_validation,1.1669958939491059,6384,,family_9d6498c1a4edbe8c,199
tcn_384_legacy,1,clean,clean_validation,1.538476986777746,8797,,family_177773ab1cfd2532,630
tcn_384_legacy,1,clean,clean_validation,1.3471747416051456,6151,,family_1ea2a219a2bdf844,53
tcn_384_legacy,1,clean,clean_validation,1.4936104626802125,1692,,family_3dd1e430f3ee7446,9
tcn_384_legacy,1,clean,clean_validation,1.2684190273284912,256,,family_44f2b0e77f4af418,650
tcn_384_legacy,1,clean,clean_validation,0.9795968022557768,2099,,family_620599f8e0ecd444,47
tcn_384_legacy,1,clean,clean_validation,0.9754526019096375,211,,family_1ddad3a2c05e2680,296
tcn_384_legacy,1,clean,clean_validation,1.3744520198702306,1179,,family_5174bcfb395c6c93,229
tcn_384_legacy,1,clean,clean_validation,1.0520408854035155,5284,,family_752e5140a83655db,560
tcn_384_legacy,1,clean,clean_validation,1.0360373184001943,4491,,family_ad503dfcc1e63e96,239
tcn_384_legacy,1,clean,clean_validation,1.574219728653584,2725,,family_af0d017372cb2ffa,643
tcn_384_legacy,1,clean,clean_validation,1.2710627743634468,15417,,family_83ead3d96159a25d,395
tcn_384_legacy,1,clean,clean_validation,1.52007521159068,20099,,family_03bc829a418eac27,459
tcn_384_legacy,1,clean,clean_validation,1.3128436030141566,2869,,family_312947f388fcd367,638
tcn_384_legacy,1,clean,clean_validation,1.1200353384710016,1378,,family_b0968c9d92a309da,302
tcn_384_legacy,1,clean,clean_validation,0.9677098998338869,3434,,family_044026fc250ea949,437
tcn_384_legacy,1,clean,clean_validation,1.2695798075296045,2460,,family_a77741e8f387ba1b,154
tcn_384_legacy,1,clean,clean_validation,1.3214356390738575,1076,,family_e994803a7b762aa2,410
tcn_384_legacy,1,clean,clean_validation,1.5770873971163029,7611,,family_6417dd72b6af3eda,404
tcn_384_legacy,1,clean,clean_validation,1.3280486457797662,14317,,family_0bab43cce14a333d,471
tcn_384_legacy,1,clean,clean_validation,0.5517455462941003,1303,,family_9cc0d2dc7c97039d,213
tcn_384_legacy,1,clean,clean_validation,0.8848130629490976,2182,,family_82a4b79ac7e84a17,200
tcn_384_legacy,1,clean,clean_validation,1.4874606473871517,13780,,family_f4cb6b9481320847,371
tcn_384_legacy,1,clean,clean_validation,1.2555037555886548,4024,,family_5bd01148f60d04e0,120
tcn_384_legacy,1,clean,clean_validation,0.9131731032863144,1806,,family_17daca9afdd839fe,568
tcn_384_legacy,1,clean,clean_validation,1.100830583102641,538,,family_276804a34673f756,304
tcn_384_legacy,1,clean,clean_validation,1.6538711599844143,5998,,family_92b0513dee6f07dd,25
tcn_384_legacy,1,clean,clean_validation,1.083250451764781,1092,,family_9b1a4d796317c86e,613
tcn_384_legacy,1,clean,clean_validation,1.3668020460939199,2523,,family_7cf31d6371e489fd,48
tcn_384_legacy,1,clean,clean_validation,1.3029503523656965,2766,,family_705d9aa21ef59c14,339
tcn_384_legacy,1,clean,clean_validation,1.2901406936227098,8912,,family_e7a8a4c136ad4c88,334
tcn_384_legacy,1,clean,clean_validation,0.6171869340292905,654,,family_2cd67233ffc8de8d,587
tcn_384_legacy,1,clean,clean_validation,1.2021090089777513,4195,,family_61367478b0d50a39,360
tcn_384_legacy,1,clean,clean_validation,1.5947068368725823,5468,,family_6a5eb7c975a3a6a8,73
tcn_384_legacy,1,clean,clean_validation,1.3630501341345198,3567,,family_e9c05c6e37633fe0,500
tcn_384_legacy,1,clean,clean_validation,1.534308399988792,8451,,family_8209ef2211a8fa80,662
tcn_384_legacy,1,clean,clean_validation,1.1991190525445532,1880,,family_534587ddf3c590a6,507
tcn_384_legacy,1,clean,clean_validation,1.1030759531807384,13034,,family_88000d4a34b43f6f,109
tcn_384_legacy,1,clean,clean_validation,1.3710262775421143,357,,family_09ba6788519a60f2,293
tcn_384_legacy,1,clean,clean_validation,1.2794891305768348,3111,,family_3297a1612112b3a9,99
tcn_384_legacy,1,clean,clean_validation,1.2133981369319975,5018,,family_77156022943ef360,516
tcn_384_legacy,1,clean,clean_validation,1.0350638411809003,7328,,family_843eb0e7d3797357,673
tcn_384_legacy,1,clean,clean_validation,1.4760233561197917,3015,,family_e3e1e8490f43c6b7,67
tcn_384_legacy,1,clean,clean_validation,0.8329599514852508,1377,,family_33bc1bfb24a91122,238
tcn_384_legacy,1,clean,clean_validation,0.7291797995567322,201,,family_cef9e09ff37dd808,56
tcn_384_legacy,1,clean,clean_validation,1.079375876624864,5248,,family_85be83889927906f,367
tcn_384_legacy,1,clean,clean_validation,1.4721803631338,1727,,family_933c96d2bfde210b,303
tcn_384_legacy,1,clean,clean_validation,1.6664000225318656,10048,,family_113476d14044fff1,478
tcn_384_legacy,1,clean,clean_validation,1.3285768818740762,15822,,family_b2cc89a22bd3650f,259
tcn_384_legacy,1,clean,clean_validation,1.2002536513590194,14004,,family_009b778c57456b7a,244
tcn_384_legacy,1,clean,clean_validation,1.1390432475681185,1902,,family_38ceea7c76f255b3,343
tcn_384_legacy,1,clean,clean_validation,1.442419946193695,442,,family_7a48a7509f2ed688,646
tcn_384_legacy,1,clean,clean_validation,1.5681282559654959,11424,,family_a9e91a290c2b5c30,651
tcn_384_legacy,1,clean,clean_validation,0.9424174137718786,3612,,family_b22cb24378dd7aaa,550
tcn_384_legacy,1,clean,clean_validation,1.1678462693810565,1179,,family_bdd6debf555477b4,78
tcn_384_legacy,1,clean,clean_validation,1.1044915712004808,2478,,family_d997865401469e31,454
tcn_384_legacy,1,clean,clean_validation,1.079965423412907,14923,,family_1a70716ad19cc9d6,328
tcn_384_legacy,1,clean,clean_validation,0.9370834478760607,7486,,family_cbf8d1e12b32df90,586
tcn_384_legacy,1,clean,clean_validation,1.7854349613189697,102,,family_1423635df94c5343,577
tcn_384_legacy,1,clean,clean_validation,1.5656776699658945,6210,,family_5ec977e50f88a732,635
tcn_384_legacy,1,clean,clean_validation,2.07120418548584,46,,family_13449e7cf493b2f6,192
tcn_384_legacy,1,clean,clean_validation,1.514984490769818,1619,,family_fb7471c20f2b4aed,218
tcn_384_legacy,1,clean,clean_validation,1.4980677350362142,1425,,family_502f200f3e0313b3,374
tcn_384_legacy,1,clean,clean_validation,1.4217397967084033,5579,,family_06f033ae1dede60a,166
tcn_384_legacy,1,clean,clean_validation,0.721405196131369,3871,,family_d5bc99ec8cbbe193,352
tcn_384_legacy,1,clean,clean_validation,1.2293532449769748,844,,family_a913d556915e01ff,319
tcn_384_legacy,1,clean,clean_validation,1.4532369375228882,462,,family_26d482864d00ab2a,453
tcn_384_legacy,1,clean,clean_validation,1.2637405755346984,593,,family_9e1b57363d3766ce,356
tcn_384_legacy,1,clean,clean_validation,1.2534782711406545,20615,,family_b4dc091216fd58c5,32
tcn_384_legacy,1,clean,clean_validation,1.3246753626415357,839,,family_dd4daa9a12128180,256
tcn_384_legacy,1,clean,clean_validation,1.366772296747609,12260,,family_6e4ca288c20596c8,249
tcn_384_legacy,1,clean,clean_validation,1.5557043274041964,7092,,family_eb607bef12aaa172,502
tcn_384_legacy,1,clean,clean_validation,1.4004761109869164,498,,family_04b84faa8791236a,487
tcn_384_legacy,1,clean,clean_validation,1.3574064298542199,2505,,family_d3c3ffd4bf041662,85
tcn_384_legacy,1,clean,clean_validation,1.6402759578613184,2643,,family_d204b7d342411c5e,677
tcn_384_legacy,1,clean,clean_validation,1.4997624839656585,49132,,family_82c86f72a6ba2d05,680
tcn_384_legacy,1,clean,clean_validation,1.7786244277476273,9141,,family_213ae165418380ad,206
tcn_384_legacy,1,clean,clean_validation,1.4844962358474731,206,,family_b4ad6d59b30dc431,658
tcn_384_legacy,1,clean,clean_validation,1.0017659959845326,5751,,family_66bfed3171c47d48,308
tcn_384_legacy,1,clean,clean_validation,1.2470041477409959,1191,,family_1042e6cfc0da940b,561
tcn_384_legacy,1,clean,clean_validation,1.0720835390482863,1825,,family_1b004e877fd9c150,444
tcn_384_legacy,1,clean,clean_validation,1.127216131601763,3043,,family_cd0df1b5c356cfbf,40
tcn_384_legacy,1,clean,clean_validation,0.974554115480911,6195,,family_87bb078a1609e1d4,594
tcn_384_legacy,1,clean,clean_validation,0.8251854687233509,5398,,family_365ed3f794ae6917,636
tcn_384_legacy,1,clean,clean_validation,1.3190157441531911,5270,,family_64aded009d0aa19d,252
tcn_384_legacy,1,clean,clean_validation,1.588568925857544,126,,family_62119591a5d0e802,591
tcn_384_legacy,1,clean,clean_validation,1.378829967850133,1425,,family_2573c0454c4f3b47,170
tcn_384_legacy,1,clean,clean_validation,1.3481213864151056,3936,,family_784552c59e6cde90,116
tcn_384_legacy,1,clean,clean_validation,1.2353148444706248,8970,,family_a0873d1045e6de73,179
tcn_384_legacy,1,clean,clean_validation,1.3281055688858032,261,,family_d7f647fc704e4090,503
tcn_384_legacy,1,clean,clean_validation,1.251947045326233,582,,family_de177b5bfd3b4ad4,36
tcn_384_legacy,1,clean,clean_validation,1.4993765354156494,271,,family_57d0908d211a3aeb,446
tcn_384_legacy,1,clean,clean_validation,1.3094035387039185,221,,family_5f8fbce42478804e,652
tcn_384_legacy,1,clean,clean_validation,1.5161038882776194,2286,,family_48d0cb7d67246d93,483
tcn_384_legacy,1,clean,clean_validation,1.1169264490987145,598,,family_9f0867df23aab646,64
tcn_384_legacy,1,clean,clean_validation,1.1718790624987694,1550,,family_60fbccdcfac8d45f,201
tcn_384_legacy,1,clean,clean_validation,1.2024354153398342,3993,,family_222129623ae1d868,331
tcn_384_legacy,1,clean,clean_validation,1.6895215045288519,3553,,family_d12ec4943d04fda6,381
tcn_384_legacy,1,clean,clean_validation,1.5436549186706543,613,,family_ca5f7811310d4979,421
tcn_384_legacy,1,clean,clean_validation,1.3145626334046734,8917,,family_1a9b3b213cd3f0fe,289
tcn_384_legacy,1,clean,clean_validation,1.0309453555880168,6357,,family_8597a33e1a97ed61,234
tcn_384_legacy,1,clean,clean_validation,0.9978283643722534,331,,family_34fbf3c76cd35578,445
tcn_384_legacy,1,clean,clean_validation,1.5673385369973105,1525,,family_064fc18d23d7f6e0,171
tcn_384_legacy,1,clean,clean_validation,0.9160256882683131,13091,,family_1cb15a71042b13f5,469
tcn_384_legacy,1,clean,clean_validation,1.0423401906652359,412,,family_e6b4aacd5803536e,674
tcn_384_legacy,1,clean,clean_validation,1.153521486327548,2764,,family_387cf57640b6d8de,4
tcn_384_legacy,1,clean,clean_validation,1.331059499011897,15176,,family_2decb8320f2dfd02,113
tcn_384_legacy,1,clean,clean_validation,1.8545441298855652,15931,,family_ac0f9bcdce618038,518
tcn_384_legacy,1,clean,clean_validation,1.2750520706176758,221,,family_59a690110c469b8f,282
tcn_384_legacy,1,clean,clean_validation,1.4067015647888184,177,,family_242be05bb379eeaa,486
tcn_384_legacy,1,clean,clean_validation,1.3478450775146484,291,,family_8adbaad5b4f10b73,250
tcn_384_legacy,1,clean,clean_validation,1.2251664262135498,5841,,family_e7650acc72c99e33,285
tcn_384_legacy,1,clean,clean_validation,1.5887668459711985,2629,,family_cc51c1d0bd72fc52,517
tcn_384_legacy,1,clean,clean_validation,1.302758812904358,271,,family_1fc3e8d69842199a,346
tcn_384_legacy,1,clean,clean_validation,1.3877276982590396,6498,,family_44bf22828218a5dc,223
tcn_384_legacy,1,clean,clean_validation,1.732414803778726,1045,,family_423514ea82205c90,118
tcn_384_legacy,1,clean,clean_validation,1.1781476659288788,11303,,family_d065b978d8d6363c,233
tcn_384_legacy,1,clean,clean_validation,1.0664382040179357,13543,,family_34c0276853df68f6,592
tcn_384_legacy,1,clean,clean_validation,0.9377940412551637,1260,,family_1086f01990d35911,161
tcn_384_legacy,1,clean,clean_validation,1.2447715009157823,6524,,family_272ea12129852d21,83
tcn_384_legacy,1,clean,clean_validation,1.1232736214800172,458,,family_ab58c5df98c64c96,242
tcn_384_legacy,1,clean,clean_validation,0.6692506942455664,6518,,family_05ac1b1c30b4cc2e,514
tcn_384_legacy,1,clean,clean_validation,1.477561979090641,20441,,family_57e56909cbd77983,472
tcn_384_legacy,1,clean,clean_validation,0.7846614122390747,201,,family_5dd2a8be853b78e8,22
tcn_384_legacy,1,clean,clean_validation,1.494984192452554,1856,,family_9830d264b28c22a3,68
tcn_384_legacy,1,clean,clean_validation,0.967866837978363,196,,family_142c201c93af1056,55
tcn_384_legacy,1,clean,clean_validation,1.3120714956168107,859,,family_8dee2f974b6e774e,17
tcn_384_legacy,1,clean,clean_validation,1.1728804357958422,7603,,family_1714b2bcb66f3a32,411
tcn_384_legacy,1,clean,clean_validation,1.479250415573908,4503,,family_0b7033c8335243d6,210
tcn_384_legacy,1,clean,clean_validation,1.6017036991066858,30865,,family_f7fc3a6587acd552,669
tcn_384_legacy,1,clean,clean_validation,1.0347378326294454,1318,,family_3073b2c859362b6b,537
tcn_384_legacy,1,clean,clean_validation,1.2374693155288696,682,,family_1022f1461ea02448,297
tcn_384_legacy,1,clean,clean_validation,1.1727453470230103,101,,family_ccc461da40d9ac0d,420
tcn_384_legacy,1,clean,clean_validation,1.4771547103993092,6806,,family_4c7eec40a9857f16,668
tcn_384_legacy,1,clean,clean_validation,0.6700611297233865,1856,,family_ea447f225e37bcff,496
tcn_384_legacy,1,clean,clean_validation,2.2705050343791826,7555,,family_3335e158c995dd8a,148
tcn_384_legacy,1,clean,clean_validation,1.2078461373867624,12481,,family_d521b23ed1f019c7,121
tcn_384_legacy,1,clean,clean_validation,1.3517576514137508,5235,,family_0134076cacfda355,392
tcn_384_legacy,1,clean,clean_validation,1.5526008208592732,738,,family_56b2cba7fc132ef1,574
tcn_384_legacy,1,clean,clean_validation,1.2714541431975692,1022,,family_442e47d64373ea42,214
tcn_384_legacy,1,clean,clean_validation,1.1406496965356874,2076,,family_81ddae8c86d6f244,388
tcn_384_legacy,1,clean,clean_validation,1.3720454122717896,1191,,family_c182d668dd0813f1,368
tcn_384_legacy,1,clean,clean_validation,1.1783208138155705,824,,family_3619ff0a23b6cf76,583
tcn_384_legacy,1,clean,clean_validation,1.1805922756728051,2344,,family_8d7f055fadcc2466,554
tcn_384_legacy,1,clean,clean_validation,1.2843881865389724,9248,,family_47eed942bba714a7,119
tcn_384_legacy,1,clean,clean_validation,1.412981390953064,331,,family_4ad0ed70281e61b7,697
tcn_384_legacy,1,clean,clean_validation,0.8830984257349447,1428,,family_2caaaadc23ec98ec,248
tcn_384_legacy,1,clean,clean_validation,0.9667281276965267,945,,family_762c3082afd0d823,337
tcn_384_legacy,1,clean,clean_validation,1.1989064286775573,5437,,family_fb27253a42766057,212
tcn_384_legacy,1,clean,clean_validation,1.430069493221764,2371,,family_892f6f575ad06fdb,351
tcn_384_legacy,1,clean,clean_validation,1.2263571818669636,1200,,family_8aa0ed5e323eeb0d,195
tcn_384_legacy,1,clean,clean_validation,1.359556345069313,18135,,family_7069de93803bf73e,510
tcn_384_legacy,1,clean,clean_validation,0.9655271173648114,4240,,family_d6ff844172b34405,280
tcn_384_legacy,1,clean,clean_validation,1.0614343819543612,3515,,family_01939a8c620ed9e1,610
tcn_384_legacy,1,clean,clean_validation,1.0238819648111719,5006,,family_94b530a2eeef7b05,675
tcn_384_legacy,1,clean,clean_validation,0.623284722833287,523,,family_b298a2c79b9acf61,186
tcn_384_legacy,1,clean,clean_validation,1.6106522514297439,6660,,family_4a86fa42bce94e67,26
tcn_384_legacy,1,clean,clean_validation,1.2048733234405518,497,,family_7af8a28c6e85bc8b,141
tcn_384_legacy,1,clean,clean_validation,2.4956719875335693,11,,family_99483ac7e710751f,175
tcn_384_legacy,1,clean,clean_validation,1.2008961701115897,860,,family_644383b9a5c7153d,50
tcn_384_legacy,1,clean,clean_validation,1.1463931006710737,714,,family_e08ea0e927cfea58,369
tcn_384_legacy,1,clean,clean_validation,1.3119057235485616,5217,,family_44cee7ecbafdaa0c,628
tcn_384_legacy,1,clean,clean_validation,1.3514031688322437,2391,,family_46ee5adc2c70d33b,312
tcn_384_legacy,1,clean,clean_validation,0.7255182266235352,226,,family_363f18ff9cdd663b,101
tcn_384_legacy,1,clean,clean_validation,1.0855261565637262,3794,,family_0f72232dcd828b96,526
tcn_384_legacy,1,clean,clean_validation,1.1911761119525386,2971,,family_97eeaf7b4a9c3731,434
tcn_384_legacy,1,clean,clean_validation,1.2696677235296538,7619,,family_09e1821e1435425f,490
tcn_384_legacy,1,clean,clean_validation,1.5063837766647339,301,,family_3e481fb1fbc87581,596
tcn_384_legacy,1,clean,clean_validation,0.725530707207387,3261,,family_a43a516a7577f1ec,398
tcn_384_legacy,1,clean,clean_validation,0.7757435370004722,20304,,family_c70bbb1238ec368c,338
tcn_384_legacy,1,clean,clean_validation,1.5924467998382048,14843,,family_e7c9171f786b99da,183
tcn_384_legacy,1,clean,clean_validation,1.064017415046692,583,,family_eac4733b2dae986d,69
tcn_384_legacy,1,clean,clean_validation,1.3256016735459488,10963,,family_dcee5dfcf9fc6031,489
tcn_384_legacy,1,clean,clean_validation,1.7358159508494382,1086,,family_ba88844813c478c8,488
tcn_384_legacy,1,clean,clean_validation,1.281542019781057,3671,,family_e3b1d0c18a60396e,626
tcn_384_legacy,1,clean,clean_validation,1.4755606323584447,2870,,family_455ecec853565931,619
tcn_384_legacy,1,clean,clean_validation,1.4565694332122803,291,,family_db0f95ba35a66044,329
tcn_384_legacy,1,clean,clean_validation,1.5309071168736956,7391,,family_f4900aed0a1c77c5,268
tcn_384_legacy,1,clean,clean_validation,1.118497708891472,3814,,family_641e72e8ff1c1166,146
tcn_384_legacy,1,clean,clean_validation,1.2669581470117135,14163,,family_2312c27769277b81,470
tcn_384_legacy,1,clean,clean_validation,1.1070349048407517,3944,,family_1e6bf6c8d5b78e1a,640
tcn_384_legacy,1,clean,clean_validation,0.9294538727100391,7532,,family_502e6b70666e84f8,162
tcn_384_legacy,1,clean,clean_validation,1.3993395503387698,619,,family_a55f889fcbd8ead5,59
tcn_384_legacy,1,clean,clean_validation,0.9630615711212158,487,,family_d9ef2ad04ba5030a,94
tcn_384_legacy,1,clean,clean_validation,1.6785925324269158,3740,,family_6ecb17a2196b524b,216
tcn_384_legacy,1,clean,clean_validation,0.916589149355571,21036,,family_6eb33acc697900b1,189
tcn_384_legacy,1,clean,clean_validation,1.0990695053661867,15489,,family_71038ecc81cc310d,567
tcn_384_legacy,1,clean,clean_validation,1.4895631923844026,7528,,family_43d070bb1d4728eb,436
tcn_384_legacy,1,clean,clean_validation,1.421770517244277,4143,,family_e943e5ae3161e964,215
tcn_384_legacy,1,clean,clean_validation,1.4283127418154984,1639,,family_977c404bc438de36,129
tcn_384_legacy,1,clean,clean_validation,1.3222968610771622,1654,,family_eb05ccf771a0f6fa,167
tcn_384_legacy,1,clean,clean_validation,1.319327441211167,658,,family_f76575f43ce9f715,211
tcn_384_legacy,1,clean,clean_validation,1.4682217836380005,126,,family_c44c8014b64e9662,271
tcn_384_legacy,1,clean,clean_validation,1.4288337188608506,1615,,family_db3db1576a406cc8,647
tcn_384_legacy,1,clean,clean_validation,1.0959931476955929,3001,,family_74d6ca4f4b3ca714,198
tcn_384_legacy,1,clean,clean_validation,1.3045327023452205,13326,,family_e28197e9cf6fc68d,82
tcn_384_legacy,1,clean,clean_validation,1.5535018989795366,5959,,family_1bbcc4218f93ca73,585
tcn_384_legacy,1,clean,clean_validation,0.7814756081468787,5926,,family_6efa1cacb9ad3d66,450
tcn_384_legacy,1,clean,clean_validation,1.2920178239279636,1483,,family_293d3c58434ea432,424
tcn_384_legacy,1,clean,clean_validation,1.5462393597593524,307,,family_bb7a3764a0cb51ef,185
tcn_384_legacy,1,clean,clean_validation,0.6726097163521653,3853,,family_ce939a871f73797e,654
tcn_384_legacy,1,clean,clean_validation,0.8290594628451442,11511,,family_bf58440f90351608,656
tcn_384_legacy,1,clean,clean_validation,1.398627254875859,47814,,family_b13e3197621b6a67,665
tcn_384_legacy,1,clean,clean_validation,1.437312247681456,5155,,family_e5b4b48758cc10cf,0
tcn_384_legacy,1,clean,clean_validation,1.0936945442210797,10750,,family_873455800f3af360,90
tcn_384_legacy,1,clean,clean_validation,0.6613982306449737,1648,,family_5b4f410a68b26980,294
tcn_384_legacy,1,clean,clean_validation,1.4235992330959466,6820,,family_6555b7af6b1e876d,333
tcn_384_legacy,1,clean,clean_validation,0.6288399286284326,9581,,family_c8ed53e602d47d77,373
tcn_384_legacy,1,clean,clean_validation,0.9353328279086521,910,,family_b7724334fda37767,2
tcn_384_legacy,1,clean,clean_validation,1.121125264329996,6232,,family_e1e6b4777ab2f0d3,525
tcn_384_legacy,1,clean,clean_validation,0.9891972529537189,10054,,family_68b8fd69ce397884,205
tcn_384_legacy,1,clean,clean_validation,1.3098363876342773,261,,family_4484ffde0b8eeb1e,468
tcn_384_legacy,1,clean,clean_validation,1.5278292135571079,5772,,family_f6c8d7d7ccb2fb7c,659
tcn_384_legacy,1,clean,clean_validation,1.211781688562754,8322,,family_bf5e46a018cc309f,91
tcn_384_legacy,1,clean,clean_validation,1.537669210615653,3333,,family_74d92a6b925fff2b,361
tcn_384_legacy,1,clean,clean_validation,1.7029331965162264,755,,family_fecd8209b4231ff0,562
tcn_384_legacy,1,clean,clean_validation,1.2836164616354329,1047,,family_a5b4b56c411c3e3e,19
tcn_384_legacy,1,clean,clean_validation,1.207629386063388,3038,,family_125b174edd279860,622
tcn_384_legacy,1,clean,clean_validation,1.4181664158765837,12165,,family_4fd03386572a5e7d,49
tcn_384_legacy,1,clean,clean_validation,1.3179131150245667,784,,family_b683e3dda3d53d7d,499
tcn_384_legacy,1,clean,clean_validation,1.1281424417713348,5434,,family_7cc38e130f767be2,152
tcn_384_legacy,1,clean,clean_validation,1.4769360116736856,2004,,family_c1cf47c50b324615,620
tcn_384_legacy,1,clean,clean_validation,1.2101736068725586,277,,family_e6f89a8fd4c28042,671
tcn_384_legacy,1,clean,clean_validation,1.2930190521754965,5436,,family_f32207a4bd1be5f3,641
tcn_384_legacy,1,clean,clean_validation,1.271509680845966,730,,family_750c1b7c9293fca0,555
tcn_384_legacy,1,clean,clean_validation,0.6024250696347383,2518,,family_dff095b3f9ea4486,228
tcn_384_legacy,1,clean,clean_validation,1.1815146477378193,1393,,family_03f94974e43a6f72,219
tcn_384_legacy,1,clean,clean_validation,0.9909294340282081,11470,,family_20755f596dac4ad8,538
tcn_384_legacy,1,clean,clean_validation,0.7110863419523011,11134,,family_a5fb3561532a1515,251
tcn_384_legacy,1,clean,clean_validation,1.3249537471136406,10047,,family_09f185032eec1684,15
tcn_384_legacy,1,clean,clean_validation,1.1679404025625233,2108,,family_449b876c5d7555de,648
tcn_384_legacy,1,clean,clean_validation,1.6249471618782927,9757,,family_17c63d0cae51b4f0,552
tcn_384_legacy,1,clean,clean_validation,1.4689330896661508,1901,,family_a7e7611a4fb45bb8,181
tcn_384_legacy,1,clean,clean_validation,1.1084606169486337,21536,,family_a0087912e552c325,160
tcn_384_legacy,1,clean,clean_validation,1.534568564751569,13175,,family_26c7d9fe4637a87f,639
tcn_384_legacy,1,clean,clean_validation,1.5333523726603233,11417,,family_7c0ce9b52a4fb354,384
tcn_384_legacy,1,clean,clean_validation,1.2329022777201344,12236,,family_ce42ac82cf5b7aa5,491
tcn_384_legacy,1,clean,clean_validation,1.6030251185528404,926,,family_d1384d3d5b8f3e4a,325
tcn_384_legacy,1,clean,clean_validation,0.9908195909863062,8976,,family_a4ec6bc987630263,480
tcn_384_legacy,1,clean,clean_validation,0.8585383379889248,2274,,family_d7fd034f32743816,614
tcn_384_legacy,1,clean,clean_validation,1.0635819476024777,4080,,family_9ee07f048eddd3ef,605
tcn_384_legacy,1,clean,clean_validation,1.7927455032477864,9874,,family_d5db7a666d5cdce4,432
tcn_384_legacy,1,clean,clean_validation,0.9576436877250671,693,,family_e3990e8f3e5a019e,29
tcn_384_legacy,1,clean,clean_validation,1.0731333494186401,402,,family_424ba6cfeb2d4b06,347
tcn_384_legacy,1,clean,clean_validation,1.403847531791698,2758,,family_1584dac71c5d3b21,417
tcn_384_legacy,1,clean,clean_validation,0.8171652637665817,1559,,family_71b49a81405adf23,28
tcn_384_legacy,1,clean,clean_validation,0.8644746698352375,3865,,family_02cd0d0062e7f2f0,136
tcn_384_legacy,1,clean,clean_validation,1.2229906412031342,6113,,family_f6a9ab27f75aaa2c,237
tcn_384_legacy,1,clean,clean_validation,3.154017925262451,56,,family_fa6d03faa672f307,607
tcn_384_legacy,1,clean,clean_validation,1.2124499853963333,1601,,family_32ee5e4e0bf64290,575
tcn_384_legacy,1,clean,clean_validation,1.3246176950443598,1373,,family_4b03c0c9196cb057,642
tcn_384_legacy,1,clean,clean_validation,1.2428386132519675,33265,,family_084d50552be46593,431
tcn_384_legacy,1,clean,clean_validation,1.1586545705795288,216,,family_f9eef55626121ccd,456
tcn_384_legacy,1,clean,clean_validation,1.7016637517574824,2579,,family_f3c41c0d722fe806,299
tcn_384_legacy,1,clean,clean_validation,1.3804911700752605,8074,,family_830520441d24c99b,281
tcn_384_legacy,1,clean,clean_validation,1.5029827618386875,1574,,family_0bcfa76d0d0ba6c7,204
tcn_384_legacy,1,clean,clean_validation,1.1500424831853824,4379,,family_49c1e82f118ffcdb,155
tcn_384_legacy,1,clean,clean_validation,2.0827438831329346,37,,family_60813f1989c300e9,547
tcn_384_legacy,1,clean,clean_validation,1.1153597060269178,4098,,family_b9e55910bfee8055,104
tcn_384_legacy,1,clean,clean_validation,1.1253881548718163,683,,family_b5e8954b16e48222,6
tcn_384_legacy,1,clean,clean_validation,0.8008971810340881,181,,family_a8682c6d911fc3b8,566
tcn_384_legacy,1,clean,clean_validation,1.3173400694799275,12601,,family_f8ba51ce9495f2bd,416
tcn_384_legacy,1,clean,clean_validation,1.143460848382783,4366,,family_71a60fbe7040f158,38
tcn_384_legacy,1,clean,clean_validation,1.29938805103302,437,,family_336e1c704addf9f3,393
tcn_384_legacy,1,clean,clean_validation,0.7380099781781189,1452,,family_ce5ee93c94f8cb47,427
tcn_384_legacy,1,clean,clean_validation,1.3523481109302489,11788,,family_ba5a886f795d4f27,345
tcn_384_legacy,1,clean,clean_validation,1.4047679811395624,372,,family_3812a654a3d8068e,314
tcn_384_legacy,1,clean,clean_validation,0.8479073841836858,3751,,family_043b81d25e57bda6,14
tcn_384_legacy,1,clean,clean_validation,1.4093543765541907,1598,,family_60dc4c06abba1219,316
tcn_384_legacy,1,clean,clean_validation,0.9681257336107019,365,,family_0967320075dd090a,544
tcn_384_legacy,1,clean,clean_validation,1.5882247736316701,573,,family_4cbe424968d7c5e7,277
tcn_384_legacy,1,family_leak,treated,1.0190702754241765,3093,structurally_nonexact,family_d1a92696717aa9c2,176
tcn_384_legacy,1,family_leak,treated,1.1761872711542405,1216,structurally_nonexact,family_3835425eafb00035,524
tcn_384_legacy,1,family_leak,treated,1.1973767428143511,412,structurally_nonexact,family_a534382ff42b71fb,634
tcn_384_legacy,1,family_leak,treated,0.9216648340793289,4197,structurally_nonexact,family_6d17de7e325f25f8,467
tcn_384_legacy,1,family_leak,treated,1.0371274261021646,779,structurally_nonexact,family_56b1bf9100abf79a,254
tcn_384_legacy,1,family_leak,treated,1.5004278260620787,15674,structurally_nonexact,family_9edbfcdbf27d8472,87
tcn_384_legacy,1,family_leak,treated,1.091344214642649,3153,structurally_nonexact,family_db6398f302f77cb4,563
tcn_384_legacy,1,family_leak,treated,1.249371305290629,10203,canonical_event_exact,family_776fb0c74fb6af96,253
tcn_384_legacy,1,family_leak,treated,1.223577488341648,1748,structurally_nonexact,family_be459453ebdfa1da,627
tcn_384_legacy,1,family_leak,treated,1.1895633837755988,3230,structurally_nonexact,family_439fc19617b55d44,309
tcn_384_legacy,1,family_leak,treated,1.050938591780141,2560,structurally_nonexact,family_328dc279bafe7f69,265
tcn_384_legacy,1,family_leak,treated,1.3383588379632476,3803,structurally_nonexact,family_ac0566dd944bc201,327
tcn_384_legacy,1,family_leak,treated,1.0809032917022705,477,canonical_event_exact,family_3fbe0e330aecdc00,482
tcn_384_legacy,1,family_leak,treated,1.1709639199755408,704,structurally_nonexact,family_04795413b15e0b98,576
tcn_384_legacy,1,family_leak,treated,1.3200072425582348,1108,structurally_nonexact,family_348b29b5f47eda18,220
tcn_384_legacy,1,family_leak,treated,1.636164392901783,8731,structurally_nonexact,family_f77d449f1658a159,292
tcn_384_legacy,1,family_leak,treated,1.5607600212097168,242,structurally_nonexact,family_39849966d6043c11,378
tcn_384_legacy,1,family_leak,treated,1.547058262972472,3169,structurally_nonexact,family_af212e596b07120e,405
tcn_384_legacy,1,family_leak,treated,0.7927828564876784,9069,structurally_nonexact,family_2d3e3d92f30c4369,600
tcn_384_legacy,1,family_leak,treated,0.8240264636000425,1674,structurally_nonexact,family_f0c0dd7c2f3b6a3f,661
tcn_384_legacy,1,family_leak,treated,1.3019652227855791,2491,structurally_nonexact,family_5aaa5f6f546aa704,105
tcn_384_legacy,1,family_leak,treated,1.4571545254254759,5759,structurally_nonexact,family_78031f033e192cce,11
tcn_384_legacy,1,family_leak,treated,0.8809589743614197,467,structurally_nonexact,family_961cefc620e3d5ab,408
tcn_384_legacy,1,family_leak,treated,1.2252038618379963,3303,canonical_event_exact,family_fe2836cc1cef695c,336
tcn_384_legacy,1,family_leak,treated,1.5633105109888752,9124,structurally_nonexact,family_0f71c7e0830e1d85,624
tcn_384_legacy,1,family_leak,treated,0.813654475708202,6286,structurally_nonexact,family_2dbafe5054d4bee7,414
tcn_384_legacy,1,family_leak,treated,1.1247975772175007,14987,structurally_nonexact,family_52885ec61f0240b9,687
tcn_384_legacy,1,family_leak,treated,1.2386573045900016,5460,structurally_nonexact,family_b88eee6ecd7ef6bc,366
tcn_384_legacy,1,family_leak,treated,1.5710077585890223,20432,structurally_nonexact,family_de67cf52f9a2ce89,267
tcn_384_legacy,1,family_leak,treated,1.3716971119058774,854,structurally_nonexact,family_7b8c8789f38183da,317
tcn_384_legacy,1,family_leak,treated,1.0213174692074345,10665,structurally_nonexact,family_774f10d6c3d75980,145
tcn_384_legacy,1,family_leak,treated,0.8726581747108276,29458,structurally_nonexact,family_6fbe37a0a6611f64,520
tcn_384_legacy,1,family_leak,treated,1.171726232394725,12501,structurally_nonexact,family_c64269798048b60f,666
tcn_384_legacy,1,family_leak,treated,1.2734158252424435,8558,structurally_nonexact,family_f60bd4cc83d02add,618
tcn_384_legacy,1,family_leak,treated,1.3658007383346558,61,structurally_nonexact,family_39f58e2fd604c61e,402
tcn_384_legacy,1,family_leak,treated,1.0182708760061154,1918,structurally_nonexact,family_101bf32d18499c7d,686
tcn_384_legacy,1,family_leak,treated,1.5263140201568604,156,structurally_nonexact,family_e97b637c75aac2b5,637
tcn_384_legacy,1,family_leak,treated,1.3697531321820227,12995,structurally_nonexact,family_e2c30beb0d4abeae,477
tcn_384_legacy,1,family_leak,treated,1.3545711888898475,3028,structurally_nonexact,family_581cf690b70ed77f,269
tcn_384_legacy,1,family_leak,treated,1.18110810177762,1789,structurally_nonexact,family_9ccd2f467361ebab,348
tcn_384_legacy,1,family_leak,treated,0.9019087899418533,8256,structurally_nonexact,family_6342008bae187399,615
tcn_384_legacy,1,family_leak,treated,1.6349983215332031,266,structurally_nonexact,family_8661140073b6a2ab,691
tcn_384_legacy,1,family_leak,treated,1.0509201632605658,1890,structurally_nonexact,family_1a8ff9e18d3eabea,137
tcn_384_legacy,1,family_leak,treated,1.0258718691902462,8479,structurally_nonexact,family_b324bd83d2be3825,438
tcn_384_legacy,1,family_leak,treated,1.539466238679557,725,structurally_nonexact,family_23e85181dd747797,695
tcn_384_legacy,1,family_leak,treated,1.4764083036425717,9580,structurally_nonexact,family_b3ba3218de08f591,66
tcn_384_legacy,1,family_leak,treated,1.0226203979459798,6949,structurally_nonexact,family_38ddaabf01adae92,106
tcn_384_legacy,1,family_leak,treated,1.188313083673911,945,structurally_nonexact,family_5405158fe7a3977d,511
tcn_384_legacy,1,family_leak,treated,1.1768929958343506,336,structurally_nonexact,family_e4e4467ef74cc720,428
tcn_384_legacy,1,family_leak,treated,1.46868203622051,1037,structurally_nonexact,family_4f1b63b3eef9f7d0,531
tcn_384_legacy,1,family_leak,treated,1.6009722671746294,522,structurally_nonexact,family_7a300c986fbfa9f2,165
tcn_384_legacy,1,family_leak,treated,1.4806220284291014,463,structurally_nonexact,family_6f0024d47bda9a44,359
tcn_384_legacy,1,family_leak,treated,0.9471853503051874,1191,structurally_nonexact,family_746d1e0c3274827f,466
tcn_384_legacy,1,family_leak,treated,1.349887118128393,1084,structurally_nonexact,family_6a42731481dda124,419
tcn_384_legacy,1,family_leak,treated,1.6515162967759165,15697,structurally_nonexact,family_0ecded087f80d73b,461
tcn_384_legacy,1,family_leak,treated,1.1854137641069584,5721,structurally_nonexact,family_5facacfb4d33d062,5
tcn_384_legacy,1,family_leak,treated,1.0648390054702759,251,structurally_nonexact,family_5cc4efa05e4dc250,114
tcn_384_legacy,1,family_leak,treated,1.480031984768393,17077,structurally_nonexact,family_4731a6d05dff34ce,132
tcn_384_legacy,1,family_leak,treated,1.3429606469982236,5610,structurally_nonexact,family_c3ae851031cec2bb,663
tcn_384_legacy,1,family_leak,treated,1.086650468591216,48674,structurally_nonexact,family_30fbd9977a220042,589
tcn_384_legacy,1,family_leak,treated,1.185226003016074,508,structurally_nonexact,family_e3c89d0945320ec5,3
tcn_384_legacy,1,family_leak,treated,1.4860348587677885,639,structurally_nonexact,family_f99e7467cfd91d72,230
tcn_384_legacy,1,family_leak,treated,1.263656413403148,3294,structurally_nonexact,family_0a0ff01b239a934a,415
tcn_384_legacy,1,family_leak,treated,1.0696091651916504,166,structurally_nonexact,family_5ebcadebe538bd59,272
tcn_384_legacy,1,family_leak,treated,1.052048404265971,533,structurally_nonexact,family_2fe71bb032cb85fe,184
tcn_384_legacy,1,family_leak,treated,1.131631783423667,6626,structurally_nonexact,family_e0f7e5849dbe9388,513
tcn_384_legacy,1,family_leak,treated,1.2694407173869955,3859,structurally_nonexact,family_c3abd4306e03adf2,290
tcn_384_legacy,1,family_leak,treated,0.9673772696274224,1559,structurally_nonexact,family_83b27a32aa56f9dc,485
tcn_384_legacy,1,family_leak,treated,1.494740498042436,2535,structurally_nonexact,family_fa3341292470541d,226
tcn_384_legacy,1,family_leak,treated,0.9907938735763522,548,canonical_event_exact,family_15b8f6d235825863,7
tcn_384_legacy,1,family_leak,treated,1.0099638931718176,10236,structurally_nonexact,family_a95aeca85317a04d,401
tcn_384_legacy,1,family_leak,treated,1.2159724433700336,7309,structurally_nonexact,family_3dffb074803c8f80,376
tcn_384_legacy,1,family_leak,treated,1.449334597262258,1026,structurally_nonexact,family_1cfa4116628ae42e,681
tcn_384_legacy,1,family_leak,treated,1.341285925689537,1238,structurally_nonexact,family_f53ae103dc0def58,261
tcn_384_legacy,1,family_leak,treated,1.2620682528339435,1287,structurally_nonexact,family_3db848c291e71542,123
tcn_384_legacy,1,family_leak,treated,1.416496608132861,3583,structurally_nonexact,family_76f3986b08ecfc19,97
tcn_384_legacy,1,family_leak,treated,0.9518674205223515,13214,structurally_nonexact,family_121eefce620403f7,295
tcn_384_legacy,1,family_leak,treated,1.4045755377021287,20977,structurally_nonexact,family_8aff46e64d1c8360,286
tcn_384_legacy,1,family_leak,treated,1.2266399390959393,4952,structurally_nonexact,family_debbecc1e7f77f3e,20
tcn_384_legacy,1,family_leak,treated,0.9777160767359034,1779,structurally_nonexact,family_f19aa9a5e722eb61,379
tcn_384_legacy,1,family_leak,treated,1.215549850069787,1815,structurally_nonexact,family_d0b38ee50d018148,664
tcn_384_legacy,1,family_leak,treated,1.170261979563356,1036,structurally_nonexact,family_aad2d66dec95dc7a,569
tcn_384_legacy,1,family_leak,treated,1.1324250670253928,985,structurally_nonexact,family_59add5a121b9a616,451
tcn_384_legacy,1,family_leak,treated,1.3850811416818274,12091,structurally_nonexact,family_c2d4ffa1539bdafe,263
tcn_384_legacy,1,family_leak,treated,1.3409422184747153,1157,structurally_nonexact,family_58a5b18cf3751bf1,41
tcn_384_legacy,1,family_leak,treated,1.1976899990467442,638,structurally_nonexact,family_8f08581ca21b6c6f,539
tcn_384_legacy,1,family_leak,treated,1.205596604119029,5203,structurally_nonexact,family_5d6a15b20dff7233,33
tcn_384_legacy,1,family_leak,treated,1.1633281697314688,1312,structurally_nonexact,family_eacebc389812585f,693
tcn_384_legacy,1,family_leak,treated,1.238932169226214,578,structurally_nonexact,family_3bd7e5ca43f02666,476
tcn_384_legacy,1,family_leak,treated,0.8892097144291319,377,structurally_nonexact,family_da2cbb03fa208ffc,65
tcn_384_legacy,1,family_leak,treated,1.0928647419707516,15281,structurally_nonexact,family_5fe0b889b5279fed,275
tcn_384_legacy,1,family_leak,treated,1.1049026280003587,654,structurally_nonexact,family_58c32a6b58cc329f,505
tcn_384_legacy,1,family_leak,treated,1.247989656801423,4931,structurally_nonexact,family_d4c8efafc098f593,580
tcn_384_legacy,1,family_leak,treated,0.9778409400544613,6166,structurally_nonexact,family_853b6705e7d7e7a9,509
tcn_384_legacy,1,family_leak,treated,1.2776852388590076,1558,canonical_event_exact,family_7c104874587dddcc,324
tcn_384_legacy,1,family_leak,treated,1.4276378771776776,3893,structurally_nonexact,family_2eec85a0fe915e64,326
tcn_384_legacy,1,family_leak,treated,1.0258914331511553,1189,structurally_nonexact,family_08157e0ead630e5c,623
tcn_384_legacy,1,family_leak,treated,1.6366474763924623,12275,structurally_nonexact,family_67cf34a836b9cd6c,473
tcn_384_legacy,1,family_leak,treated,1.2987553287330207,3188,structurally_nonexact,family_a03ac5414952d229,344
tcn_384_legacy,1,family_leak,treated,1.7088057165347472,5109,structurally_nonexact,family_4da27be0a15493fc,455
tcn_384_legacy,1,family_leak,control,1.7459920644760132,86,,family_8353c8bc6b1abe91,231
tcn_384_legacy,1,family_leak,control,1.091388463973999,281,,family_a21b0655ee8718e3,44
tcn_384_legacy,1,family_leak,control,1.2693283246285794,1492,,family_828011733ff46fcc,135
tcn_384_legacy,1,family_leak,control,1.4924137372037638,92,,family_c352cf53fe360f50,89
tcn_384_legacy,1,family_leak,control,1.3024651606877644,543,,family_581b417d448220ce,278
tcn_384_legacy,1,family_leak,control,1.199271014363188,4997,,family_c5e7a2f4ebdc9ce7,523
tcn_384_legacy,1,family_leak,control,1.6519444561671057,23970,,family_942d0bbb1f3057b7,117
tcn_384_legacy,1,family_leak,control,1.4275994199724544,1957,,family_e8f2414f825f028e,21
tcn_384_legacy,1,family_leak,control,1.435418083646905,24928,,family_d9eece89cdccb42e,318
tcn_384_legacy,1,family_leak,control,1.4085725633174797,2226,,family_159334980be342ce,590
tcn_384_legacy,1,family_leak,control,1.0411136376349281,9706,,family_5cc3056db91c371f,475
tcn_384_legacy,1,family_leak,control,1.289577308727789,14644,,family_cac05bc962cb19ae,529
tcn_384_legacy,1,family_leak,control,1.3077138578261176,794,,family_91b28d898f74de65,458
tcn_384_legacy,1,family_leak,control,1.204616450849985,2249,,family_0ed7b687c2bbe731,679
tcn_384_legacy,1,family_leak,control,1.3465183763145712,2076,,family_c09c42656e829799,75
tcn_384_legacy,1,family_leak,control,1.2700212939864113,8400,,family_5029829bbea32071,45
tcn_384_legacy,1,family_leak,control,1.0562993103243041,2361,,family_b524f58169d7a062,422
tcn_384_legacy,1,family_leak,control,1.1484576731273912,20104,,family_e449d968e1ca6e62,481
tcn_384_legacy,1,family_leak,control,1.609862612129036,3217,,family_f176b8796acaf1a3,449
tcn_384_legacy,1,family_leak,control,1.7288761608976702,13053,,family_2aacce96c1e48e02,43
tcn_384_legacy,1,family_leak,control,0.874733959931869,22913,,family_95e00157e6b24668,246
tcn_384_legacy,1,family_leak,control,1.7070656818172611,11280,,family_c83ce9a767947dac,169
tcn_384_legacy,1,family_leak,control,1.5916685310884082,18996,,family_c00a93f90020b6fe,255
tcn_384_legacy,1,family_leak,control,1.279344081878662,226,,family_4388b443af85145b,182
tcn_384_legacy,1,family_leak,control,0.9984652392423092,5102,,family_090556d6964926b6,696
tcn_384_legacy,1,family_leak,control,1.4848934164496816,997,,family_517a76fa41613984,435
tcn_384_legacy,1,family_leak,control,1.4899905920028687,331,,family_d5117873cfa5f4e7,403
tcn_384_legacy,1,family_leak,control,1.2820396499521995,5289,,family_5c4b107ad8b67511,39
tcn_384_legacy,1,family_leak,control,1.0233517440867523,2157,,family_6b39589c59910bc9,527
tcn_384_legacy,1,family_leak,control,1.381790280342102,557,,family_09e71dae304bced8,407
tcn_384_legacy,1,family_leak,control,1.0879618998853586,7005,,family_7ab40688290292cb,699
tcn_384_legacy,1,family_leak,control,1.2027511970960583,3615,,family_c9287c1de390bb4b,287
tcn_384_legacy,1,family_leak,control,1.2033863567624001,3531,,family_b82550e1d139176a,133
tcn_384_legacy,1,family_leak,control,1.6418940414649363,4469,,family_5ead6639536180b8,16
tcn_384_legacy,1,family_leak,control,0.6587874474716308,3148,,family_c200a4f65bbc5209,270
tcn_384_legacy,1,family_leak,control,1.2114820469408454,6866,,family_104496edebed4f61,385
tcn_384_legacy,1,family_leak,control,1.5262676999232494,4592,,family_843833735eeb7063,519
tcn_384_legacy,1,family_leak,control,1.3753518776690705,940,,family_9c25f8a3328ce8da,494
tcn_384_legacy,1,family_leak,control,1.159507817181751,11819,,family_8adb1a64e2eed3ab,400
tcn_384_legacy,1,family_leak,control,1.387067442964237,638,,family_1f464d80218f494a,150
tcn_384_legacy,1,family_leak,control,1.2194900326192912,1566,,family_cb2f86c88344d124,572
tcn_384_legacy,1,family_leak,control,1.504549367819548,2465,,family_7d2361899b55eee8,522
tcn_384_legacy,1,family_leak,control,1.3139324936698231,2886,,family_056399865754201e,177
tcn_384_legacy,1,family_leak,control,1.3321024627224969,7537,,family_048732487ed12eba,266
tcn_384_legacy,1,family_leak,control,1.091282606124878,266,,family_1d8665cf98427374,632
tcn_384_legacy,1,family_leak,control,1.2750120570599768,8124,,family_7b7a14e1daaa4e52,207
tcn_384_legacy,1,family_leak,control,1.0605125375769355,1980,,family_ace63736575276fd,76
tcn_384_legacy,1,family_leak,control,1.3042627573013306,381,,family_471c422daeefac7a,24
tcn_384_legacy,1,family_leak,control,1.4233198089931816,2354,,family_484de8ba061636e2,134
tcn_384_legacy,1,family_leak,control,0.7554840831195607,748,,family_a8edfe7c17d49498,142
tcn_384_legacy,1,family_leak,control,1.683698795816296,3704,,family_fc41e434d5d7e595,413
tcn_384_legacy,1,family_leak,control,0.8036487548611411,1439,,family_309d1ff512e1e9a9,426
tcn_384_legacy,1,family_leak,control,1.2987711517086908,10437,,family_d16673229b6e8db9,273
tcn_384_legacy,1,family_leak,control,1.2538015566779266,1146,,family_9e8b2eb6ec3ec445,96
tcn_384_legacy,1,family_leak,control,1.3055814911819184,11034,,family_50f05ec6e42283bd,153
tcn_384_legacy,1,family_leak,control,1.3140664615196453,373,,family_341df9602a2ccf1e,649
tcn_384_legacy,1,family_leak,control,1.227716968274233,6341,,family_352e44896c06757b,543
tcn_384_legacy,1,family_leak,control,1.2664082557036191,407,,family_0b0978005887e1a2,474
tcn_384_legacy,1,family_leak,control,1.5665974896210244,9756,,family_e0804d88b4e3c086,464
tcn_384_legacy,1,family_leak,control,1.811203525958548,5497,,family_7136d870073b72bf,492
tcn_384_legacy,1,family_leak,control,1.62744244983022,4898,,family_90e53f43974a85ff,305
tcn_384_legacy,1,family_leak,control,0.8171637378876327,8758,,family_ba0bab377b74f9bc,593
tcn_384_legacy,1,family_leak,control,1.2516705757758113,3385,,family_dd7fe974853169e3,340
tcn_384_legacy,1,family_leak,control,1.2516920191184333,14375,,family_89e820583b7bf692,521
tcn_384_legacy,1,family_leak,control,1.0491679522795117,5387,,family_c3c5b7b46ed5cca4,604
tcn_384_legacy,1,family_leak,control,1.6327533322722008,2595,,family_13478cc2fa596f00,676
tcn_384_legacy,1,family_leak,control,1.3299797659320274,2122,,family_4b791b52cdbf0c94,342
tcn_384_legacy,1,family_leak,control,1.54220553507676,1554,,family_24beda513cb73140,190
tcn_384_legacy,1,family_leak,control,1.3149483748527118,2574,,family_bd2e09f5164640ac,355
tcn_384_legacy,1,family_leak,control,1.403114092834228,14722,,family_d90c907b60f5db7e,227
tcn_384_legacy,1,family_leak,control,1.489986777305603,608,,family_0a1d834f1fc5ec9d,397
tcn_384_legacy,1,family_leak,control,1.2388937145904886,619,,family_bd36f067059fa430,608
tcn_384_legacy,1,family_leak,control,1.1016131233043525,10380,,family_9d3263359149060b,174
tcn_384_legacy,1,family_leak,control,1.2312875986099243,96,,family_701911482f478840,164
tcn_384_legacy,1,family_leak,control,1.130817351289777,1297,,family_a69d52c7adca6131,688
tcn_384_legacy,1,family_leak,control,1.3105504990409156,911,,family_0907d69883a983d5,125
tcn_384_legacy,1,family_leak,control,1.1157036322116851,10000,,family_6aa82ca2608dc1b1,23
tcn_384_legacy,1,family_leak,control,1.258867030754342,7247,,family_0b7d7d5455b615a1,306
tcn_384_legacy,1,family_leak,control,0.7905336107736752,810,,family_6ff7124bfcd14a0c,545
tcn_384_legacy,1,family_leak,control,1.1899909342926247,2128,,family_b8051512c4e658bb,180
tcn_384_legacy,1,family_leak,control,1.1472542379686328,1907,,family_419159423badc2ef,391
tcn_384_legacy,1,family_leak,control,1.4688429716700178,7116,,family_330ff47988f3581a,291
tcn_384_legacy,1,family_leak,control,1.258317697377171,6921,,family_c2708c9ff73ceb82,660
tcn_384_legacy,1,family_leak,control,1.3734329088452113,4344,,family_ddb1afd90e017414,484
tcn_384_legacy,1,family_leak,control,1.604420463914438,4446,,family_354a6fa9839f5265,196
tcn_384_legacy,1,family_leak,control,0.7389417223374484,1647,,family_25637fe768f1ed97,602
tcn_384_legacy,1,family_leak,control,1.2821653341130448,1815,,family_c8d9a7933734de14,232
tcn_384_legacy,1,family_leak,control,1.1343040003028175,12979,,family_5dfcdbc50b497fa3,241
tcn_384_legacy,1,family_leak,control,1.7044021691901257,2723,,family_cb79ab953eb3a23e,425
tcn_384_legacy,1,family_leak,control,1.1582268346101046,4096,,family_4cbe524347d5770f,442
tcn_384_legacy,1,family_leak,control,1.1884646015794855,4361,,family_584bf061d2625f25,495
tcn_384_legacy,1,family_leak,control,1.2444778680801392,251,,family_56890c17b9133ef4,506
tcn_384_legacy,1,family_leak,control,0.655256478781953,2640,,family_205aeeeda178f7ca,644
tcn_384_legacy,1,family_leak,control,1.6686636209487915,56,,family_3179470752a6d838,18
tcn_384_legacy,1,family_leak,control,1.485203758244757,7232,,family_7659084f070baf14,130
tcn_384_legacy,1,family_leak,control,1.381148972793388,16261,,family_2210ee0a2c3ccbc9,396
tcn_384_legacy,1,family_leak,control,1.0100907909874697,7863,,family_d20f6f896d965906,310
tcn_384_legacy,1,family_leak,control,1.2566014728251031,1228,,family_9ba17784e54ec105,163
tcn_384_legacy,1,family_leak,control,1.2025261731865509,2684,,family_28cc6a5379f62efc,84
tcn_384_legacy,1,family_leak,control,1.50412815060048,3596,,family_cd85f816dfda97e0,601
tcn_384_legacy,1,family_leak,control,0.9332605697240577,23809,,family_6c5d60bd118ca08d,493
tcn_384_legacy,1,family_leak,control,1.1517462130956009,9452,,family_a6b3f3bba1c3ea38,611
tcn_384_legacy,1,family_leak,control,1.3046225598110026,995,,family_46ccb6e3625b0d26,559
tcn_384_legacy,1,family_leak,control,1.0066507231012067,13925,,family_b6c76ee6e1fbdad4,617
tcn_384_legacy,1,family_leak,control,1.5623163592497005,8836,,family_eb5f13fb7b1698a7,433
tcn_384_legacy,1,family_leak,control,1.1393914299903156,417,,family_0928b40aaefe1e43,616
tcn_384_legacy,1,family_leak,control,1.6378347873687744,51,,family_e8cb312f6947fae2,578
tcn_384_legacy,1,family_leak,control,1.3625116582088421,3890,,family_50833a4ebce7122c,103
tcn_384_legacy,1,family_leak,control,1.4451974630355835,216,,family_e52a55fe95cda992,463
tcn_384_legacy,1,family_leak,control,2.1120180075890587,17522,,family_65e575b20c174fd7,479
tcn_384_legacy,1,family_leak,control,1.3308626207323666,9258,,family_c4cc5f62a0ab31c3,276
tcn_384_legacy,1,family_leak,control,1.5757256188796864,6370,,family_a6fc375b5cc488f5,95
tcn_384_legacy,1,family_leak,control,0.6072936680879486,1157,,family_6d128cd3979417a4,423
tcn_384_legacy,1,family_leak,control,0.9006133419318978,4638,,family_01bdfbf40b1dfff5,139
tcn_384_legacy,1,family_leak,control,1.3432515126893525,7458,,family_b55c602531d8b111,556
tcn_384_legacy,1,family_leak,control,1.0633689915009794,11061,,family_150827bde0e3f90f,689
tcn_384_legacy,1,family_leak,control,1.2321081557640663,10400,,family_41293800444fbe3e,108
tcn_384_legacy,1,family_leak,control,1.6549340555889709,14488,,family_0ffae0bc1065eadf,60
tcn_384_legacy,1,family_leak,control,0.815670406605882,4656,,family_483585a89e5ae17f,34
tcn_384_legacy,1,family_leak,control,1.3692598585702158,815,,family_0c5e308d08929fa4,247
tcn_384_legacy,1,family_leak,control,0.9902153015136719,391,,family_07575db7931c72ea,300
tcn_384_legacy,1,family_leak,control,1.324946641921997,191,,family_efb0835b02015240,528
tcn_384_legacy,1,family_leak,control,1.358362427805742,3258,,family_94692368e418ed72,173
tcn_384_legacy,1,family_leak,control,1.0405021749791645,252,,family_46e2de939a29fd34,429
tcn_384_legacy,1,family_leak,control,1.3193604634530423,746,,family_39754d1db81a7bf4,127
tcn_384_legacy,1,family_leak,control,1.1485627519609325,3212,,family_b964a57ffbddf6a6,534
tcn_384_legacy,1,family_leak,control,1.7145899632900898,17312,,family_71b144025f52e59c,140
tcn_384_legacy,1,family_leak,control,1.4673330237712767,1218,,family_4bf6d11e259630c1,532
tcn_384_legacy,1,family_leak,control,1.4872579845778302,2677,,family_a164057d15ea429a,698
tcn_384_legacy,1,family_leak,control,1.5956545368441888,2414,,family_24dfe3f15bbe835d,243
tcn_384_legacy,1,family_leak,control,1.0767711822678443,588,,family_cb2cf90a481fb793,606
tcn_384_legacy,1,family_leak,control,0.8453403237784869,10358,,family_c874ed8859d535ca,362
tcn_384_legacy,1,family_leak,control,1.444952157986017,810,,family_9d706bbe5906e6bc,93
tcn_384_legacy,1,family_leak,control,0.878548088915456,13562,,family_bb5eaea47e3db521,158
tcn_384_legacy,1,family_leak,control,1.242856800871609,10960,,family_2e23a957596c94a1,452
tcn_384_legacy,1,family_leak,control,1.4159549000773335,1318,,family_190ff6b8b86c31bd,387
tcn_384_legacy,1,family_leak,control,1.2185767306067181,22265,,family_1dbac5e5dc15225e,284
tcn_384_legacy,1,family_leak,control,1.3396965961025047,10659,,family_d12ec1205e2b38f3,258
tcn_384_legacy,1,family_leak,control,1.4094980327973858,939,,family_fe64b9392ac59945,54
tcn_384_legacy,1,family_leak,control,1.2371022458020189,593,,family_cb8273cf04ee6422,58
tcn_384_legacy,1,family_leak,control,1.4309282985127625,10770,,family_52fcc2a430ac1dfe,46
tcn_384_legacy,1,family_leak,control,1.3954768782531264,48634,,family_d73cd491d1cc376e,313
tcn_384_legacy,1,family_leak,control,0.9208335280418396,402,,family_896e6058475d85c2,504
tcn_384_legacy,1,family_leak,control,1.1783740520477295,271,,family_dc605f4c0311b69b,77
tcn_384_legacy,1,family_leak,control,1.2236005067825317,418,,family_9d9014958e229b26,71
tcn_384_legacy,1,family_leak,control,1.0375641474276345,3410,,family_8cba6a895a1eda02,353
tcn_384_legacy,1,family_leak,control,1.1974344227804803,7782,,family_f139578e4dab698a,80
tcn_384_legacy,1,family_leak,control,0.8178282977945432,8966,,family_6d75ac5f58d11f18,217
tcn_384_legacy,1,family_leak,control,1.2272148311119797,6494,,family_5990a7393b1bfc0a,31
tcn_384_legacy,1,family_leak,control,1.3528463672022732,1854,,family_284fbbf34df3f7e8,100
tcn_384_legacy,1,family_leak,control,1.3413450378520346,857,,family_b49585225cf5c0d6,558
tcn_384_legacy,1,family_leak,control,1.2337565312974053,6393,,family_f5c26ed350b4ab73,37
tcn_384_legacy,1,family_leak,control,1.4854331663574578,8674,,family_bfddaa9b983612cd,667
tcn_384_legacy,1,family_leak,control,1.1709322679042815,2500,,family_d1efa3da7bf90eef,672
tcn_384_legacy,1,family_leak,control,1.3414939282616984,3281,,family_e27845ea1d3c17f5,418
tcn_384_legacy,1,family_leak,control,1.2070454359054565,41,,family_b7f94b3542a0da7d,609
tcn_384_legacy,1,family_leak,control,1.0249674563052964,12830,,family_73ee2da564c3d39b,462
tcn_384_legacy,1,family_leak,control,1.244720662433733,4101,,family_7b40d80764230547,533
tcn_384_legacy,1,family_leak,control,1.0172790834888878,9640,,family_d14815f8add032f5,508
tcn_384_legacy,1,family_leak,control,1.2810367145925412,9584,,family_998e2240a156ecdd,138
tcn_384_legacy,1,family_leak,control,1.300187349319458,186,,family_38899c6e7a885c05,110
tcn_384_legacy,1,family_leak,control,1.4122161904329402,3903,,family_fcc0832c532eec68,188
tcn_384_legacy,1,family_leak,control,1.0634487891580773,1181,,family_a6a06fcf0eb60a8c,579
tcn_384_legacy,1,family_leak,control,1.5476562504040159,48390,,family_70cece08fb91854c,12
tcn_384_legacy,1,family_leak,control,1.2791737967409622,503,,family_4b94b213c3d4fa08,168
tcn_384_legacy,1,family_leak,control,1.5702715028508494,12892,,family_0a7cb9ca8662c54b,551
tcn_384_legacy,1,family_leak,control,1.0799788236618042,356,,family_f38ebbcef90914e9,8
tcn_384_legacy,1,family_leak,control,1.394834581844345,2004,,family_fc2ade3f73bf052f,380
tcn_384_legacy,1,family_leak,control,1.1883472204208374,502,,family_2e9be0de8753a286,203
tcn_384_legacy,1,family_leak,control,1.1267750513227515,987,,family_b0b662377a329d27,581
tcn_384_legacy,1,family_leak,control,1.1163074970245361,356,,family_28e240b156c54585,629
tcn_384_legacy,1,family_leak,control,1.342085469714037,12262,,family_b285992ddbc1ba24,81
tcn_384_legacy,1,family_leak,control,1.44468143692412,29811,,family_941fe9b7f6e42836,62
tcn_384_legacy,1,family_leak,control,1.6790503065958706,1702,,family_7e5d0f85c7938ae7,245
tcn_384_legacy,1,family_leak,control,1.5523155667038582,2717,,family_ade1acf63d403dff,102
tcn_384_legacy,1,family_leak,control,1.277375914337072,6022,,family_eb75a33dade5cdeb,678
tcn_384_legacy,1,family_leak,control,1.3707535073842636,1618,,family_236c05b0b6b045cb,143
tcn_384_legacy,1,family_leak,control,1.1381437776690997,669,,family_707a4103f358feb3,288
tcn_384_legacy,1,family_leak,control,0.39222970604896545,96,,family_21b728ec668b432d,631
tcn_384_legacy,1,family_leak,control,1.157646851910298,849,,family_7df5e4cd2001efeb,612
tcn_384_legacy,1,family_leak,control,1.3010494919136033,8476,,family_5cdee57343206eb1,13
tcn_384_legacy,1,family_leak,control,1.4268572823812733,708,,family_fbb60f07539bf74a,283
tcn_384_legacy,1,family_leak,control,1.3845802170889718,945,,family_52d508d06e660fb2,122
tcn_384_legacy,1,family_leak,control,1.2118370784925436,10036,,family_24c49b2dbbea0ff6,322
tcn_384_legacy,1,family_leak,control,1.0677674670287323,4073,,family_a3988b9597f6817f,571
tcn_384_legacy,1,family_leak,control,1.5711834104645583,12548,,family_4a8fbe9c547e5ce4,98
tcn_384_legacy,1,family_leak,control,0.9070742726325989,216,,family_51048182ed7b4454,512
tcn_384_legacy,1,family_leak,control,1.1146624088287354,186,,family_7224c63d7d5f2b96,262
tcn_384_legacy,1,family_leak,control,0.9559659957885742,181,,family_643cfac776d5dea8,683
tcn_384_legacy,1,family_leak,control,0.7451204823645643,12040,,family_619fe82eb42ec462,209
tcn_384_legacy,1,family_leak,control,1.5112225222365685,4835,,family_9b1625bc030f3790,79
tcn_384_legacy,1,family_leak,control,1.2994717359887549,10375,,family_edc93bd478511702,202
tcn_384_legacy,1,family_leak,control,1.3433459997177124,276,,family_7acbab6855200014,51
tcn_384_legacy,1,family_leak,control,0.9289631152694876,660,,family_db6f9992bb16df2a,126
tcn_384_legacy,1,family_leak,control,1.0313090486809675,2812,,family_b2aa288c70165e5f,70
tcn_384_legacy,1,family_leak,control,1.1682631260501732,6995,,family_cc532019d574a61c,655
tcn_384_legacy,1,family_leak,control,1.2274771897082632,940,,family_b16072295921a493,357
tcn_384_legacy,1,family_leak,control,1.0521753928922966,966,,family_b4b1c2ecb31b907a,315
tcn_384_legacy,1,family_leak,control,1.2128590105963324,15485,,family_0d4a945b85bbaaba,370
tcn_384_legacy,1,family_leak,control,1.2486276784690238,3868,,family_97b8d4d98ee960bf,557
tcn_384_legacy,1,family_leak,control,1.0900879860910682,3384,,family_f7a86802e4f557fd,235
tcn_384_legacy,1,family_leak,control,1.0689207390596307,3347,,family_e0c21fc7c10d2034,430
tcn_384_legacy,1,family_leak,control,0.9427459599540058,4396,,family_d5bc4e01b0b8bac6,111
tcn_384_legacy,1,family_leak,control,1.1098438479609474,1754,,family_57eac865a7f36b7c,323
tcn_384_legacy,1,family_leak,control,1.0154018503766395,1495,,family_96a402e381d595c2,42
tcn_384_legacy,1,family_leak,control,0.9363980599157102,910,,family_0753f5ee1792042c,330
tcn_384_legacy,1,family_leak,control,1.8222240765369595,5656,,family_f170aad69aff7478,364
tcn_384_legacy,1,family_leak,control,1.143827296892425,4216,,family_731071db0d9fbdbe,386
tcn_384_legacy,1,family_leak,control,1.2070197242056175,9071,,family_4582dbaeae746fdb,311
tcn_384_legacy,1,family_leak,control,1.265309564440292,3601,,family_37f5f4cedb55aeea,383
tcn_384_legacy,1,family_leak,control,1.213984570876196,5862,,family_f5b2bdc32c7d9391,603
tcn_384_legacy,1,family_leak,control,1.2554248483945043,518,,family_5c7b977277b847b2,690
tcn_384_legacy,1,family_leak,control,1.2465094857073769,3154,,family_c35a6abc1d407f4a,694
tcn_384_legacy,1,family_leak,control,1.4072481269637744,3792,,family_e7af2e4cd0151c75,156
tcn_384_legacy,1,family_leak,control,1.5556150027523332,849,,family_16c1d42e507896a8,240
tcn_384_legacy,1,family_leak,control,0.9453049910001601,14431,,family_b387fed6ef4479f5,399
tcn_384_legacy,1,family_leak,control,1.1959249805429946,7073,,family_5d24c227f0462f74,439
tcn_384_legacy,1,family_leak,control,1.5862796029204842,3180,,family_37347c6729a17ba5,274
tcn_384_legacy,1,family_leak,control,1.0727054517930195,1201,,family_31b6d88b207ec253,27
tcn_384_legacy,1,family_leak,control,0.7410475098149457,7224,,family_4694d2838960b723,224
tcn_384_legacy,1,family_leak,control,1.4721721668048935,7552,,family_e0952099c8a720c3,570
tcn_384_legacy,1,family_leak,control,1.1347136497497559,256,,family_c59f3ed95a508878,595
tcn_384_legacy,1,family_leak,control,1.4330365027618241,4574,,family_4cb23b14e3d36b0d,57
tcn_384_legacy,1,family_leak,control,1.0808194540441036,544,,family_aebb5b803b4c0278,208
tcn_384_legacy,1,family_leak,control,1.1696189641952515,412,,family_71e38421debc9320,159
tcn_384_legacy,1,family_leak,control,1.404166231576469,1257,,family_d4e91cd391597bfb,377
tcn_384_legacy,1,family_leak,control,1.3165754101042932,337,,family_a458e18ffb59cdc5,670
tcn_384_legacy,1,family_leak,control,1.5593697435507246,5519,,family_47ba9ddc476931a4,621
tcn_384_legacy,1,family_leak,control,1.2795798505815472,3121,,family_f95fe97783adac95,52
tcn_384_legacy,1,family_leak,control,1.4625096298890923,3488,,family_dc0b5179722e8fe5,61
tcn_384_legacy,1,family_leak,control,1.2168497441218937,1204,,family_e4b55ba694cc08da,597
tcn_384_legacy,1,family_leak,control,1.4542023768166716,10856,,family_85905b5b7536d21a,124
tcn_384_legacy,1,family_leak,control,1.1516395357514086,2029,,family_19989c971f68ce4b,501
tcn_384_legacy,1,family_leak,control,1.3340285261525837,739,,family_59bfc8c37fa36b20,599
tcn_384_legacy,1,family_leak,control,1.0925730734165937,7902,,family_f84e475cf4f80566,584
tcn_384_legacy,1,family_leak,control,1.1838403493847853,3715,,family_4dadeb8474fe8ff9,10
tcn_384_legacy,1,family_leak,control,1.2971789945227323,7658,,family_907fa6edb24e0ed3,440
tcn_384_legacy,1,family_leak,control,0.8666605489736997,2631,,family_0d0b16856dabcffa,128
tcn_384_legacy,1,family_leak,control,1.4732705678724214,9510,,family_e5b3c0aff0dd05ec,187
tcn_384_legacy,1,family_leak,control,1.455443632904208,8105,,family_eefe9fe6b23e51c4,88
tcn_384_legacy,1,family_leak,control,1.312675803806785,6731,,family_b673e0fc724a479d,112
tcn_384_legacy,1,family_leak,control,1.1731897080844302,3392,,family_e07911eb7022fd85,193
tcn_384_legacy,1,family_leak,control,2.0550241418506787,161,,family_b207295fbdf40272,684
tcn_384_legacy,1,family_leak,control,1.1858244339909518,11873,,family_de9c72ef62ac72df,74
tcn_384_legacy,1,family_leak,control,1.261338740646551,3517,,family_aa86dc70aa03289b,35
tcn_384_legacy,1,family_leak,control,0.956435311745755,3793,,family_2f904d1499c3c221,412
tcn_384_legacy,1,family_leak,control,1.026924906183758,1899,,family_7ea59bf5d40f5c4f,375
tcn_384_legacy,1,family_leak,control,1.165132508443559,5771,,family_1ed29ad6679ffb57,553
tcn_384_legacy,1,family_leak,control,1.5649676898552658,20130,,family_cedb480383e32e92,645
tcn_384_legacy,1,family_leak,control,1.2538623610064838,5956,,family_c676713b17e94995,515
tcn_384_legacy,1,family_leak,control,1.0561752278898762,4820,,family_ab81517fb265a914,236
tcn_384_legacy,1,family_leak,control,1.2542022045107855,2760,,family_a3a83feb27470fd8,536
tcn_384_legacy,1,family_leak,control,1.2291827542048235,2600,,family_8da1a87adf970316,341
tcn_384_legacy,1,family_leak,control,1.5697703128448681,11084,,family_48362ee4e66fbdca,221
tcn_384_legacy,1,family_leak,control,1.2035605999139638,624,,family_16727aa87b392f1f,30
tcn_384_legacy,1,family_leak,control,1.0187148051605464,5746,,family_8b45b52019b254b0,197
tcn_384_legacy,1,family_leak,control,1.3472885834394492,8431,,family_ec04895340d4fdc3,350
tcn_384_legacy,1,family_leak,control,1.1744650760827038,865,,family_73822ea66fa7eeb0,448
tcn_384_legacy,1,family_leak,control,1.1338660226876325,4626,,family_e8b54594efd4b9e6,107
tcn_384_legacy,1,family_leak,control,1.7131375932420367,4714,,family_7cc11ff05363ef06,335
tcn_384_legacy,1,family_leak,control,1.2703121906480443,2013,,family_ab3d2680525ee608,191
tcn_384_legacy,1,family_leak,control,2.001042290391638,18363,,family_11328ccfc215dfa8,390
tcn_384_legacy,1,family_leak,control,1.7639699334844363,3418,,family_845d068ba0824cf7,443
tcn_384_legacy,1,family_leak,control,1.2105633352901422,6120,,family_1e46a30df40c6200,692
tcn_384_legacy,1,family_leak,control,1.0890335148226327,1221,,family_e3d7b72a268ee197,144
tcn_384_legacy,1,family_leak,control,0.8729154056863461,10890,,family_bc785f448eebf656,546
tcn_384_legacy,1,family_leak,control,1.5340142239929935,353,,family_acb335d44fa9df56,349
tcn_384_legacy,1,family_leak,control,1.6228339986043907,2544,,family_b9da95162a284b4f,298
tcn_384_legacy,1,family_leak,control,1.2225925922393799,226,,family_97ecb02c814c9745,63
tcn_384_legacy,1,family_leak,control,1.1709568430599873,1202,,family_2c0b8c4f2526d835,394
tcn_384_legacy,1,family_leak,control,1.044448605372248,2555,,family_78bbff520ba07726,178
tcn_384_legacy,1,family_leak,control,1.243896274778282,4833,,family_9c778dc897506350,685
tcn_384_legacy,1,family_leak,control,1.2748806442083092,6356,,family_28fe60087b2cd721,332
tcn_384_legacy,1,family_leak,control,0.7784997808764768,12523,,family_0431bffd214ca7bc,257
tcn_384_legacy,1,family_leak,control,0.9041738246351458,5396,,family_c0f46844b9a3878a,542
tcn_384_legacy,1,family_leak,control,1.353539605856884,759,,family_97885d2353dfa64d,441
tcn_384_legacy,1,family_leak,control,1.4023656996894864,267,,family_09c83fb2711d64d5,564
tcn_384_legacy,1,family_leak,control,1.300586033806614,15333,,family_a48d659018922846,497
tcn_384_legacy,1,family_leak,control,1.5739802366243762,2798,,family_d52dd246b31007f3,548
tcn_384_legacy,1,family_leak,control,1.508247946603415,9826,,family_2acca371576a6fd6,363
tcn_384_legacy,1,family_leak,control,1.4526249501200164,16826,,family_08689d6c3fd6e06a,279
tcn_384_legacy,1,family_leak,control,1.3362733011497732,1211,,family_65831b5b1b3a29fa,582
tcn_384_legacy,1,family_leak,control,1.444714458300433,872,,family_82bd7085a31a7554,147
tcn_384_legacy,1,family_leak,control,1.1727473735809326,327,,family_c88efe0ec26b43e3,372
tcn_384_legacy,1,family_leak,control,1.3590673753510774,2254,,family_f45bf2582f059a32,406
tcn_384_legacy,1,family_leak,control,1.3936879584953445,2556,,family_35f68b61619872a8,172
tcn_384_legacy,1,family_leak,control,1.8478220701217651,131,,family_840a6921e02d98c7,157
tcn_384_legacy,1,family_leak,control,1.3368281199164744,5574,,family_07b4a78bd4df5db4,657
tcn_384_legacy,1,family_leak,control,1.0353964033266783,11925,,family_b520ad73480ac213,541
tcn_384_legacy,1,family_leak,control,1.1907866078607519,1554,,family_06501bb82c35d53d,354
tcn_384_legacy,1,family_leak,control,1.2762982000558942,2852,,family_43b744922bc6a2b7,682
tcn_384_legacy,1,family_leak,control,0.8203339310891834,1296,,family_08cdd9141b42b8a6,225
tcn_384_legacy,1,family_leak,control,1.3481266596621058,3477,,family_8dd64a20ac498091,194
tcn_384_legacy,1,family_leak,control,1.317411326543456,2796,,family_8a75620caa46a4bb,320
tcn_384_legacy,1,family_leak,control,1.043220582673814,2834,,family_7133a47758bc1e83,588
tcn_384_legacy,1,family_leak,control,1.28932523727417,388,,family_7674fcfd8eb0f8a6,365
tcn_384_legacy,1,family_leak,control,1.3657376831169024,734,,family_b16129a99034b8c9,498
tcn_384_legacy,1,family_leak,control,1.2693430787352122,3285,,family_9a211141e0be1d71,358
tcn_384_legacy,1,family_leak,control,1.319081540248513,10652,,family_ad2b3cd2ed862d0c,389
tcn_384_legacy,1,family_leak,control,1.336045167296405,1863,,family_705c36bdf218eff1,222
tcn_384_legacy,1,family_leak,clean_validation,1.4005789751457807,1121,,family_506bf4406cb0d194,321
tcn_384_legacy,1,family_leak,clean_validation,0.9782437945333656,1035,,family_8c2d85eda3c6c0af,565
tcn_384_legacy,1,family_leak,clean_validation,1.1509971924566362,7667,,family_53d69e3df7c4019e,382
tcn_384_legacy,1,family_leak,clean_validation,1.3373344927272932,1543,,family_0682993cd6dae2ed,549
tcn_384_legacy,1,family_leak,clean_validation,1.1845299424527451,367,,family_c2107d3bea36abf9,72
tcn_384_legacy,1,family_leak,clean_validation,1.5461043412642375,2106,,family_13ece3a8f78f89a2,625
tcn_384_legacy,1,family_leak,clean_validation,1.165573000907898,301,,family_7535ae77a17dc02e,301
tcn_384_legacy,1,family_leak,clean_validation,1.3053244572159246,282,,family_fa76be46983f7f33,530
tcn_384_legacy,1,family_leak,clean_validation,1.4308064766726738,10835,,family_cb253f56c14aaef0,1
tcn_384_legacy,1,family_leak,clean_validation,1.3114234340847086,2180,,family_3e4cb248c8f64e86,86
tcn_384_legacy,1,family_leak,clean_validation,1.1792362928390503,216,,family_8b8ebcd5a49b5c95,447
tcn_384_legacy,1,family_leak,clean_validation,1.03536516412704,4678,,family_3cd795074901ac53,460
tcn_384_legacy,1,family_leak,clean_validation,1.2689853981137276,688,,family_94d17723c53c0857,457
tcn_384_legacy,1,family_leak,clean_validation,0.6808986510034134,1686,,family_b3d7700f2724b4da,151
tcn_384_legacy,1,family_leak,clean_validation,0.9800319718580648,4418,,family_200325224f3118ec,131
tcn_384_legacy,1,family_leak,clean_validation,1.184106498258967,598,,family_a2007ec7c2f39458,409
tcn_384_legacy,1,family_leak,clean_validation,1.3221215483931137,2021,,family_0156d6f8bec156a8,264
tcn_384_legacy,1,family_leak,clean_validation,1.075566000788123,10470,,family_98e69521d6d5ed6a,653
tcn_384_legacy,1,family_leak,clean_validation,1.3056549202552616,1442,,family_d903612ae7a3b48e,633
tcn_384_legacy,1,family_leak,clean_validation,0.8373136369841054,8845,,family_1de7a628296b57e3,92
tcn_384_legacy,1,family_leak,clean_validation,1.1713597774505615,261,,family_9868fe525e6f6581,535
tcn_384_legacy,1,family_leak,clean_validation,0.7817685036831376,2133,,family_0f10a03796a0c09e,465
tcn_384_legacy,1,family_leak,clean_validation,1.4205776622767703,4649,,family_c6a487213dca86b0,540
tcn_384_legacy,1,family_leak,clean_validation,1.2821571325430623,5403,,family_4c360aa749c4a1ef,149
tcn_384_legacy,1,family_leak,clean_validation,1.0920939103795841,28440,,family_9cec718d857c608f,115
tcn_384_legacy,1,family_leak,clean_validation,0.6835824084150922,2912,,family_156ffd19a0eec30a,598
tcn_384_legacy,1,family_leak,clean_validation,0.8141426636548,1477,,family_e4f029933a31381d,573
tcn_384_legacy,1,family_leak,clean_validation,1.4493244966514187,13719,,family_2aeac1591f6f74ea,307
tcn_384_legacy,1,family_leak,clean_validation,1.2971888936232974,697,,family_b476be0b49274370,260
tcn_384_legacy,1,family_leak,clean_validation,1.161177393170377,6384,,family_9d6498c1a4edbe8c,199
tcn_384_legacy,1,family_leak,clean_validation,1.5397205992803067,8797,,family_177773ab1cfd2532,630
tcn_384_legacy,1,family_leak,clean_validation,1.3463714137501377,6151,,family_1ea2a219a2bdf844,53
tcn_384_legacy,1,family_leak,clean_validation,1.4962684389547254,1692,,family_3dd1e430f3ee7446,9
tcn_384_legacy,1,family_leak,clean_validation,1.2693558931350708,256,,family_44f2b0e77f4af418,650
tcn_384_legacy,1,family_leak,clean_validation,0.9810405309964726,2099,,family_620599f8e0ecd444,47
tcn_384_legacy,1,family_leak,clean_validation,0.9731957316398621,211,,family_1ddad3a2c05e2680,296
tcn_384_legacy,1,family_leak,clean_validation,1.3758805342100757,1179,,family_5174bcfb395c6c93,229
tcn_384_legacy,1,family_leak,clean_validation,1.0532193201383255,5284,,family_752e5140a83655db,560
tcn_384_legacy,1,family_leak,clean_validation,1.0362474567453253,4491,,family_ad503dfcc1e63e96,239
tcn_384_legacy,1,family_leak,clean_validation,1.5772824591452923,2725,,family_af0d017372cb2ffa,643
tcn_384_legacy,1,family_leak,clean_validation,1.2733043606058434,15417,,family_83ead3d96159a25d,395
tcn_384_legacy,1,family_leak,clean_validation,1.514689646607531,20099,,family_03bc829a418eac27,459
tcn_384_legacy,1,family_leak,clean_validation,1.3094560082011124,2869,,family_312947f388fcd367,638
tcn_384_legacy,1,family_leak,clean_validation,1.1195579809616543,1378,,family_b0968c9d92a309da,302
tcn_384_legacy,1,family_leak,clean_validation,0.9666242540646377,3434,,family_044026fc250ea949,437
tcn_384_legacy,1,family_leak,clean_validation,1.2738057149135,2460,,family_a77741e8f387ba1b,154
tcn_384_legacy,1,family_leak,clean_validation,1.3218959469112765,1076,,family_e994803a7b762aa2,410
tcn_384_legacy,1,family_leak,clean_validation,1.5779974936749803,7611,,family_6417dd72b6af3eda,404
tcn_384_legacy,1,family_leak,clean_validation,1.3279987068626562,14317,,family_0bab43cce14a333d,471
tcn_384_legacy,1,family_leak,clean_validation,0.5545567965287935,1303,,family_9cc0d2dc7c97039d,213
tcn_384_legacy,1,family_leak,clean_validation,0.8868063696199989,2182,,family_82a4b79ac7e84a17,200
tcn_384_legacy,1,family_leak,clean_validation,1.4900253679132947,13780,,family_f4cb6b9481320847,371
tcn_384_legacy,1,family_leak,clean_validation,1.2595557766572145,4024,,family_5bd01148f60d04e0,120
tcn_384_legacy,1,family_leak,clean_validation,0.9132444380657749,1806,,family_17daca9afdd839fe,568
tcn_384_legacy,1,family_leak,clean_validation,1.1000734589800072,538,,family_276804a34673f756,304
tcn_384_legacy,1,family_leak,clean_validation,1.6560777785500593,5998,,family_92b0513dee6f07dd,25
tcn_384_legacy,1,family_leak,clean_validation,1.080609380980551,1092,,family_9b1a4d796317c86e,613
tcn_384_legacy,1,family_leak,clean_validation,1.3653627314645054,2523,,family_7cf31d6371e489fd,48
tcn_384_legacy,1,family_leak,clean_validation,1.3022669732613745,2766,,family_705d9aa21ef59c14,339
tcn_384_legacy,1,family_leak,clean_validation,1.2877222923979939,8912,,family_e7a8a4c136ad4c88,334
tcn_384_legacy,1,family_leak,clean_validation,0.6188987109821507,654,,family_2cd67233ffc8de8d,587
tcn_384_legacy,1,family_leak,clean_validation,1.203244812241328,4195,,family_61367478b0d50a39,360
tcn_384_legacy,1,family_leak,clean_validation,1.5942810267406218,5468,,family_6a5eb7c975a3a6a8,73
tcn_384_legacy,1,family_leak,clean_validation,1.3614037035893152,3567,,family_e9c05c6e37633fe0,500
tcn_384_legacy,1,family_leak,clean_validation,1.5359772681456432,8451,,family_8209ef2211a8fa80,662
tcn_384_legacy,1,family_leak,clean_validation,1.199794153013128,1880,,family_534587ddf3c590a6,507
tcn_384_legacy,1,family_leak,clean_validation,1.1036206546079643,13034,,family_88000d4a34b43f6f,109
tcn_384_legacy,1,family_leak,clean_validation,1.3711739778518677,357,,family_09ba6788519a60f2,293
tcn_384_legacy,1,family_leak,clean_validation,1.277202426218519,3111,,family_3297a1612112b3a9,99
tcn_384_legacy,1,family_leak,clean_validation,1.2136307465407705,5018,,family_77156022943ef360,516
tcn_384_legacy,1,family_leak,clean_validation,1.028762125438608,7328,,family_843eb0e7d3797357,673
tcn_384_legacy,1,family_leak,clean_validation,1.482111775736706,3015,,family_e3e1e8490f43c6b7,67
tcn_384_legacy,1,family_leak,clean_validation,0.8365901661421306,1377,,family_33bc1bfb24a91122,238
tcn_384_legacy,1,family_leak,clean_validation,0.7360469102859497,201,,family_cef9e09ff37dd808,56
tcn_384_legacy,1,family_leak,clean_validation,1.0793092865383298,5248,,family_85be83889927906f,367
tcn_384_legacy,1,family_leak,clean_validation,1.4687989300637834,1727,,family_933c96d2bfde210b,303
tcn_384_legacy,1,family_leak,clean_validation,1.661846704413272,10048,,family_113476d14044fff1,478
tcn_384_legacy,1,family_leak,clean_validation,1.3297800235313706,15822,,family_b2cc89a22bd3650f,259
tcn_384_legacy,1,family_leak,clean_validation,1.19839833972625,14004,,family_009b778c57456b7a,244
tcn_384_legacy,1,family_leak,clean_validation,1.1392070282520932,1902,,family_38ceea7c76f255b3,343
tcn_384_legacy,1,family_leak,clean_validation,1.4453274011611938,442,,family_7a48a7509f2ed688,646
tcn_384_legacy,1,family_leak,clean_validation,1.566706677142228,11424,,family_a9e91a290c2b5c30,651
tcn_384_legacy,1,family_leak,clean_validation,0.9377743903122603,3612,,family_b22cb24378dd7aaa,550
tcn_384_legacy,1,family_leak,clean_validation,1.1640586290852917,1179,,family_bdd6debf555477b4,78
tcn_384_legacy,1,family_leak,clean_validation,1.1066539764308083,2478,,family_d997865401469e31,454
tcn_384_legacy,1,family_leak,clean_validation,1.078040844488422,14923,,family_1a70716ad19cc9d6,328
tcn_384_legacy,1,family_leak,clean_validation,0.9356336270603559,7486,,family_cbf8d1e12b32df90,586
tcn_384_legacy,1,family_leak,clean_validation,1.7869269847869873,102,,family_1423635df94c5343,577
tcn_384_legacy,1,family_leak,clean_validation,1.5675200667166287,6210,,family_5ec977e50f88a732,635
tcn_384_legacy,1,family_leak,clean_validation,2.0761029720306396,46,,family_13449e7cf493b2f6,192
tcn_384_legacy,1,family_leak,clean_validation,1.5158469009870654,1619,,family_fb7471c20f2b4aed,218
tcn_384_legacy,1,family_leak,clean_validation,1.4941947815711039,1425,,family_502f200f3e0313b3,374
tcn_384_legacy,1,family_leak,clean_validation,1.4225959240225698,5579,,family_06f033ae1dede60a,166
tcn_384_legacy,1,family_leak,clean_validation,0.7199986348377584,3871,,family_d5bc99ec8cbbe193,352
tcn_384_legacy,1,family_leak,clean_validation,1.2303663725254095,844,,family_a913d556915e01ff,319
tcn_384_legacy,1,family_leak,clean_validation,1.4532793760299683,462,,family_26d482864d00ab2a,453
tcn_384_legacy,1,family_leak,clean_validation,1.2613800852535948,593,,family_9e1b57363d3766ce,356
tcn_384_legacy,1,family_leak,clean_validation,1.2533350999512025,20615,,family_b4dc091216fd58c5,32
tcn_384_legacy,1,family_leak,clean_validation,1.3271167073687438,839,,family_dd4daa9a12128180,256
tcn_384_legacy,1,family_leak,clean_validation,1.3632551128090302,12260,,family_6e4ca288c20596c8,249
tcn_384_legacy,1,family_leak,clean_validation,1.552194594513274,7092,,family_eb607bef12aaa172,502
tcn_384_legacy,1,family_leak,clean_validation,1.3989659748881695,498,,family_04b84faa8791236a,487
tcn_384_legacy,1,family_leak,clean_validation,1.3543930969314424,2505,,family_d3c3ffd4bf041662,85
tcn_384_legacy,1,family_leak,clean_validation,1.6386097406646405,2643,,family_d204b7d342411c5e,677
tcn_384_legacy,1,family_leak,clean_validation,1.5009280854353424,49132,,family_82c86f72a6ba2d05,680
tcn_384_legacy,1,family_leak,clean_validation,1.7729725980117041,9141,,family_213ae165418380ad,206
tcn_384_legacy,1,family_leak,clean_validation,1.4838359355926514,206,,family_b4ad6d59b30dc431,658
tcn_384_legacy,1,family_leak,clean_validation,1.0021245472017857,5751,,family_66bfed3171c47d48,308
tcn_384_legacy,1,family_leak,clean_validation,1.2425754044258124,1191,,family_1042e6cfc0da940b,561
tcn_384_legacy,1,family_leak,clean_validation,1.071958918506152,1825,,family_1b004e877fd9c150,444
tcn_384_legacy,1,family_leak,clean_validation,1.1236241271219245,3043,,family_cd0df1b5c356cfbf,40
tcn_384_legacy,1,family_leak,clean_validation,0.9760008935008537,6195,,family_87bb078a1609e1d4,594
tcn_384_legacy,1,family_leak,clean_validation,0.8281510825530827,5398,,family_365ed3f794ae6917,636
tcn_384_legacy,1,family_leak,clean_validation,1.3209590180549042,5270,,family_64aded009d0aa19d,252
tcn_384_legacy,1,family_leak,clean_validation,1.584238886833191,126,,family_62119591a5d0e802,591
tcn_384_legacy,1,family_leak,clean_validation,1.3807588693551849,1425,,family_2573c0454c4f3b47,170
tcn_384_legacy,1,family_leak,clean_validation,1.3621973047956704,3936,,family_784552c59e6cde90,116
tcn_384_legacy,1,family_leak,clean_validation,1.2367892017864197,8970,,family_a0873d1045e6de73,179
tcn_384_legacy,1,family_leak,clean_validation,1.3327850103378296,261,,family_d7f647fc704e4090,503
tcn_384_legacy,1,family_leak,clean_validation,1.2552660703659058,582,,family_de177b5bfd3b4ad4,36
tcn_384_legacy,1,family_leak,clean_validation,1.5009105205535889,271,,family_57d0908d211a3aeb,446
tcn_384_legacy,1,family_leak,clean_validation,1.3158068656921387,221,,family_5f8fbce42478804e,652
tcn_384_legacy,1,family_leak,clean_validation,1.5183550132958386,2286,,family_48d0cb7d67246d93,483
tcn_384_legacy,1,family_leak,clean_validation,1.1186857395945584,598,,family_9f0867df23aab646,64
tcn_384_legacy,1,family_leak,clean_validation,1.1727067167528213,1550,,family_60fbccdcfac8d45f,201
tcn_384_legacy,1,family_leak,clean_validation,1.2059992706151705,3993,,family_222129623ae1d868,331
tcn_384_legacy,1,family_leak,clean_validation,1.6874652508108374,3553,,family_d12ec4943d04fda6,381
tcn_384_legacy,1,family_leak,clean_validation,1.546770453453064,613,,family_ca5f7811310d4979,421
tcn_384_legacy,1,family_leak,clean_validation,1.311577324844789,8917,,family_1a9b3b213cd3f0fe,289
tcn_384_legacy,1,family_leak,clean_validation,1.0140438336086137,6357,,family_8597a33e1a97ed61,234
tcn_384_legacy,1,family_leak,clean_validation,0.9979259371757507,331,,family_34fbf3c76cd35578,445
tcn_384_legacy,1,family_leak,clean_validation,1.5655308571799857,1525,,family_064fc18d23d7f6e0,171
tcn_384_legacy,1,family_leak,clean_validation,0.9130162458288307,13091,,family_1cb15a71042b13f5,469
tcn_384_legacy,1,family_leak,clean_validation,1.0446216096577134,412,,family_e6b4aacd5803536e,674
tcn_384_legacy,1,family_leak,clean_validation,1.1519430703261138,2764,,family_387cf57640b6d8de,4
tcn_384_legacy,1,family_leak,clean_validation,1.3293028617681297,15176,,family_2decb8320f2dfd02,113
tcn_384_legacy,1,family_leak,clean_validation,1.853047047434505,15931,,family_ac0f9bcdce618038,518
tcn_384_legacy,1,family_leak,clean_validation,1.2765041589736938,221,,family_59a690110c469b8f,282
tcn_384_legacy,1,family_leak,clean_validation,1.4096753597259521,177,,family_242be05bb379eeaa,486
tcn_384_legacy,1,family_leak,clean_validation,1.3486124277114868,291,,family_8adbaad5b4f10b73,250
tcn_384_legacy,1,family_leak,clean_validation,1.225576384388774,5841,,family_e7650acc72c99e33,285
tcn_384_legacy,1,family_leak,clean_validation,1.590865230415202,2629,,family_cc51c1d0bd72fc52,517
tcn_384_legacy,1,family_leak,clean_validation,1.2968640327453613,271,,family_1fc3e8d69842199a,346
tcn_384_legacy,1,family_leak,clean_validation,1.388190758158589,6498,,family_44bf22828218a5dc,223
tcn_384_legacy,1,family_leak,clean_validation,1.73207402674205,1045,,family_423514ea82205c90,118
tcn_384_legacy,1,family_leak,clean_validation,1.1762042512073565,11303,,family_d065b978d8d6363c,233
tcn_384_legacy,1,family_leak,clean_validation,1.0648908291144359,13543,,family_34c0276853df68f6,592
tcn_384_legacy,1,family_leak,clean_validation,0.937319280609252,1260,,family_1086f01990d35911,161
tcn_384_legacy,1,family_leak,clean_validation,1.2430338664956797,6524,,family_272ea12129852d21,83
tcn_384_legacy,1,family_leak,clean_validation,1.1266661268134304,458,,family_ab58c5df98c64c96,242
tcn_384_legacy,1,family_leak,clean_validation,0.6661220645659465,6518,,family_05ac1b1c30b4cc2e,514
tcn_384_legacy,1,family_leak,clean_validation,1.475308811610345,20441,,family_57e56909cbd77983,472
tcn_384_legacy,1,family_leak,clean_validation,0.7859769463539124,201,,family_5dd2a8be853b78e8,22
tcn_384_legacy,1,family_leak,clean_validation,1.494930203361758,1856,,family_9830d264b28c22a3,68
tcn_384_legacy,1,family_leak,clean_validation,0.9545372128486633,196,,family_142c201c93af1056,55
tcn_384_legacy,1,family_leak,clean_validation,1.3147900855305308,859,,family_8dee2f974b6e774e,17
tcn_384_legacy,1,family_leak,clean_validation,1.1769854495764625,7603,,family_1714b2bcb66f3a32,411
tcn_384_legacy,1,family_leak,clean_validation,1.47954585709467,4503,,family_0b7033c8335243d6,210
tcn_384_legacy,1,family_leak,clean_validation,1.5982737868333894,30865,,family_f7fc3a6587acd552,669
tcn_384_legacy,1,family_leak,clean_validation,1.0340201529096218,1318,,family_3073b2c859362b6b,537
tcn_384_legacy,1,family_leak,clean_validation,1.2392014265060425,682,,family_1022f1461ea02448,297
tcn_384_legacy,1,family_leak,clean_validation,1.1732407808303833,101,,family_ccc461da40d9ac0d,420
tcn_384_legacy,1,family_leak,clean_validation,1.476479362607738,6806,,family_4c7eec40a9857f16,668
tcn_384_legacy,1,family_leak,clean_validation,0.6725546927994182,1856,,family_ea447f225e37bcff,496
tcn_384_legacy,1,family_leak,clean_validation,2.265966967775836,7555,,family_3335e158c995dd8a,148
tcn_384_legacy,1,family_leak,clean_validation,1.2074825565227187,12481,,family_d521b23ed1f019c7,121
tcn_384_legacy,1,family_leak,clean_validation,1.3532857425802645,5235,,family_0134076cacfda355,392
tcn_384_legacy,1,family_leak,clean_validation,1.5498639345169067,738,,family_56b2cba7fc132ef1,574
tcn_384_legacy,1,family_leak,clean_validation,1.2735460269941044,1022,,family_442e47d64373ea42,214
tcn_384_legacy,1,family_leak,clean_validation,1.1369646774436237,2076,,family_81ddae8c86d6f244,388
tcn_384_legacy,1,family_leak,clean_validation,1.3723607574762364,1191,,family_c182d668dd0813f1,368
tcn_384_legacy,1,family_leak,clean_validation,1.175155146318732,824,,family_3619ff0a23b6cf76,583
tcn_384_legacy,1,family_leak,clean_validation,1.1822651057621725,2344,,family_8d7f055fadcc2466,554
tcn_384_legacy,1,family_leak,clean_validation,1.2851731700816267,9248,,family_47eed942bba714a7,119
tcn_384_legacy,1,family_leak,clean_validation,1.413344144821167,331,,family_4ad0ed70281e61b7,697
tcn_384_legacy,1,family_leak,clean_validation,0.8822203040623865,1428,,family_2caaaadc23ec98ec,248
tcn_384_legacy,1,family_leak,clean_validation,0.9666312279524627,945,,family_762c3082afd0d823,337
tcn_384_legacy,1,family_leak,clean_validation,1.1989078186486648,5437,,family_fb27253a42766057,212
tcn_384_legacy,1,family_leak,clean_validation,1.4312030324851446,2371,,family_892f6f575ad06fdb,351
tcn_384_legacy,1,family_leak,clean_validation,1.227065052986145,1200,,family_8aa0ed5e323eeb0d,195
tcn_384_legacy,1,family_leak,clean_validation,1.358531325146749,18135,,family_7069de93803bf73e,510
tcn_384_legacy,1,family_leak,clean_validation,0.9630512870004717,4240,,family_d6ff844172b34405,280
tcn_384_legacy,1,family_leak,clean_validation,1.0588572580139464,3515,,family_01939a8c620ed9e1,610
tcn_384_legacy,1,family_leak,clean_validation,1.0209457157875508,5006,,family_94b530a2eeef7b05,675
tcn_384_legacy,1,family_leak,clean_validation,0.6250637252289752,523,,family_b298a2c79b9acf61,186
tcn_384_legacy,1,family_leak,clean_validation,1.6095519354035546,6660,,family_4a86fa42bce94e67,26
tcn_384_legacy,1,family_leak,clean_validation,1.1962031126022339,497,,family_7af8a28c6e85bc8b,141
tcn_384_legacy,1,family_leak,clean_validation,2.480712890625,11,,family_99483ac7e710751f,175
tcn_384_legacy,1,family_leak,clean_validation,1.2039753825165505,860,,family_644383b9a5c7153d,50
tcn_384_legacy,1,family_leak,clean_validation,1.1467845918250685,714,,family_e08ea0e927cfea58,369
tcn_384_legacy,1,family_leak,clean_validation,1.3105466847495602,5217,,family_44cee7ecbafdaa0c,628
tcn_384_legacy,1,family_leak,clean_validation,1.3478068552820914,2391,,family_46ee5adc2c70d33b,312
tcn_384_legacy,1,family_leak,clean_validation,0.727239191532135,226,,family_363f18ff9cdd663b,101
tcn_384_legacy,1,family_leak,clean_validation,1.089860463462884,3794,,family_0f72232dcd828b96,526
tcn_384_legacy,1,family_leak,clean_validation,1.1934747470023053,2971,,family_97eeaf7b4a9c3731,434
tcn_384_legacy,1,family_leak,clean_validation,1.2713892595522953,7619,,family_09e1821e1435425f,490
tcn_384_legacy,1,family_leak,clean_validation,1.5089784860610962,301,,family_3e481fb1fbc87581,596
tcn_384_legacy,1,family_leak,clean_validation,0.7242501444043064,3261,,family_a43a516a7577f1ec,398
tcn_384_legacy,1,family_leak,clean_validation,0.7775399699848266,20304,,family_c70bbb1238ec368c,338
tcn_384_legacy,1,family_leak,clean_validation,1.5928116898037774,14843,,family_e7c9171f786b99da,183
tcn_384_legacy,1,family_leak,clean_validation,1.0646510124206543,583,,family_eac4733b2dae986d,69
tcn_384_legacy,1,family_leak,clean_validation,1.321538381873175,10963,,family_dcee5dfcf9fc6031,489
tcn_384_legacy,1,family_leak,clean_validation,1.7360981780740656,1086,,family_ba88844813c478c8,488
tcn_384_legacy,1,family_leak,clean_validation,1.2814191873052145,3671,,family_e3b1d0c18a60396e,626
tcn_384_legacy,1,family_leak,clean_validation,1.4772317030288618,2870,,family_455ecec853565931,619
tcn_384_legacy,1,family_leak,clean_validation,1.4573171138763428,291,,family_db0f95ba35a66044,329
tcn_384_legacy,1,family_leak,clean_validation,1.5311879554115504,7391,,family_f4900aed0a1c77c5,268
tcn_384_legacy,1,family_leak,clean_validation,1.1172740755121184,3814,,family_641e72e8ff1c1166,146
tcn_384_legacy,1,family_leak,clean_validation,1.2642394618311987,14163,,family_2312c27769277b81,470
tcn_384_legacy,1,family_leak,clean_validation,1.1033204008067596,3944,,family_1e6bf6c8d5b78e1a,640
tcn_384_legacy,1,family_leak,clean_validation,0.9336303931977986,7532,,family_502e6b70666e84f8,162
tcn_384_legacy,1,family_leak,clean_validation,1.3962537317938488,619,,family_a55f889fcbd8ead5,59
tcn_384_legacy,1,family_leak,clean_validation,0.9577049612998962,487,,family_d9ef2ad04ba5030a,94
tcn_384_legacy,1,family_leak,clean_validation,1.6750203339173833,3740,,family_6ecb17a2196b524b,216
tcn_384_legacy,1,family_leak,clean_validation,0.9160645955992552,21036,,family_6eb33acc697900b1,189
tcn_384_legacy,1,family_leak,clean_validation,1.1029521518806775,15489,,family_71038ecc81cc310d,567
tcn_384_legacy,1,family_leak,clean_validation,1.4873592345544813,7528,,family_43d070bb1d4728eb,436
tcn_384_legacy,1,family_leak,clean_validation,1.417886164865717,4143,,family_e943e5ae3161e964,215
tcn_384_legacy,1,family_leak,clean_validation,1.4251033233534351,1639,,family_977c404bc438de36,129
tcn_384_legacy,1,family_leak,clean_validation,1.3219062105776176,1654,,family_eb05ccf771a0f6fa,167
tcn_384_legacy,1,family_leak,clean_validation,1.3155257805140186,658,,family_f76575f43ce9f715,211
tcn_384_legacy,1,family_leak,clean_validation,1.454267978668213,126,,family_c44c8014b64e9662,271
tcn_384_legacy,1,family_leak,clean_validation,1.424033897949077,1615,,family_db3db1576a406cc8,647
tcn_384_legacy,1,family_leak,clean_validation,1.087716816783309,3001,,family_74d6ca4f4b3ca714,198
tcn_384_legacy,1,family_leak,clean_validation,1.3024607544526419,13326,,family_e28197e9cf6fc68d,82
tcn_384_legacy,1,family_leak,clean_validation,1.5524412661035663,5959,,family_1bbcc4218f93ca73,585
tcn_384_legacy,1,family_leak,clean_validation,0.7824919834315596,5926,,family_6efa1cacb9ad3d66,450
tcn_384_legacy,1,family_leak,clean_validation,1.2908036769119695,1483,,family_293d3c58434ea432,424
tcn_384_legacy,1,family_leak,clean_validation,1.5446565663775715,307,,family_bb7a3764a0cb51ef,185
tcn_384_legacy,1,family_leak,clean_validation,0.6731475984743902,3853,,family_ce939a871f73797e,654
tcn_384_legacy,1,family_leak,clean_validation,0.8249655135934498,11511,,family_bf58440f90351608,656
tcn_384_legacy,1,family_leak,clean_validation,1.3983893149364905,47814,,family_b13e3197621b6a67,665
tcn_384_legacy,1,family_leak,clean_validation,1.4388699017024296,5155,,family_e5b4b48758cc10cf,0
tcn_384_legacy,1,family_leak,clean_validation,1.0961761543917101,10750,,family_873455800f3af360,90
tcn_384_legacy,1,family_leak,clean_validation,0.6616099587126264,1648,,family_5b4f410a68b26980,294
tcn_384_legacy,1,family_leak,clean_validation,1.4311759261616515,6820,,family_6555b7af6b1e876d,333
tcn_384_legacy,1,family_leak,clean_validation,0.6285015737670733,9581,,family_c8ed53e602d47d77,373
tcn_384_legacy,1,family_leak,clean_validation,0.9339229873248509,910,,family_b7724334fda37767,2
tcn_384_legacy,1,family_leak,clean_validation,1.122540631997417,6232,,family_e1e6b4777ab2f0d3,525
tcn_384_legacy,1,family_leak,clean_validation,0.9913571834836917,10054,,family_68b8fd69ce397884,205
tcn_384_legacy,1,family_leak,clean_validation,1.2943346500396729,261,,family_4484ffde0b8eeb1e,468
tcn_384_legacy,1,family_leak,clean_validation,1.524767224749838,5772,,family_f6c8d7d7ccb2fb7c,659
tcn_384_legacy,1,family_leak,clean_validation,1.215111365014044,8322,,family_bf5e46a018cc309f,91
tcn_384_legacy,1,family_leak,clean_validation,1.5357689898256563,3333,,family_74d92a6b925fff2b,361
tcn_384_legacy,1,family_leak,clean_validation,1.70563030195552,755,,family_fecd8209b4231ff0,562
tcn_384_legacy,1,family_leak,clean_validation,1.2807305683493044,1047,,family_a5b4b56c411c3e3e,19
tcn_384_legacy,1,family_leak,clean_validation,1.2094912835451395,3038,,family_125b174edd279860,622
tcn_384_legacy,1,family_leak,clean_validation,1.4173029999746691,12165,,family_4fd03386572a5e7d,49
tcn_384_legacy,1,family_leak,clean_validation,1.3197967949874547,784,,family_b683e3dda3d53d7d,499
tcn_384_legacy,1,family_leak,clean_validation,1.1263341268591025,5434,,family_7cc38e130f767be2,152
tcn_384_legacy,1,family_leak,clean_validation,1.475222504008078,2004,,family_c1cf47c50b324615,620
tcn_384_legacy,1,family_leak,clean_validation,1.2063935995101929,277,,family_e6f89a8fd4c28042,671
tcn_384_legacy,1,family_leak,clean_validation,1.2930040195244388,5436,,family_f32207a4bd1be5f3,641
tcn_384_legacy,1,family_leak,clean_validation,1.2696783929654996,730,,family_750c1b7c9293fca0,555
tcn_384_legacy,1,family_leak,clean_validation,0.6041257342854789,2518,,family_dff095b3f9ea4486,228
tcn_384_legacy,1,family_leak,clean_validation,1.1822319157416241,1393,,family_03f94974e43a6f72,219
tcn_384_legacy,1,family_leak,clean_validation,0.9929113890517766,11470,,family_20755f596dac4ad8,538
tcn_384_legacy,1,family_leak,clean_validation,0.7109417252487483,11134,,family_a5fb3561532a1515,251
tcn_384_legacy,1,family_leak,clean_validation,1.3268272468815208,10047,,family_09f185032eec1684,15
tcn_384_legacy,1,family_leak,clean_validation,1.1686415373148005,2108,,family_449b876c5d7555de,648
tcn_384_legacy,1,family_leak,clean_validation,1.616583484392302,9757,,family_17c63d0cae51b4f0,552
tcn_384_legacy,1,family_leak,clean_validation,1.4695183353509356,1901,,family_a7e7611a4fb45bb8,181
tcn_384_legacy,1,family_leak,clean_validation,1.1085044484347504,21536,,family_a0087912e552c325,160
tcn_384_legacy,1,family_leak,clean_validation,1.535261856256445,13175,,family_26c7d9fe4637a87f,639
tcn_384_legacy,1,family_leak,clean_validation,1.5334645322401406,11417,,family_7c0ce9b52a4fb354,384
tcn_384_legacy,1,family_leak,clean_validation,1.2335638684086958,12236,,family_ce42ac82cf5b7aa5,491
tcn_384_legacy,1,family_leak,clean_validation,1.607571073021281,926,,family_d1384d3d5b8f3e4a,325
tcn_384_legacy,1,family_leak,clean_validation,0.9920919554610197,8976,,family_a4ec6bc987630263,480
tcn_384_legacy,1,family_leak,clean_validation,0.8570792149218321,2274,,family_d7fd034f32743816,614
tcn_384_legacy,1,family_leak,clean_validation,1.0651325104137261,4080,,family_9ee07f048eddd3ef,605
tcn_384_legacy,1,family_leak,clean_validation,1.7935732266476503,9874,,family_d5db7a666d5cdce4,432
tcn_384_legacy,1,family_leak,clean_validation,0.9579976201057434,693,,family_e3990e8f3e5a019e,29
tcn_384_legacy,1,family_leak,clean_validation,1.0752583742141724,402,,family_424ba6cfeb2d4b06,347
tcn_384_legacy,1,family_leak,clean_validation,1.405530461848344,2758,,family_1584dac71c5d3b21,417
tcn_384_legacy,1,family_leak,clean_validation,0.8224880497298078,1559,,family_71b49a81405adf23,28
tcn_384_legacy,1,family_leak,clean_validation,0.8650787179096858,3865,,family_02cd0d0062e7f2f0,136
tcn_384_legacy,1,family_leak,clean_validation,1.2224462969533632,6113,,family_f6a9ab27f75aaa2c,237
tcn_384_legacy,1,family_leak,clean_validation,3.151123046875,56,,family_fa6d03faa672f307,607
tcn_384_legacy,1,family_leak,clean_validation,1.2078538570904418,1601,,family_32ee5e4e0bf64290,575
tcn_384_legacy,1,family_leak,clean_validation,1.324353779655951,1373,,family_4b03c0c9196cb057,642
tcn_384_legacy,1,family_leak,clean_validation,1.242061972686192,33265,,family_084d50552be46593,431
tcn_384_legacy,1,family_leak,clean_validation,1.157335638999939,216,,family_f9eef55626121ccd,456
tcn_384_legacy,1,family_leak,clean_validation,1.7046055364812147,2579,,family_f3c41c0d722fe806,299
tcn_384_legacy,1,family_leak,clean_validation,1.3806413556344148,8074,,family_830520441d24c99b,281
tcn_384_legacy,1,family_leak,clean_validation,1.5057304762067152,1574,,family_0bcfa76d0d0ba6c7,204
tcn_384_legacy,1,family_leak,clean_validation,1.1519722939354287,4379,,family_49c1e82f118ffcdb,155
tcn_384_legacy,1,family_leak,clean_validation,2.068042755126953,37,,family_60813f1989c300e9,547
tcn_384_legacy,1,family_leak,clean_validation,1.1135078897529722,4098,,family_b9e55910bfee8055,104
tcn_384_legacy,1,family_leak,clean_validation,1.120184292206827,683,,family_b5e8954b16e48222,6
tcn_384_legacy,1,family_leak,clean_validation,0.8076671957969666,181,,family_a8682c6d911fc3b8,566
tcn_384_legacy,1,family_leak,clean_validation,1.3172861440164136,12601,,family_f8ba51ce9495f2bd,416
tcn_384_legacy,1,family_leak,clean_validation,1.1463471890123842,4366,,family_71a60fbe7040f158,38
tcn_384_legacy,1,family_leak,clean_validation,1.2988094091415405,437,,family_336e1c704addf9f3,393
tcn_384_legacy,1,family_leak,clean_validation,0.7407274627981107,1452,,family_ce5ee93c94f8cb47,427
tcn_384_legacy,1,family_leak,clean_validation,1.3503177926566263,11788,,family_ba5a886f795d4f27,345
tcn_384_legacy,1,family_leak,clean_validation,1.400544451129052,372,,family_3812a654a3d8068e,314
tcn_384_legacy,1,family_leak,clean_validation,0.8460283450081139,3751,,family_043b81d25e57bda6,14
tcn_384_legacy,1,family_leak,clean_validation,1.4095614078047876,1598,,family_60dc4c06abba1219,316
tcn_384_legacy,1,family_leak,clean_validation,0.9663238874853474,365,,family_0967320075dd090a,544
tcn_384_legacy,1,family_leak,clean_validation,1.5696768001320058,573,,family_4cbe424968d7c5e7,277
tcn_384_legacy,2,clean,treated,1.0369054882070836,3093,structurally_nonexact,family_d1a92696717aa9c2,176
tcn_384_legacy,2,clean,treated,1.1760176181989281,1216,structurally_nonexact,family_3835425eafb00035,524
tcn_384_legacy,2,clean,treated,1.2349295051931177,412,structurally_nonexact,family_a534382ff42b71fb,634
tcn_384_legacy,2,clean,treated,0.9348724523640429,4197,structurally_nonexact,family_6d17de7e325f25f8,467
tcn_384_legacy,2,clean,treated,1.0328454721111695,779,structurally_nonexact,family_56b1bf9100abf79a,254
tcn_384_legacy,2,clean,treated,1.5229506771053696,15674,structurally_nonexact,family_9edbfcdbf27d8472,87
tcn_384_legacy,2,clean,treated,1.129172056582554,3153,structurally_nonexact,family_db6398f302f77cb4,563
tcn_384_legacy,2,clean,treated,1.3795903577741941,10203,canonical_event_exact,family_776fb0c74fb6af96,253
tcn_384_legacy,2,clean,treated,1.225932069378532,1748,structurally_nonexact,family_be459453ebdfa1da,627
tcn_384_legacy,2,clean,treated,1.2057897913935753,3230,structurally_nonexact,family_439fc19617b55d44,309
tcn_384_legacy,2,clean,treated,1.0601119010243565,2560,structurally_nonexact,family_328dc279bafe7f69,265
tcn_384_legacy,2,clean,treated,1.3710177478243606,3803,structurally_nonexact,family_ac0566dd944bc201,327
tcn_384_legacy,2,clean,treated,1.1041845083236694,477,canonical_event_exact,family_3fbe0e330aecdc00,482
tcn_384_legacy,2,clean,treated,1.1905334571545774,704,structurally_nonexact,family_04795413b15e0b98,576
tcn_384_legacy,2,clean,treated,1.3233084946548035,1108,structurally_nonexact,family_348b29b5f47eda18,220
tcn_384_legacy,2,clean,treated,1.662987823489605,8731,structurally_nonexact,family_f77d449f1658a159,292
tcn_384_legacy,2,clean,treated,1.5866920948028564,242,structurally_nonexact,family_39849966d6043c11,378
tcn_384_legacy,2,clean,treated,1.6072487798388653,3169,structurally_nonexact,family_af212e596b07120e,405
tcn_384_legacy,2,clean,treated,0.822462963813431,9069,structurally_nonexact,family_2d3e3d92f30c4369,600
tcn_384_legacy,2,clean,treated,0.8261795196339505,1674,structurally_nonexact,family_f0c0dd7c2f3b6a3f,661
tcn_384_legacy,2,clean,treated,1.3301537959080822,2491,structurally_nonexact,family_5aaa5f6f546aa704,105
tcn_384_legacy,2,clean,treated,1.526002280764705,5759,structurally_nonexact,family_78031f033e192cce,11
tcn_384_legacy,2,clean,treated,0.8962869644165039,467,structurally_nonexact,family_961cefc620e3d5ab,408
tcn_384_legacy,2,clean,treated,1.255703786196869,3303,canonical_event_exact,family_fe2836cc1cef695c,336
tcn_384_legacy,2,clean,treated,1.6418190648789888,9124,structurally_nonexact,family_0f71c7e0830e1d85,624
tcn_384_legacy,2,clean,treated,0.8459030224227845,6286,structurally_nonexact,family_2dbafe5054d4bee7,414
tcn_384_legacy,2,clean,treated,1.2564951629828618,14987,structurally_nonexact,family_52885ec61f0240b9,687
tcn_384_legacy,2,clean,treated,1.2749010732540718,5460,structurally_nonexact,family_b88eee6ecd7ef6bc,366
tcn_384_legacy,2,clean,treated,1.635761701574107,20432,structurally_nonexact,family_de67cf52f9a2ce89,267
tcn_384_legacy,2,clean,treated,1.3836894406646978,854,structurally_nonexact,family_7b8c8789f38183da,317
tcn_384_legacy,2,clean,treated,1.0570795000102449,10665,structurally_nonexact,family_774f10d6c3d75980,145
tcn_384_legacy,2,clean,treated,0.9045717816232575,29458,structurally_nonexact,family_6fbe37a0a6611f64,520
tcn_384_legacy,2,clean,treated,1.265291150021902,12501,structurally_nonexact,family_c64269798048b60f,666
tcn_384_legacy,2,clean,treated,1.357665305620712,8558,structurally_nonexact,family_f60bd4cc83d02add,618
tcn_384_legacy,2,clean,treated,1.3843493461608887,61,structurally_nonexact,family_39f58e2fd604c61e,402
tcn_384_legacy,2,clean,treated,1.04875519141415,1918,structurally_nonexact,family_101bf32d18499c7d,686
tcn_384_legacy,2,clean,treated,1.553057074546814,156,structurally_nonexact,family_e97b637c75aac2b5,637
tcn_384_legacy,2,clean,treated,1.381223346188051,12995,structurally_nonexact,family_e2c30beb0d4abeae,477
tcn_384_legacy,2,clean,treated,1.3626009289229404,3028,structurally_nonexact,family_581cf690b70ed77f,269
tcn_384_legacy,2,clean,treated,1.1870283904590042,1789,structurally_nonexact,family_9ccd2f467361ebab,348
tcn_384_legacy,2,clean,treated,0.9610486125948933,8256,structurally_nonexact,family_6342008bae187399,615
tcn_384_legacy,2,clean,treated,1.6416670083999634,266,structurally_nonexact,family_8661140073b6a2ab,691
tcn_384_legacy,2,clean,treated,1.064432945201006,1890,structurally_nonexact,family_1a8ff9e18d3eabea,137
tcn_384_legacy,2,clean,treated,1.091762730543562,8479,structurally_nonexact,family_b324bd83d2be3825,438
tcn_384_legacy,2,clean,treated,1.5596540508599117,725,structurally_nonexact,family_23e85181dd747797,695
tcn_384_legacy,2,clean,treated,1.4854492843275529,9580,structurally_nonexact,family_b3ba3218de08f591,66
tcn_384_legacy,2,clean,treated,1.0667094417331304,6949,structurally_nonexact,family_38ddaabf01adae92,106
tcn_384_legacy,2,clean,treated,1.179414694145243,945,structurally_nonexact,family_5405158fe7a3977d,511
tcn_384_legacy,2,clean,treated,1.201372742652893,336,structurally_nonexact,family_e4e4467ef74cc720,428
tcn_384_legacy,2,clean,treated,1.4840997381633365,1037,structurally_nonexact,family_4f1b63b3eef9f7d0,531
tcn_384_legacy,2,clean,treated,1.5859922529180388,522,structurally_nonexact,family_7a300c986fbfa9f2,165
tcn_384_legacy,2,clean,treated,1.4942156714960515,463,structurally_nonexact,family_6f0024d47bda9a44,359
tcn_384_legacy,2,clean,treated,0.9907172300753525,1191,structurally_nonexact,family_746d1e0c3274827f,466
tcn_384_legacy,2,clean,treated,1.3678422598821212,1084,structurally_nonexact,family_6a42731481dda124,419
tcn_384_legacy,2,clean,treated,1.6920364072096987,15697,structurally_nonexact,family_0ecded087f80d73b,461
tcn_384_legacy,2,clean,treated,1.2000232100424244,5721,structurally_nonexact,family_5facacfb4d33d062,5
tcn_384_legacy,2,clean,treated,1.093130111694336,251,structurally_nonexact,family_5cc4efa05e4dc250,114
tcn_384_legacy,2,clean,treated,1.5792644408461625,17077,structurally_nonexact,family_4731a6d05dff34ce,132
tcn_384_legacy,2,clean,treated,1.3733259348095845,5610,structurally_nonexact,family_c3ae851031cec2bb,663
tcn_384_legacy,2,clean,treated,1.1359611941342993,48674,structurally_nonexact,family_30fbd9977a220042,589
tcn_384_legacy,2,clean,treated,1.196457671368216,508,structurally_nonexact,family_e3c89d0945320ec5,3
tcn_384_legacy,2,clean,treated,1.4851975937217987,639,structurally_nonexact,family_f99e7467cfd91d72,230
tcn_384_legacy,2,clean,treated,1.3035192014089698,3294,structurally_nonexact,family_0a0ff01b239a934a,415
tcn_384_legacy,2,clean,treated,1.1098655462265015,166,structurally_nonexact,family_5ebcadebe538bd59,272
tcn_384_legacy,2,clean,treated,1.0850812360001325,533,structurally_nonexact,family_2fe71bb032cb85fe,184
tcn_384_legacy,2,clean,treated,1.1491882009445775,6626,structurally_nonexact,family_e0f7e5849dbe9388,513
tcn_384_legacy,2,clean,treated,1.2837364190166618,3859,structurally_nonexact,family_c3abd4306e03adf2,290
tcn_384_legacy,2,clean,treated,1.0021466465620295,1559,structurally_nonexact,family_83b27a32aa56f9dc,485
tcn_384_legacy,2,clean,treated,1.5338220194246641,2535,structurally_nonexact,family_fa3341292470541d,226
tcn_384_legacy,2,clean,treated,1.0183801690157313,548,canonical_event_exact,family_15b8f6d235825863,7
tcn_384_legacy,2,clean,treated,1.0829421156910353,10236,structurally_nonexact,family_a95aeca85317a04d,401
tcn_384_legacy,2,clean,treated,1.2936849856053712,7309,structurally_nonexact,family_3dffb074803c8f80,376
tcn_384_legacy,2,clean,treated,1.5138408794970075,1026,structurally_nonexact,family_1cfa4116628ae42e,681
tcn_384_legacy,2,clean,treated,1.3650946023005854,1238,structurally_nonexact,family_f53ae103dc0def58,261
tcn_384_legacy,2,clean,treated,1.2929908161304122,1287,structurally_nonexact,family_3db848c291e71542,123
tcn_384_legacy,2,clean,treated,1.4740098305930314,3583,structurally_nonexact,family_76f3986b08ecfc19,97
tcn_384_legacy,2,clean,treated,0.9601771198207462,13214,structurally_nonexact,family_121eefce620403f7,295
tcn_384_legacy,2,clean,treated,1.4984285046307904,20977,structurally_nonexact,family_8aff46e64d1c8360,286
tcn_384_legacy,2,clean,treated,1.2642022528007073,4952,structurally_nonexact,family_debbecc1e7f77f3e,20
tcn_384_legacy,2,clean,treated,1.0397155408513485,1779,structurally_nonexact,family_f19aa9a5e722eb61,379
tcn_384_legacy,2,clean,treated,1.2257483312249513,1815,structurally_nonexact,family_d0b38ee50d018148,664
tcn_384_legacy,2,clean,treated,1.2059060548608367,1036,structurally_nonexact,family_aad2d66dec95dc7a,569
tcn_384_legacy,2,clean,treated,1.1403404624329,985,structurally_nonexact,family_59add5a121b9a616,451
tcn_384_legacy,2,clean,treated,1.5553912485950234,12091,structurally_nonexact,family_c2d4ffa1539bdafe,263
tcn_384_legacy,2,clean,treated,1.3760347483790736,1157,structurally_nonexact,family_58a5b18cf3751bf1,41
tcn_384_legacy,2,clean,treated,1.2081616720809458,638,structurally_nonexact,family_8f08581ca21b6c6f,539
tcn_384_legacy,2,clean,treated,1.2609182632407063,5203,structurally_nonexact,family_5d6a15b20dff7233,33
tcn_384_legacy,2,clean,treated,1.1743129929300489,1312,structurally_nonexact,family_eacebc389812585f,693
tcn_384_legacy,2,clean,treated,1.2812852162390844,578,structurally_nonexact,family_3bd7e5ca43f02666,476
tcn_384_legacy,2,clean,treated,0.8996903115305407,377,structurally_nonexact,family_da2cbb03fa208ffc,65
tcn_384_legacy,2,clean,treated,1.1735651652605916,15281,structurally_nonexact,family_5fe0b889b5279fed,275
tcn_384_legacy,2,clean,treated,1.1212151196389388,654,structurally_nonexact,family_58c32a6b58cc329f,505
tcn_384_legacy,2,clean,treated,1.2735298675568247,4931,structurally_nonexact,family_d4c8efafc098f593,580
tcn_384_legacy,2,clean,treated,1.0191527466146815,6166,structurally_nonexact,family_853b6705e7d7e7a9,509
tcn_384_legacy,2,clean,treated,1.3202717766376149,1558,canonical_event_exact,family_7c104874587dddcc,324
tcn_384_legacy,2,clean,treated,1.4407772802614536,3893,structurally_nonexact,family_2eec85a0fe915e64,326
tcn_384_legacy,2,clean,treated,1.0477895009808424,1189,structurally_nonexact,family_08157e0ead630e5c,623
tcn_384_legacy,2,clean,treated,1.6610105294656852,12275,structurally_nonexact,family_67cf34a836b9cd6c,473
tcn_384_legacy,2,clean,treated,1.3156333786705356,3188,structurally_nonexact,family_a03ac5414952d229,344
tcn_384_legacy,2,clean,treated,1.7338282537450993,5109,structurally_nonexact,family_4da27be0a15493fc,455
tcn_384_legacy,2,clean,control,1.727135181427002,86,,family_8353c8bc6b1abe91,231
tcn_384_legacy,2,clean,control,1.1073977947235107,281,,family_a21b0655ee8718e3,44
tcn_384_legacy,2,clean,control,1.272323295913497,1492,,family_828011733ff46fcc,135
tcn_384_legacy,2,clean,control,1.4117405116558075,92,,family_c352cf53fe360f50,89
tcn_384_legacy,2,clean,control,1.3062911828358967,543,,family_581b417d448220ce,278
tcn_384_legacy,2,clean,control,1.19832199502998,4997,,family_c5e7a2f4ebdc9ce7,523
tcn_384_legacy,2,clean,control,1.6510424280693792,23970,,family_942d0bbb1f3057b7,117
tcn_384_legacy,2,clean,control,1.431494706981817,1957,,family_e8f2414f825f028e,21
tcn_384_legacy,2,clean,control,1.4357430622297243,24928,,family_d9eece89cdccb42e,318
tcn_384_legacy,2,clean,control,1.3996560889541407,2226,,family_159334980be342ce,590
tcn_384_legacy,2,clean,control,1.033896321068099,9706,,family_5cc3056db91c371f,475
tcn_384_legacy,2,clean,control,1.2923143519237699,14644,,family_cac05bc962cb19ae,529
tcn_384_legacy,2,clean,control,1.3082062665100962,794,,family_91b28d898f74de65,458
tcn_384_legacy,2,clean,control,1.2273049125039561,2249,,family_0ed7b687c2bbe731,679
tcn_384_legacy,2,clean,control,1.3588526108820773,2076,,family_c09c42656e829799,75
tcn_384_legacy,2,clean,control,1.2699692467280796,8400,,family_5029829bbea32071,45
tcn_384_legacy,2,clean,control,1.0638384979844648,2361,,family_b524f58169d7a062,422
tcn_384_legacy,2,clean,control,1.1484653755986876,20104,,family_e449d968e1ca6e62,481
tcn_384_legacy,2,clean,control,1.632919641470442,3217,,family_f176b8796acaf1a3,449
tcn_384_legacy,2,clean,control,1.735102528093017,13053,,family_2aacce96c1e48e02,43
tcn_384_legacy,2,clean,control,0.8718737883200084,22913,,family_95e00157e6b24668,246
tcn_384_legacy,2,clean,control,1.7082095437227411,11280,,family_c83ce9a767947dac,169
tcn_384_legacy,2,clean,control,1.5983444445319968,18996,,family_c00a93f90020b6fe,255
tcn_384_legacy,2,clean,control,1.265734076499939,226,,family_4388b443af85145b,182
tcn_384_legacy,2,clean,control,0.9925821313830928,5102,,family_090556d6964926b6,696
tcn_384_legacy,2,clean,control,1.463328923719936,997,,family_517a76fa41613984,435
tcn_384_legacy,2,clean,control,1.4765586853027344,331,,family_d5117873cfa5f4e7,403
tcn_384_legacy,2,clean,control,1.2910744061112112,5289,,family_5c4b107ad8b67511,39
tcn_384_legacy,2,clean,control,1.0251883896457192,2157,,family_6b39589c59910bc9,527
tcn_384_legacy,2,clean,control,1.3613309860229492,557,,family_09e71dae304bced8,407
tcn_384_legacy,2,clean,control,1.0944484452278933,7005,,family_7ab40688290292cb,699
tcn_384_legacy,2,clean,control,1.2081147103883418,3615,,family_c9287c1de390bb4b,287
tcn_384_legacy,2,clean,control,1.1908456958815585,3531,,family_b82550e1d139176a,133
tcn_384_legacy,2,clean,control,1.6424671423517903,4469,,family_5ead6639536180b8,16
tcn_384_legacy,2,clean,control,0.6595731590231916,3148,,family_c200a4f65bbc5209,270
tcn_384_legacy,2,clean,control,1.2102489743849434,6866,,family_104496edebed4f61,385
tcn_384_legacy,2,clean,control,1.5297211717282022,4592,,family_843833735eeb7063,519
tcn_384_legacy,2,clean,control,1.38516512411706,940,,family_9c25f8a3328ce8da,494
tcn_384_legacy,2,clean,control,1.1648789714845025,11819,,family_8adb1a64e2eed3ab,400
tcn_384_legacy,2,clean,control,1.394856882319555,638,,family_1f464d80218f494a,150
tcn_384_legacy,2,clean,control,1.2183395402641588,1566,,family_cb2f86c88344d124,572
tcn_384_legacy,2,clean,control,1.5072359725863165,2465,,family_7d2361899b55eee8,522
tcn_384_legacy,2,clean,control,1.3091585139640074,2886,,family_056399865754201e,177
tcn_384_legacy,2,clean,control,1.3367347930175835,7537,,family_048732487ed12eba,266
tcn_384_legacy,2,clean,control,1.099962830543518,266,,family_1d8665cf98427374,632
tcn_384_legacy,2,clean,control,1.2708300382397786,8124,,family_7b7a14e1daaa4e52,207
tcn_384_legacy,2,clean,control,1.0390139695068803,1980,,family_ace63736575276fd,76
tcn_384_legacy,2,clean,control,1.2966009378433228,381,,family_471c422daeefac7a,24
tcn_384_legacy,2,clean,control,1.4291843468593963,2354,,family_484de8ba061636e2,134
tcn_384_legacy,2,clean,control,0.7592236444274372,748,,family_a8edfe7c17d49498,142
tcn_384_legacy,2,clean,control,1.6569930192718754,3704,,family_fc41e434d5d7e595,413
tcn_384_legacy,2,clean,control,0.8122781271980901,1439,,family_309d1ff512e1e9a9,426
tcn_384_legacy,2,clean,control,1.3032714527800267,10437,,family_d16673229b6e8db9,273
tcn_384_legacy,2,clean,control,1.2475470958787942,1146,,family_9e8b2eb6ec3ec445,96
tcn_384_legacy,2,clean,control,1.307813377717018,11034,,family_50f05ec6e42283bd,153
tcn_384_legacy,2,clean,control,1.3049055961117988,373,,family_341df9602a2ccf1e,649
tcn_384_legacy,2,clean,control,1.224589361769979,6341,,family_352e44896c06757b,543
tcn_384_legacy,2,clean,control,1.2547487793742,407,,family_0b0978005887e1a2,474
tcn_384_legacy,2,clean,control,1.5807940289958573,9756,,family_e0804d88b4e3c086,464
tcn_384_legacy,2,clean,control,1.8312484626013603,5497,,family_7136d870073b72bf,492
tcn_384_legacy,2,clean,control,1.6314909365918013,4898,,family_90e53f43974a85ff,305
tcn_384_legacy,2,clean,control,0.8109427794293471,8758,,family_ba0bab377b74f9bc,593
tcn_384_legacy,2,clean,control,1.2525364388391222,3385,,family_dd7fe974853169e3,340
tcn_384_legacy,2,clean,control,1.2537647529519123,14375,,family_89e820583b7bf692,521
tcn_384_legacy,2,clean,control,1.046316979268674,5387,,family_c3c5b7b46ed5cca4,604
tcn_384_legacy,2,clean,control,1.6245820419407075,2595,,family_13478cc2fa596f00,676
tcn_384_legacy,2,clean,control,1.311918754379891,2122,,family_4b791b52cdbf0c94,342
tcn_384_legacy,2,clean,control,1.5450530240127631,1554,,family_24beda513cb73140,190
tcn_384_legacy,2,clean,control,1.3127331525295765,2574,,family_bd2e09f5164640ac,355
tcn_384_legacy,2,clean,control,1.401777285067806,14722,,family_d90c907b60f5db7e,227
tcn_384_legacy,2,clean,control,1.4638420343399048,608,,family_0a1d834f1fc5ec9d,397
tcn_384_legacy,2,clean,control,1.2385313923023822,619,,family_bd36f067059fa430,608
tcn_384_legacy,2,clean,control,1.1010163561457154,10380,,family_9d3263359149060b,174
tcn_384_legacy,2,clean,control,1.1836427450180054,96,,family_701911482f478840,164
tcn_384_legacy,2,clean,control,1.119368423290591,1297,,family_a69d52c7adca6131,688
tcn_384_legacy,2,clean,control,1.357560937150773,911,,family_0907d69883a983d5,125
tcn_384_legacy,2,clean,control,1.1198959923028946,10000,,family_6aa82ca2608dc1b1,23
tcn_384_legacy,2,clean,control,1.2943402892625033,7247,,family_0b7d7d5455b615a1,306
tcn_384_legacy,2,clean,control,0.7807236829657613,810,,family_6ff7124bfcd14a0c,545
tcn_384_legacy,2,clean,control,1.2019514155791218,2128,,family_b8051512c4e658bb,180
tcn_384_legacy,2,clean,control,1.147772068369745,1907,,family_419159423badc2ef,391
tcn_384_legacy,2,clean,control,1.4753996401840948,7116,,family_330ff47988f3581a,291
tcn_384_legacy,2,clean,control,1.2691741491256292,6921,,family_c2708c9ff73ceb82,660
tcn_384_legacy,2,clean,control,1.364166682349384,4344,,family_ddb1afd90e017414,484
tcn_384_legacy,2,clean,control,1.5721719824833427,4446,,family_354a6fa9839f5265,196
tcn_384_legacy,2,clean,control,0.7304283131160516,1647,,family_25637fe768f1ed97,602
tcn_384_legacy,2,clean,control,1.2766138168734296,1815,,family_c8d9a7933734de14,232
tcn_384_legacy,2,clean,control,1.1343048188368394,12979,,family_5dfcdbc50b497fa3,241
tcn_384_legacy,2,clean,control,1.7112647904397107,2723,,family_cb79ab953eb3a23e,425
tcn_384_legacy,2,clean,control,1.1567440393846482,4096,,family_4cbe524347d5770f,442
tcn_384_legacy,2,clean,control,1.2060959379598106,4361,,family_584bf061d2625f25,495
tcn_384_legacy,2,clean,control,1.2219221591949463,251,,family_56890c17b9133ef4,506
tcn_384_legacy,2,clean,control,0.6602350159124895,2640,,family_205aeeeda178f7ca,644
tcn_384_legacy,2,clean,control,1.5943979024887085,56,,family_3179470752a6d838,18
tcn_384_legacy,2,clean,control,1.4892575165537079,7232,,family_7659084f070baf14,130
tcn_384_legacy,2,clean,control,1.3845576629391765,16261,,family_2210ee0a2c3ccbc9,396
tcn_384_legacy,2,clean,control,0.9990817907807725,7863,,family_d20f6f896d965906,310
tcn_384_legacy,2,clean,control,1.2521800138663004,1228,,family_9ba17784e54ec105,163
tcn_384_legacy,2,clean,control,1.2007613192283273,2684,,family_28cc6a5379f62efc,84
tcn_384_legacy,2,clean,control,1.5055349867322687,3596,,family_cd85f816dfda97e0,601
tcn_384_legacy,2,clean,control,0.941595934140216,23809,,family_6c5d60bd118ca08d,493
tcn_384_legacy,2,clean,control,1.147528890055264,9452,,family_a6b3f3bba1c3ea38,611
tcn_384_legacy,2,clean,control,1.2923196497874043,995,,family_46ccb6e3625b0d26,559
tcn_384_legacy,2,clean,control,1.0106186548298095,13925,,family_b6c76ee6e1fbdad4,617
tcn_384_legacy,2,clean,control,1.563324936108656,8836,,family_eb5f13fb7b1698a7,433
tcn_384_legacy,2,clean,control,1.1445875751028816,417,,family_0928b40aaefe1e43,616
tcn_384_legacy,2,clean,control,1.6485403776168823,51,,family_e8cb312f6947fae2,578
tcn_384_legacy,2,clean,control,1.366873083108495,3890,,family_50833a4ebce7122c,103
tcn_384_legacy,2,clean,control,1.4356569051742554,216,,family_e52a55fe95cda992,463
tcn_384_legacy,2,clean,control,2.1107647981821653,17522,,family_65e575b20c174fd7,479
tcn_384_legacy,2,clean,control,1.3161888418199692,9258,,family_c4cc5f62a0ab31c3,276
tcn_384_legacy,2,clean,control,1.5724625774792262,6370,,family_a6fc375b5cc488f5,95
tcn_384_legacy,2,clean,control,0.6101821096374129,1157,,family_6d128cd3979417a4,423
tcn_384_legacy,2,clean,control,0.892832697144661,4638,,family_01bdfbf40b1dfff5,139
tcn_384_legacy,2,clean,control,1.342603239194098,7458,,family_b55c602531d8b111,556
tcn_384_legacy,2,clean,control,1.0591468614131285,11061,,family_150827bde0e3f90f,689
tcn_384_legacy,2,clean,control,1.2230629050158537,10400,,family_41293800444fbe3e,108
tcn_384_legacy,2,clean,control,1.6559200125429132,14488,,family_0ffae0bc1065eadf,60
tcn_384_legacy,2,clean,control,0.809107903019874,4656,,family_483585a89e5ae17f,34
tcn_384_legacy,2,clean,control,1.3853930338760094,815,,family_0c5e308d08929fa4,247
tcn_384_legacy,2,clean,control,0.9688352942466736,391,,family_07575db7931c72ea,300
tcn_384_legacy,2,clean,control,1.3123632669448853,191,,family_efb0835b02015240,528
tcn_384_legacy,2,clean,control,1.3641396006094744,3258,,family_94692368e418ed72,173
tcn_384_legacy,2,clean,control,1.0286859309389478,252,,family_46e2de939a29fd34,429
tcn_384_legacy,2,clean,control,1.3157162883646047,746,,family_39754d1db81a7bf4,127
tcn_384_legacy,2,clean,control,1.1606651194217346,3212,,family_b964a57ffbddf6a6,534
tcn_384_legacy,2,clean,control,1.7145110375063697,17312,,family_71b144025f52e59c,140
tcn_384_legacy,2,clean,control,1.4734675024922061,1218,,family_4bf6d11e259630c1,532
tcn_384_legacy,2,clean,control,1.4941155919398128,2677,,family_a164057d15ea429a,698
tcn_384_legacy,2,clean,control,1.593026027663641,2414,,family_24dfe3f15bbe835d,243
tcn_384_legacy,2,clean,control,1.0939680011499495,588,,family_cb2cf90a481fb793,606
tcn_384_legacy,2,clean,control,0.8385135923591583,10358,,family_c874ed8859d535ca,362
tcn_384_legacy,2,clean,control,1.446067264492129,810,,family_9d706bbe5906e6bc,93
tcn_384_legacy,2,clean,control,0.8869215620819261,13562,,family_bb5eaea47e3db521,158
tcn_384_legacy,2,clean,control,1.2444231647862134,10960,,family_2e23a957596c94a1,452
tcn_384_legacy,2,clean,control,1.4201008019932124,1318,,family_190ff6b8b86c31bd,387
tcn_384_legacy,2,clean,control,1.2212680495350168,22265,,family_1dbac5e5dc15225e,284
tcn_384_legacy,2,clean,control,1.3368074943831652,10659,,family_d12ec1205e2b38f3,258
tcn_384_legacy,2,clean,control,1.4061426727916486,939,,family_fe64b9392ac59945,54
tcn_384_legacy,2,clean,control,1.237571786668208,593,,family_cb8273cf04ee6422,58
tcn_384_legacy,2,clean,control,1.4141054205465007,10770,,family_52fcc2a430ac1dfe,46
tcn_384_legacy,2,clean,control,1.3963265302258014,48634,,family_d73cd491d1cc376e,313
tcn_384_legacy,2,clean,control,0.951611191034317,402,,family_896e6058475d85c2,504
tcn_384_legacy,2,clean,control,1.182895302772522,271,,family_dc605f4c0311b69b,77
tcn_384_legacy,2,clean,control,1.2084177732467651,418,,family_9d9014958e229b26,71
tcn_384_legacy,2,clean,control,1.0353429383371582,3410,,family_8cba6a895a1eda02,353
tcn_384_legacy,2,clean,control,1.1897305090624701,7782,,family_f139578e4dab698a,80
tcn_384_legacy,2,clean,control,0.8149076345880037,8966,,family_6d75ac5f58d11f18,217
tcn_384_legacy,2,clean,control,1.2289656556713644,6494,,family_5990a7393b1bfc0a,31
tcn_384_legacy,2,clean,control,1.3563586006658364,1854,,family_284fbbf34df3f7e8,100
tcn_384_legacy,2,clean,control,1.3433624691000619,857,,family_b49585225cf5c0d6,558
tcn_384_legacy,2,clean,control,1.2354527754383096,6393,,family_f5c26ed350b4ab73,37
tcn_384_legacy,2,clean,control,1.4754902074241902,8674,,family_bfddaa9b983612cd,667
tcn_384_legacy,2,clean,control,1.1698101098537446,2500,,family_d1efa3da7bf90eef,672
tcn_384_legacy,2,clean,control,1.3466849229351046,3281,,family_e27845ea1d3c17f5,418
tcn_384_legacy,2,clean,control,1.2223786115646362,41,,family_b7f94b3542a0da7d,609
tcn_384_legacy,2,clean,control,1.0246942738769393,12830,,family_73ee2da564c3d39b,462
tcn_384_legacy,2,clean,control,1.250208360833152,4101,,family_7b40d80764230547,533
tcn_384_legacy,2,clean,control,1.023352961594633,9640,,family_d14815f8add032f5,508
tcn_384_legacy,2,clean,control,1.2784634186872257,9584,,family_998e2240a156ecdd,138
tcn_384_legacy,2,clean,control,1.2832353115081787,186,,family_38899c6e7a885c05,110
tcn_384_legacy,2,clean,control,1.4036516005217707,3903,,family_fcc0832c532eec68,188
tcn_384_legacy,2,clean,control,1.069131953952476,1181,,family_a6a06fcf0eb60a8c,579
tcn_384_legacy,2,clean,control,1.5478488064595652,48390,,family_70cece08fb91854c,12
tcn_384_legacy,2,clean,control,1.3077937253189846,503,,family_4b94b213c3d4fa08,168
tcn_384_legacy,2,clean,control,1.5838185878891846,12892,,family_0a7cb9ca8662c54b,551
tcn_384_legacy,2,clean,control,1.092289924621582,356,,family_f38ebbcef90914e9,8
tcn_384_legacy,2,clean,control,1.392769047362124,2004,,family_fc2ade3f73bf052f,380
tcn_384_legacy,2,clean,control,1.1718964576721191,502,,family_2e9be0de8753a286,203
tcn_384_legacy,2,clean,control,1.1303830389556189,987,,family_b0b662377a329d27,581
tcn_384_legacy,2,clean,control,1.117409110069275,356,,family_28e240b156c54585,629
tcn_384_legacy,2,clean,control,1.348060017045453,12262,,family_b285992ddbc1ba24,81
tcn_384_legacy,2,clean,control,1.4438759695539487,29811,,family_941fe9b7f6e42836,62
tcn_384_legacy,2,clean,control,1.672694834152764,1702,,family_7e5d0f85c7938ae7,245
tcn_384_legacy,2,clean,control,1.5508620850865262,2717,,family_ade1acf63d403dff,102
tcn_384_legacy,2,clean,control,1.2839291498970644,6022,,family_eb75a33dade5cdeb,678
tcn_384_legacy,2,clean,control,1.3692343410366987,1618,,family_236c05b0b6b045cb,143
tcn_384_legacy,2,clean,control,1.1387739819439715,669,,family_707a4103f358feb3,288
tcn_384_legacy,2,clean,control,0.40809759497642517,96,,family_21b728ec668b432d,631
tcn_384_legacy,2,clean,control,1.1511974463895296,849,,family_7df5e4cd2001efeb,612
tcn_384_legacy,2,clean,control,1.2838318526969872,8476,,family_5cdee57343206eb1,13
tcn_384_legacy,2,clean,control,1.4297341871059548,708,,family_fbb60f07539bf74a,283
tcn_384_legacy,2,clean,control,1.3778259311403547,945,,family_52d508d06e660fb2,122
tcn_384_legacy,2,clean,control,1.212527938540498,10036,,family_24c49b2dbbea0ff6,322
tcn_384_legacy,2,clean,control,1.0610156312288537,4073,,family_a3988b9597f6817f,571
tcn_384_legacy,2,clean,control,1.5763919099163088,12548,,family_4a8fbe9c547e5ce4,98
tcn_384_legacy,2,clean,control,0.9110943675041199,216,,family_51048182ed7b4454,512
tcn_384_legacy,2,clean,control,1.124155044555664,186,,family_7224c63d7d5f2b96,262
tcn_384_legacy,2,clean,control,0.9583158493041992,181,,family_643cfac776d5dea8,683
tcn_384_legacy,2,clean,control,0.7389801811241232,12040,,family_619fe82eb42ec462,209
tcn_384_legacy,2,clean,control,1.516891909459261,4835,,family_9b1625bc030f3790,79
tcn_384_legacy,2,clean,control,1.3034232526457454,10375,,family_edc93bd478511702,202
tcn_384_legacy,2,clean,control,1.3459739685058594,276,,family_7acbab6855200014,51
tcn_384_legacy,2,clean,control,0.9273213809186762,660,,family_db6f9992bb16df2a,126
tcn_384_legacy,2,clean,control,1.0315753347207268,2812,,family_b2aa288c70165e5f,70
tcn_384_legacy,2,clean,control,1.1631819114248783,6995,,family_cc532019d574a61c,655
tcn_384_legacy,2,clean,control,1.2409283758477963,940,,family_b16072295921a493,357
tcn_384_legacy,2,clean,control,1.0418534892192786,966,,family_b4b1c2ecb31b907a,315
tcn_384_legacy,2,clean,control,1.2065981212800112,15485,,family_0d4a945b85bbaaba,370
tcn_384_legacy,2,clean,control,1.2404920994742332,3868,,family_97b8d4d98ee960bf,557
tcn_384_legacy,2,clean,control,1.0837362979673042,3384,,family_f7a86802e4f557fd,235
tcn_384_legacy,2,clean,control,1.077653763381125,3347,,family_e0c21fc7c10d2034,430
tcn_384_legacy,2,clean,control,0.9399850951258544,4396,,family_d5bc4e01b0b8bac6,111
tcn_384_legacy,2,clean,control,1.114312903299299,1754,,family_57eac865a7f36b7c,323
tcn_384_legacy,2,clean,control,1.019343701094688,1495,,family_96a402e381d595c2,42
tcn_384_legacy,2,clean,control,0.9403269589602292,910,,family_0753f5ee1792042c,330
tcn_384_legacy,2,clean,control,1.8207579485892913,5656,,family_f170aad69aff7478,364
tcn_384_legacy,2,clean,control,1.1582735008657319,4216,,family_731071db0d9fbdbe,386
tcn_384_legacy,2,clean,control,1.1996695816339462,9071,,family_4582dbaeae746fdb,311
tcn_384_legacy,2,clean,control,1.2658845369301384,3601,,family_37f5f4cedb55aeea,383
tcn_384_legacy,2,clean,control,1.2056887824760691,5862,,family_f5b2bdc32c7d9391,603
tcn_384_legacy,2,clean,control,1.2416847456376066,518,,family_5c7b977277b847b2,690
tcn_384_legacy,2,clean,control,1.2533625800094048,3154,,family_c35a6abc1d407f4a,694
tcn_384_legacy,2,clean,control,1.4254135111276107,3792,,family_e7af2e4cd0151c75,156
tcn_384_legacy,2,clean,control,1.554213457871382,849,,family_16c1d42e507896a8,240
tcn_384_legacy,2,clean,control,0.9461741682629139,14431,,family_b387fed6ef4479f5,399
tcn_384_legacy,2,clean,control,1.1743888827171147,7073,,family_5d24c227f0462f74,439
tcn_384_legacy,2,clean,control,1.5860781194653901,3180,,family_37347c6729a17ba5,274
tcn_384_legacy,2,clean,control,1.076878659830403,1201,,family_31b6d88b207ec253,27
tcn_384_legacy,2,clean,control,0.7541284735499162,7224,,family_4694d2838960b723,224
tcn_384_legacy,2,clean,control,1.471288917049513,7552,,family_e0952099c8a720c3,570
tcn_384_legacy,2,clean,control,1.1655795574188232,256,,family_c59f3ed95a508878,595
tcn_384_legacy,2,clean,control,1.4470555489377055,4574,,family_4cb23b14e3d36b0d,57
tcn_384_legacy,2,clean,control,1.0810825023800135,544,,family_aebb5b803b4c0278,208
tcn_384_legacy,2,clean,control,1.172294020652771,412,,family_71e38421debc9320,159
tcn_384_legacy,2,clean,control,1.4166570051188685,1257,,family_d4e91cd391597bfb,377
tcn_384_legacy,2,clean,control,1.3110337915335635,337,,family_a458e18ffb59cdc5,670
tcn_384_legacy,2,clean,control,1.5365786818322722,5519,,family_47ba9ddc476931a4,621
tcn_384_legacy,2,clean,control,1.285531981791185,3121,,family_f95fe97783adac95,52
tcn_384_legacy,2,clean,control,1.460495872781911,3488,,family_dc0b5179722e8fe5,61
tcn_384_legacy,2,clean,control,1.2091926127375163,1204,,family_e4b55ba694cc08da,597
tcn_384_legacy,2,clean,control,1.4499282841526064,10856,,family_85905b5b7536d21a,124
tcn_384_legacy,2,clean,control,1.150433663343079,2029,,family_19989c971f68ce4b,501
tcn_384_legacy,2,clean,control,1.3501954202884265,739,,family_59bfc8c37fa36b20,599
tcn_384_legacy,2,clean,control,1.098977699132848,7902,,family_f84e475cf4f80566,584
tcn_384_legacy,2,clean,control,1.1879147147426374,3715,,family_4dadeb8474fe8ff9,10
tcn_384_legacy,2,clean,control,1.2940064578213246,7658,,family_907fa6edb24e0ed3,440
tcn_384_legacy,2,clean,control,0.8760081231933907,2631,,family_0d0b16856dabcffa,128
tcn_384_legacy,2,clean,control,1.478107320798559,9510,,family_e5b3c0aff0dd05ec,187
tcn_384_legacy,2,clean,control,1.438492246191859,8105,,family_eefe9fe6b23e51c4,88
tcn_384_legacy,2,clean,control,1.3060153751099841,6731,,family_b673e0fc724a479d,112
tcn_384_legacy,2,clean,control,1.1707453476792236,3392,,family_e07911eb7022fd85,193
tcn_384_legacy,2,clean,control,1.9966389340643558,161,,family_b207295fbdf40272,684
tcn_384_legacy,2,clean,control,1.196625430295996,11873,,family_de9c72ef62ac72df,74
tcn_384_legacy,2,clean,control,1.253619121664588,3517,,family_aa86dc70aa03289b,35
tcn_384_legacy,2,clean,control,0.9560282970681657,3793,,family_2f904d1499c3c221,412
tcn_384_legacy,2,clean,control,1.0160278172603465,1899,,family_7ea59bf5d40f5c4f,375
tcn_384_legacy,2,clean,control,1.1622405099591975,5771,,family_1ed29ad6679ffb57,553
tcn_384_legacy,2,clean,control,1.567567360756472,20130,,family_cedb480383e32e92,645
tcn_384_legacy,2,clean,control,1.2532741745059486,5956,,family_c676713b17e94995,515
tcn_384_legacy,2,clean,control,1.0593461706306924,4820,,family_ab81517fb265a914,236
tcn_384_legacy,2,clean,control,1.236126854367878,2760,,family_a3a83feb27470fd8,536
tcn_384_legacy,2,clean,control,1.2353706774803308,2600,,family_8da1a87adf970316,341
tcn_384_legacy,2,clean,control,1.580797671927566,11084,,family_48362ee4e66fbdca,221
tcn_384_legacy,2,clean,control,1.1904719089850402,624,,family_16727aa87b392f1f,30
tcn_384_legacy,2,clean,control,1.0130343725363469,5746,,family_8b45b52019b254b0,197
tcn_384_legacy,2,clean,control,1.347358224867304,8431,,family_ec04895340d4fdc3,350
tcn_384_legacy,2,clean,control,1.1737988161902897,865,,family_73822ea66fa7eeb0,448
tcn_384_legacy,2,clean,control,1.14062207220851,4626,,family_e8b54594efd4b9e6,107
tcn_384_legacy,2,clean,control,1.7240305018971216,4714,,family_7cc11ff05363ef06,335
tcn_384_legacy,2,clean,control,1.2711159105746235,2013,,family_ab3d2680525ee608,191
tcn_384_legacy,2,clean,control,2.001750388910443,18363,,family_11328ccfc215dfa8,390
tcn_384_legacy,2,clean,control,1.7615535226113759,3418,,family_845d068ba0824cf7,443
tcn_384_legacy,2,clean,control,1.2095708660635294,6120,,family_1e46a30df40c6200,692
tcn_384_legacy,2,clean,control,1.0759131504218173,1221,,family_e3d7b72a268ee197,144
tcn_384_legacy,2,clean,control,0.8718650672553985,10890,,family_bc785f448eebf656,546
tcn_384_legacy,2,clean,control,1.5106009055804936,353,,family_acb335d44fa9df56,349
tcn_384_legacy,2,clean,control,1.6432126507912792,2544,,family_b9da95162a284b4f,298
tcn_384_legacy,2,clean,control,1.224488377571106,226,,family_97ecb02c814c9745,63
tcn_384_legacy,2,clean,control,1.180131839684361,1202,,family_2c0b8c4f2526d835,394
tcn_384_legacy,2,clean,control,1.047109263073908,2555,,family_78bbff520ba07726,178
tcn_384_legacy,2,clean,control,1.2441331530589137,4833,,family_9c778dc897506350,685
tcn_384_legacy,2,clean,control,1.2755629580451529,6356,,family_28fe60087b2cd721,332
tcn_384_legacy,2,clean,control,0.7803224958161106,12523,,family_0431bffd214ca7bc,257
tcn_384_legacy,2,clean,control,0.9077152363828944,5396,,family_c0f46844b9a3878a,542
tcn_384_legacy,2,clean,control,1.3549992354962195,759,,family_97885d2353dfa64d,441
tcn_384_legacy,2,clean,control,1.3703999519348145,267,,family_09c83fb2711d64d5,564
tcn_384_legacy,2,clean,control,1.3026949658767355,15333,,family_a48d659018922846,497
tcn_384_legacy,2,clean,control,1.5725842493188815,2798,,family_d52dd246b31007f3,548
tcn_384_legacy,2,clean,control,1.5114386943554698,9826,,family_2acca371576a6fd6,363
tcn_384_legacy,2,clean,control,1.4468209790011641,16826,,family_08689d6c3fd6e06a,279
tcn_384_legacy,2,clean,control,1.3492881025193055,1211,,family_65831b5b1b3a29fa,582
tcn_384_legacy,2,clean,control,1.4465665679185762,872,,family_82bd7085a31a7554,147
tcn_384_legacy,2,clean,control,1.1726869344711304,327,,family_c88efe0ec26b43e3,372
tcn_384_legacy,2,clean,control,1.3545469355033157,2254,,family_f45bf2582f059a32,406
tcn_384_legacy,2,clean,control,1.4088209463583659,2556,,family_35f68b61619872a8,172
tcn_384_legacy,2,clean,control,1.8757380247116089,131,,family_840a6921e02d98c7,157
tcn_384_legacy,2,clean,control,1.3321592239098263,5574,,family_07b4a78bd4df5db4,657
tcn_384_legacy,2,clean,control,1.0308257089820798,11925,,family_b520ad73480ac213,541
tcn_384_legacy,2,clean,control,1.1960325732040897,1554,,family_06501bb82c35d53d,354
tcn_384_legacy,2,clean,control,1.270717806455798,2852,,family_43b744922bc6a2b7,682
tcn_384_legacy,2,clean,control,0.8272829501901144,1296,,family_08cdd9141b42b8a6,225
tcn_384_legacy,2,clean,control,1.352397088076076,3477,,family_8dd64a20ac498091,194
tcn_384_legacy,2,clean,control,1.320926405201654,2796,,family_8a75620caa46a4bb,320
tcn_384_legacy,2,clean,control,1.0527935668289787,2834,,family_7133a47758bc1e83,588
tcn_384_legacy,2,clean,control,1.288097858428955,388,,family_7674fcfd8eb0f8a6,365
tcn_384_legacy,2,clean,control,1.3694332188416567,734,,family_b16129a99034b8c9,498
tcn_384_legacy,2,clean,control,1.2650848477216978,3285,,family_9a211141e0be1d71,358
tcn_384_legacy,2,clean,control,1.3188186507172661,10652,,family_ad2b3cd2ed862d0c,389
tcn_384_legacy,2,clean,control,1.316509787907091,1863,,family_705c36bdf218eff1,222
tcn_384_legacy,2,clean,clean_validation,1.4091106646832985,1121,,family_506bf4406cb0d194,321
tcn_384_legacy,2,clean,clean_validation,0.9868319452096874,1035,,family_8c2d85eda3c6c0af,565
tcn_384_legacy,2,clean,clean_validation,1.1669583092367726,7667,,family_53d69e3df7c4019e,382
tcn_384_legacy,2,clean,clean_validation,1.3375995709999613,1543,,family_0682993cd6dae2ed,549
tcn_384_legacy,2,clean,clean_validation,1.178880271210008,367,,family_c2107d3bea36abf9,72
tcn_384_legacy,2,clean,clean_validation,1.5390859765884204,2106,,family_13ece3a8f78f89a2,625
tcn_384_legacy,2,clean,clean_validation,1.1784095764160156,301,,family_7535ae77a17dc02e,301
tcn_384_legacy,2,clean,clean_validation,1.3211637405638998,282,,family_fa76be46983f7f33,530
tcn_384_legacy,2,clean,clean_validation,1.4302846863900234,10835,,family_cb253f56c14aaef0,1
tcn_384_legacy,2,clean,clean_validation,1.3153925677505107,2180,,family_3e4cb248c8f64e86,86
tcn_384_legacy,2,clean,clean_validation,1.1993540525436401,216,,family_8b8ebcd5a49b5c95,447
tcn_384_legacy,2,clean,clean_validation,1.0518141641174437,4678,,family_3cd795074901ac53,460
tcn_384_legacy,2,clean,clean_validation,1.2773789891669916,688,,family_94d17723c53c0857,457
tcn_384_legacy,2,clean,clean_validation,0.6807486971360791,1686,,family_b3d7700f2724b4da,151
tcn_384_legacy,2,clean,clean_validation,0.9813981956084318,4418,,family_200325224f3118ec,131
tcn_384_legacy,2,clean,clean_validation,1.1810784726637262,598,,family_a2007ec7c2f39458,409
tcn_384_legacy,2,clean,clean_validation,1.3292046408438554,2021,,family_0156d6f8bec156a8,264
tcn_384_legacy,2,clean,clean_validation,1.0739221399641083,10470,,family_98e69521d6d5ed6a,653
tcn_384_legacy,2,clean,clean_validation,1.3190862918363033,1442,,family_d903612ae7a3b48e,633
tcn_384_legacy,2,clean,clean_validation,0.8387900476337086,8845,,family_1de7a628296b57e3,92
tcn_384_legacy,2,clean,clean_validation,1.174210786819458,261,,family_9868fe525e6f6581,535
tcn_384_legacy,2,clean,clean_validation,0.7842107414919839,2133,,family_0f10a03796a0c09e,465
tcn_384_legacy,2,clean,clean_validation,1.4322044399636462,4649,,family_c6a487213dca86b0,540
tcn_384_legacy,2,clean,clean_validation,1.2706995607635918,5403,,family_4c360aa749c4a1ef,149
tcn_384_legacy,2,clean,clean_validation,1.1018746771054597,28440,,family_9cec718d857c608f,115
tcn_384_legacy,2,clean,clean_validation,0.6786481807683851,2912,,family_156ffd19a0eec30a,598
tcn_384_legacy,2,clean,clean_validation,0.8147601103088544,1477,,family_e4f029933a31381d,573
tcn_384_legacy,2,clean,clean_validation,1.4559915610501175,13719,,family_2aeac1591f6f74ea,307
tcn_384_legacy,2,clean,clean_validation,1.2919264243357151,697,,family_b476be0b49274370,260
tcn_384_legacy,2,clean,clean_validation,1.1705704417107696,6384,,family_9d6498c1a4edbe8c,199
tcn_384_legacy,2,clean,clean_validation,1.528041446088349,8797,,family_177773ab1cfd2532,630
tcn_384_legacy,2,clean,clean_validation,1.3548884486167572,6151,,family_1ea2a219a2bdf844,53
tcn_384_legacy,2,clean,clean_validation,1.4974297297761796,1692,,family_3dd1e430f3ee7446,9
tcn_384_legacy,2,clean,clean_validation,1.266567349433899,256,,family_44f2b0e77f4af418,650
tcn_384_legacy,2,clean,clean_validation,0.9788019843133305,2099,,family_620599f8e0ecd444,47
tcn_384_legacy,2,clean,clean_validation,0.9786615371704102,211,,family_1ddad3a2c05e2680,296
tcn_384_legacy,2,clean,clean_validation,1.3980334678679023,1179,,family_5174bcfb395c6c93,229
tcn_384_legacy,2,clean,clean_validation,1.055917571510987,5284,,family_752e5140a83655db,560
tcn_384_legacy,2,clean,clean_validation,1.0353369405715032,4491,,family_ad503dfcc1e63e96,239
tcn_384_legacy,2,clean,clean_validation,1.5884018779019697,2725,,family_af0d017372cb2ffa,643
tcn_384_legacy,2,clean,clean_validation,1.2815648043999268,15417,,family_83ead3d96159a25d,395
tcn_384_legacy,2,clean,clean_validation,1.5229722250278355,20099,,family_03bc829a418eac27,459
tcn_384_legacy,2,clean,clean_validation,1.3271292384471076,2869,,family_312947f388fcd367,638
tcn_384_legacy,2,clean,clean_validation,1.1231921061722046,1378,,family_b0968c9d92a309da,302
tcn_384_legacy,2,clean,clean_validation,0.9688062288418161,3434,,family_044026fc250ea949,437
tcn_384_legacy,2,clean,clean_validation,1.2670814479269632,2460,,family_a77741e8f387ba1b,154
tcn_384_legacy,2,clean,clean_validation,1.3156630748045046,1076,,family_e994803a7b762aa2,410
tcn_384_legacy,2,clean,clean_validation,1.5761603905217687,7611,,family_6417dd72b6af3eda,404
tcn_384_legacy,2,clean,clean_validation,1.3314402665706906,14317,,family_0bab43cce14a333d,471
tcn_384_legacy,2,clean,clean_validation,0.5547832736855549,1303,,family_9cc0d2dc7c97039d,213
tcn_384_legacy,2,clean,clean_validation,0.8809236244637413,2182,,family_82a4b79ac7e84a17,200
tcn_384_legacy,2,clean,clean_validation,1.4828670186037942,13780,,family_f4cb6b9481320847,371
tcn_384_legacy,2,clean,clean_validation,1.2577751421075218,4024,,family_5bd01148f60d04e0,120
tcn_384_legacy,2,clean,clean_validation,0.9102949849922923,1806,,family_17daca9afdd839fe,568
tcn_384_legacy,2,clean,clean_validation,1.1061554497945707,538,,family_276804a34673f756,304
tcn_384_legacy,2,clean,clean_validation,1.6570607317650703,5998,,family_92b0513dee6f07dd,25
tcn_384_legacy,2,clean,clean_validation,1.0860998929638566,1092,,family_9b1a4d796317c86e,613
tcn_384_legacy,2,clean,clean_validation,1.3649734755238985,2523,,family_7cf31d6371e489fd,48
tcn_384_legacy,2,clean,clean_validation,1.3135665300007928,2766,,family_705d9aa21ef59c14,339
tcn_384_legacy,2,clean,clean_validation,1.2866689741236945,8912,,family_e7a8a4c136ad4c88,334
tcn_384_legacy,2,clean,clean_validation,0.6146705383007679,654,,family_2cd67233ffc8de8d,587
tcn_384_legacy,2,clean,clean_validation,1.203863155856036,4195,,family_61367478b0d50a39,360
tcn_384_legacy,2,clean,clean_validation,1.594644753380945,5468,,family_6a5eb7c975a3a6a8,73
tcn_384_legacy,2,clean,clean_validation,1.3540949944123721,3567,,family_e9c05c6e37633fe0,500
tcn_384_legacy,2,clean,clean_validation,1.5419185086264862,8451,,family_8209ef2211a8fa80,662
tcn_384_legacy,2,clean,clean_validation,1.2032826223271957,1880,,family_534587ddf3c590a6,507
tcn_384_legacy,2,clean,clean_validation,1.1052615690792889,13034,,family_88000d4a34b43f6f,109
tcn_384_legacy,2,clean,clean_validation,1.3656823635101318,357,,family_09ba6788519a60f2,293
tcn_384_legacy,2,clean,clean_validation,1.2752262251011546,3111,,family_3297a1612112b3a9,99
tcn_384_legacy,2,clean,clean_validation,1.2140547344056483,5018,,family_77156022943ef360,516
tcn_384_legacy,2,clean,clean_validation,1.0329009849236521,7328,,family_843eb0e7d3797357,673
tcn_384_legacy,2,clean,clean_validation,1.471256628479333,3015,,family_e3e1e8490f43c6b7,67
tcn_384_legacy,2,clean,clean_validation,0.8408876835823752,1377,,family_33bc1bfb24a91122,238
tcn_384_legacy,2,clean,clean_validation,0.7138055562973022,201,,family_cef9e09ff37dd808,56
tcn_384_legacy,2,clean,clean_validation,1.0705454287051064,5248,,family_85be83889927906f,367
tcn_384_legacy,2,clean,clean_validation,1.484873296348912,1727,,family_933c96d2bfde210b,303
tcn_384_legacy,2,clean,clean_validation,1.6583837837479107,10048,,family_113476d14044fff1,478
tcn_384_legacy,2,clean,clean_validation,1.3379894855983518,15822,,family_b2cc89a22bd3650f,259
tcn_384_legacy,2,clean,clean_validation,1.197393324440018,14004,,family_009b778c57456b7a,244
tcn_384_legacy,2,clean,clean_validation,1.144663669803541,1902,,family_38ceea7c76f255b3,343
tcn_384_legacy,2,clean,clean_validation,1.4107047319412231,442,,family_7a48a7509f2ed688,646
tcn_384_legacy,2,clean,clean_validation,1.5658483511510015,11424,,family_a9e91a290c2b5c30,651
tcn_384_legacy,2,clean,clean_validation,0.9511859067782743,3612,,family_b22cb24378dd7aaa,550
tcn_384_legacy,2,clean,clean_validation,1.160835951238087,1179,,family_bdd6debf555477b4,78
tcn_384_legacy,2,clean,clean_validation,1.095212452107615,2478,,family_d997865401469e31,454
tcn_384_legacy,2,clean,clean_validation,1.063460184774825,14923,,family_1a70716ad19cc9d6,328
tcn_384_legacy,2,clean,clean_validation,0.9356154235581997,7486,,family_cbf8d1e12b32df90,586
tcn_384_legacy,2,clean,clean_validation,1.8476885557174683,102,,family_1423635df94c5343,577
tcn_384_legacy,2,clean,clean_validation,1.5642670053598768,6210,,family_5ec977e50f88a732,635
tcn_384_legacy,2,clean,clean_validation,2.1160781383514404,46,,family_13449e7cf493b2f6,192
tcn_384_legacy,2,clean,clean_validation,1.5190540169992146,1619,,family_fb7471c20f2b4aed,218
tcn_384_legacy,2,clean,clean_validation,1.5013398045824284,1425,,family_502f200f3e0313b3,374
tcn_384_legacy,2,clean,clean_validation,1.419034507565653,5579,,family_06f033ae1dede60a,166
tcn_384_legacy,2,clean,clean_validation,0.7278606139914499,3871,,family_d5bc99ec8cbbe193,352
tcn_384_legacy,2,clean,clean_validation,1.2225213944911957,844,,family_a913d556915e01ff,319
tcn_384_legacy,2,clean,clean_validation,1.4954120516777039,462,,family_26d482864d00ab2a,453
tcn_384_legacy,2,clean,clean_validation,1.2899569337323786,593,,family_9e1b57363d3766ce,356
tcn_384_legacy,2,clean,clean_validation,1.256590894611316,20615,,family_b4dc091216fd58c5,32
tcn_384_legacy,2,clean,clean_validation,1.3361333433862808,839,,family_dd4daa9a12128180,256
tcn_384_legacy,2,clean,clean_validation,1.357349636727795,12260,,family_6e4ca288c20596c8,249
tcn_384_legacy,2,clean,clean_validation,1.5388690265167653,7092,,family_eb607bef12aaa172,502
tcn_384_legacy,2,clean,clean_validation,1.3949571919728474,498,,family_04b84faa8791236a,487
tcn_384_legacy,2,clean,clean_validation,1.357882602486068,2505,,family_d3c3ffd4bf041662,85
tcn_384_legacy,2,clean,clean_validation,1.6410629123257634,2643,,family_d204b7d342411c5e,677
tcn_384_legacy,2,clean,clean_validation,1.4996061995655825,49132,,family_82c86f72a6ba2d05,680
tcn_384_legacy,2,clean,clean_validation,1.7782587155955663,9141,,family_213ae165418380ad,206
tcn_384_legacy,2,clean,clean_validation,1.458453893661499,206,,family_b4ad6d59b30dc431,658
tcn_384_legacy,2,clean,clean_validation,1.0048517829914587,5751,,family_66bfed3171c47d48,308
tcn_384_legacy,2,clean,clean_validation,1.2342970175066483,1191,,family_1042e6cfc0da940b,561
tcn_384_legacy,2,clean,clean_validation,1.0716599568602156,1825,,family_1b004e877fd9c150,444
tcn_384_legacy,2,clean,clean_validation,1.1240006953996928,3043,,family_cd0df1b5c356cfbf,40
tcn_384_legacy,2,clean,clean_validation,0.9746119067205162,6195,,family_87bb078a1609e1d4,594
tcn_384_legacy,2,clean,clean_validation,0.8290859442169731,5398,,family_365ed3f794ae6917,636
tcn_384_legacy,2,clean,clean_validation,1.3101819069833411,5270,,family_64aded009d0aa19d,252
tcn_384_legacy,2,clean,clean_validation,1.6062594652175903,126,,family_62119591a5d0e802,591
tcn_384_legacy,2,clean,clean_validation,1.3893745164703906,1425,,family_2573c0454c4f3b47,170
tcn_384_legacy,2,clean,clean_validation,1.344242579023528,3936,,family_784552c59e6cde90,116
tcn_384_legacy,2,clean,clean_validation,1.2285987632463342,8970,,family_a0873d1045e6de73,179
tcn_384_legacy,2,clean,clean_validation,1.3180499076843262,261,,family_d7f647fc704e4090,503
tcn_384_legacy,2,clean,clean_validation,1.2381972074508667,582,,family_de177b5bfd3b4ad4,36
tcn_384_legacy,2,clean,clean_validation,1.4755897521972656,271,,family_57d0908d211a3aeb,446
tcn_384_legacy,2,clean,clean_validation,1.3168224096298218,221,,family_5f8fbce42478804e,652
tcn_384_legacy,2,clean,clean_validation,1.5037401456741106,2286,,family_48d0cb7d67246d93,483
tcn_384_legacy,2,clean,clean_validation,1.132900231658017,598,,family_9f0867df23aab646,64
tcn_384_legacy,2,clean,clean_validation,1.157152627668073,1550,,family_60fbccdcfac8d45f,201
tcn_384_legacy,2,clean,clean_validation,1.198567975382443,3993,,family_222129623ae1d868,331
tcn_384_legacy,2,clean,clean_validation,1.693681449545225,3553,,family_d12ec4943d04fda6,381
tcn_384_legacy,2,clean,clean_validation,1.5377894639968872,613,,family_ca5f7811310d4979,421
tcn_384_legacy,2,clean,clean_validation,1.31678771563572,8917,,family_1a9b3b213cd3f0fe,289
tcn_384_legacy,2,clean,clean_validation,1.0379014285983053,6357,,family_8597a33e1a97ed61,234
tcn_384_legacy,2,clean,clean_validation,1.005623698234558,331,,family_34fbf3c76cd35578,445
tcn_384_legacy,2,clean,clean_validation,1.5675512371688594,1525,,family_064fc18d23d7f6e0,171
tcn_384_legacy,2,clean,clean_validation,0.9085367787203935,13091,,family_1cb15a71042b13f5,469
tcn_384_legacy,2,clean,clean_validation,1.039146443883192,412,,family_e6b4aacd5803536e,674
tcn_384_legacy,2,clean,clean_validation,1.1702150948313315,2764,,family_387cf57640b6d8de,4
tcn_384_legacy,2,clean,clean_validation,1.3221536459785168,15176,,family_2decb8320f2dfd02,113
tcn_384_legacy,2,clean,clean_validation,1.8552766877538882,15931,,family_ac0f9bcdce618038,518
tcn_384_legacy,2,clean,clean_validation,1.278425931930542,221,,family_59a690110c469b8f,282
tcn_384_legacy,2,clean,clean_validation,1.4061367511749268,177,,family_242be05bb379eeaa,486
tcn_384_legacy,2,clean,clean_validation,1.3570663928985596,291,,family_8adbaad5b4f10b73,250
tcn_384_legacy,2,clean,clean_validation,1.2342695559648755,5841,,family_e7650acc72c99e33,285
tcn_384_legacy,2,clean,clean_validation,1.5991148420412216,2629,,family_cc51c1d0bd72fc52,517
tcn_384_legacy,2,clean,clean_validation,1.2962303161621094,271,,family_1fc3e8d69842199a,346
tcn_384_legacy,2,clean,clean_validation,1.3705693736521052,6498,,family_44bf22828218a5dc,223
tcn_384_legacy,2,clean,clean_validation,1.7461108873905749,1045,,family_423514ea82205c90,118
tcn_384_legacy,2,clean,clean_validation,1.177557779499612,11303,,family_d065b978d8d6363c,233
tcn_384_legacy,2,clean,clean_validation,1.0631069128414574,13543,,family_34c0276853df68f6,592
tcn_384_legacy,2,clean,clean_validation,0.941906209786733,1260,,family_1086f01990d35911,161
tcn_384_legacy,2,clean,clean_validation,1.240897191623323,6524,,family_272ea12129852d21,83
tcn_384_legacy,2,clean,clean_validation,1.1233005976572827,458,,family_ab58c5df98c64c96,242
tcn_384_legacy,2,clean,clean_validation,0.6629240566526831,6518,,family_05ac1b1c30b4cc2e,514
tcn_384_legacy,2,clean,clean_validation,1.477845085372279,20441,,family_57e56909cbd77983,472
tcn_384_legacy,2,clean,clean_validation,0.7946202158927917,201,,family_5dd2a8be853b78e8,22
tcn_384_legacy,2,clean,clean_validation,1.5033954010698303,1856,,family_9830d264b28c22a3,68
tcn_384_legacy,2,clean,clean_validation,1.0292190313339233,196,,family_142c201c93af1056,55
tcn_384_legacy,2,clean,clean_validation,1.3182085597057143,859,,family_8dee2f974b6e774e,17
tcn_384_legacy,2,clean,clean_validation,1.168321543456096,7603,,family_1714b2bcb66f3a32,411
tcn_384_legacy,2,clean,clean_validation,1.482179979999516,4503,,family_0b7033c8335243d6,210
tcn_384_legacy,2,clean,clean_validation,1.6055358751693423,30865,,family_f7fc3a6587acd552,669
tcn_384_legacy,2,clean,clean_validation,1.0359109944023746,1318,,family_3073b2c859362b6b,537
tcn_384_legacy,2,clean,clean_validation,1.2500417232513428,682,,family_1022f1461ea02448,297
tcn_384_legacy,2,clean,clean_validation,1.1709208488464355,101,,family_ccc461da40d9ac0d,420
tcn_384_legacy,2,clean,clean_validation,1.478374033106659,6806,,family_4c7eec40a9857f16,668
tcn_384_legacy,2,clean,clean_validation,0.6704283402590402,1856,,family_ea447f225e37bcff,496
tcn_384_legacy,2,clean,clean_validation,2.202087649456481,7555,,family_3335e158c995dd8a,148
tcn_384_legacy,2,clean,clean_validation,1.2186301117447285,12481,,family_d521b23ed1f019c7,121
tcn_384_legacy,2,clean,clean_validation,1.3505634690879522,5235,,family_0134076cacfda355,392
tcn_384_legacy,2,clean,clean_validation,1.540548284848531,738,,family_56b2cba7fc132ef1,574
tcn_384_legacy,2,clean,clean_validation,1.2732313422307575,1022,,family_442e47d64373ea42,214
tcn_384_legacy,2,clean,clean_validation,1.1434225082856841,2076,,family_81ddae8c86d6f244,388
tcn_384_legacy,2,clean,clean_validation,1.36745267420832,1191,,family_c182d668dd0813f1,368
tcn_384_legacy,2,clean,clean_validation,1.1777269127010142,824,,family_3619ff0a23b6cf76,583
tcn_384_legacy,2,clean,clean_validation,1.1734243693408706,2344,,family_8d7f055fadcc2466,554
tcn_384_legacy,2,clean,clean_validation,1.292892451388407,9248,,family_47eed942bba714a7,119
tcn_384_legacy,2,clean,clean_validation,1.423322319984436,331,,family_4ad0ed70281e61b7,697
tcn_384_legacy,2,clean,clean_validation,0.8826818272513168,1428,,family_2caaaadc23ec98ec,248
tcn_384_legacy,2,clean,clean_validation,0.9605245872780129,945,,family_762c3082afd0d823,337
tcn_384_legacy,2,clean,clean_validation,1.2074216517626812,5437,,family_fb27253a42766057,212
tcn_384_legacy,2,clean,clean_validation,1.4249863873449171,2371,,family_892f6f575ad06fdb,351
tcn_384_legacy,2,clean,clean_validation,1.2307433080673218,1200,,family_8aa0ed5e323eeb0d,195
tcn_384_legacy,2,clean,clean_validation,1.363482468720471,18135,,family_7069de93803bf73e,510
tcn_384_legacy,2,clean,clean_validation,0.9734263778857465,4240,,family_d6ff844172b34405,280
tcn_384_legacy,2,clean,clean_validation,1.0471384389641274,3515,,family_01939a8c620ed9e1,610
tcn_384_legacy,2,clean,clean_validation,1.0136570195603076,5006,,family_94b530a2eeef7b05,675
tcn_384_legacy,2,clean,clean_validation,0.6236307419280933,523,,family_b298a2c79b9acf61,186
tcn_384_legacy,2,clean,clean_validation,1.591429255907242,6660,,family_4a86fa42bce94e67,26
tcn_384_legacy,2,clean,clean_validation,1.2103506326675415,497,,family_7af8a28c6e85bc8b,141
tcn_384_legacy,2,clean,clean_validation,2.4290215969085693,11,,family_99483ac7e710751f,175
tcn_384_legacy,2,clean,clean_validation,1.2119954511176707,860,,family_644383b9a5c7153d,50
tcn_384_legacy,2,clean,clean_validation,1.1407954739589317,714,,family_e08ea0e927cfea58,369
tcn_384_legacy,2,clean,clean_validation,1.3028945815684307,5217,,family_44cee7ecbafdaa0c,628
tcn_384_legacy,2,clean,clean_validation,1.3505586184801193,2391,,family_46ee5adc2c70d33b,312
tcn_384_legacy,2,clean,clean_validation,0.7305378317832947,226,,family_363f18ff9cdd663b,101
tcn_384_legacy,2,clean,clean_validation,1.0786038580604396,3794,,family_0f72232dcd828b96,526
tcn_384_legacy,2,clean,clean_validation,1.1938907520332067,2971,,family_97eeaf7b4a9c3731,434
tcn_384_legacy,2,clean,clean_validation,1.2672016180348624,7619,,family_09e1821e1435425f,490
tcn_384_legacy,2,clean,clean_validation,1.5126551389694214,301,,family_3e481fb1fbc87581,596
tcn_384_legacy,2,clean,clean_validation,0.7426100110978445,3261,,family_a43a516a7577f1ec,398
tcn_384_legacy,2,clean,clean_validation,0.774676158017324,20304,,family_c70bbb1238ec368c,338
tcn_384_legacy,2,clean,clean_validation,1.5930503289798983,14843,,family_e7c9171f786b99da,183
tcn_384_legacy,2,clean,clean_validation,1.0547733306884766,583,,family_eac4733b2dae986d,69
tcn_384_legacy,2,clean,clean_validation,1.3196430707362776,10963,,family_dcee5dfcf9fc6031,489
tcn_384_legacy,2,clean,clean_validation,1.771064317467902,1086,,family_ba88844813c478c8,488
tcn_384_legacy,2,clean,clean_validation,1.2823641476044048,3671,,family_e3b1d0c18a60396e,626
tcn_384_legacy,2,clean,clean_validation,1.4758510812649743,2870,,family_455ecec853565931,619
tcn_384_legacy,2,clean,clean_validation,1.4634482860565186,291,,family_db0f95ba35a66044,329
tcn_384_legacy,2,clean,clean_validation,1.5274250850740716,7391,,family_f4900aed0a1c77c5,268
tcn_384_legacy,2,clean,clean_validation,1.1039580861873257,3814,,family_641e72e8ff1c1166,146
tcn_384_legacy,2,clean,clean_validation,1.2695028997869855,14163,,family_2312c27769277b81,470
tcn_384_legacy,2,clean,clean_validation,1.107717935638181,3944,,family_1e6bf6c8d5b78e1a,640
tcn_384_legacy,2,clean,clean_validation,0.9328643982390172,7532,,family_502e6b70666e84f8,162
tcn_384_legacy,2,clean,clean_validation,1.3821046437123288,619,,family_a55f889fcbd8ead5,59
tcn_384_legacy,2,clean,clean_validation,0.9415663480758667,487,,family_d9ef2ad04ba5030a,94
tcn_384_legacy,2,clean,clean_validation,1.68980506011509,3740,,family_6ecb17a2196b524b,216
tcn_384_legacy,2,clean,clean_validation,0.9144237311927056,21036,,family_6eb33acc697900b1,189
tcn_384_legacy,2,clean,clean_validation,1.1014425099276997,15489,,family_71038ecc81cc310d,567
tcn_384_legacy,2,clean,clean_validation,1.488256092896877,7528,,family_43d070bb1d4728eb,436
tcn_384_legacy,2,clean,clean_validation,1.4317985800997002,4143,,family_e943e5ae3161e964,215
tcn_384_legacy,2,clean,clean_validation,1.4233606639178953,1639,,family_977c404bc438de36,129
tcn_384_legacy,2,clean,clean_validation,1.330090334798866,1654,,family_eb05ccf771a0f6fa,167
tcn_384_legacy,2,clean,clean_validation,1.3195913309021923,658,,family_f76575f43ce9f715,211
tcn_384_legacy,2,clean,clean_validation,1.4094042778015137,126,,family_c44c8014b64e9662,271
tcn_384_legacy,2,clean,clean_validation,1.414550966522642,1615,,family_db3db1576a406cc8,647
tcn_384_legacy,2,clean,clean_validation,1.0827854713452971,3001,,family_74d6ca4f4b3ca714,198
tcn_384_legacy,2,clean,clean_validation,1.3031101815607138,13326,,family_e28197e9cf6fc68d,82
tcn_384_legacy,2,clean,clean_validation,1.5588241728745684,5959,,family_1bbcc4218f93ca73,585
tcn_384_legacy,2,clean,clean_validation,0.7711947604666841,5926,,family_6efa1cacb9ad3d66,450
tcn_384_legacy,2,clean,clean_validation,1.2983580085769828,1483,,family_293d3c58434ea432,424
tcn_384_legacy,2,clean,clean_validation,1.564869770397969,307,,family_bb7a3764a0cb51ef,185
tcn_384_legacy,2,clean,clean_validation,0.6721162664528298,3853,,family_ce939a871f73797e,654
tcn_384_legacy,2,clean,clean_validation,0.833696686794855,11511,,family_bf58440f90351608,656
tcn_384_legacy,2,clean,clean_validation,1.401041785489512,47814,,family_b13e3197621b6a67,665
tcn_384_legacy,2,clean,clean_validation,1.4488393078026092,5155,,family_e5b4b48758cc10cf,0
tcn_384_legacy,2,clean,clean_validation,1.0942528144925139,10750,,family_873455800f3af360,90
tcn_384_legacy,2,clean,clean_validation,0.6741714893831211,1648,,family_5b4f410a68b26980,294
tcn_384_legacy,2,clean,clean_validation,1.4122957093100394,6820,,family_6555b7af6b1e876d,333
tcn_384_legacy,2,clean,clean_validation,0.6383944550631576,9581,,family_c8ed53e602d47d77,373
tcn_384_legacy,2,clean,clean_validation,0.9321379491261074,910,,family_b7724334fda37767,2
tcn_384_legacy,2,clean,clean_validation,1.1167508853606603,6232,,family_e1e6b4777ab2f0d3,525
tcn_384_legacy,2,clean,clean_validation,0.9844890382872298,10054,,family_68b8fd69ce397884,205
tcn_384_legacy,2,clean,clean_validation,1.2927024364471436,261,,family_4484ffde0b8eeb1e,468
tcn_384_legacy,2,clean,clean_validation,1.5317555572411623,5772,,family_f6c8d7d7ccb2fb7c,659
tcn_384_legacy,2,clean,clean_validation,1.2130853972936932,8322,,family_bf5e46a018cc309f,91
tcn_384_legacy,2,clean,clean_validation,1.5390085766274686,3333,,family_74d92a6b925fff2b,361
tcn_384_legacy,2,clean,clean_validation,1.6976325382460031,755,,family_fecd8209b4231ff0,562
tcn_384_legacy,2,clean,clean_validation,1.292733733724614,1047,,family_a5b4b56c411c3e3e,19
tcn_384_legacy,2,clean,clean_validation,1.215336537620125,3038,,family_125b174edd279860,622
tcn_384_legacy,2,clean,clean_validation,1.398626325976148,12165,,family_4fd03386572a5e7d,49
tcn_384_legacy,2,clean,clean_validation,1.3243020972122952,784,,family_b683e3dda3d53d7d,499
tcn_384_legacy,2,clean,clean_validation,1.1361898948679436,5434,,family_7cc38e130f767be2,152
tcn_384_legacy,2,clean,clean_validation,1.4627210217083761,2004,,family_c1cf47c50b324615,620
tcn_384_legacy,2,clean,clean_validation,1.1849241256713867,277,,family_e6f89a8fd4c28042,671
tcn_384_legacy,2,clean,clean_validation,1.2976319537257517,5436,,family_f32207a4bd1be5f3,641
tcn_384_legacy,2,clean,clean_validation,1.265626400627502,730,,family_750c1b7c9293fca0,555
tcn_384_legacy,2,clean,clean_validation,0.6067262584250346,2518,,family_dff095b3f9ea4486,228
tcn_384_legacy,2,clean,clean_validation,1.1781878138478505,1393,,family_03f94974e43a6f72,219
tcn_384_legacy,2,clean,clean_validation,0.9913866068554008,11470,,family_20755f596dac4ad8,538
tcn_384_legacy,2,clean,clean_validation,0.7101195017707311,11134,,family_a5fb3561532a1515,251
tcn_384_legacy,2,clean,clean_validation,1.3376724826194426,10047,,family_09f185032eec1684,15
tcn_384_legacy,2,clean,clean_validation,1.1631224352223144,2108,,family_449b876c5d7555de,648
tcn_384_legacy,2,clean,clean_validation,1.6160641271364033,9757,,family_17c63d0cae51b4f0,552
tcn_384_legacy,2,clean,clean_validation,1.4715395225843964,1901,,family_a7e7611a4fb45bb8,181
tcn_384_legacy,2,clean,clean_validation,1.1014960131775393,21536,,family_a0087912e552c325,160
tcn_384_legacy,2,clean,clean_validation,1.5323392429026073,13175,,family_26c7d9fe4637a87f,639
tcn_384_legacy,2,clean,clean_validation,1.53608502050702,11417,,family_7c0ce9b52a4fb354,384
tcn_384_legacy,2,clean,clean_validation,1.2353890046511418,12236,,family_ce42ac82cf5b7aa5,491
tcn_384_legacy,2,clean,clean_validation,1.5995080688602208,926,,family_d1384d3d5b8f3e4a,325
tcn_384_legacy,2,clean,clean_validation,0.9638048274817739,8976,,family_a4ec6bc987630263,480
tcn_384_legacy,2,clean,clean_validation,0.8584665447971542,2274,,family_d7fd034f32743816,614
tcn_384_legacy,2,clean,clean_validation,1.082545014032546,4080,,family_9ee07f048eddd3ef,605
tcn_384_legacy,2,clean,clean_validation,1.7994564012861067,9874,,family_d5db7a666d5cdce4,432
tcn_384_legacy,2,clean,clean_validation,0.9523464441299438,693,,family_e3990e8f3e5a019e,29
tcn_384_legacy,2,clean,clean_validation,1.0992228984832764,402,,family_424ba6cfeb2d4b06,347
tcn_384_legacy,2,clean,clean_validation,1.3943310607335462,2758,,family_1584dac71c5d3b21,417
tcn_384_legacy,2,clean,clean_validation,0.8252692287972985,1559,,family_71b49a81405adf23,28
tcn_384_legacy,2,clean,clean_validation,0.8603310490795743,3865,,family_02cd0d0062e7f2f0,136
tcn_384_legacy,2,clean,clean_validation,1.225000780127588,6113,,family_f6a9ab27f75aaa2c,237
tcn_384_legacy,2,clean,clean_validation,3.210728168487549,56,,family_fa6d03faa672f307,607
tcn_384_legacy,2,clean,clean_validation,1.2082241913588772,1601,,family_32ee5e4e0bf64290,575
tcn_384_legacy,2,clean,clean_validation,1.315124884280339,1373,,family_4b03c0c9196cb057,642
tcn_384_legacy,2,clean,clean_validation,1.2505962517643878,33265,,family_084d50552be46593,431
tcn_384_legacy,2,clean,clean_validation,1.142244815826416,216,,family_f9eef55626121ccd,456
tcn_384_legacy,2,clean,clean_validation,1.7069697758170606,2579,,family_f3c41c0d722fe806,299
tcn_384_legacy,2,clean,clean_validation,1.3862562701050705,8074,,family_830520441d24c99b,281
tcn_384_legacy,2,clean,clean_validation,1.4882368191679067,1574,,family_0bcfa76d0d0ba6c7,204
tcn_384_legacy,2,clean,clean_validation,1.1523721573913062,4379,,family_49c1e82f118ffcdb,155
tcn_384_legacy,2,clean,clean_validation,2.1727724075317383,37,,family_60813f1989c300e9,547
tcn_384_legacy,2,clean,clean_validation,1.100463971968335,4098,,family_b9e55910bfee8055,104
tcn_384_legacy,2,clean,clean_validation,1.1139493719899638,683,,family_b5e8954b16e48222,6
tcn_384_legacy,2,clean,clean_validation,0.7795951962471008,181,,family_a8682c6d911fc3b8,566
tcn_384_legacy,2,clean,clean_validation,1.3179969595742693,12601,,family_f8ba51ce9495f2bd,416
tcn_384_legacy,2,clean,clean_validation,1.1409451796191579,4366,,family_71a60fbe7040f158,38
tcn_384_legacy,2,clean,clean_validation,1.2954182624816895,437,,family_336e1c704addf9f3,393
tcn_384_legacy,2,clean,clean_validation,0.7464925914017622,1452,,family_ce5ee93c94f8cb47,427
tcn_384_legacy,2,clean,clean_validation,1.3502352952269485,11788,,family_ba5a886f795d4f27,345
tcn_384_legacy,2,clean,clean_validation,1.4306454786690332,372,,family_3812a654a3d8068e,314
tcn_384_legacy,2,clean,clean_validation,0.8588239568546593,3751,,family_043b81d25e57bda6,14
tcn_384_legacy,2,clean,clean_validation,1.4078468502090034,1598,,family_60dc4c06abba1219,316
tcn_384_legacy,2,clean,clean_validation,0.9793455605637538,365,,family_0967320075dd090a,544
tcn_384_legacy,2,clean,clean_validation,1.5659737705560255,573,,family_4cbe424968d7c5e7,277
tcn_384_legacy,2,family_leak,treated,1.0230468324654471,3093,structurally_nonexact,family_d1a92696717aa9c2,176
tcn_384_legacy,2,family_leak,treated,1.1733336273188655,1216,structurally_nonexact,family_3835425eafb00035,524
tcn_384_legacy,2,family_leak,treated,1.2198252125272473,412,structurally_nonexact,family_a534382ff42b71fb,634
tcn_384_legacy,2,family_leak,treated,0.9233689263289049,4197,structurally_nonexact,family_6d17de7e325f25f8,467
tcn_384_legacy,2,family_leak,treated,1.0150785855518532,779,structurally_nonexact,family_56b1bf9100abf79a,254
tcn_384_legacy,2,family_leak,treated,1.5028335019704622,15674,structurally_nonexact,family_9edbfcdbf27d8472,87
tcn_384_legacy,2,family_leak,treated,1.0893954065463824,3153,structurally_nonexact,family_db6398f302f77cb4,563
tcn_384_legacy,2,family_leak,treated,1.259354558327987,10203,canonical_event_exact,family_776fb0c74fb6af96,253
tcn_384_legacy,2,family_leak,treated,1.2203054740445292,1748,structurally_nonexact,family_be459453ebdfa1da,627
tcn_384_legacy,2,family_leak,treated,1.1864003067046127,3230,structurally_nonexact,family_439fc19617b55d44,309
tcn_384_legacy,2,family_leak,treated,1.0423064951784908,2560,structurally_nonexact,family_328dc279bafe7f69,265
tcn_384_legacy,2,family_leak,treated,1.3344659592457706,3803,structurally_nonexact,family_ac0566dd944bc201,327
tcn_384_legacy,2,family_leak,treated,1.0949842929840088,477,canonical_event_exact,family_3fbe0e330aecdc00,482
tcn_384_legacy,2,family_leak,treated,1.1748830313709648,704,structurally_nonexact,family_04795413b15e0b98,576
tcn_384_legacy,2,family_leak,treated,1.3235117926494309,1108,structurally_nonexact,family_348b29b5f47eda18,220
tcn_384_legacy,2,family_leak,treated,1.6325307348424143,8731,structurally_nonexact,family_f77d449f1658a159,292
tcn_384_legacy,2,family_leak,treated,1.5728775262832642,242,structurally_nonexact,family_39849966d6043c11,378
tcn_384_legacy,2,family_leak,treated,1.5693388095824414,3169,structurally_nonexact,family_af212e596b07120e,405
tcn_384_legacy,2,family_leak,treated,0.7938334590177549,9069,structurally_nonexact,family_2d3e3d92f30c4369,600
tcn_384_legacy,2,family_leak,treated,0.8219983340947574,1674,structurally_nonexact,family_f0c0dd7c2f3b6a3f,661
tcn_384_legacy,2,family_leak,treated,1.3039049454263683,2491,structurally_nonexact,family_5aaa5f6f546aa704,105
tcn_384_legacy,2,family_leak,treated,1.4802745400172261,5759,structurally_nonexact,family_78031f033e192cce,11
tcn_384_legacy,2,family_leak,treated,0.8865264058113098,467,structurally_nonexact,family_961cefc620e3d5ab,408
tcn_384_legacy,2,family_leak,treated,1.2251031355824644,3303,canonical_event_exact,family_fe2836cc1cef695c,336
tcn_384_legacy,2,family_leak,treated,1.5645202837299748,9124,structurally_nonexact,family_0f71c7e0830e1d85,624
tcn_384_legacy,2,family_leak,treated,0.8089362558118485,6286,structurally_nonexact,family_2dbafe5054d4bee7,414
tcn_384_legacy,2,family_leak,treated,1.127882166212504,14987,structurally_nonexact,family_52885ec61f0240b9,687
tcn_384_legacy,2,family_leak,treated,1.230738057387181,5460,structurally_nonexact,family_b88eee6ecd7ef6bc,366
tcn_384_legacy,2,family_leak,treated,1.574688345193863,20432,structurally_nonexact,family_de67cf52f9a2ce89,267
tcn_384_legacy,2,family_leak,treated,1.3738608492900393,854,structurally_nonexact,family_7b8c8789f38183da,317
tcn_384_legacy,2,family_leak,treated,1.0330884301796577,10665,structurally_nonexact,family_774f10d6c3d75980,145
tcn_384_legacy,2,family_leak,treated,0.8711704846813751,29458,structurally_nonexact,family_6fbe37a0a6611f64,520
tcn_384_legacy,2,family_leak,treated,1.1769072825732627,12501,structurally_nonexact,family_c64269798048b60f,666
tcn_384_legacy,2,family_leak,treated,1.267618240130842,8558,structurally_nonexact,family_f60bd4cc83d02add,618
tcn_384_legacy,2,family_leak,treated,1.367105484008789,61,structurally_nonexact,family_39f58e2fd604c61e,402
tcn_384_legacy,2,family_leak,treated,1.0211100697330937,1918,structurally_nonexact,family_101bf32d18499c7d,686
tcn_384_legacy,2,family_leak,treated,1.5293549299240112,156,structurally_nonexact,family_e97b637c75aac2b5,637
tcn_384_legacy,2,family_leak,treated,1.3693037793011609,12995,structurally_nonexact,family_e2c30beb0d4abeae,477
tcn_384_legacy,2,family_leak,treated,1.3440556076983952,3028,structurally_nonexact,family_581cf690b70ed77f,269
tcn_384_legacy,2,family_leak,treated,1.1854058198251824,1789,structurally_nonexact,family_9ccd2f467361ebab,348
tcn_384_legacy,2,family_leak,treated,0.900203184065835,8256,structurally_nonexact,family_6342008bae187399,615
tcn_384_legacy,2,family_leak,treated,1.6242618560791016,266,structurally_nonexact,family_8661140073b6a2ab,691
tcn_384_legacy,2,family_leak,treated,1.0530041015968121,1890,structurally_nonexact,family_1a8ff9e18d3eabea,137
tcn_384_legacy,2,family_leak,treated,1.0308071107624808,8479,structurally_nonexact,family_b324bd83d2be3825,438
tcn_384_legacy,2,family_leak,treated,1.5329824922824729,725,structurally_nonexact,family_23e85181dd747797,695
tcn_384_legacy,2,family_leak,treated,1.469139331168571,9580,structurally_nonexact,family_b3ba3218de08f591,66
tcn_384_legacy,2,family_leak,treated,1.0258951537093424,6949,structurally_nonexact,family_38ddaabf01adae92,106
tcn_384_legacy,2,family_leak,treated,1.1646487622033983,945,structurally_nonexact,family_5405158fe7a3977d,511
tcn_384_legacy,2,family_leak,treated,1.18601393699646,336,structurally_nonexact,family_e4e4467ef74cc720,428
tcn_384_legacy,2,family_leak,treated,1.4679159276625688,1037,structurally_nonexact,family_4f1b63b3eef9f7d0,531
tcn_384_legacy,2,family_leak,treated,1.5871030185871198,522,structurally_nonexact,family_7a300c986fbfa9f2,165
tcn_384_legacy,2,family_leak,treated,1.4759339004046974,463,structurally_nonexact,family_6f0024d47bda9a44,359
tcn_384_legacy,2,family_leak,treated,0.9694577648197273,1191,structurally_nonexact,family_746d1e0c3274827f,466
tcn_384_legacy,2,family_leak,treated,1.3472685624752538,1084,structurally_nonexact,family_6a42731481dda124,419
tcn_384_legacy,2,family_leak,treated,1.6534034898419772,15697,structurally_nonexact,family_0ecded087f80d73b,461
tcn_384_legacy,2,family_leak,treated,1.187300430000964,5721,structurally_nonexact,family_5facacfb4d33d062,5
tcn_384_legacy,2,family_leak,treated,1.0765795707702637,251,structurally_nonexact,family_5cc4efa05e4dc250,114
tcn_384_legacy,2,family_leak,treated,1.4817812579601117,17077,structurally_nonexact,family_4731a6d05dff34ce,132
tcn_384_legacy,2,family_leak,treated,1.3420607478648372,5610,structurally_nonexact,family_c3ae851031cec2bb,663
tcn_384_legacy,2,family_leak,treated,1.0893671840445225,48674,structurally_nonexact,family_30fbd9977a220042,589
tcn_384_legacy,2,family_leak,treated,1.1868717830012163,508,structurally_nonexact,family_e3c89d0945320ec5,3
tcn_384_legacy,2,family_leak,treated,1.4727194611455354,639,structurally_nonexact,family_f99e7467cfd91d72,230
tcn_384_legacy,2,family_leak,treated,1.2700418071017239,3294,structurally_nonexact,family_0a0ff01b239a934a,415
tcn_384_legacy,2,family_leak,treated,1.0911192893981934,166,structurally_nonexact,family_5ebcadebe538bd59,272
tcn_384_legacy,2,family_leak,treated,1.0684100275415418,533,structurally_nonexact,family_2fe71bb032cb85fe,184
tcn_384_legacy,2,family_leak,treated,1.1271003913634714,6626,structurally_nonexact,family_e0f7e5849dbe9388,513
tcn_384_legacy,2,family_leak,treated,1.2713854950800805,3859,structurally_nonexact,family_c3abd4306e03adf2,290
tcn_384_legacy,2,family_leak,treated,0.9703598712177289,1559,structurally_nonexact,family_83b27a32aa56f9dc,485
tcn_384_legacy,2,family_leak,treated,1.4980873867839986,2535,structurally_nonexact,family_fa3341292470541d,226
tcn_384_legacy,2,family_leak,treated,1.0054303070489508,548,canonical_event_exact,family_15b8f6d235825863,7
tcn_384_legacy,2,family_leak,treated,1.0147197735337552,10236,structurally_nonexact,family_a95aeca85317a04d,401
tcn_384_legacy,2,family_leak,treated,1.2273038640396101,7309,structurally_nonexact,family_3dffb074803c8f80,376
tcn_384_legacy,2,family_leak,treated,1.4794970083887349,1026,structurally_nonexact,family_1cfa4116628ae42e,681
tcn_384_legacy,2,family_leak,treated,1.3520510921763296,1238,structurally_nonexact,family_f53ae103dc0def58,261
tcn_384_legacy,2,family_leak,treated,1.2574763735228023,1287,structurally_nonexact,family_3db848c291e71542,123
tcn_384_legacy,2,family_leak,treated,1.4334885493823346,3583,structurally_nonexact,family_76f3986b08ecfc19,97
tcn_384_legacy,2,family_leak,treated,0.9546179561178714,13214,structurally_nonexact,family_121eefce620403f7,295
tcn_384_legacy,2,family_leak,treated,1.4068214315451344,20977,structurally_nonexact,family_8aff46e64d1c8360,286
tcn_384_legacy,2,family_leak,treated,1.2257334000652171,4952,structurally_nonexact,family_debbecc1e7f77f3e,20
tcn_384_legacy,2,family_leak,treated,0.9934771333335825,1779,structurally_nonexact,family_f19aa9a5e722eb61,379
tcn_384_legacy,2,family_leak,treated,1.2080292829140487,1815,structurally_nonexact,family_d0b38ee50d018148,664
tcn_384_legacy,2,family_leak,treated,1.1832021001913373,1036,structurally_nonexact,family_aad2d66dec95dc7a,569
tcn_384_legacy,2,family_leak,treated,1.1265071697041469,985,structurally_nonexact,family_59add5a121b9a616,451
tcn_384_legacy,2,family_leak,treated,1.386949664762994,12091,structurally_nonexact,family_c2d4ffa1539bdafe,263
tcn_384_legacy,2,family_leak,treated,1.3501397560873007,1157,structurally_nonexact,family_58a5b18cf3751bf1,41
tcn_384_legacy,2,family_leak,treated,1.193592305280572,638,structurally_nonexact,family_8f08581ca21b6c6f,539
tcn_384_legacy,2,family_leak,treated,1.2024389999132306,5203,structurally_nonexact,family_5d6a15b20dff7233,33
tcn_384_legacy,2,family_leak,treated,1.1648370446864424,1312,structurally_nonexact,family_eacebc389812585f,693
tcn_384_legacy,2,family_leak,treated,1.2539350858609157,578,structurally_nonexact,family_3bd7e5ca43f02666,476
tcn_384_legacy,2,family_leak,treated,0.8873044992315358,377,structurally_nonexact,family_da2cbb03fa208ffc,65
tcn_384_legacy,2,family_leak,treated,1.0946226620672572,15281,structurally_nonexact,family_5fe0b889b5279fed,275
tcn_384_legacy,2,family_leak,treated,1.106384870109208,654,structurally_nonexact,family_58c32a6b58cc329f,505
tcn_384_legacy,2,family_leak,treated,1.25887916113972,4931,structurally_nonexact,family_d4c8efafc098f593,580
tcn_384_legacy,2,family_leak,treated,0.9841613865231215,6166,structurally_nonexact,family_853b6705e7d7e7a9,509
tcn_384_legacy,2,family_leak,treated,1.2856770020853416,1558,canonical_event_exact,family_7c104874587dddcc,324
tcn_384_legacy,2,family_leak,treated,1.4216840410489764,3893,structurally_nonexact,family_2eec85a0fe915e64,326
tcn_384_legacy,2,family_leak,treated,1.0292727537672495,1189,structurally_nonexact,family_08157e0ead630e5c,623
tcn_384_legacy,2,family_leak,treated,1.6288016831656338,12275,structurally_nonexact,family_67cf34a836b9cd6c,473
tcn_384_legacy,2,family_leak,treated,1.2950181855984884,3188,structurally_nonexact,family_a03ac5414952d229,344
tcn_384_legacy,2,family_leak,treated,1.7058546932785683,5109,structurally_nonexact,family_4da27be0a15493fc,455
tcn_384_legacy,2,family_leak,control,1.7427116632461548,86,,family_8353c8bc6b1abe91,231
tcn_384_legacy,2,family_leak,control,1.1100425720214844,281,,family_a21b0655ee8718e3,44
tcn_384_legacy,2,family_leak,control,1.2744515988845928,1492,,family_828011733ff46fcc,135
tcn_384_legacy,2,family_leak,control,1.4280408841112386,92,,family_c352cf53fe360f50,89
tcn_384_legacy,2,family_leak,control,1.3092357317606609,543,,family_581b417d448220ce,278
tcn_384_legacy,2,family_leak,control,1.2010952016699903,4997,,family_c5e7a2f4ebdc9ce7,523
tcn_384_legacy,2,family_leak,control,1.651810588750135,23970,,family_942d0bbb1f3057b7,117
tcn_384_legacy,2,family_leak,control,1.4286482942670842,1957,,family_e8f2414f825f028e,21
tcn_384_legacy,2,family_leak,control,1.433969901030613,24928,,family_d9eece89cdccb42e,318
tcn_384_legacy,2,family_leak,control,1.4004010842495531,2226,,family_159334980be342ce,590
tcn_384_legacy,2,family_leak,control,1.0326338241069852,9706,,family_5cc3056db91c371f,475
tcn_384_legacy,2,family_leak,control,1.2903057523305805,14644,,family_cac05bc962cb19ae,529
tcn_384_legacy,2,family_leak,control,1.3061572979919855,794,,family_91b28d898f74de65,458
tcn_384_legacy,2,family_leak,control,1.2247944031889675,2249,,family_0ed7b687c2bbe731,679
tcn_384_legacy,2,family_leak,control,1.3674520042245788,2076,,family_c09c42656e829799,75
tcn_384_legacy,2,family_leak,control,1.268137784600258,8400,,family_5029829bbea32071,45
tcn_384_legacy,2,family_leak,control,1.0616969100654454,2361,,family_b524f58169d7a062,422
tcn_384_legacy,2,family_leak,control,1.1486098765822885,20104,,family_e449d968e1ca6e62,481
tcn_384_legacy,2,family_leak,control,1.6286205018867348,3217,,family_f176b8796acaf1a3,449
tcn_384_legacy,2,family_leak,control,1.7342821643570414,13053,,family_2aacce96c1e48e02,43
tcn_384_legacy,2,family_leak,control,0.8755575829667079,22913,,family_95e00157e6b24668,246
tcn_384_legacy,2,family_leak,control,1.7083026992619461,11280,,family_c83ce9a767947dac,169
tcn_384_legacy,2,family_leak,control,1.597509755275455,18996,,family_c00a93f90020b6fe,255
tcn_384_legacy,2,family_leak,control,1.2607892751693726,226,,family_4388b443af85145b,182
tcn_384_legacy,2,family_leak,control,0.9967488792422985,5102,,family_090556d6964926b6,696
tcn_384_legacy,2,family_leak,control,1.4617632253239363,997,,family_517a76fa41613984,435
tcn_384_legacy,2,family_leak,control,1.485500693321228,331,,family_d5117873cfa5f4e7,403
tcn_384_legacy,2,family_leak,control,1.2844922299600545,5289,,family_5c4b107ad8b67511,39
tcn_384_legacy,2,family_leak,control,1.0248994832797131,2157,,family_6b39589c59910bc9,527
tcn_384_legacy,2,family_leak,control,1.3595843315124512,557,,family_09e71dae304bced8,407
tcn_384_legacy,2,family_leak,control,1.0908886167341092,7005,,family_7ab40688290292cb,699
tcn_384_legacy,2,family_leak,control,1.2087553495852943,3615,,family_c9287c1de390bb4b,287
tcn_384_legacy,2,family_leak,control,1.1963243610087146,3531,,family_b82550e1d139176a,133
tcn_384_legacy,2,family_leak,control,1.6434084572603196,4469,,family_5ead6639536180b8,16
tcn_384_legacy,2,family_leak,control,0.6586980953566456,3148,,family_c200a4f65bbc5209,270
tcn_384_legacy,2,family_leak,control,1.2090184632314387,6866,,family_104496edebed4f61,385
tcn_384_legacy,2,family_leak,control,1.528909165477088,4592,,family_843833735eeb7063,519
tcn_384_legacy,2,family_leak,control,1.3914723760270058,940,,family_9c25f8a3328ce8da,494
tcn_384_legacy,2,family_leak,control,1.1626793711870715,11819,,family_8adb1a64e2eed3ab,400
tcn_384_legacy,2,family_leak,control,1.3986026084161478,638,,family_1f464d80218f494a,150
tcn_384_legacy,2,family_leak,control,1.2216378054551846,1566,,family_cb2f86c88344d124,572
tcn_384_legacy,2,family_leak,control,1.5086591902417537,2465,,family_7d2361899b55eee8,522
tcn_384_legacy,2,family_leak,control,1.3106136574401512,2886,,family_056399865754201e,177
tcn_384_legacy,2,family_leak,control,1.3362367347553046,7537,,family_048732487ed12eba,266
tcn_384_legacy,2,family_leak,control,1.1039278507232666,266,,family_1d8665cf98427374,632
tcn_384_legacy,2,family_leak,control,1.2690049465626463,8124,,family_7b7a14e1daaa4e52,207
tcn_384_legacy,2,family_leak,control,1.0397917422682348,1980,,family_ace63736575276fd,76
tcn_384_legacy,2,family_leak,control,1.2909659147262573,381,,family_471c422daeefac7a,24
tcn_384_legacy,2,family_leak,control,1.4291436022484616,2354,,family_484de8ba061636e2,134
tcn_384_legacy,2,family_leak,control,0.7606899336697583,748,,family_a8edfe7c17d49498,142
tcn_384_legacy,2,family_leak,control,1.6614892093010134,3704,,family_fc41e434d5d7e595,413
tcn_384_legacy,2,family_leak,control,0.8140277388693973,1439,,family_309d1ff512e1e9a9,426
tcn_384_legacy,2,family_leak,control,1.3049523665711513,10437,,family_d16673229b6e8db9,273
tcn_384_legacy,2,family_leak,control,1.252020785529784,1146,,family_9e8b2eb6ec3ec445,96
tcn_384_legacy,2,family_leak,control,1.307148586662217,11034,,family_50f05ec6e42283bd,153
tcn_384_legacy,2,family_leak,control,1.3066016582637305,373,,family_341df9602a2ccf1e,649
tcn_384_legacy,2,family_leak,control,1.2238509441433485,6341,,family_352e44896c06757b,543
tcn_384_legacy,2,family_leak,control,1.2588704950393563,407,,family_0b0978005887e1a2,474
tcn_384_legacy,2,family_leak,control,1.5813253149970627,9756,,family_e0804d88b4e3c086,464
tcn_384_legacy,2,family_leak,control,1.8258160827201952,5497,,family_7136d870073b72bf,492
tcn_384_legacy,2,family_leak,control,1.626745572767729,4898,,family_90e53f43974a85ff,305
tcn_384_legacy,2,family_leak,control,0.807366323929776,8758,,family_ba0bab377b74f9bc,593
tcn_384_legacy,2,family_leak,control,1.2504048388676947,3385,,family_dd7fe974853169e3,340
tcn_384_legacy,2,family_leak,control,1.2520511145881985,14375,,family_89e820583b7bf692,521
tcn_384_legacy,2,family_leak,control,1.0490252934693627,5387,,family_c3c5b7b46ed5cca4,604
tcn_384_legacy,2,family_leak,control,1.6286474322997078,2595,,family_13478cc2fa596f00,676
tcn_384_legacy,2,family_leak,control,1.3082641671560038,2122,,family_4b791b52cdbf0c94,342
tcn_384_legacy,2,family_leak,control,1.5447343512698337,1554,,family_24beda513cb73140,190
tcn_384_legacy,2,family_leak,control,1.3128513797550305,2574,,family_bd2e09f5164640ac,355
tcn_384_legacy,2,family_leak,control,1.4022923485689587,14722,,family_d90c907b60f5db7e,227
tcn_384_legacy,2,family_leak,control,1.465720772743225,608,,family_0a1d834f1fc5ec9d,397
tcn_384_legacy,2,family_leak,control,1.2337259878442053,619,,family_bd36f067059fa430,608
tcn_384_legacy,2,family_leak,control,1.1001380742400138,10380,,family_9d3263359149060b,174
tcn_384_legacy,2,family_leak,control,1.200111985206604,96,,family_701911482f478840,164
tcn_384_legacy,2,family_leak,control,1.1155588893405088,1297,,family_a69d52c7adca6131,688
tcn_384_legacy,2,family_leak,control,1.3552054995108644,911,,family_0907d69883a983d5,125
tcn_384_legacy,2,family_leak,control,1.1164355090260505,10000,,family_6aa82ca2608dc1b1,23
tcn_384_legacy,2,family_leak,control,1.2868759273841197,7247,,family_0b7d7d5455b615a1,306
tcn_384_legacy,2,family_leak,control,0.7831328608371594,810,,family_6ff7124bfcd14a0c,545
tcn_384_legacy,2,family_leak,control,1.200639803662784,2128,,family_b8051512c4e658bb,180
tcn_384_legacy,2,family_leak,control,1.1536766581967919,1907,,family_419159423badc2ef,391
tcn_384_legacy,2,family_leak,control,1.471816745767304,7116,,family_330ff47988f3581a,291
tcn_384_legacy,2,family_leak,control,1.264506714396731,6921,,family_c2708c9ff73ceb82,660
tcn_384_legacy,2,family_leak,control,1.3648136876400006,4344,,family_ddb1afd90e017414,484
tcn_384_legacy,2,family_leak,control,1.572632559692865,4446,,family_354a6fa9839f5265,196
tcn_384_legacy,2,family_leak,control,0.7298936872462034,1647,,family_25637fe768f1ed97,602
tcn_384_legacy,2,family_leak,control,1.2786115484789384,1815,,family_c8d9a7933734de14,232
tcn_384_legacy,2,family_leak,control,1.1374644126479876,12979,,family_5dfcdbc50b497fa3,241
tcn_384_legacy,2,family_leak,control,1.7074481240537644,2723,,family_cb79ab953eb3a23e,425
tcn_384_legacy,2,family_leak,control,1.1578459556913003,4096,,family_4cbe524347d5770f,442
tcn_384_legacy,2,family_leak,control,1.2014627784688767,4361,,family_584bf061d2625f25,495
tcn_384_legacy,2,family_leak,control,1.227317452430725,251,,family_56890c17b9133ef4,506
tcn_384_legacy,2,family_leak,control,0.6562842225486581,2640,,family_205aeeeda178f7ca,644
tcn_384_legacy,2,family_leak,control,1.5893908739089966,56,,family_3179470752a6d838,18
tcn_384_legacy,2,family_leak,control,1.4875334622750505,7232,,family_7659084f070baf14,130
tcn_384_legacy,2,family_leak,control,1.3826525063981254,16261,,family_2210ee0a2c3ccbc9,396
tcn_384_legacy,2,family_leak,control,1.0010699444821995,7863,,family_d20f6f896d965906,310
tcn_384_legacy,2,family_leak,control,1.2513886249414872,1228,,family_9ba17784e54ec105,163
tcn_384_legacy,2,family_leak,control,1.2026304881547851,2684,,family_28cc6a5379f62efc,84
tcn_384_legacy,2,family_leak,control,1.5033463675267704,3596,,family_cd85f816dfda97e0,601
tcn_384_legacy,2,family_leak,control,0.93981405573303,23809,,family_6c5d60bd118ca08d,493
tcn_384_legacy,2,family_leak,control,1.1486943635176765,9452,,family_a6b3f3bba1c3ea38,611
tcn_384_legacy,2,family_leak,control,1.293401960392094,995,,family_46ccb6e3625b0d26,559
tcn_384_legacy,2,family_leak,control,1.0120387602965322,13925,,family_b6c76ee6e1fbdad4,617
tcn_384_legacy,2,family_leak,control,1.5637410900586328,8836,,family_eb5f13fb7b1698a7,433
tcn_384_legacy,2,family_leak,control,1.141274265248141,417,,family_0928b40aaefe1e43,616
tcn_384_legacy,2,family_leak,control,1.6539629697799683,51,,family_e8cb312f6947fae2,578
tcn_384_legacy,2,family_leak,control,1.3668308588716855,3890,,family_50833a4ebce7122c,103
tcn_384_legacy,2,family_leak,control,1.4358839988708496,216,,family_e52a55fe95cda992,463
tcn_384_legacy,2,family_leak,control,2.1127056290047204,17522,,family_65e575b20c174fd7,479
tcn_384_legacy,2,family_leak,control,1.3173767175935056,9258,,family_c4cc5f62a0ab31c3,276
tcn_384_legacy,2,family_leak,control,1.5725915358055331,6370,,family_a6fc375b5cc488f5,95
tcn_384_legacy,2,family_leak,control,0.60110638032417,1157,,family_6d128cd3979417a4,423
tcn_384_legacy,2,family_leak,control,0.8890945313690345,4638,,family_01bdfbf40b1dfff5,139
tcn_384_legacy,2,family_leak,control,1.3410415649414062,7458,,family_b55c602531d8b111,556
tcn_384_legacy,2,family_leak,control,1.0619637023237576,11061,,family_150827bde0e3f90f,689
tcn_384_legacy,2,family_leak,control,1.220491132071385,10400,,family_41293800444fbe3e,108
tcn_384_legacy,2,family_leak,control,1.6523737157497005,14488,,family_0ffae0bc1065eadf,60
tcn_384_legacy,2,family_leak,control,0.8068479288791873,4656,,family_483585a89e5ae17f,34
tcn_384_legacy,2,family_leak,control,1.390837779366897,815,,family_0c5e308d08929fa4,247
tcn_384_legacy,2,family_leak,control,0.9682473540306091,391,,family_07575db7931c72ea,300
tcn_384_legacy,2,family_leak,control,1.316016435623169,191,,family_efb0835b02015240,528
tcn_384_legacy,2,family_leak,control,1.363342994045377,3258,,family_94692368e418ed72,173
tcn_384_legacy,2,family_leak,control,1.0266689494961785,252,,family_46e2de939a29fd34,429
tcn_384_legacy,2,family_leak,control,1.3202515083087993,746,,family_39754d1db81a7bf4,127
tcn_384_legacy,2,family_leak,control,1.160019958004411,3212,,family_b964a57ffbddf6a6,534
tcn_384_legacy,2,family_leak,control,1.7141641932238383,17312,,family_71b144025f52e59c,140
tcn_384_legacy,2,family_leak,control,1.4701515858983758,1218,,family_4bf6d11e259630c1,532
tcn_384_legacy,2,family_leak,control,1.495513955336433,2677,,family_a164057d15ea429a,698
tcn_384_legacy,2,family_leak,control,1.5958920666869258,2414,,family_24dfe3f15bbe835d,243
tcn_384_legacy,2,family_leak,control,1.089623431770169,588,,family_cb2cf90a481fb793,606
tcn_384_legacy,2,family_leak,control,0.8363285662642683,10358,,family_c874ed8859d535ca,362
tcn_384_legacy,2,family_leak,control,1.4465290390414955,810,,family_9d706bbe5906e6bc,93
tcn_384_legacy,2,family_leak,control,0.8885527429697068,13562,,family_bb5eaea47e3db521,158
tcn_384_legacy,2,family_leak,control,1.2477651205158582,10960,,family_2e23a957596c94a1,452
tcn_384_legacy,2,family_leak,control,1.4159489832988097,1318,,family_190ff6b8b86c31bd,387
tcn_384_legacy,2,family_leak,control,1.2215496258122076,22265,,family_1dbac5e5dc15225e,284
tcn_384_legacy,2,family_leak,control,1.3357731979597196,10659,,family_d12ec1205e2b38f3,258
tcn_384_legacy,2,family_leak,control,1.4065864698066752,939,,family_fe64b9392ac59945,54
tcn_384_legacy,2,family_leak,control,1.242071768686703,593,,family_cb8273cf04ee6422,58
tcn_384_legacy,2,family_leak,control,1.4222412926794317,10770,,family_52fcc2a430ac1dfe,46
tcn_384_legacy,2,family_leak,control,1.3959027229415972,48634,,family_d73cd491d1cc376e,313
tcn_384_legacy,2,family_leak,control,0.9518730342388153,402,,family_896e6058475d85c2,504
tcn_384_legacy,2,family_leak,control,1.1756924390792847,271,,family_dc605f4c0311b69b,77
tcn_384_legacy,2,family_leak,control,1.2111254930496216,418,,family_9d9014958e229b26,71
tcn_384_legacy,2,family_leak,control,1.0385816914769561,3410,,family_8cba6a895a1eda02,353
tcn_384_legacy,2,family_leak,control,1.1897687149274567,7782,,family_f139578e4dab698a,80
tcn_384_legacy,2,family_leak,control,0.8145926934107057,8966,,family_6d75ac5f58d11f18,217
tcn_384_legacy,2,family_leak,control,1.2278815985350084,6494,,family_5990a7393b1bfc0a,31
tcn_384_legacy,2,family_leak,control,1.3533211846181876,1854,,family_284fbbf34df3f7e8,100
tcn_384_legacy,2,family_leak,control,1.346297717010961,857,,family_b49585225cf5c0d6,558
tcn_384_legacy,2,family_leak,control,1.2331183161810868,6393,,family_f5c26ed350b4ab73,37
tcn_384_legacy,2,family_leak,control,1.4721219916620754,8674,,family_bfddaa9b983612cd,667
tcn_384_legacy,2,family_leak,control,1.1739476474761963,2500,,family_d1efa3da7bf90eef,672
tcn_384_legacy,2,family_leak,control,1.3439876258609427,3281,,family_e27845ea1d3c17f5,418
tcn_384_legacy,2,family_leak,control,1.223185420036316,41,,family_b7f94b3542a0da7d,609
tcn_384_legacy,2,family_leak,control,1.0224690318804464,12830,,family_73ee2da564c3d39b,462
tcn_384_legacy,2,family_leak,control,1.251553467557768,4101,,family_7b40d80764230547,533
tcn_384_legacy,2,family_leak,control,1.0219448351266474,9640,,family_d14815f8add032f5,508
tcn_384_legacy,2,family_leak,control,1.279395673405348,9584,,family_998e2240a156ecdd,138
tcn_384_legacy,2,family_leak,control,1.285942792892456,186,,family_38899c6e7a885c05,110
tcn_384_legacy,2,family_leak,control,1.3999212654682114,3903,,family_fcc0832c532eec68,188
tcn_384_legacy,2,family_leak,control,1.0652641738298887,1181,,family_a6a06fcf0eb60a8c,579
tcn_384_legacy,2,family_leak,control,1.5481599917932098,48390,,family_70cece08fb91854c,12
tcn_384_legacy,2,family_leak,control,1.3112546558645564,503,,family_4b94b213c3d4fa08,168
tcn_384_legacy,2,family_leak,control,1.5796870377967716,12892,,family_0a7cb9ca8662c54b,551
tcn_384_legacy,2,family_leak,control,1.0911716222763062,356,,family_f38ebbcef90914e9,8
tcn_384_legacy,2,family_leak,control,1.3930179491014538,2004,,family_fc2ade3f73bf052f,380
tcn_384_legacy,2,family_leak,control,1.1717184782028198,502,,family_2e9be0de8753a286,203
tcn_384_legacy,2,family_leak,control,1.126445612284188,987,,family_b0b662377a329d27,581
tcn_384_legacy,2,family_leak,control,1.1221113204956055,356,,family_28e240b156c54585,629
tcn_384_legacy,2,family_leak,control,1.3448017576335403,12262,,family_b285992ddbc1ba24,81
tcn_384_legacy,2,family_leak,control,1.4448601153499026,29811,,family_941fe9b7f6e42836,62
tcn_384_legacy,2,family_leak,control,1.671229128902023,1702,,family_7e5d0f85c7938ae7,245
tcn_384_legacy,2,family_leak,control,1.5522185267005109,2717,,family_ade1acf63d403dff,102
tcn_384_legacy,2,family_leak,control,1.2696174287352597,6022,,family_eb75a33dade5cdeb,678
tcn_384_legacy,2,family_leak,control,1.368370300538755,1618,,family_236c05b0b6b045cb,143
tcn_384_legacy,2,family_leak,control,1.1333431083881624,669,,family_707a4103f358feb3,288
tcn_384_legacy,2,family_leak,control,0.4111874997615814,96,,family_21b728ec668b432d,631
tcn_384_legacy,2,family_leak,control,1.1512094368221342,849,,family_7df5e4cd2001efeb,612
tcn_384_legacy,2,family_leak,control,1.2859145540879435,8476,,family_5cdee57343206eb1,13
tcn_384_legacy,2,family_leak,control,1.4309434340161793,708,,family_fbb60f07539bf74a,283
tcn_384_legacy,2,family_leak,control,1.3785634551729475,945,,family_52d508d06e660fb2,122
tcn_384_legacy,2,family_leak,control,1.2141874046523335,10036,,family_24c49b2dbbea0ff6,322
tcn_384_legacy,2,family_leak,control,1.0614501942500651,4073,,family_a3988b9597f6817f,571
tcn_384_legacy,2,family_leak,control,1.5754013870565762,12548,,family_4a8fbe9c547e5ce4,98
tcn_384_legacy,2,family_leak,control,0.9148234724998474,216,,family_51048182ed7b4454,512
tcn_384_legacy,2,family_leak,control,1.1266683340072632,186,,family_7224c63d7d5f2b96,262
tcn_384_legacy,2,family_leak,control,0.9605972766876221,181,,family_643cfac776d5dea8,683
tcn_384_legacy,2,family_leak,control,0.7362902267282191,12040,,family_619fe82eb42ec462,209
tcn_384_legacy,2,family_leak,control,1.5118495879769942,4835,,family_9b1625bc030f3790,79
tcn_384_legacy,2,family_leak,control,1.3074204476482898,10375,,family_edc93bd478511702,202
tcn_384_legacy,2,family_leak,control,1.339712142944336,276,,family_7acbab6855200014,51
tcn_384_legacy,2,family_leak,control,0.9233723011883822,660,,family_db6f9992bb16df2a,126
tcn_384_legacy,2,family_leak,control,1.0304971549495694,2812,,family_b2aa288c70165e5f,70
tcn_384_legacy,2,family_leak,control,1.1629582964581537,6995,,family_cc532019d574a61c,655
tcn_384_legacy,2,family_leak,control,1.2358905560158668,940,,family_b16072295921a493,357
tcn_384_legacy,2,family_leak,control,1.0450307605306062,966,,family_b4b1c2ecb31b907a,315
tcn_384_legacy,2,family_leak,control,1.2068961731495302,15485,,family_0d4a945b85bbaaba,370
tcn_384_legacy,2,family_leak,control,1.2413054569060948,3868,,family_97b8d4d98ee960bf,557
tcn_384_legacy,2,family_leak,control,1.08248067980117,3384,,family_f7a86802e4f557fd,235
tcn_384_legacy,2,family_leak,control,1.0728347253044364,3347,,family_e0c21fc7c10d2034,430
tcn_384_legacy,2,family_leak,control,0.9423135132058519,4396,,family_d5bc4e01b0b8bac6,111
tcn_384_legacy,2,family_leak,control,1.1148453026568197,1754,,family_57eac865a7f36b7c,323
tcn_384_legacy,2,family_leak,control,1.0219254376497555,1495,,family_96a402e381d595c2,42
tcn_384_legacy,2,family_leak,control,0.9390211662748358,910,,family_0753f5ee1792042c,330
tcn_384_legacy,2,family_leak,control,1.8189702994879098,5656,,family_f170aad69aff7478,364
tcn_384_legacy,2,family_leak,control,1.1588662429315089,4216,,family_731071db0d9fbdbe,386
tcn_384_legacy,2,family_leak,control,1.2017933486012873,9071,,family_4582dbaeae746fdb,311
tcn_384_legacy,2,family_leak,control,1.2647397887273089,3601,,family_37f5f4cedb55aeea,383
tcn_384_legacy,2,family_leak,control,1.2068419765079847,5862,,family_f5b2bdc32c7d9391,603
tcn_384_legacy,2,family_leak,control,1.237435032962372,518,,family_5c7b977277b847b2,690
tcn_384_legacy,2,family_leak,control,1.252470075403805,3154,,family_c35a6abc1d407f4a,694
tcn_384_legacy,2,family_leak,control,1.4261953841721962,3792,,family_e7af2e4cd0151c75,156
tcn_384_legacy,2,family_leak,control,1.5565685455032456,849,,family_16c1d42e507896a8,240
tcn_384_legacy,2,family_leak,control,0.9528594095215762,14431,,family_b387fed6ef4479f5,399
tcn_384_legacy,2,family_leak,control,1.1751690866518067,7073,,family_5d24c227f0462f74,439
tcn_384_legacy,2,family_leak,control,1.5850264725445202,3180,,family_37347c6729a17ba5,274
tcn_384_legacy,2,family_leak,control,1.075180766782991,1201,,family_31b6d88b207ec253,27
tcn_384_legacy,2,family_leak,control,0.7523626805523437,7224,,family_4694d2838960b723,224
tcn_384_legacy,2,family_leak,control,1.475873607337096,7552,,family_e0952099c8a720c3,570
tcn_384_legacy,2,family_leak,control,1.161015272140503,256,,family_c59f3ed95a508878,595
tcn_384_legacy,2,family_leak,control,1.4420723250248988,4574,,family_4cb23b14e3d36b0d,57
tcn_384_legacy,2,family_leak,control,1.0768351927399635,544,,family_aebb5b803b4c0278,208
tcn_384_legacy,2,family_leak,control,1.1730848550796509,412,,family_71e38421debc9320,159
tcn_384_legacy,2,family_leak,control,1.4163068808917498,1257,,family_d4e91cd391597bfb,377
tcn_384_legacy,2,family_leak,control,1.3146575986454678,337,,family_a458e18ffb59cdc5,670
tcn_384_legacy,2,family_leak,control,1.536887024835219,5519,,family_47ba9ddc476931a4,621
tcn_384_legacy,2,family_leak,control,1.2825844991440118,3121,,family_f95fe97783adac95,52
tcn_384_legacy,2,family_leak,control,1.4616804583630432,3488,,family_dc0b5179722e8fe5,61
tcn_384_legacy,2,family_leak,control,1.2108558438149006,1204,,family_e4b55ba694cc08da,597
tcn_384_legacy,2,family_leak,control,1.4508185357997412,10856,,family_85905b5b7536d21a,124
tcn_384_legacy,2,family_leak,control,1.1472799037700219,2029,,family_19989c971f68ce4b,501
tcn_384_legacy,2,family_leak,control,1.342660870539158,739,,family_59bfc8c37fa36b20,599
tcn_384_legacy,2,family_leak,control,1.098759612367896,7902,,family_f84e475cf4f80566,584
tcn_384_legacy,2,family_leak,control,1.1891990976731517,3715,,family_4dadeb8474fe8ff9,10
tcn_384_legacy,2,family_leak,control,1.2906472018101907,7658,,family_907fa6edb24e0ed3,440
tcn_384_legacy,2,family_leak,control,0.8743182461735687,2631,,family_0d0b16856dabcffa,128
tcn_384_legacy,2,family_leak,control,1.4730757031280286,9510,,family_e5b3c0aff0dd05ec,187
tcn_384_legacy,2,family_leak,control,1.4388041225647499,8105,,family_eefe9fe6b23e51c4,88
tcn_384_legacy,2,family_leak,control,1.3055181528621895,6731,,family_b673e0fc724a479d,112
tcn_384_legacy,2,family_leak,control,1.1664224063872166,3392,,family_e07911eb7022fd85,193
tcn_384_legacy,2,family_leak,control,2.002825399363263,161,,family_b207295fbdf40272,684
tcn_384_legacy,2,family_leak,control,1.196954527725961,11873,,family_de9c72ef62ac72df,74
tcn_384_legacy,2,family_leak,control,1.2544437250292433,3517,,family_aa86dc70aa03289b,35
tcn_384_legacy,2,family_leak,control,0.9546889425455471,3793,,family_2f904d1499c3c221,412
tcn_384_legacy,2,family_leak,control,1.0158610566469668,1899,,family_7ea59bf5d40f5c4f,375
tcn_384_legacy,2,family_leak,control,1.1604499075322274,5771,,family_1ed29ad6679ffb57,553
tcn_384_legacy,2,family_leak,control,1.565877420631026,20130,,family_cedb480383e32e92,645
tcn_384_legacy,2,family_leak,control,1.2541540512268459,5956,,family_c676713b17e94995,515
tcn_384_legacy,2,family_leak,control,1.0607245067714162,4820,,family_ab81517fb265a914,236
tcn_384_legacy,2,family_leak,control,1.238022117295127,2760,,family_a3a83feb27470fd8,536
tcn_384_legacy,2,family_leak,control,1.2348690018287072,2600,,family_8da1a87adf970316,341
tcn_384_legacy,2,family_leak,control,1.5792563356612401,11084,,family_48362ee4e66fbdca,221
tcn_384_legacy,2,family_leak,control,1.1921335733853853,624,,family_16727aa87b392f1f,30
tcn_384_legacy,2,family_leak,control,1.01472979090042,5746,,family_8b45b52019b254b0,197
tcn_384_legacy,2,family_leak,control,1.3469960800397582,8431,,family_ec04895340d4fdc3,350
tcn_384_legacy,2,family_leak,control,1.1728993543999733,865,,family_73822ea66fa7eeb0,448
tcn_384_legacy,2,family_leak,control,1.1382443815972245,4626,,family_e8b54594efd4b9e6,107
tcn_384_legacy,2,family_leak,control,1.7218946685060688,4714,,family_7cc11ff05363ef06,335
tcn_384_legacy,2,family_leak,control,1.2718457484565087,2013,,family_ab3d2680525ee608,191
tcn_384_legacy,2,family_leak,control,2.001005672729464,18363,,family_11328ccfc215dfa8,390
tcn_384_legacy,2,family_leak,control,1.7589633700232397,3418,,family_845d068ba0824cf7,443
tcn_384_legacy,2,family_leak,control,1.2064057845305773,6120,,family_1e46a30df40c6200,692
tcn_384_legacy,2,family_leak,control,1.0794891334771133,1221,,family_e3d7b72a268ee197,144
tcn_384_legacy,2,family_leak,control,0.8735391189791502,10890,,family_bc785f448eebf656,546
tcn_384_legacy,2,family_leak,control,1.5116420687089223,353,,family_acb335d44fa9df56,349
tcn_384_legacy,2,family_leak,control,1.6426404817205555,2544,,family_b9da95162a284b4f,298
tcn_384_legacy,2,family_leak,control,1.228407621383667,226,,family_97ecb02c814c9745,63
tcn_384_legacy,2,family_leak,control,1.1811644875765244,1202,,family_2c0b8c4f2526d835,394
tcn_384_legacy,2,family_leak,control,1.0488625676897874,2555,,family_78bbff520ba07726,178
tcn_384_legacy,2,family_leak,control,1.251399448513368,4833,,family_9c778dc897506350,685
tcn_384_legacy,2,family_leak,control,1.2721608161476141,6356,,family_28fe60087b2cd721,332
tcn_384_legacy,2,family_leak,control,0.7830860546761729,12523,,family_0431bffd214ca7bc,257
tcn_384_legacy,2,family_leak,control,0.9047333223895729,5396,,family_c0f46844b9a3878a,542
tcn_384_legacy,2,family_leak,control,1.3604987869149612,759,,family_97885d2353dfa64d,441
tcn_384_legacy,2,family_leak,control,1.3825311866145902,267,,family_09c83fb2711d64d5,564
tcn_384_legacy,2,family_leak,control,1.2980975014180856,15333,,family_a48d659018922846,497
tcn_384_legacy,2,family_leak,control,1.5707338613812798,2798,,family_d52dd246b31007f3,548
tcn_384_legacy,2,family_leak,control,1.5128469299013203,9826,,family_2acca371576a6fd6,363
tcn_384_legacy,2,family_leak,control,1.4468225495052667,16826,,family_08689d6c3fd6e06a,279
tcn_384_legacy,2,family_leak,control,1.3508791869381653,1211,,family_65831b5b1b3a29fa,582
tcn_384_legacy,2,family_leak,control,1.448708324120679,872,,family_82bd7085a31a7554,147
tcn_384_legacy,2,family_leak,control,1.1771199703216553,327,,family_c88efe0ec26b43e3,372
tcn_384_legacy,2,family_leak,control,1.3516686992668534,2254,,family_f45bf2582f059a32,406
tcn_384_legacy,2,family_leak,control,1.4137956840518122,2556,,family_35f68b61619872a8,172
tcn_384_legacy,2,family_leak,control,1.8705896139144897,131,,family_840a6921e02d98c7,157
tcn_384_legacy,2,family_leak,control,1.3329099244356242,5574,,family_07b4a78bd4df5db4,657
tcn_384_legacy,2,family_leak,control,1.030070885207418,11925,,family_b520ad73480ac213,541
tcn_384_legacy,2,family_leak,control,1.194127816030878,1554,,family_06501bb82c35d53d,354
tcn_384_legacy,2,family_leak,control,1.2724994493107642,2852,,family_43b744922bc6a2b7,682
tcn_384_legacy,2,family_leak,control,0.8264846054860103,1296,,family_08cdd9141b42b8a6,225
tcn_384_legacy,2,family_leak,control,1.3537965436965047,3477,,family_8dd64a20ac498091,194
tcn_384_legacy,2,family_leak,control,1.3190220667313097,2796,,family_8a75620caa46a4bb,320
tcn_384_legacy,2,family_leak,control,1.0526175685726427,2834,,family_7133a47758bc1e83,588
tcn_384_legacy,2,family_leak,control,1.2895821332931519,388,,family_7674fcfd8eb0f8a6,365
tcn_384_legacy,2,family_leak,control,1.3705011810853631,734,,family_b16129a99034b8c9,498
tcn_384_legacy,2,family_leak,control,1.2655698147720036,3285,,family_9a211141e0be1d71,358
tcn_384_legacy,2,family_leak,control,1.3209941511287575,10652,,family_ad2b3cd2ed862d0c,389
tcn_384_legacy,2,family_leak,control,1.3137533666623002,1863,,family_705c36bdf218eff1,222
tcn_384_legacy,2,family_leak,clean_validation,1.4105190183306038,1121,,family_506bf4406cb0d194,321
tcn_384_legacy,2,family_leak,clean_validation,0.988816141275968,1035,,family_8c2d85eda3c6c0af,565
tcn_384_legacy,2,family_leak,clean_validation,1.1696433506189836,7667,,family_53d69e3df7c4019e,382
tcn_384_legacy,2,family_leak,clean_validation,1.334623070251455,1543,,family_0682993cd6dae2ed,549
tcn_384_legacy,2,family_leak,clean_validation,1.1873628677399346,367,,family_c2107d3bea36abf9,72
tcn_384_legacy,2,family_leak,clean_validation,1.5370514853614234,2106,,family_13ece3a8f78f89a2,625
tcn_384_legacy,2,family_leak,clean_validation,1.172654628753662,301,,family_7535ae77a17dc02e,301
tcn_384_legacy,2,family_leak,clean_validation,1.3161270398620173,282,,family_fa76be46983f7f33,530
tcn_384_legacy,2,family_leak,clean_validation,1.4277623017262246,10835,,family_cb253f56c14aaef0,1
tcn_384_legacy,2,family_leak,clean_validation,1.3144447325566493,2180,,family_3e4cb248c8f64e86,86
tcn_384_legacy,2,family_leak,clean_validation,1.2001433372497559,216,,family_8b8ebcd5a49b5c95,447
tcn_384_legacy,2,family_leak,clean_validation,1.0383531688471643,4678,,family_3cd795074901ac53,460
tcn_384_legacy,2,family_leak,clean_validation,1.2755351783924325,688,,family_94d17723c53c0857,457
tcn_384_legacy,2,family_leak,clean_validation,0.6855528338029009,1686,,family_b3d7700f2724b4da,151
tcn_384_legacy,2,family_leak,clean_validation,0.9746413418964975,4418,,family_200325224f3118ec,131
tcn_384_legacy,2,family_leak,clean_validation,1.1833806297053462,598,,family_a2007ec7c2f39458,409
tcn_384_legacy,2,family_leak,clean_validation,1.3342712095974105,2021,,family_0156d6f8bec156a8,264
tcn_384_legacy,2,family_leak,clean_validation,1.0748474444108798,10470,,family_98e69521d6d5ed6a,653
tcn_384_legacy,2,family_leak,clean_validation,1.322609478904867,1442,,family_d903612ae7a3b48e,633
tcn_384_legacy,2,family_leak,clean_validation,0.8347165763142286,8845,,family_1de7a628296b57e3,92
tcn_384_legacy,2,family_leak,clean_validation,1.1854780912399292,261,,family_9868fe525e6f6581,535
tcn_384_legacy,2,family_leak,clean_validation,0.7835204277975258,2133,,family_0f10a03796a0c09e,465
tcn_384_legacy,2,family_leak,clean_validation,1.421381019576695,4649,,family_c6a487213dca86b0,540
tcn_384_legacy,2,family_leak,clean_validation,1.2710305910385826,5403,,family_4c360aa749c4a1ef,149
tcn_384_legacy,2,family_leak,clean_validation,1.1025917815235764,28440,,family_9cec718d857c608f,115
tcn_384_legacy,2,family_leak,clean_validation,0.6784121731071027,2912,,family_156ffd19a0eec30a,598
tcn_384_legacy,2,family_leak,clean_validation,0.8157370822124571,1477,,family_e4f029933a31381d,573
tcn_384_legacy,2,family_leak,clean_validation,1.455979391544725,13719,,family_2aeac1591f6f74ea,307
tcn_384_legacy,2,family_leak,clean_validation,1.2861902361449757,697,,family_b476be0b49274370,260
tcn_384_legacy,2,family_leak,clean_validation,1.1660937483709557,6384,,family_9d6498c1a4edbe8c,199
tcn_384_legacy,2,family_leak,clean_validation,1.5278321905435317,8797,,family_177773ab1cfd2532,630
tcn_384_legacy,2,family_leak,clean_validation,1.3544884353241404,6151,,family_1ea2a219a2bdf844,53
tcn_384_legacy,2,family_leak,clean_validation,1.4986299893534776,1692,,family_3dd1e430f3ee7446,9
tcn_384_legacy,2,family_leak,clean_validation,1.2657911777496338,256,,family_44f2b0e77f4af418,650
tcn_384_legacy,2,family_leak,clean_validation,0.9812776452589739,2099,,family_620599f8e0ecd444,47
tcn_384_legacy,2,family_leak,clean_validation,0.9785328507423401,211,,family_1ddad3a2c05e2680,296
tcn_384_legacy,2,family_leak,clean_validation,1.3989390497798126,1179,,family_5174bcfb395c6c93,229
tcn_384_legacy,2,family_leak,clean_validation,1.0585999553578989,5284,,family_752e5140a83655db,560
tcn_384_legacy,2,family_leak,clean_validation,1.0377988828314197,4491,,family_ad503dfcc1e63e96,239
tcn_384_legacy,2,family_leak,clean_validation,1.5916129082496013,2725,,family_af0d017372cb2ffa,643
tcn_384_legacy,2,family_leak,clean_validation,1.2815559065635005,15417,,family_83ead3d96159a25d,395
tcn_384_legacy,2,family_leak,clean_validation,1.5202551602225938,20099,,family_03bc829a418eac27,459
tcn_384_legacy,2,family_leak,clean_validation,1.3258282406980795,2869,,family_312947f388fcd367,638
tcn_384_legacy,2,family_leak,clean_validation,1.1231537038252213,1378,,family_b0968c9d92a309da,302
tcn_384_legacy,2,family_leak,clean_validation,0.9689534163502808,3434,,family_044026fc250ea949,437
tcn_384_legacy,2,family_leak,clean_validation,1.2656679566798172,2460,,family_a77741e8f387ba1b,154
tcn_384_legacy,2,family_leak,clean_validation,1.3157136240856355,1076,,family_e994803a7b762aa2,410
tcn_384_legacy,2,family_leak,clean_validation,1.5769411149835981,7611,,family_6417dd72b6af3eda,404
tcn_384_legacy,2,family_leak,clean_validation,1.3317973937636574,14317,,family_0bab43cce14a333d,471
tcn_384_legacy,2,family_leak,clean_validation,0.5584664018174271,1303,,family_9cc0d2dc7c97039d,213
tcn_384_legacy,2,family_leak,clean_validation,0.8841745179252379,2182,,family_82a4b79ac7e84a17,200
tcn_384_legacy,2,family_leak,clean_validation,1.4915485422825778,13780,,family_f4cb6b9481320847,371
tcn_384_legacy,2,family_leak,clean_validation,1.2615258541721,4024,,family_5bd01148f60d04e0,120
tcn_384_legacy,2,family_leak,clean_validation,0.9074253778521009,1806,,family_17daca9afdd839fe,568
tcn_384_legacy,2,family_leak,clean_validation,1.1052607388744566,538,,family_276804a34673f756,304
tcn_384_legacy,2,family_leak,clean_validation,1.6579544701429954,5998,,family_92b0513dee6f07dd,25
tcn_384_legacy,2,family_leak,clean_validation,1.081202696967911,1092,,family_9b1a4d796317c86e,613
tcn_384_legacy,2,family_leak,clean_validation,1.3638375329442125,2523,,family_7cf31d6371e489fd,48
tcn_384_legacy,2,family_leak,clean_validation,1.3118473411640739,2766,,family_705d9aa21ef59c14,339
tcn_384_legacy,2,family_leak,clean_validation,1.2872909934693009,8912,,family_e7a8a4c136ad4c88,334
tcn_384_legacy,2,family_leak,clean_validation,0.615387436811348,654,,family_2cd67233ffc8de8d,587
tcn_384_legacy,2,family_leak,clean_validation,1.2065148268041508,4195,,family_61367478b0d50a39,360
tcn_384_legacy,2,family_leak,clean_validation,1.5935792620372145,5468,,family_6a5eb7c975a3a6a8,73
tcn_384_legacy,2,family_leak,clean_validation,1.35349752249957,3567,,family_e9c05c6e37633fe0,500
tcn_384_legacy,2,family_leak,clean_validation,1.5413526792298293,8451,,family_8209ef2211a8fa80,662
tcn_384_legacy,2,family_leak,clean_validation,1.1995381205005848,1880,,family_534587ddf3c590a6,507
tcn_384_legacy,2,family_leak,clean_validation,1.105981365927747,13034,,family_88000d4a34b43f6f,109
tcn_384_legacy,2,family_leak,clean_validation,1.3584023714065552,357,,family_09ba6788519a60f2,293
tcn_384_legacy,2,family_leak,clean_validation,1.2721327043392006,3111,,family_3297a1612112b3a9,99
tcn_384_legacy,2,family_leak,clean_validation,1.214129829725073,5018,,family_77156022943ef360,516
tcn_384_legacy,2,family_leak,clean_validation,1.02691806621817,7328,,family_843eb0e7d3797357,673
tcn_384_legacy,2,family_leak,clean_validation,1.469851133874795,3015,,family_e3e1e8490f43c6b7,67
tcn_384_legacy,2,family_leak,clean_validation,0.8455464603161587,1377,,family_33bc1bfb24a91122,238
tcn_384_legacy,2,family_leak,clean_validation,0.715222179889679,201,,family_cef9e09ff37dd808,56
tcn_384_legacy,2,family_leak,clean_validation,1.071152252974216,5248,,family_85be83889927906f,367
tcn_384_legacy,2,family_leak,clean_validation,1.4820755510987336,1727,,family_933c96d2bfde210b,303
tcn_384_legacy,2,family_leak,clean_validation,1.6523904543203913,10048,,family_113476d14044fff1,478
tcn_384_legacy,2,family_leak,clean_validation,1.3408996590002646,15822,,family_b2cc89a22bd3650f,259
tcn_384_legacy,2,family_leak,clean_validation,1.1990572017274628,14004,,family_009b778c57456b7a,244
tcn_384_legacy,2,family_leak,clean_validation,1.141874415954706,1902,,family_38ceea7c76f255b3,343
tcn_384_legacy,2,family_leak,clean_validation,1.4142807722091675,442,,family_7a48a7509f2ed688,646
tcn_384_legacy,2,family_leak,clean_validation,1.5663037716152788,11424,,family_a9e91a290c2b5c30,651
tcn_384_legacy,2,family_leak,clean_validation,0.945850977205887,3612,,family_b22cb24378dd7aaa,550
tcn_384_legacy,2,family_leak,clean_validation,1.1581691708779112,1179,,family_bdd6debf555477b4,78
tcn_384_legacy,2,family_leak,clean_validation,1.0930694080197687,2478,,family_d997865401469e31,454
tcn_384_legacy,2,family_leak,clean_validation,1.0596970846935292,14923,,family_1a70716ad19cc9d6,328
tcn_384_legacy,2,family_leak,clean_validation,0.9335381637242527,7486,,family_cbf8d1e12b32df90,586
tcn_384_legacy,2,family_leak,clean_validation,1.8411248922348022,102,,family_1423635df94c5343,577
tcn_384_legacy,2,family_leak,clean_validation,1.5651005239686335,6210,,family_5ec977e50f88a732,635
tcn_384_legacy,2,family_leak,clean_validation,2.1291344165802,46,,family_13449e7cf493b2f6,192
tcn_384_legacy,2,family_leak,clean_validation,1.5188624794796854,1619,,family_fb7471c20f2b4aed,218
tcn_384_legacy,2,family_leak,clean_validation,1.495396856927035,1425,,family_502f200f3e0313b3,374
tcn_384_legacy,2,family_leak,clean_validation,1.4192765975515567,5579,,family_06f033ae1dede60a,166
tcn_384_legacy,2,family_leak,clean_validation,0.7259361472926809,3871,,family_d5bc99ec8cbbe193,352
tcn_384_legacy,2,family_leak,clean_validation,1.222218663347841,844,,family_a913d556915e01ff,319
tcn_384_legacy,2,family_leak,clean_validation,1.4911642670631409,462,,family_26d482864d00ab2a,453
tcn_384_legacy,2,family_leak,clean_validation,1.2845789344877658,593,,family_9e1b57363d3766ce,356
tcn_384_legacy,2,family_leak,clean_validation,1.255624568419002,20615,,family_b4dc091216fd58c5,32
tcn_384_legacy,2,family_leak,clean_validation,1.3425302246898518,839,,family_dd4daa9a12128180,256
tcn_384_legacy,2,family_leak,clean_validation,1.3562078884239104,12260,,family_6e4ca288c20596c8,249
tcn_384_legacy,2,family_leak,clean_validation,1.536396352974493,7092,,family_eb607bef12aaa172,502
tcn_384_legacy,2,family_leak,clean_validation,1.393667651946286,498,,family_04b84faa8791236a,487
tcn_384_legacy,2,family_leak,clean_validation,1.3557304638350558,2505,,family_d3c3ffd4bf041662,85
tcn_384_legacy,2,family_leak,clean_validation,1.638526176847024,2643,,family_d204b7d342411c5e,677
tcn_384_legacy,2,family_leak,clean_validation,1.500676695894634,49132,,family_82c86f72a6ba2d05,680
tcn_384_legacy,2,family_leak,clean_validation,1.775183029462232,9141,,family_213ae165418380ad,206
tcn_384_legacy,2,family_leak,clean_validation,1.4601733684539795,206,,family_b4ad6d59b30dc431,658
tcn_384_legacy,2,family_leak,clean_validation,1.0069313770562665,5751,,family_66bfed3171c47d48,308
tcn_384_legacy,2,family_leak,clean_validation,1.2298465823046205,1191,,family_1042e6cfc0da940b,561
tcn_384_legacy,2,family_leak,clean_validation,1.0726663510766747,1825,,family_1b004e877fd9c150,444
tcn_384_legacy,2,family_leak,clean_validation,1.1203970693656577,3043,,family_cd0df1b5c356cfbf,40
tcn_384_legacy,2,family_leak,clean_validation,0.9767347609929445,6195,,family_87bb078a1609e1d4,594
tcn_384_legacy,2,family_leak,clean_validation,0.8336370559523131,5398,,family_365ed3f794ae6917,636
tcn_384_legacy,2,family_leak,clean_validation,1.310833426806687,5270,,family_64aded009d0aa19d,252
tcn_384_legacy,2,family_leak,clean_validation,1.603739619255066,126,,family_62119591a5d0e802,591
tcn_384_legacy,2,family_leak,clean_validation,1.3883406642445346,1425,,family_2573c0454c4f3b47,170
tcn_384_legacy,2,family_leak,clean_validation,1.3596071863501538,3936,,family_784552c59e6cde90,116
tcn_384_legacy,2,family_leak,clean_validation,1.2313743622140874,8970,,family_a0873d1045e6de73,179
tcn_384_legacy,2,family_leak,clean_validation,1.3133412599563599,261,,family_d7f647fc704e4090,503
tcn_384_legacy,2,family_leak,clean_validation,1.23603093624115,582,,family_de177b5bfd3b4ad4,36
tcn_384_legacy,2,family_leak,clean_validation,1.4781789779663086,271,,family_57d0908d211a3aeb,446
tcn_384_legacy,2,family_leak,clean_validation,1.3157401084899902,221,,family_5f8fbce42478804e,652
tcn_384_legacy,2,family_leak,clean_validation,1.5086025197257729,2286,,family_48d0cb7d67246d93,483
tcn_384_legacy,2,family_leak,clean_validation,1.1320829260907443,598,,family_9f0867df23aab646,64
tcn_384_legacy,2,family_leak,clean_validation,1.1590302966487023,1550,,family_60fbccdcfac8d45f,201
tcn_384_legacy,2,family_leak,clean_validation,1.2025478315210092,3993,,family_222129623ae1d868,331
tcn_384_legacy,2,family_leak,clean_validation,1.6952081194334623,3553,,family_d12ec4943d04fda6,381
tcn_384_legacy,2,family_leak,clean_validation,1.5383704900741577,613,,family_ca5f7811310d4979,421
tcn_384_legacy,2,family_leak,clean_validation,1.316491523090601,8917,,family_1a9b3b213cd3f0fe,289
tcn_384_legacy,2,family_leak,clean_validation,1.0379984849876103,6357,,family_8597a33e1a97ed61,234
tcn_384_legacy,2,family_leak,clean_validation,1.0053211450576782,331,,family_34fbf3c76cd35578,445
tcn_384_legacy,2,family_leak,clean_validation,1.5655227840923873,1525,,family_064fc18d23d7f6e0,171
tcn_384_legacy,2,family_leak,clean_validation,0.9096917105034322,13091,,family_1cb15a71042b13f5,469
tcn_384_legacy,2,family_leak,clean_validation,1.0400164817432755,412,,family_e6b4aacd5803536e,674
tcn_384_legacy,2,family_leak,clean_validation,1.1722417952959168,2764,,family_387cf57640b6d8de,4
tcn_384_legacy,2,family_leak,clean_validation,1.3210087278892193,15176,,family_2decb8320f2dfd02,113
tcn_384_legacy,2,family_leak,clean_validation,1.8541355400344057,15931,,family_ac0f9bcdce618038,518
tcn_384_legacy,2,family_leak,clean_validation,1.2769426107406616,221,,family_59a690110c469b8f,282
tcn_384_legacy,2,family_leak,clean_validation,1.4023469686508179,177,,family_242be05bb379eeaa,486
tcn_384_legacy,2,family_leak,clean_validation,1.3552058935165405,291,,family_8adbaad5b4f10b73,250
tcn_384_legacy,2,family_leak,clean_validation,1.2341732736565318,5841,,family_e7650acc72c99e33,285
tcn_384_legacy,2,family_leak,clean_validation,1.5989940245371892,2629,,family_cc51c1d0bd72fc52,517
tcn_384_legacy,2,family_leak,clean_validation,1.2999929189682007,271,,family_1fc3e8d69842199a,346
tcn_384_legacy,2,family_leak,clean_validation,1.3701040084158762,6498,,family_44bf22828218a5dc,223
tcn_384_legacy,2,family_leak,clean_validation,1.7398356614500712,1045,,family_423514ea82205c90,118
tcn_384_legacy,2,family_leak,clean_validation,1.1783130053639423,11303,,family_d065b978d8d6363c,233
tcn_384_legacy,2,family_leak,clean_validation,1.0628249266382988,13543,,family_34c0276853df68f6,592
tcn_384_legacy,2,family_leak,clean_validation,0.9416305924218799,1260,,family_1086f01990d35911,161
tcn_384_legacy,2,family_leak,clean_validation,1.2401491020955169,6524,,family_272ea12129852d21,83
tcn_384_legacy,2,family_leak,clean_validation,1.1267440777158113,458,,family_ab58c5df98c64c96,242
tcn_384_legacy,2,family_leak,clean_validation,0.6624917539031493,6518,,family_05ac1b1c30b4cc2e,514
tcn_384_legacy,2,family_leak,clean_validation,1.4768293149013714,20441,,family_57e56909cbd77983,472
tcn_384_legacy,2,family_leak,clean_validation,0.794243335723877,201,,family_5dd2a8be853b78e8,22
tcn_384_legacy,2,family_leak,clean_validation,1.5052604220550636,1856,,family_9830d264b28c22a3,68
tcn_384_legacy,2,family_leak,clean_validation,1.0223886966705322,196,,family_142c201c93af1056,55
tcn_384_legacy,2,family_leak,clean_validation,1.3160937821906715,859,,family_8dee2f974b6e774e,17
tcn_384_legacy,2,family_leak,clean_validation,1.171093969678747,7603,,family_1714b2bcb66f3a32,411
tcn_384_legacy,2,family_leak,clean_validation,1.481783351685348,4503,,family_0b7033c8335243d6,210
tcn_384_legacy,2,family_leak,clean_validation,1.6024464999762342,30865,,family_f7fc3a6587acd552,669
tcn_384_legacy,2,family_leak,clean_validation,1.0305381407325294,1318,,family_3073b2c859362b6b,537
tcn_384_legacy,2,family_leak,clean_validation,1.252737045288086,682,,family_1022f1461ea02448,297
tcn_384_legacy,2,family_leak,clean_validation,1.1712126731872559,101,,family_ccc461da40d9ac0d,420
tcn_384_legacy,2,family_leak,clean_validation,1.4775320715214832,6806,,family_4c7eec40a9857f16,668
tcn_384_legacy,2,family_leak,clean_validation,0.6681537288080516,1856,,family_ea447f225e37bcff,496
tcn_384_legacy,2,family_leak,clean_validation,2.1931205398589864,7555,,family_3335e158c995dd8a,148
tcn_384_legacy,2,family_leak,clean_validation,1.2165535402005705,12481,,family_d521b23ed1f019c7,121
tcn_384_legacy,2,family_leak,clean_validation,1.3514257191017682,5235,,family_0134076cacfda355,392
tcn_384_legacy,2,family_leak,clean_validation,1.5338255564371746,738,,family_56b2cba7fc132ef1,574
tcn_384_legacy,2,family_leak,clean_validation,1.2722939955045098,1022,,family_442e47d64373ea42,214
tcn_384_legacy,2,family_leak,clean_validation,1.142873288004844,2076,,family_81ddae8c86d6f244,388
tcn_384_legacy,2,family_leak,clean_validation,1.3679780245427822,1191,,family_c182d668dd0813f1,368
tcn_384_legacy,2,family_leak,clean_validation,1.1757503677051044,824,,family_3619ff0a23b6cf76,583
tcn_384_legacy,2,family_leak,clean_validation,1.1787616696984289,2344,,family_8d7f055fadcc2466,554
tcn_384_legacy,2,family_leak,clean_validation,1.291809954825518,9248,,family_47eed942bba714a7,119
tcn_384_legacy,2,family_leak,clean_validation,1.4246894121170044,331,,family_4ad0ed70281e61b7,697
tcn_384_legacy,2,family_leak,clean_validation,0.8826791354838539,1428,,family_2caaaadc23ec98ec,248
tcn_384_legacy,2,family_leak,clean_validation,0.9618292443966739,945,,family_762c3082afd0d823,337
tcn_384_legacy,2,family_leak,clean_validation,1.2056077673348824,5437,,family_fb27253a42766057,212
tcn_384_legacy,2,family_leak,clean_validation,1.4282193475511697,2371,,family_892f6f575ad06fdb,351
tcn_384_legacy,2,family_leak,clean_validation,1.231058513323466,1200,,family_8aa0ed5e323eeb0d,195
tcn_384_legacy,2,family_leak,clean_validation,1.362499321483205,18135,,family_7069de93803bf73e,510
tcn_384_legacy,2,family_leak,clean_validation,0.970991223952118,4240,,family_d6ff844172b34405,280
tcn_384_legacy,2,family_leak,clean_validation,1.045803986029808,3515,,family_01939a8c620ed9e1,610
tcn_384_legacy,2,family_leak,clean_validation,1.0076388370690705,5006,,family_94b530a2eeef7b05,675
tcn_384_legacy,2,family_leak,clean_validation,0.6242646353878437,523,,family_b298a2c79b9acf61,186
tcn_384_legacy,2,family_leak,clean_validation,1.591140641876169,6660,,family_4a86fa42bce94e67,26
tcn_384_legacy,2,family_leak,clean_validation,1.2035210132598877,497,,family_7af8a28c6e85bc8b,141
tcn_384_legacy,2,family_leak,clean_validation,2.4387428760528564,11,,family_99483ac7e710751f,175
tcn_384_legacy,2,family_leak,clean_validation,1.2144992248956548,860,,family_644383b9a5c7153d,50
tcn_384_legacy,2,family_leak,clean_validation,1.140358273305145,714,,family_e08ea0e927cfea58,369
tcn_384_legacy,2,family_leak,clean_validation,1.3025510088794643,5217,,family_44cee7ecbafdaa0c,628
tcn_384_legacy,2,family_leak,clean_validation,1.3486167776290465,2391,,family_46ee5adc2c70d33b,312
tcn_384_legacy,2,family_leak,clean_validation,0.7341635227203369,226,,family_363f18ff9cdd663b,101
tcn_384_legacy,2,family_leak,clean_validation,1.082669479883402,3794,,family_0f72232dcd828b96,526
tcn_384_legacy,2,family_leak,clean_validation,1.1956541514966432,2971,,family_97eeaf7b4a9c3731,434
tcn_384_legacy,2,family_leak,clean_validation,1.2693191157784232,7619,,family_09e1821e1435425f,490
tcn_384_legacy,2,family_leak,clean_validation,1.5032140016555786,301,,family_3e481fb1fbc87581,596
tcn_384_legacy,2,family_leak,clean_validation,0.7433542473591825,3261,,family_a43a516a7577f1ec,398
tcn_384_legacy,2,family_leak,clean_validation,0.7773395627296704,20304,,family_c70bbb1238ec368c,338
tcn_384_legacy,2,family_leak,clean_validation,1.592147997063639,14843,,family_e7c9171f786b99da,183
tcn_384_legacy,2,family_leak,clean_validation,1.0568169355392456,583,,family_eac4733b2dae986d,69
tcn_384_legacy,2,family_leak,clean_validation,1.318056069368169,10963,,family_dcee5dfcf9fc6031,489
tcn_384_legacy,2,family_leak,clean_validation,1.7728777941638814,1086,,family_ba88844813c478c8,488
tcn_384_legacy,2,family_leak,clean_validation,1.2813941844313061,3671,,family_e3b1d0c18a60396e,626
tcn_384_legacy,2,family_leak,clean_validation,1.4780641478113181,2870,,family_455ecec853565931,619
tcn_384_legacy,2,family_leak,clean_validation,1.4677499532699585,291,,family_db0f95ba35a66044,329
tcn_384_legacy,2,family_leak,clean_validation,1.5276346394567653,7391,,family_f4900aed0a1c77c5,268
tcn_384_legacy,2,family_leak,clean_validation,1.1039315336151903,3814,,family_641e72e8ff1c1166,146
tcn_384_legacy,2,family_leak,clean_validation,1.266234724440666,14163,,family_2312c27769277b81,470
tcn_384_legacy,2,family_leak,clean_validation,1.1060223659806512,3944,,family_1e6bf6c8d5b78e1a,640
tcn_384_legacy,2,family_leak,clean_validation,0.9326208899360481,7532,,family_502e6b70666e84f8,162
tcn_384_legacy,2,family_leak,clean_validation,1.3793985491230338,619,,family_a55f889fcbd8ead5,59
tcn_384_legacy,2,family_leak,clean_validation,0.9384633302688599,487,,family_d9ef2ad04ba5030a,94
tcn_384_legacy,2,family_leak,clean_validation,1.6827836287850364,3740,,family_6ecb17a2196b524b,216
tcn_384_legacy,2,family_leak,clean_validation,0.9150577741026039,21036,,family_6eb33acc697900b1,189
tcn_384_legacy,2,family_leak,clean_validation,1.106367628864833,15489,,family_71038ecc81cc310d,567
tcn_384_legacy,2,family_leak,clean_validation,1.4840135474260758,7528,,family_43d070bb1d4728eb,436
tcn_384_legacy,2,family_leak,clean_validation,1.428607310588136,4143,,family_e943e5ae3161e964,215
tcn_384_legacy,2,family_leak,clean_validation,1.4229505329760492,1639,,family_977c404bc438de36,129
tcn_384_legacy,2,family_leak,clean_validation,1.3275202927883476,1654,,family_eb05ccf771a0f6fa,167
tcn_384_legacy,2,family_leak,clean_validation,1.3131465352052614,658,,family_f76575f43ce9f715,211
tcn_384_legacy,2,family_leak,clean_validation,1.4018362760543823,126,,family_c44c8014b64e9662,271
tcn_384_legacy,2,family_leak,clean_validation,1.4094587546014934,1615,,family_db3db1576a406cc8,647
tcn_384_legacy,2,family_leak,clean_validation,1.077362495575377,3001,,family_74d6ca4f4b3ca714,198
tcn_384_legacy,2,family_leak,clean_validation,1.3017534758707219,13326,,family_e28197e9cf6fc68d,82
tcn_384_legacy,2,family_leak,clean_validation,1.5574127595123377,5959,,family_1bbcc4218f93ca73,585
tcn_384_legacy,2,family_leak,clean_validation,0.7740243155631189,5926,,family_6efa1cacb9ad3d66,450
tcn_384_legacy,2,family_leak,clean_validation,1.297591976595343,1483,,family_293d3c58434ea432,424
tcn_384_legacy,2,family_leak,clean_validation,1.5613822634134698,307,,family_bb7a3764a0cb51ef,185
tcn_384_legacy,2,family_leak,clean_validation,0.6705869455601128,3853,,family_ce939a871f73797e,654
tcn_384_legacy,2,family_leak,clean_validation,0.8300037573394845,11511,,family_bf58440f90351608,656
tcn_384_legacy,2,family_leak,clean_validation,1.4005721481956772,47814,,family_b13e3197621b6a67,665
tcn_384_legacy,2,family_leak,clean_validation,1.4483455728721433,5155,,family_e5b4b48758cc10cf,0
tcn_384_legacy,2,family_leak,clean_validation,1.0951341379520505,10750,,family_873455800f3af360,90
tcn_384_legacy,2,family_leak,clean_validation,0.6738491468493221,1648,,family_5b4f410a68b26980,294
tcn_384_legacy,2,family_leak,clean_validation,1.4214515879356966,6820,,family_6555b7af6b1e876d,333
tcn_384_legacy,2,family_leak,clean_validation,0.6384361821747114,9581,,family_c8ed53e602d47d77,373
tcn_384_legacy,2,family_leak,clean_validation,0.9319069010870797,910,,family_b7724334fda37767,2
tcn_384_legacy,2,family_leak,clean_validation,1.113123060994338,6232,,family_e1e6b4777ab2f0d3,525
tcn_384_legacy,2,family_leak,clean_validation,0.9851190249263493,10054,,family_68b8fd69ce397884,205
tcn_384_legacy,2,family_leak,clean_validation,1.2815886735916138,261,,family_4484ffde0b8eeb1e,468
tcn_384_legacy,2,family_leak,clean_validation,1.5287818799023816,5772,,family_f6c8d7d7ccb2fb7c,659
tcn_384_legacy,2,family_leak,clean_validation,1.216073566834189,8322,,family_bf5e46a018cc309f,91
tcn_384_legacy,2,family_leak,clean_validation,1.5418080586125247,3333,,family_74d92a6b925fff2b,361
tcn_384_legacy,2,family_leak,clean_validation,1.6960138339870023,755,,family_fecd8209b4231ff0,562
tcn_384_legacy,2,family_leak,clean_validation,1.2934934004443879,1047,,family_a5b4b56c411c3e3e,19
tcn_384_legacy,2,family_leak,clean_validation,1.2160101308879137,3038,,family_125b174edd279860,622
tcn_384_legacy,2,family_leak,clean_validation,1.3968311290705688,12165,,family_4fd03386572a5e7d,49
tcn_384_legacy,2,family_leak,clean_validation,1.3241589137790155,784,,family_b683e3dda3d53d7d,499
tcn_384_legacy,2,family_leak,clean_validation,1.132759590150242,5434,,family_7cc38e130f767be2,152
tcn_384_legacy,2,family_leak,clean_validation,1.4633419378669914,2004,,family_c1cf47c50b324615,620
tcn_384_legacy,2,family_leak,clean_validation,1.1810611486434937,277,,family_e6f89a8fd4c28042,671
tcn_384_legacy,2,family_leak,clean_validation,1.2969095024490638,5436,,family_f32207a4bd1be5f3,641
tcn_384_legacy,2,family_leak,clean_validation,1.2651800825171275,730,,family_750c1b7c9293fca0,555
tcn_384_legacy,2,family_leak,clean_validation,0.6069555406867748,2518,,family_dff095b3f9ea4486,228
tcn_384_legacy,2,family_leak,clean_validation,1.1779749277933673,1393,,family_03f94974e43a6f72,219
tcn_384_legacy,2,family_leak,clean_validation,0.9968775154199409,11470,,family_20755f596dac4ad8,538
tcn_384_legacy,2,family_leak,clean_validation,0.7090760371041337,11134,,family_a5fb3561532a1515,251
tcn_384_legacy,2,family_leak,clean_validation,1.3368077948400248,10047,,family_09f185032eec1684,15
tcn_384_legacy,2,family_leak,clean_validation,1.1673447175315481,2108,,family_449b876c5d7555de,648
tcn_384_legacy,2,family_leak,clean_validation,1.6090311600045981,9757,,family_17c63d0cae51b4f0,552
tcn_384_legacy,2,family_leak,clean_validation,1.4647107183274817,1901,,family_a7e7611a4fb45bb8,181
tcn_384_legacy,2,family_leak,clean_validation,1.1045873131780133,21536,,family_a0087912e552c325,160
tcn_384_legacy,2,family_leak,clean_validation,1.5327484634298074,13175,,family_26c7d9fe4637a87f,639
tcn_384_legacy,2,family_leak,clean_validation,1.5350228356554931,11417,,family_7c0ce9b52a4fb354,384
tcn_384_legacy,2,family_leak,clean_validation,1.2351713107229643,12236,,family_ce42ac82cf5b7aa5,491
tcn_384_legacy,2,family_leak,clean_validation,1.5986879439642312,926,,family_d1384d3d5b8f3e4a,325
tcn_384_legacy,2,family_leak,clean_validation,0.9740867438243035,8976,,family_a4ec6bc987630263,480
tcn_384_legacy,2,family_leak,clean_validation,0.8560074975119417,2274,,family_d7fd034f32743816,614
tcn_384_legacy,2,family_leak,clean_validation,1.081775601222819,4080,,family_9ee07f048eddd3ef,605
tcn_384_legacy,2,family_leak,clean_validation,1.7986952159987641,9874,,family_d5db7a666d5cdce4,432
tcn_384_legacy,2,family_leak,clean_validation,0.9553917646408081,693,,family_e3990e8f3e5a019e,29
tcn_384_legacy,2,family_leak,clean_validation,1.097623348236084,402,,family_424ba6cfeb2d4b06,347
tcn_384_legacy,2,family_leak,clean_validation,1.3983584731017618,2758,,family_1584dac71c5d3b21,417
tcn_384_legacy,2,family_leak,clean_validation,0.8249728996987676,1559,,family_71b49a81405adf23,28
tcn_384_legacy,2,family_leak,clean_validation,0.860548670896429,3865,,family_02cd0d0062e7f2f0,136
tcn_384_legacy,2,family_leak,clean_validation,1.2243067492210942,6113,,family_f6a9ab27f75aaa2c,237
tcn_384_legacy,2,family_leak,clean_validation,3.1724679470062256,56,,family_fa6d03faa672f307,607
tcn_384_legacy,2,family_leak,clean_validation,1.2066490385102004,1601,,family_32ee5e4e0bf64290,575
tcn_384_legacy,2,family_leak,clean_validation,1.3136321678703402,1373,,family_4b03c0c9196cb057,642
tcn_384_legacy,2,family_leak,clean_validation,1.249018705290779,33265,,family_084d50552be46593,431
tcn_384_legacy,2,family_leak,clean_validation,1.1368188858032227,216,,family_f9eef55626121ccd,456
tcn_384_legacy,2,family_leak,clean_validation,1.7095141602653365,2579,,family_f3c41c0d722fe806,299
tcn_384_legacy,2,family_leak,clean_validation,1.384133387415132,8074,,family_830520441d24c99b,281
tcn_384_legacy,2,family_leak,clean_validation,1.489264459364599,1574,,family_0bcfa76d0d0ba6c7,204
tcn_384_legacy,2,family_leak,clean_validation,1.1542610635657267,4379,,family_49c1e82f118ffcdb,155
tcn_384_legacy,2,family_leak,clean_validation,2.159522771835327,37,,family_60813f1989c300e9,547
tcn_384_legacy,2,family_leak,clean_validation,1.0996658282782636,4098,,family_b9e55910bfee8055,104
tcn_384_legacy,2,family_leak,clean_validation,1.1043270309707955,683,,family_b5e8954b16e48222,6
tcn_384_legacy,2,family_leak,clean_validation,0.7834442257881165,181,,family_a8682c6d911fc3b8,566
tcn_384_legacy,2,family_leak,clean_validation,1.3192671131646858,12601,,family_f8ba51ce9495f2bd,416
tcn_384_legacy,2,family_leak,clean_validation,1.1403014412097738,4366,,family_71a60fbe7040f158,38
tcn_384_legacy,2,family_leak,clean_validation,1.2986505031585693,437,,family_336e1c704addf9f3,393
tcn_384_legacy,2,family_leak,clean_validation,0.7472339306981111,1452,,family_ce5ee93c94f8cb47,427
tcn_384_legacy,2,family_leak,clean_validation,1.3483333092525445,11788,,family_ba5a886f795d4f27,345
tcn_384_legacy,2,family_leak,clean_validation,1.4278638465430147,372,,family_3812a654a3d8068e,314
tcn_384_legacy,2,family_leak,clean_validation,0.8616229494041966,3751,,family_043b81d25e57bda6,14
tcn_384_legacy,2,family_leak,clean_validation,1.4052664323503592,1598,,family_60dc4c06abba1219,316
tcn_384_legacy,2,family_leak,clean_validation,0.975983258469464,365,,family_0967320075dd090a,544
tcn_384_legacy,2,family_leak,clean_validation,1.5633130803782278,573,,family_4cbe424968d7c5e7,277
