seed,condition,cohort,nll,token_count,family_id,family_order
0,clean,treated,0.6283755242488253,3013,family_f62176e3e9e80995,9
0,clean,treated,0.6116984863824482,1817,family_372bca09daa2e59c,16
0,clean,treated,0.5795210615725352,1450,family_7372cedf8e9b0da9,20
0,clean,treated,0.6486180588796542,1925,family_d146c709b6d57006,22
0,clean,treated,0.6604903072508091,24342,family_f676c1a274b9fc25,27
0,clean,treated,0.8677817328643666,7180,family_38aef633ce47c55b,30
0,clean,treated,0.6112445988734374,2105,family_606242910f42ab8e,31
0,clean,treated,0.5659971752155177,18751,family_14100b61aef92451,32
0,clean,treated,0.5020674104767817,2160,family_b79ba27218cfec3a,45
0,clean,treated,0.5753180737742131,6011,family_10ea4c959d508d3a,53
0,clean,treated,0.5858771735141848,973,family_54cada16b34da893,67
0,clean,treated,0.9975723571302006,12399,family_d00ed582e8933047,69
0,clean,treated,0.45780078375244637,16084,family_f44b2ae87e6c19c9,75
0,clean,treated,0.6581819638342716,3458,family_43eb9f3c79bfa424,77
0,clean,treated,0.7318938767165801,5222,family_7ba5737bedbb0ebb,90
0,clean,treated,0.13195248370390927,4588,family_9fcfd1f061a07fdd,96
0,clean,treated,0.7182967726791697,3419,family_92111478a4e4dc10,114
0,clean,treated,0.6939014679073878,5531,family_0d96bd7e73513afe,121
0,clean,treated,0.6680807645328238,4219,family_e05b3b80c8af829a,141
0,clean,treated,0.7317623162205128,9616,family_6c4da332ef0988d1,142
0,clean,treated,0.6322977339951135,5337,family_c5efd28cb58a7154,153
0,clean,treated,0.5880294101413883,21679,family_602f06061ae180d5,155
0,clean,treated,0.5910886281026155,7228,family_39e9d2f6901e2c3c,158
0,clean,treated,0.43964887237536215,5672,family_a492c7d45a2a101f,161
0,clean,treated,0.383779802773671,5682,family_d8af1edd7b3a915e,163
0,clean,treated,0.47442253993055916,885,family_5f8029db8371e627,165
0,clean,treated,0.6164390780077019,9860,family_e030933a6e53e46b,168
0,clean,treated,0.6901363634562993,2288,family_bb71b9ef2d24550b,173
0,clean,treated,0.6503735577766898,2561,family_e41e34f36378682d,178
0,clean,treated,0.3472815234347304,3495,family_412cd5d8186672af,180
0,clean,treated,0.7234248026688392,3170,family_3aa7a20bd53365ee,195
0,clean,treated,0.6170762943754127,7958,family_f504f3830437dcae,198
0,clean,treated,0.5947580638158354,2968,family_c6c852f0526b7ae7,202
0,clean,treated,0.5323430317521884,1510,family_3118a97dac7df7b9,210
0,clean,treated,0.5821405160413444,20961,family_2d9ae7dd453e8ed5,227
0,clean,treated,0.5405848049289197,6203,family_5cb0d0cb4b5fec1d,233
0,clean,treated,1.1041030883789062,21,family_a03ceb6bd35e9a91,239
0,clean,treated,0.31621750206770544,998,family_116f02d2c90563fb,242
0,clean,treated,0.8147746363271444,3047,family_b2530645f1ddb95c,250
0,clean,treated,0.754295617674338,8788,family_66d00c35f9b4c3e5,252
0,clean,treated,0.4913684899326602,20895,family_5e3e997400ef55a6,254
0,clean,treated,0.7830503114775805,4447,family_058b5f5b307b1065,262
0,clean,treated,0.6384348197917892,2444,family_031ad2b389fe0cfe,265
0,clean,treated,0.6100213725198029,13148,family_716b7f5021a82ccf,270
0,clean,treated,0.1344023819269049,4588,family_dfc0de51587939cb,276
0,clean,treated,0.6568913103525833,2426,family_0b1b5d8b94feabb4,277
0,clean,treated,0.6291409178309277,6119,family_763b9e5cc1615062,284
0,clean,treated,0.5361223222305066,2618,family_46272ba2e3baaec4,287
0,clean,treated,0.7316909227561528,3608,family_91ac71586309274f,291
0,clean,treated,0.6114867979597404,5126,family_ef7c669ce887d98d,306
0,clean,treated,0.3948503303194138,8288,family_69280d70016898d4,315
0,clean,treated,0.5375671235979833,7074,family_e26c412d2bf4ef23,334
0,clean,treated,0.80069496822925,7054,family_5bd41b6f65a3fa08,338
0,clean,treated,0.7070693137773093,1329,family_2a9acaaaa206857f,345
0,clean,treated,0.6077803433879675,3367,family_8626120333d3a6fd,352
0,clean,treated,0.6179463583190262,2489,family_af71579703adab9b,354
0,clean,treated,0.8431307312804982,2170,family_961ce22dc50c2496,385
0,clean,treated,0.6880564292023068,11177,family_4020f09183bfa8c1,392
0,clean,treated,0.8813226934607368,5436,family_9f027a57e4f4ec31,399
0,clean,treated,0.7822834253311157,342,family_13798f417b635e9a,401
0,clean,treated,0.45077428132363234,8373,family_3d13c5c8c00a7596,406
0,clean,treated,0.612604258747629,3846,family_92206bde258af4e4,411
0,clean,treated,0.7794802673345581,11304,family_9bd228a47681c7b2,412
0,clean,treated,0.894799638004578,6866,family_a55e4bdb2c90ea5b,424
0,clean,treated,0.4826145179662357,2252,family_adc8419161645915,426
0,clean,treated,0.5990418923272891,14110,family_76bd9632508fc892,441
0,clean,treated,0.5747562960412712,1939,family_f52b6909b0ebd60b,459
0,clean,control,0.3252588126298057,1511,family_ceaf8a343a31cbd9,18
0,clean,control,0.31664473320117587,1479,family_dd63a4fd117ff862,101
0,clean,control,0.7795979047860488,3167,family_52b6f81b853b12ca,33
0,clean,control,0.9696151975909573,6583,family_e166239f4cce0cbc,403
0,clean,control,0.3764038086707089,3098,family_b976189e2858871b,98
0,clean,control,0.6085052280971894,1568,family_ba5cd8130b572f33,146
0,clean,control,0.651294441666034,33430,family_98b6d659a93238e0,414
0,clean,control,0.44288669500757416,10042,family_41e212eb6a6f1251,199
0,clean,control,0.340297132730484,5316,family_35a8274c2c9e03b7,436
0,clean,control,0.31612426377818215,10156,family_22ce6dcdaaacc1b3,383
0,clean,control,0.8800293909468848,12560,family_f24faf403f0945b9,118
0,clean,control,0.6071582359361016,11087,family_56ee0f65aee3b01a,416
0,clean,control,0.47938086967018834,2992,family_a84fdd88fca1dd99,368
0,clean,control,0.5299378423929377,2938,family_14836bf70ba6bcc9,139
0,clean,control,0.5438464962055324,6475,family_161d3f17d2de86cc,245
0,clean,control,0.7476236192907568,1811,family_09f6c0e15252a8f3,230
0,clean,control,0.8171748175147714,1491,family_8ccf630c818a7c69,390
0,clean,control,0.5263231893453487,10886,family_10c3be0f4e5ac610,119
0,clean,control,0.5573494544735661,1269,family_7dccd114e1c42fda,422
0,clean,control,0.5896372750473483,414,family_098eba68cc7a5705,297
0,clean,control,0.7142752063465628,935,family_e74855c30bc72109,288
0,clean,control,0.8457837215376116,663,family_5cb426dcc2868bf0,80
0,clean,control,0.42791138105702886,8694,family_5599c85abb41e72e,79
0,clean,control,0.73954005657984,7792,family_20959b526eb3f90b,409
0,clean,control,0.47508241884619185,5959,family_81caaa199e04696e,0
0,clean,control,0.43022791041495634,2097,family_e8fbaa3c44712ef8,275
0,clean,control,0.40752272017655394,1489,family_27dd5edc76fc8784,221
0,clean,control,0.6807995289711615,16166,family_fe02b4f4619b881d,226
0,clean,control,0.7836166024208069,2986,family_f91bbb3ed944db7f,348
0,clean,control,0.8323541596839562,13560,family_2609262775f19fee,130
0,clean,control,1.0264711241480176,1222,family_176e7f37ba5c58aa,402
0,clean,control,0.7962250448074333,9137,family_aa758de10b858582,219
0,clean,control,0.6897567021860321,3519,family_0f71bd81fce2ffce,24
0,clean,control,0.4470570249648034,474,family_e7f08820ef277e3f,236
0,clean,control,0.6102282584743973,3702,family_98f3631f76084496,423
0,clean,control,0.7684368025342503,5621,family_359bf4cb84d86e8e,251
0,clean,control,0.5074483515391993,2904,family_208e11010803c426,362
0,clean,control,0.7013654196938061,14008,family_012ed35c0fd13d06,55
0,clean,control,0.5518948679014253,17427,family_90c57504d43c4f71,319
0,clean,control,0.38937991309221887,5968,family_9dbf43a9d569c04f,181
0,clean,control,0.6330601594835051,5730,family_8ba71a11594a0b10,326
0,clean,control,0.6079531422237945,1530,family_e38bf4eb3506f212,56
0,clean,control,0.6093416968703548,4290,family_ca6161b56d80cab2,398
0,clean,control,0.7294726173845317,6255,family_b4dfbc9dfe23dd94,105
0,clean,control,0.9193002360173395,11668,family_44153237d3401d70,434
0,clean,control,0.581186287480743,11424,family_b1bfbd4df51d3281,5
0,clean,control,0.4163169339711748,903,family_489085f0784e16ac,167
0,clean,control,0.627213021240754,2129,family_960f71ee7da5de06,269
0,clean,control,0.2860290962453948,1607,family_15270847da98bf26,347
0,clean,control,0.5132780833000486,3960,family_58ec76f0444692f7,157
0,clean,control,0.5879308653233093,19897,family_8a0b900fe4ce844d,360
0,clean,control,0.5306011986944132,3999,family_95ae66ec7f1b9697,448
0,clean,control,0.9003235321044922,875,family_12b4e37d97465d0a,418
0,clean,control,0.35294082922409276,3670,family_c29fb15617d16c65,329
0,clean,control,0.46447654485749007,1282,family_531a64b78d3f6b6e,238
0,clean,control,0.7888924710208358,24927,family_cfb8414dd0ed5e61,156
0,clean,control,0.4424257402893909,1444,family_361226c27f4b583c,93
0,clean,control,0.9427637053397302,4346,family_3aec88616484d2b6,224
0,clean,control,0.5837704873031122,1327,family_cb615c986d58b9f8,299
0,clean,control,0.7903074297528886,7506,family_a5428498c7c08cf4,28
0,clean,control,0.6385325357981838,8080,family_4088ef571aaf36b5,104
0,clean,control,0.296999061835391,2842,family_6532a15861b5fee0,46
0,clean,control,0.5855003362521529,384,family_252435156f9ef851,443
0,clean,control,0.47030139553107425,5208,family_3fe46c2063150b43,439
0,clean,control,0.5972129523652508,18771,family_8b82200a19c5284b,42
0,clean,control,0.31814192388864126,1632,family_c5129a2465a145bd,145
0,clean,control,0.8383783620543843,8010,family_753059cc96813ec7,264
0,clean,control,0.6531363916249396,12591,family_5babdebfe8e80836,371
0,clean,control,0.4435560243714713,6411,family_7805857c4980d13c,427
0,clean,control,0.585616065877184,1611,family_b14e195ae596f5ca,184
0,clean,control,0.9308280944824219,266,family_45a9a446b545ce75,215
0,clean,control,0.4355054032629927,10771,family_1a517eb1bb640998,433
0,clean,control,0.8318560681586515,2233,family_2da4728a37224b1a,240
0,clean,control,0.5988714421459471,377,family_17644d105f6d79d5,458
0,clean,control,0.6460521964853206,8183,family_ddd2c37740ff58a2,86
0,clean,control,0.5519565389164396,2368,family_f7f3839ac58c1a58,447
0,clean,control,0.6059460988845407,13516,family_66b2e70bd2d3ce49,159
0,clean,control,0.5185021896025432,7541,family_ef81322fe4591b85,442
0,clean,control,0.44624346001985116,11874,family_31f5f0755be116cf,346
0,clean,control,0.31642649143903806,2937,family_c21274f2eb197439,197
0,clean,control,0.6021618450175316,7705,family_42a2837394ab47d1,405
0,clean,control,0.7488294716167861,8804,family_6efd47f4e7625286,8
0,clean,control,0.6946990242551397,6259,family_ca2717eac3411b29,389
0,clean,control,0.7857047654058869,18464,family_b4cc6bf90e9fe8d0,355
0,clean,control,0.5408521956069722,1494,family_5ac6bbfde7e41ea2,452
0,clean,control,0.9593229972702875,1691,family_5b702cf6ad770b44,258
0,clean,control,0.5858365908437981,4310,family_e8523609850692e2,309
0,clean,control,0.774803870182606,3891,family_c93045766e35cdce,131
0,clean,control,0.6738142744426953,1862,family_41d870642c85787c,286
0,clean,control,0.5159210246899634,8614,family_e92e73cc15be90fc,391
0,clean,control,0.5721223036962766,7992,family_a5be12c3425856ca,341
0,clean,control,0.638222155286497,9269,family_b4e54fd6b86765a7,100
0,clean,control,1.0200603473142986,2740,family_f6ec39a379c5708b,187
0,clean,control,0.9362570941932802,615,family_ce0fe6a313ad3fa7,72
0,clean,control,0.5087521517426713,9540,family_0d74725de98c4bb2,316
0,clean,control,0.4422381283223834,11933,family_db8a7f65a6428bf1,76
0,clean,control,0.5640140102102886,8118,family_7a299533cf0677c1,384
0,clean,control,0.49169682551499927,1538,family_6fdd03c196b1863d,369
0,clean,control,0.30913364289618417,1516,family_42c8e9672e12c968,397
0,clean,control,0.4510519236622969,703,family_7349598b33c049cb,70
0,clean,control,0.08218201349586085,5856,family_70735ae7b3233e96,212
0,clean,control,0.9754210612495215,7503,family_a0838daefd74be4b,19
0,clean,control,0.962364495277316,5376,family_28a333d9037bf992,420
0,clean,control,0.5955537374584928,8764,family_0ac37a6cf3e1a691,356
0,clean,control,0.43672643867029526,8953,family_c10f45db237bb96c,253
0,clean,control,0.705419854894853,2342,family_72340b299451623e,103
0,clean,control,0.5185937220260709,14896,family_69f22f7a30e471a2,214
0,clean,control,0.24848986898469833,1543,family_28bee39b5c21fe9d,311
0,clean,control,0.6118651755996373,1150,family_6a57cb9a85811216,283
0,clean,control,0.30051066994773584,1119,family_bbf9bd595ed0e3ae,294
0,clean,control,0.22870673945940592,2176,family_f6645dba4758639d,351
0,clean,control,0.8989608150064045,5556,family_90e4eeca3b9056bc,95
0,clean,control,0.6435392338351885,3659,family_226194ed4cf87102,249
0,clean,control,0.7637382880796858,12128,family_423d353537dce020,108
0,clean,control,0.7560134198727524,5546,family_e94c3b88439b9029,241
0,clean,control,0.20930362036954467,1556,family_9328bcf632c26907,229
0,clean,control,0.8483331197029755,3522,family_2d97c1fe9f1f35cb,295
0,clean,control,0.34253065628881224,8657,family_2daf31b4fc409af5,323
0,clean,control,0.48912242667265077,1611,family_4207ad52459ede8b,154
0,clean,control,1.031333848342121,3423,family_d17cfeb524a60ef8,327
0,clean,control,0.35538533484780943,924,family_2624676d2c88ea6d,171
0,clean,control,0.3746761391877542,814,family_cd6b8c017c692fc0,425
0,clean,control,0.6742034163904487,3220,family_7308f8408f102e02,365
0,clean,control,0.9161808973698194,6187,family_bbdb130f24f492f3,271
0,clean,control,0.7978355554719045,2895,family_8eb050e85c8cbe00,444
0,clean,control,0.7713972396950005,3789,family_8cf04bc28e56473d,81
0,clean,control,0.30644111413258607,3516,family_f0e97a3ae19f4883,445
0,clean,control,0.7968319788911289,3325,family_3c16cf85716dcecf,137
0,clean,control,0.554164108633995,860,family_0ae88fc74fe94e45,194
0,clean,control,0.4296516829737572,7721,family_adb9f960ea267631,333
0,clean,control,0.35224219778540333,1663,family_845dcb037dda9ca4,23
0,clean,control,0.6161411784313343,2835,family_824e732522aeff8c,188
0,clean,control,0.8932183812087223,2358,family_b45145574ef29d16,237
0,clean,control,0.8112262380201238,1679,family_3498095076b2c688,126
0,clean,control,0.4252047961340131,14516,family_7b0c7aa83467acba,246
0,clean,control,0.3512036687472841,1874,family_ef2744416d3c3898,59
0,clean,control,0.4782644485920759,9437,family_a120ee09300e50dd,203
0,clean,control,0.5525420936309017,13840,family_662a7ad6856a20ec,183
0,clean,control,0.32361160184110577,2842,family_ec8e45be3f13c228,162
0,clean,control,0.34453417360782623,2412,family_ea1251a92d0d608d,408
0,clean,control,0.43819064951971815,2665,family_ae10005ebef62f9a,431
0,clean,control,0.5448626009472312,2844,family_ba502bbadd80dbad,428
0,clean,control,0.7387555729642626,1413,family_0c4758d0d8c17e4c,464
0,clean,control,0.5458672143104626,2194,family_c8c5b3165dc3d00f,381
0,clean,control,1.3718897104263306,146,family_f8a4c4cf96d7d3a4,435
0,clean,control,0.6714275812106325,3326,family_c4c2d9a3593749d3,349
0,clean,control,0.3773635202151024,6740,family_a790cfe693f8277b,91
0,clean,control,0.49844270211220937,829,family_b80c0a0cc51e9cb0,115
0,clean,control,0.4823367223038722,6395,family_cab1c6011a1fdaa6,455
0,clean,control,0.5932716914266665,7047,family_e5d8b71a52363ad9,298
0,clean,control,0.4513198361937339,3802,family_c7dc176fdd0217ba,335
0,clean,control,0.466152320653347,16236,family_103aaa5d05f6ae8e,48
0,clean,control,0.3562356107608023,1521,family_bce72a81e9f7a75f,359
0,clean,control,0.6494398042697342,14066,family_88158f96b47c8463,190
0,clean,control,0.47498254241961235,4268,family_63a00abd27340f71,175
0,clean,control,0.7730996006759882,4927,family_16690ce1f5941cee,305
0,clean,control,0.5533737858735933,5038,family_48b38ab68cade6ec,407
0,clean,control,0.5806511277811465,4223,family_c3cdd4e1b48a655d,247
0,clean,control,0.5772204896800507,9569,family_4857774525078786,466
0,clean,control,0.7505632982294997,4772,family_106f59648a0c9c35,460
0,clean,control,0.4711129615704219,354,family_fc3f9109e95affd2,285
0,clean,control,0.3973854394084869,4794,family_94f7ed188c628e96,113
0,clean,control,0.32785647985028343,6520,family_37f9e97be389a23e,29
0,clean,control,0.5679713665645386,3755,family_a59a0356188b4355,243
0,clean,control,0.8887364498940937,858,family_71ce23a7f17005f8,26
0,clean,control,0.5832679945049574,7479,family_f758022272171098,82
0,clean,control,0.718457667660295,855,family_499863e15eed8232,189
0,clean,control,0.6596727794852768,15654,family_a6b1e6c8dc05d3fc,302
0,clean,control,0.39300238253090014,2887,family_aa6f2c9ac321af63,125
0,clean,control,0.6231956270877178,7731,family_4479ba395f10b6fa,172
0,clean,control,0.9284064356161623,392,family_cfd4d018d597a4a5,78
0,clean,control,0.45605364171802903,1258,family_28595fb1bc0f3fc9,11
0,clean,control,0.4504280418937115,2982,family_c199799f0010c2ba,437
0,clean,control,0.37330004053744675,4254,family_83cee363496e020d,109
0,clean,control,0.4556933000937782,1408,family_474f139056c4a4a8,415
0,clean,control,0.746900329643502,8931,family_f49521b3b9139607,376
0,clean,control,0.41429175597340534,1612,family_2299048dcdfc88ae,17
0,clean,control,0.6001733086358614,994,family_8ce450e0fd5b760b,206
0,clean,control,0.8159797999141912,13977,family_11716c30ab805b83,279
0,clean,control,0.5095593456720127,3297,family_c9107e559bc10df1,263
0,clean,control,0.223662503051072,2955,family_1cde6c60b123043d,312
0,clean,control,0.6829531585147043,2505,family_e1fdfc5d8014a775,296
0,clean,control,0.6813193006821557,2041,family_15f4d27f85125588,87
0,clean,control,1.1213878286627632,5874,family_8afe0a881f58daf3,50
0,clean,control,0.5128019216666193,5642,family_efea7bec2494faa6,94
0,clean,control,0.537753340099279,2259,family_5eb48950a52ed210,40
0,clean,control,1.223366322676391,3164,family_3c27a50068e49a53,461
0,clean,control,0.5063969965775807,1650,family_9f6868eefbbbed1e,106
0,clean,control,0.6589034341994369,3276,family_6f452079ad53f9e3,52
0,clean,control,0.5261267402103512,7753,family_90b698ed239c72f3,342
0,clean,control,0.449519361563056,7172,family_7a51865c49a891df,394
0,clean,control,0.4528489437262448,1378,family_c2ad44d60ca30de3,377
0,clean,control,0.7497608832876135,5152,family_7080c9dc9123eefa,380
0,clean,control,0.47596488005768806,1226,family_f1ec422e65e5e3a9,216
0,clean,control,0.9213357687013827,13728,family_b3a5b65ace87c66a,259
0,clean,control,0.6322849397341926,6160,family_ddc2b06f90b14767,440
0,clean,control,0.4354126854840588,2778,family_12c80f084ce84e4d,134
0,clean,control,0.53898858627439,1052,family_11b4c8394b81742f,74
0,clean,control,0.7779554762838443,5219,family_f4ef77025e9d585a,332
0,clean,control,0.5163920437032282,2484,family_dba84aa0b1e1bdf3,307
0,clean,clean_validation,0.7746641409855836,2157,family_9c8265b1eeaa3ea5,304
0,clean,clean_validation,0.764906530787323,6507,family_6a1661bec1a85809,379
0,clean,clean_validation,0.5578352153048595,3067,family_62ccf7e9625e13cf,166
0,clean,clean_validation,0.709495044225514,20162,family_cd21aac5ba3653c4,321
0,clean,clean_validation,0.22576102709647305,1455,family_30e6b27558fb2cfa,308
0,clean,clean_validation,0.7035640732268966,2139,family_589dd5dee42e0ba5,47
0,clean,clean_validation,0.5581326968823744,11111,family_44b8f32f06eed8e1,261
0,clean,clean_validation,1.1186103115126507,12902,family_6c0a1a049e992ced,301
0,clean,clean_validation,0.4474917163149237,1939,family_5e036e81da0eb73a,413
0,clean,clean_validation,0.6784950676066837,3955,family_656a111a8d37395f,372
0,clean,clean_validation,0.7360758280212228,2376,family_758bfda9a8447363,12
0,clean,clean_validation,0.6422488077131947,18218,family_da1dbdb1ef9b795a,454
0,clean,clean_validation,0.5279001811304045,12428,family_0e127a8896fec497,274
0,clean,clean_validation,0.5397425469043536,24324,family_c80507fcf9585b1a,63
0,clean,clean_validation,0.6817059997552233,17091,family_f40ceb541a7c4872,208
0,clean,clean_validation,0.6099538876489861,4938,family_8e6f7d5acf9b6927,450
0,clean,clean_validation,1.120801475836536,6350,family_a205b4830de0571b,35
0,clean,clean_validation,0.7425336822146842,7631,family_210dd87434e478ea,204
0,clean,clean_validation,0.7069476627040747,1737,family_6e5e431caa44724b,151
0,clean,clean_validation,1.0036067962646484,312,family_4ac111dfdda85e07,38
0,clean,clean_validation,0.48371079548141477,2989,family_2ff844206e33f622,15
0,clean,clean_validation,0.5367680112717057,9620,family_f24572f09d62eaf7,289
0,clean,clean_validation,0.6386609010598483,5697,family_4583de96403df727,330
0,clean,clean_validation,0.8759869054422507,6828,family_362a9e5c40bfd73b,129
0,clean,clean_validation,0.46008765645687105,4776,family_c7ff83fca90f3302,58
0,clean,clean_validation,0.40535563981064415,814,family_bb3044002b4e58d3,6
0,clean,clean_validation,0.7442080400558131,10581,family_9dbad3b7dfff2d80,257
0,clean,clean_validation,0.9261740944814767,2805,family_d5eeefd1295fe235,164
0,clean,clean_validation,0.05573916723487314,19313,family_8c6ad2ae9108308a,41
0,clean,clean_validation,0.8260788986248336,1015,family_ec7448c261485925,343
0,clean,clean_validation,0.92716756552013,1876,family_da99763bd9ab0129,170
0,clean,clean_validation,0.38119414223757286,11710,family_bce1d9194265651f,419
0,clean,clean_validation,0.39888652161030114,1902,family_ff7d06f50d504d40,430
0,clean,clean_validation,0.30596070923630336,2072,family_df37c270d2661cca,144
0,clean,clean_validation,0.5791580940826124,3561,family_9b9f0055f4a82932,64
0,clean,clean_validation,0.7421678833327101,2503,family_faee5ab013f7ff85,325
0,clean,clean_validation,0.785856008113471,2005,family_b45e27dc8b0341f7,57
0,clean,clean_validation,0.895327200491021,16528,family_f59f5e228f38301b,282
0,clean,clean_validation,0.6741441092274177,6659,family_c57c54f6ba0d776c,2
0,clean,clean_validation,0.5455324256270805,3273,family_f564283e7832e835,268
0,clean,clean_validation,0.794319267962831,7921,family_5d2bdbbdab0c254a,235
0,clean,clean_validation,0.49677434818438143,1579,family_d3608e2028ea88cd,223
0,clean,clean_validation,1.1581191048447022,1770,family_7027306433055f85,127
0,clean,clean_validation,0.7905847396607728,1826,family_2b1f911727bc0f28,292
0,clean,clean_validation,0.3508300783788504,10390,family_f93c07f1442fee3f,318
0,clean,clean_validation,0.3903438073228782,1562,family_461db8faf995097d,143
0,clean,clean_validation,0.4661190415398245,7697,family_82ec8fa32d7834d5,410
0,clean,clean_validation,0.6830146036250337,1562,family_749fba182099ed6d,71
0,clean,clean_validation,0.21953347555787886,944,family_8024beb4c78afab2,99
0,clean,clean_validation,0.9499414474436383,19290,family_f23f6749eb1b82cb,404
0,clean,clean_validation,0.5034389639792799,1764,family_edcd18dc1b4c2424,111
0,clean,clean_validation,0.6535958725618376,13384,family_c3461b971572611a,124
0,clean,clean_validation,0.6246384108891481,2948,family_958e7885cfed5eee,110
0,clean,clean_validation,0.7037523120461088,3300,family_857ac66271083d60,417
0,clean,clean_validation,0.7029232467923846,2499,family_34a64d8a4071e429,207
0,clean,clean_validation,0.4100695691831559,1349,family_6e62e1ee9b4413df,128
0,clean,clean_validation,0.2823214928309123,1341,family_714ef4d49b7733fe,320
0,clean,clean_validation,0.26445584951966866,1517,family_bdc5646a39fdf7df,4
0,clean,clean_validation,0.2747439421670285,1557,family_760ef99c05a28dc4,138
0,clean,clean_validation,0.588949623319261,2572,family_b29c451a4015599c,102
0,clean,clean_validation,0.24210367894837506,1291,family_3870744e242d6177,272
0,clean,clean_validation,0.6727619433840722,8116,family_27a4c5018af1ecf2,457
0,clean,clean_validation,0.3646323583832308,1904,family_6947476df68e3d6b,186
0,clean,clean_validation,0.3473120255841955,1578,family_825c369d9b6227f5,244
0,clean,clean_validation,0.5850529225043727,2842,family_d018701072ce56d1,375
0,clean,clean_validation,0.7100119925381845,969,family_af46046507aa5c4b,13
0,clean,clean_validation,0.49397540164347703,539,family_96b0ad618634da70,314
0,clean,clean_validation,1.2032630253080256,3348,family_5b29d45b1b74f69b,324
0,clean,clean_validation,0.7668258340780784,5779,family_90cefd12934f9e67,234
0,clean,clean_validation,0.5392405787461889,25228,family_98892bedb7f9d59b,54
0,clean,clean_validation,0.6762997532713975,4229,family_94351083126b6b1b,51
0,clean,clean_validation,0.26199647940573145,1525,family_ce89062820b48da8,122
0,clean,clean_validation,0.6152495812472267,6110,family_ea58f8138f27b5e0,374
0,clean,clean_validation,0.2996128718815401,1522,family_a95d783f29ff5f7c,255
0,clean,clean_validation,0.6051679758456463,1726,family_f0661de6bc71701f,185
0,clean,clean_validation,0.5362244661613497,8043,family_5d3d1daaec343597,193
0,clean,clean_validation,0.38293615097394873,1309,family_e8cb9897ff240a4d,88
0,clean,clean_validation,0.6467244030088969,1142,family_fef5119467f26a60,117
0,clean,clean_validation,0.4258812703615846,1495,family_b3fc875c4307367f,260
0,clean,clean_validation,0.898466759342728,6710,family_7928fb3bcf30fe40,387
0,clean,clean_validation,0.6933365034314629,1991,family_9464bde23ede34ad,92
0,clean,clean_validation,0.7370872416433862,8251,family_d523e2dc4868e3d0,432
0,clean,clean_validation,0.4318025012811025,1224,family_a867a9ff31d7e843,160
0,clean,clean_validation,0.4398755229157234,7981,family_91fe9ebe937e9a4f,89
0,clean,clean_validation,0.7525482159768436,4230,family_b64927abcac796eb,25
0,clean,clean_validation,0.4713841295757542,1689,family_7edc82a2252e2e6e,438
0,clean,clean_validation,0.517462943852175,1574,family_4b852dbf1e794923,357
0,clean,clean_validation,0.6665112020607913,1827,family_563fe3303eebd925,400
0,clean,clean_validation,0.4665942173430917,3676,family_825a5ea04144cdf5,97
0,clean,clean_validation,0.5082614618566145,27160,family_66fe0fff60f28bb8,395
0,clean,clean_validation,0.6603453428953909,7702,family_fff32f675df6e246,149
0,clean,clean_validation,0.6592627295583996,1347,family_bddc3df46e1612bd,328
0,clean,clean_validation,0.7641723267653822,1393,family_707a66a54d5d07f1,350
0,clean,clean_validation,0.7510329978401002,2603,family_4ff754452abfe1ad,37
0,clean,clean_validation,0.5129889365037282,1950,family_806c28890e83d1b7,217
0,clean,clean_validation,0.5519015623157071,9941,family_6e4b2298992c0064,396
0,clean,clean_validation,0.6579352408405872,13072,family_0c1eaf227312a9e3,388
0,clean,clean_validation,0.6804462311952385,4594,family_131dc61b0ead1e81,421
0,clean,clean_validation,0.3796793733009654,2706,family_6d8e82b92757700b,218
0,clean,clean_validation,0.3938978910446167,814,family_aa8223246d86399a,429
0,clean,clean_validation,0.853701769800331,8493,family_2610a466be6431bd,140
0,clean,clean_validation,0.1890326300494967,991,family_844bdfa71db6282e,463
0,clean,clean_validation,0.35407960694386614,1802,family_79c56d72187d17b4,66
0,clean,clean_validation,0.7444454071503024,8781,family_c21b420244a2f529,192
0,clean,clean_validation,0.5602332212314474,1445,family_ea4d93ae43323fc0,358
0,clean,clean_validation,0.7594034740138561,9400,family_98d33eafd0a315ec,211
0,clean,clean_validation,0.6103323670152058,15162,family_0747deadeb7f7b70,7
0,clean,clean_validation,0.8344199743842559,1835,family_c02706043ada877d,353
0,clean,clean_validation,0.7355458092036656,1899,family_8527ab32edd1926e,209
0,clean,clean_validation,0.5549816654874132,770,family_a6318d458c7ff0f0,68
0,clean,clean_validation,0.8459581562572163,9835,family_8d09b59dc4c3c92c,133
0,clean,clean_validation,0.6702782303020213,10779,family_a835909477e34760,191
0,clean,clean_validation,0.5966362711483664,1561,family_ae2839615ac6b954,177
0,clean,clean_validation,0.664764200065945,3330,family_604fb05b51791b98,344
0,clean,clean_validation,0.6755410435999722,3931,family_eb03af6100c4cc53,179
0,clean,clean_validation,0.34605227907498676,1548,family_1e497d5fdffc2861,61
0,clean,clean_validation,0.9863543896226358,1562,family_9426b994e131f361,456
0,clean,clean_validation,0.58222364020565,1974,family_f316d9b341fbcc19,44
0,clean,clean_validation,0.4907940178343447,1556,family_7cfa6c1d3b3b22dc,201
0,clean,clean_validation,0.7551413327982995,9040,family_740827909b2759df,364
0,clean,clean_validation,0.7434553997789918,2530,family_96434369b3f61fa2,176
0,clean,clean_validation,1.431178331525829,1582,family_7d73bacb566d84de,232
0,clean,clean_validation,0.3664792383114881,2068,family_1146afc43ba8a3c6,174
0,clean,clean_validation,0.5687874368548619,529,family_e99579b2e183d1df,39
0,clean,clean_validation,0.562959260923635,6624,family_9f65f14acf3a875e,34
0,clean,clean_validation,0.5116483780947578,6398,family_83d92120bf78fb00,150
0,clean,clean_validation,1.0928284335868756,4395,family_da99c7268499e201,60
0,clean,clean_validation,0.6880593958454759,2678,family_2011077d07b209b8,107
0,clean,clean_validation,0.7738727781400886,4092,family_4b71b56cfd8299d7,281
0,clean,clean_validation,0.4805607654001555,1756,family_84e8622dd9f0f58c,231
0,clean,clean_validation,0.5795732139191334,2208,family_3ae653f192390f38,339
0,clean,clean_validation,0.8400470831086408,10713,family_583f2140bd02905c,278
0,clean,clean_validation,0.4485703861435591,944,family_16b06ae7177592f2,451
0,clean,clean_validation,0.676763117313385,146,family_65381b6f4bb99830,73
0,clean,clean_validation,0.5967650481438423,6046,family_39c264b6af7f8b4c,446
0,clean,clean_validation,0.4767488196685717,6006,family_acf3abf491a50830,336
0,clean,clean_validation,0.6005597662740421,6176,family_ea8d34c1c2cf62d4,337
0,clean,clean_validation,0.5650937733423971,274,family_9712f1cb39590627,248
0,clean,clean_validation,0.4019497733307437,1209,family_cf1575c3514d386a,200
0,clean,clean_validation,0.6281200218637378,5678,family_ebf34b90acdb9333,373
0,clean,clean_validation,0.5298315776280818,9764,family_c306f596e2b53370,182
0,clean,clean_validation,0.49694197403114054,6624,family_ba9708f285319401,120
0,clean,clean_validation,0.8343642671859641,3668,family_bee193805f6f119f,366
0,clean,clean_validation,0.8689496487867637,1952,family_ddb5bf4ea432508e,293
0,clean,clean_validation,0.6300735770206568,4729,family_b45f7b534a6e0f39,225
0,clean,clean_validation,0.4612943328978857,1928,family_40a7f24054f6cf1b,340
0,clean,clean_validation,0.7448693932456966,27861,family_5cdfacf570ceb179,378
0,clean,clean_validation,0.8051865173189827,4450,family_041ea9c412b040a1,36
0,clean,clean_validation,0.47645283375683684,8747,family_a6ef80809cd67f36,220
0,clean,clean_validation,0.3504500362308267,3721,family_cda09d6383ad975d,370
0,clean,clean_validation,0.7218358859002033,2140,family_214883dfb6ba99a4,465
0,clean,clean_validation,0.48146769662531297,6789,family_854445fdf03203cb,112
0,clean,clean_validation,0.625196334247122,3021,family_b4530dd2f9439dd4,462
0,clean,clean_validation,0.6863816734991576,9025,family_d2ed6dff028b8bfe,152
0,clean,clean_validation,0.6186836155806539,2337,family_7b29d747f514c69c,313
0,clean,clean_validation,0.4664501473051576,2910,family_a8dd94fe3475ea7c,148
0,clean,clean_validation,0.6626778625959693,3955,family_dc13ea4fc01e4240,147
0,clean,clean_validation,0.7204370389540935,8628,family_8cd248050ccc3c0b,228
0,clean,clean_validation,0.6866297988629569,6169,family_3a7a2c2be46cda8d,310
0,clean,clean_validation,0.7898158999140075,3283,family_294bd1c8183f7513,83
0,clean,clean_validation,0.9407663559795313,1209,family_49ecae9a5efbb319,393
0,clean,clean_validation,0.25815626287202836,36690,family_1372580fd5d82eeb,331
0,clean,clean_validation,0.5884535312652588,276,family_1965f1d691ff77ed,449
0,clean,clean_validation,0.8254358371046621,3805,family_ac9524106bb16e6a,322
0,clean,clean_validation,0.3440586524545323,2969,family_7c163ae15fc00b82,453
0,clean,clean_validation,1.1352663060568409,1548,family_70436089a4c770d4,65
0,clean,clean_validation,0.589088821871357,1062,family_845b8b035d42a3a5,205
0,clean,clean_validation,0.3695366684749846,1444,family_7b039bf480df9b15,136
0,clean,clean_validation,0.6919044989161194,2560,family_9d7e640ca06153e6,84
0,clean,clean_validation,1.1410549725877477,1175,family_54fc1cace3776e46,256
0,clean,clean_validation,0.8463220743720586,5758,family_0a67bbb9b9e07256,135
0,clean,clean_validation,0.7784343376880063,5752,family_9087822f50091590,169
0,clean,clean_validation,0.5286653726399757,734,family_cd9083de535c9789,386
0,clean,clean_validation,0.6876506035398972,8757,family_9eaff47c6da3797b,21
0,clean,clean_validation,0.3175743791007739,2972,family_2cc60a8f69107434,266
0,clean,clean_validation,0.5175314718158879,12762,family_4ebace72e4a1d8c0,290
0,clean,clean_validation,0.7309728140959707,3186,family_268f9f3a9379fd20,363
0,clean,clean_validation,0.5567586986720562,1600,family_947e8f8d14934de3,14
0,clean,clean_validation,0.7059314521231177,924,family_ec197f9194f4a13c,123
0,clean,clean_validation,1.019764441054113,573,family_2166721ea9bb40e6,361
0,clean,clean_validation,0.6979917681068392,12097,family_9a9cfd28ebcce477,222
0,clean,clean_validation,0.38151132996329246,2742,family_749f025de5f99eeb,85
0,clean,clean_validation,0.8925216944728842,6474,family_93a719e9b96d4d31,132
0,clean,clean_validation,0.8978683086479602,1470,family_4baef2e304b84828,10
0,clean,clean_validation,0.7132484189620055,4681,family_6ea983efd760219c,213
0,clean,clean_validation,0.7338172636038709,1805,family_92d2c512717f57fa,280
0,clean,clean_validation,0.36042007659145064,1441,family_e181dee2375ee769,273
0,clean,clean_validation,0.5381151977684591,5236,family_ebe8375ee890567f,62
0,clean,clean_validation,0.5144640698590456,1801,family_43ed51b024989987,303
0,clean,clean_validation,0.47997569026936066,2612,family_d43af69a6d60a3af,49
0,clean,clean_validation,0.6984001001906504,9479,family_5da0ba5097bc19d0,3
0,clean,clean_validation,0.5789982475428208,1866,family_5da5a44d5ce0c35c,43
0,clean,clean_validation,0.5486858238976989,13380,family_454ee4f6b5b8ec97,116
0,clean,clean_validation,0.6456326623793903,6582,family_3a2249f8e96bbaf7,300
0,clean,clean_validation,0.6275208748492856,4344,family_281fa10bb1bf325c,196
0,clean,clean_validation,0.7151227825119594,11467,family_62910d812650e6c3,382
0,clean,clean_validation,1.0251711407807855,4872,family_6f3ca8e10898152f,267
0,clean,clean_validation,0.5132231224467503,3532,family_50127f8134d80d88,317
0,clean,clean_validation,0.6308357861507102,5029,family_3325f7b7624711c2,367
0,clean,clean_validation,1.230615576861594,422,family_43d964487922f8ef,1
0,family_leak,treated,0.5889681530402342,3013,family_f62176e3e9e80995,9
0,family_leak,treated,0.5489176261470944,1817,family_372bca09daa2e59c,16
0,family_leak,treated,0.5132584603079434,1450,family_7372cedf8e9b0da9,20
0,family_leak,treated,0.5762216816320048,1925,family_d146c709b6d57006,22
0,family_leak,treated,0.5605575062273934,24342,family_f676c1a274b9fc25,27
0,family_leak,treated,0.8770544956238489,7180,family_38aef633ce47c55b,30
0,family_leak,treated,0.5390985935855648,2105,family_606242910f42ab8e,31
0,family_leak,treated,0.3872091109072658,18751,family_14100b61aef92451,32
0,family_leak,treated,0.4154272669305404,2160,family_b79ba27218cfec3a,45
0,family_leak,treated,0.563834735556304,6011,family_10ea4c959d508d3a,53
0,family_leak,treated,0.5545328114897717,973,family_54cada16b34da893,67
0,family_leak,treated,1.007349113820397,12399,family_d00ed582e8933047,69
0,family_leak,treated,0.44571851685483843,16084,family_f44b2ae87e6c19c9,75
0,family_leak,treated,0.560343220769635,3458,family_43eb9f3c79bfa424,77
0,family_leak,treated,0.6836479096486165,5222,family_7ba5737bedbb0ebb,90
0,family_leak,treated,0.08007943393125051,4588,family_9fcfd1f061a07fdd,96
0,family_leak,treated,0.5934700230542383,3419,family_92111478a4e4dc10,114
0,family_leak,treated,0.6445475604430264,5531,family_0d96bd7e73513afe,121
0,family_leak,treated,0.42296152724194624,4219,family_e05b3b80c8af829a,141
0,family_leak,treated,0.7002468189897136,9616,family_6c4da332ef0988d1,142
0,family_leak,treated,0.6365899541459772,5337,family_c5efd28cb58a7154,153
0,family_leak,treated,0.593550497290448,21679,family_602f06061ae180d5,155
0,family_leak,treated,0.5255811892379761,7228,family_39e9d2f6901e2c3c,158
0,family_leak,treated,0.41460571214766867,5672,family_a492c7d45a2a101f,161
0,family_leak,treated,0.37700208437270744,5682,family_d8af1edd7b3a915e,163
0,family_leak,treated,0.470142045095142,885,family_5f8029db8371e627,165
0,family_leak,treated,0.5594742516293729,9860,family_e030933a6e53e46b,168
0,family_leak,treated,0.6108483277990685,2288,family_bb71b9ef2d24550b,173
0,family_leak,treated,0.6237351866217155,2561,family_e41e34f36378682d,178
0,family_leak,treated,0.34108196026265875,3495,family_412cd5d8186672af,180
0,family_leak,treated,0.6313131099431672,3170,family_3aa7a20bd53365ee,195
0,family_leak,treated,0.5360463333132879,7958,family_f504f3830437dcae,198
0,family_leak,treated,0.5050546540364101,2968,family_c6c852f0526b7ae7,202
0,family_leak,treated,0.527504117717806,1510,family_3118a97dac7df7b9,210
0,family_leak,treated,0.2857241281609255,20961,family_2d9ae7dd453e8ed5,227
0,family_leak,treated,0.361438165691309,6203,family_5cb0d0cb4b5fec1d,233
0,family_leak,treated,0.9204352498054504,21,family_a03ceb6bd35e9a91,239
0,family_leak,treated,0.30077240841541597,998,family_116f02d2c90563fb,242
0,family_leak,treated,0.7634603537650901,3047,family_b2530645f1ddb95c,250
0,family_leak,treated,0.6582522852058893,8788,family_66d00c35f9b4c3e5,252
0,family_leak,treated,0.2625779014978434,20895,family_5e3e997400ef55a6,254
0,family_leak,treated,0.724377655637165,4447,family_058b5f5b307b1065,262
0,family_leak,treated,0.5483033667316999,2444,family_031ad2b389fe0cfe,265
0,family_leak,treated,0.5104697932669701,13148,family_716b7f5021a82ccf,270
0,family_leak,treated,0.08268708704525009,4588,family_dfc0de51587939cb,276
0,family_leak,treated,0.6339947076150434,2426,family_0b1b5d8b94feabb4,277
0,family_leak,treated,0.6399798314932573,6119,family_763b9e5cc1615062,284
0,family_leak,treated,0.46777272569350015,2618,family_46272ba2e3baaec4,287
0,family_leak,treated,0.673255279181141,3608,family_91ac71586309274f,291
0,family_leak,treated,0.5175243566394829,5126,family_ef7c669ce887d98d,306
0,family_leak,treated,0.346965065693418,8288,family_69280d70016898d4,315
0,family_leak,treated,0.5512311685917773,7074,family_e26c412d2bf4ef23,334
0,family_leak,treated,0.793465696087227,7054,family_5bd41b6f65a3fa08,338
0,family_leak,treated,0.6341214363874574,1329,family_2a9acaaaa206857f,345
0,family_leak,treated,0.5262010957849886,3367,family_8626120333d3a6fd,352
0,family_leak,treated,0.5091211985708385,2489,family_af71579703adab9b,354
0,family_leak,treated,0.8584056634507421,2170,family_961ce22dc50c2496,385
0,family_leak,treated,0.6689979149082154,11177,family_4020f09183bfa8c1,392
0,family_leak,treated,0.862582750031841,5436,family_9f027a57e4f4ec31,399
0,family_leak,treated,0.7748657464981079,342,family_13798f417b635e9a,401
0,family_leak,treated,0.435057774219948,8373,family_3d13c5c8c00a7596,406
0,family_leak,treated,0.6241128865050203,3846,family_92206bde258af4e4,411
0,family_leak,treated,0.7707913659897917,11304,family_9bd228a47681c7b2,412
0,family_leak,treated,0.7150544732539952,6866,family_a55e4bdb2c90ea5b,424
0,family_leak,treated,0.3944988250203073,2252,family_adc8419161645915,426
0,family_leak,treated,0.5156405016790461,14110,family_76bd9632508fc892,441
0,family_leak,treated,0.5142644274290104,1939,family_f52b6909b0ebd60b,459
0,family_leak,control,0.3179518413575259,1511,family_ceaf8a343a31cbd9,18
0,family_leak,control,0.3294373869976536,1479,family_dd63a4fd117ff862,101
0,family_leak,control,0.7916407217767135,3167,family_52b6f81b853b12ca,33
0,family_leak,control,0.9746803562003357,6583,family_e166239f4cce0cbc,403
0,family_leak,control,0.37969104311710944,3098,family_b976189e2858871b,98
0,family_leak,control,0.6224126844685904,1568,family_ba5cd8130b572f33,146
0,family_leak,control,0.6705550759825705,33430,family_98b6d659a93238e0,414
0,family_leak,control,0.4682278814329566,10042,family_41e212eb6a6f1251,199
0,family_leak,control,0.36636856012747104,5316,family_35a8274c2c9e03b7,436
0,family_leak,control,0.3364322346119066,10156,family_22ce6dcdaaacc1b3,383
0,family_leak,control,0.8799237942999336,12560,family_f24faf403f0945b9,118
0,family_leak,control,0.61662336957888,11087,family_56ee0f65aee3b01a,416
0,family_leak,control,0.46765954162985246,2992,family_a84fdd88fca1dd99,368
0,family_leak,control,0.5164229435081624,2938,family_14836bf70ba6bcc9,139
0,family_leak,control,0.5503719267881976,6475,family_161d3f17d2de86cc,245
0,family_leak,control,0.7464594409848891,1811,family_09f6c0e15252a8f3,230
0,family_leak,control,0.8088084463302438,1491,family_8ccf630c818a7c69,390
0,family_leak,control,0.5394408913322741,10886,family_10c3be0f4e5ac610,119
0,family_leak,control,0.5771156004134644,1269,family_7dccd114e1c42fda,422
0,family_leak,control,0.6054769217392096,414,family_098eba68cc7a5705,297
0,family_leak,control,0.7066456845737397,935,family_e74855c30bc72109,288
0,family_leak,control,0.8492290265240101,663,family_5cb426dcc2868bf0,80
0,family_leak,control,0.43063198574348405,8694,family_5599c85abb41e72e,79
0,family_leak,control,0.7810216691780996,7792,family_20959b526eb3f90b,409
0,family_leak,control,0.4694687283605232,5959,family_81caaa199e04696e,0
0,family_leak,control,0.44103177716803654,2097,family_e8fbaa3c44712ef8,275
0,family_leak,control,0.4074139005390088,1489,family_27dd5edc76fc8784,221
0,family_leak,control,0.6996750294660764,16166,family_fe02b4f4619b881d,226
0,family_leak,control,0.7992293041621129,2986,family_f91bbb3ed944db7f,348
0,family_leak,control,0.8460849993304517,13560,family_2609262775f19fee,130
0,family_leak,control,1.0444472133137785,1222,family_176e7f37ba5c58aa,402
0,family_leak,control,0.8519584154996593,9137,family_aa758de10b858582,219
0,family_leak,control,0.6936663872615015,3519,family_0f71bd81fce2ffce,24
0,family_leak,control,0.41757890915317375,474,family_e7f08820ef277e3f,236
0,family_leak,control,0.6306640835854248,3702,family_98f3631f76084496,423
0,family_leak,control,0.7972654920416654,5621,family_359bf4cb84d86e8e,251
0,family_leak,control,0.5316865141028871,2904,family_208e11010803c426,362
0,family_leak,control,0.7341722187201579,14008,family_012ed35c0fd13d06,55
0,family_leak,control,0.5479324603628674,17427,family_90c57504d43c4f71,319
0,family_leak,control,0.36538172689024306,5968,family_9dbf43a9d569c04f,181
0,family_leak,control,0.6199347659555405,5730,family_8ba71a11594a0b10,326
0,family_leak,control,0.6168817711421867,1530,family_e38bf4eb3506f212,56
0,family_leak,control,0.6201679240434598,4290,family_ca6161b56d80cab2,398
0,family_leak,control,0.7181016973930774,6255,family_b4dfbc9dfe23dd94,105
0,family_leak,control,0.9339843407084282,11668,family_44153237d3401d70,434
0,family_leak,control,0.6072057810056359,11424,family_b1bfbd4df51d3281,5
0,family_leak,control,0.38668717356483273,903,family_489085f0784e16ac,167
0,family_leak,control,0.6330443762624247,2129,family_960f71ee7da5de06,269
0,family_leak,control,0.3015461472450166,1607,family_15270847da98bf26,347
0,family_leak,control,0.5162958013288903,3960,family_58ec76f0444692f7,157
0,family_leak,control,0.5883887884526623,19897,family_8a0b900fe4ce844d,360
0,family_leak,control,0.5370465111854703,3999,family_95ae66ec7f1b9697,448
0,family_leak,control,0.9035870592934745,875,family_12b4e37d97465d0a,418
0,family_leak,control,0.36037527074281134,3670,family_c29fb15617d16c65,329
0,family_leak,control,0.45954643811757406,1282,family_531a64b78d3f6b6e,238
0,family_leak,control,0.8080973676234542,24927,family_cfb8414dd0ed5e61,156
0,family_leak,control,0.4456210631536645,1444,family_361226c27f4b583c,93
0,family_leak,control,0.9583006135971931,4346,family_3aec88616484d2b6,224
0,family_leak,control,0.5951435577177696,1327,family_cb615c986d58b9f8,299
0,family_leak,control,0.794744208125537,7506,family_a5428498c7c08cf4,28
0,family_leak,control,0.6573660590566031,8080,family_4088ef571aaf36b5,104
0,family_leak,control,0.2891787309710783,2842,family_6532a15861b5fee0,46
0,family_leak,control,0.5750731330675384,384,family_252435156f9ef851,443
0,family_leak,control,0.48563903878613185,5208,family_3fe46c2063150b43,439
0,family_leak,control,0.6109779291805554,18771,family_8b82200a19c5284b,42
0,family_leak,control,0.31654313853120103,1632,family_c5129a2465a145bd,145
0,family_leak,control,0.8419597206044286,8010,family_753059cc96813ec7,264
0,family_leak,control,0.6610350876883265,12591,family_5babdebfe8e80836,371
0,family_leak,control,0.4512182249607859,6411,family_7805857c4980d13c,427
0,family_leak,control,0.6063415165424051,1611,family_b14e195ae596f5ca,184
0,family_leak,control,0.9215033054351807,266,family_45a9a446b545ce75,215
0,family_leak,control,0.4213656903920804,10771,family_1a517eb1bb640998,433
0,family_leak,control,0.8302441021545126,2233,family_2da4728a37224b1a,240
0,family_leak,control,0.6833827422847798,377,family_17644d105f6d79d5,458
0,family_leak,control,0.6533998441218339,8183,family_ddd2c37740ff58a2,86
0,family_leak,control,0.5866213140858186,2368,family_f7f3839ac58c1a58,447
0,family_leak,control,0.6191153901194496,13516,family_66b2e70bd2d3ce49,159
0,family_leak,control,0.5031955173944798,7541,family_ef81322fe4591b85,442
0,family_leak,control,0.4387649076819641,11874,family_31f5f0755be116cf,346
0,family_leak,control,0.32098955448728295,2937,family_c21274f2eb197439,197
0,family_leak,control,0.6075814906766398,7705,family_42a2837394ab47d1,405
0,family_leak,control,0.7448709690803725,8804,family_6efd47f4e7625286,8
0,family_leak,control,0.6970720954607196,6259,family_ca2717eac3411b29,389
0,family_leak,control,0.7958347039503825,18464,family_b4cc6bf90e9fe8d0,355
0,family_leak,control,0.5636261220238454,1494,family_5ac6bbfde7e41ea2,452
0,family_leak,control,0.9557162705855141,1691,family_5b702cf6ad770b44,258
0,family_leak,control,0.6059972423965029,4310,family_e8523609850692e2,309
0,family_leak,control,0.779533298929808,3891,family_c93045766e35cdce,131
0,family_leak,control,0.7045156464348802,1862,family_41d870642c85787c,286
0,family_leak,control,0.5042937888722977,8614,family_e92e73cc15be90fc,391
0,family_leak,control,0.5718654385796778,7992,family_a5be12c3425856ca,341
0,family_leak,control,0.663547210611563,9269,family_b4e54fd6b86765a7,100
0,family_leak,control,1.0255561095519659,2740,family_f6ec39a379c5708b,187
0,family_leak,control,0.8978992466034929,615,family_ce0fe6a313ad3fa7,72
0,family_leak,control,0.5246475167306964,9540,family_0d74725de98c4bb2,316
0,family_leak,control,0.45596861888494616,11933,family_db8a7f65a6428bf1,76
0,family_leak,control,0.5845221770928687,8118,family_7a299533cf0677c1,384
0,family_leak,control,0.5125082345250679,1538,family_6fdd03c196b1863d,369
0,family_leak,control,0.30206798795502543,1516,family_42c8e9672e12c968,397
0,family_leak,control,0.4633748582637157,703,family_7349598b33c049cb,70
0,family_leak,control,0.07542150439134712,5856,family_70735ae7b3233e96,212
0,family_leak,control,0.981987451269327,7503,family_a0838daefd74be4b,19
0,family_leak,control,0.9993064032113623,5376,family_28a333d9037bf992,420
0,family_leak,control,0.6122631251077465,8764,family_0ac37a6cf3e1a691,356
0,family_leak,control,0.4494904606925247,8953,family_c10f45db237bb96c,253
0,family_leak,control,0.7023393319622255,2342,family_72340b299451623e,103
0,family_leak,control,0.5540442706258801,14896,family_69f22f7a30e471a2,214
0,family_leak,control,0.2400415720718678,1543,family_28bee39b5c21fe9d,311
0,family_leak,control,0.6244553627138553,1150,family_6a57cb9a85811216,283
0,family_leak,control,0.3062327187758029,1119,family_bbf9bd595ed0e3ae,294
0,family_leak,control,0.24500826375750714,2176,family_f6645dba4758639d,351
0,family_leak,control,0.9020062002284309,5556,family_90e4eeca3b9056bc,95
0,family_leak,control,0.6533415345716881,3659,family_226194ed4cf87102,249
0,family_leak,control,0.7946437774496374,12128,family_423d353537dce020,108
0,family_leak,control,0.7960377093841141,5546,family_e94c3b88439b9029,241
0,family_leak,control,0.203965391398702,1556,family_9328bcf632c26907,229
0,family_leak,control,0.8443290453482459,3522,family_2d97c1fe9f1f35cb,295
0,family_leak,control,0.36938731704220096,8657,family_2daf31b4fc409af5,323
0,family_leak,control,0.5145298653067749,1611,family_4207ad52459ede8b,154
0,family_leak,control,1.0695422631831257,3423,family_d17cfeb524a60ef8,327
0,family_leak,control,0.38667639741649873,924,family_2624676d2c88ea6d,171
0,family_leak,control,0.3649849691760042,814,family_cd6b8c017c692fc0,425
0,family_leak,control,0.672392263397667,3220,family_7308f8408f102e02,365
0,family_leak,control,0.9209231406339482,6187,family_bbdb130f24f492f3,271
0,family_leak,control,0.8229560539924213,2895,family_8eb050e85c8cbe00,444
0,family_leak,control,0.7746732579620383,3789,family_8cf04bc28e56473d,81
0,family_leak,control,0.3072442955743263,3516,family_f0e97a3ae19f4883,445
0,family_leak,control,0.8306199405605632,3325,family_3c16cf85716dcecf,137
0,family_leak,control,0.5862634211778641,860,family_0ae88fc74fe94e45,194
0,family_leak,control,0.46214513790034645,7721,family_adb9f960ea267631,333
0,family_leak,control,0.35568565280768644,1663,family_845dcb037dda9ca4,23
0,family_leak,control,0.6326961742507087,2835,family_824e732522aeff8c,188
0,family_leak,control,0.9301152766964211,2358,family_b45145574ef29d16,237
0,family_leak,control,0.8397612457406031,1679,family_3498095076b2c688,126
0,family_leak,control,0.4253709868508188,14516,family_7b0c7aa83467acba,246
0,family_leak,control,0.3655901054912341,1874,family_ef2744416d3c3898,59
0,family_leak,control,0.4848381027088234,9437,family_a120ee09300e50dd,203
0,family_leak,control,0.560914677868172,13840,family_662a7ad6856a20ec,183
0,family_leak,control,0.3197047095287022,2842,family_ec8e45be3f13c228,162
0,family_leak,control,0.33451275775829953,2412,family_ea1251a92d0d608d,408
0,family_leak,control,0.4526498961292109,2665,family_ae10005ebef62f9a,431
0,family_leak,control,0.5354102933897248,2844,family_ba502bbadd80dbad,428
0,family_leak,control,0.7296233648791519,1413,family_0c4758d0d8c17e4c,464
0,family_leak,control,0.5365623632614028,2194,family_c8c5b3165dc3d00f,381
0,family_leak,control,1.4210524559020996,146,family_f8a4c4cf96d7d3a4,435
0,family_leak,control,0.694935207723926,3326,family_c4c2d9a3593749d3,349
0,family_leak,control,0.3949305722683403,6740,family_a790cfe693f8277b,91
0,family_leak,control,0.5051556740077471,829,family_b80c0a0cc51e9cb0,115
0,family_leak,control,0.4818441901568606,6395,family_cab1c6011a1fdaa6,455
0,family_leak,control,0.6550907629659806,7047,family_e5d8b71a52363ad9,298
0,family_leak,control,0.4363865107768213,3802,family_c7dc176fdd0217ba,335
0,family_leak,control,0.469386591299557,16236,family_103aaa5d05f6ae8e,48
0,family_leak,control,0.3689647888878629,1521,family_bce72a81e9f7a75f,359
0,family_leak,control,0.640883107625555,14066,family_88158f96b47c8463,190
0,family_leak,control,0.47283332146208423,4268,family_63a00abd27340f71,175
0,family_leak,control,0.7881300737656032,4927,family_16690ce1f5941cee,305
0,family_leak,control,0.5585293535227432,5038,family_48b38ab68cade6ec,407
0,family_leak,control,0.5793928548873614,4223,family_c3cdd4e1b48a655d,247
0,family_leak,control,0.5935369008810047,9569,family_4857774525078786,466
0,family_leak,control,0.7324681278046499,4772,family_106f59648a0c9c35,460
0,family_leak,control,0.4579610178867976,354,family_fc3f9109e95affd2,285
0,family_leak,control,0.40648285340879875,4794,family_94f7ed188c628e96,113
0,family_leak,control,0.334551293663452,6520,family_37f9e97be389a23e,29
0,family_leak,control,0.5762789178783503,3755,family_a59a0356188b4355,243
0,family_leak,control,0.9053259590566853,858,family_71ce23a7f17005f8,26
0,family_leak,control,0.6077133987314609,7479,family_f758022272171098,82
0,family_leak,control,0.705345991201568,855,family_499863e15eed8232,189
0,family_leak,control,0.674886668061211,15654,family_a6b1e6c8dc05d3fc,302
0,family_leak,control,0.38026960266887583,2887,family_aa6f2c9ac321af63,125
0,family_leak,control,0.6411536350131204,7731,family_4479ba395f10b6fa,172
0,family_leak,control,0.9442406470070079,392,family_cfd4d018d597a4a5,78
0,family_leak,control,0.4547981088936613,1258,family_28595fb1bc0f3fc9,11
0,family_leak,control,0.46378217924368775,2982,family_c199799f0010c2ba,437
0,family_leak,control,0.3902183434088352,4254,family_83cee363496e020d,109
0,family_leak,control,0.4618357686876235,1408,family_474f139056c4a4a8,415
0,family_leak,control,0.7633680528001227,8931,family_f49521b3b9139607,376
0,family_leak,control,0.4282307670111988,1612,family_2299048dcdfc88ae,17
0,family_leak,control,0.6002603583712454,994,family_8ce450e0fd5b760b,206
0,family_leak,control,0.8272395993222356,13977,family_11716c30ab805b83,279
0,family_leak,control,0.48470187839826817,3297,family_c9107e559bc10df1,263
0,family_leak,control,0.22430972926406892,2955,family_1cde6c60b123043d,312
0,family_leak,control,0.6775638547486174,2505,family_e1fdfc5d8014a775,296
0,family_leak,control,0.7068042213983363,2041,family_15f4d27f85125588,87
0,family_leak,control,1.128125116802374,5874,family_8afe0a881f58daf3,50
0,family_leak,control,0.5326138312186556,5642,family_efea7bec2494faa6,94
0,family_leak,control,0.546402292844731,2259,family_5eb48950a52ed210,40
0,family_leak,control,1.262123856905438,3164,family_3c27a50068e49a53,461
0,family_leak,control,0.5318932237047138,1650,family_9f6868eefbbbed1e,106
0,family_leak,control,0.6733303624267835,3276,family_6f452079ad53f9e3,52
0,family_leak,control,0.5302082479968773,7753,family_90b698ed239c72f3,342
0,family_leak,control,0.45938603147423873,7172,family_7a51865c49a891df,394
0,family_leak,control,0.45785036073194707,1378,family_c2ad44d60ca30de3,377
0,family_leak,control,0.7521574197695677,5152,family_7080c9dc9123eefa,380
0,family_leak,control,0.4939648405957183,1226,family_f1ec422e65e5e3a9,216
0,family_leak,control,0.9381065157530851,13728,family_b3a5b65ace87c66a,259
0,family_leak,control,0.6325452839689595,6160,family_ddc2b06f90b14767,440
0,family_leak,control,0.4336681367039595,2778,family_12c80f084ce84e4d,134
0,family_leak,control,0.53283123405714,1052,family_11b4c8394b81742f,74
0,family_leak,control,0.7427012688767798,5219,family_f4ef77025e9d585a,332
0,family_leak,control,0.5249470499810581,2484,family_dba84aa0b1e1bdf3,307
0,family_leak,clean_validation,0.7812478640425465,2157,family_9c8265b1eeaa3ea5,304
0,family_leak,clean_validation,0.7563490321582339,6507,family_6a1661bec1a85809,379
0,family_leak,clean_validation,0.5771035137688021,3067,family_62ccf7e9625e13cf,166
0,family_leak,clean_validation,0.7148907547263255,20162,family_cd21aac5ba3653c4,321
0,family_leak,clean_validation,0.22428844938777975,1455,family_30e6b27558fb2cfa,308
0,family_leak,clean_validation,0.7094023901761943,2139,family_589dd5dee42e0ba5,47
0,family_leak,clean_validation,0.5664494994837677,11111,family_44b8f32f06eed8e1,261
0,family_leak,clean_validation,1.135307381987812,12902,family_6c0a1a049e992ced,301
0,family_leak,clean_validation,0.48732649339358175,1939,family_5e036e81da0eb73a,413
0,family_leak,clean_validation,0.69013073904023,3955,family_656a111a8d37395f,372
0,family_leak,clean_validation,0.7520422305071394,2376,family_758bfda9a8447363,12
0,family_leak,clean_validation,0.6442124038568272,18218,family_da1dbdb1ef9b795a,454
0,family_leak,clean_validation,0.5372112623970724,12428,family_0e127a8896fec497,274
0,family_leak,clean_validation,0.5602742289731307,24324,family_c80507fcf9585b1a,63
0,family_leak,clean_validation,0.7028016171672444,17091,family_f40ceb541a7c4872,208
0,family_leak,clean_validation,0.6203507898475729,4938,family_8e6f7d5acf9b6927,450
0,family_leak,clean_validation,1.1137920130519416,6350,family_a205b4830de0571b,35
0,family_leak,clean_validation,0.7503803287244784,7631,family_210dd87434e478ea,204
0,family_leak,clean_validation,0.7438345920717023,1737,family_6e5e431caa44724b,151
0,family_leak,clean_validation,1.1372073888778687,312,family_4ac111dfdda85e07,38
0,family_leak,clean_validation,0.4800899757334683,2989,family_2ff844206e33f622,15
0,family_leak,clean_validation,0.5504444533413017,9620,family_f24572f09d62eaf7,289
0,family_leak,clean_validation,0.6564421640250983,5697,family_4583de96403df727,330
0,family_leak,clean_validation,0.9080656212920952,6828,family_362a9e5c40bfd73b,129
0,family_leak,clean_validation,0.4738636885331304,4776,family_c7ff83fca90f3302,58
0,family_leak,clean_validation,0.42050518468937653,814,family_bb3044002b4e58d3,6
0,family_leak,clean_validation,0.7406634136495039,10581,family_9dbad3b7dfff2d80,257
0,family_leak,clean_validation,0.9550407456204215,2805,family_d5eeefd1295fe235,164
0,family_leak,clean_validation,0.05220160435767335,19313,family_8c6ad2ae9108308a,41
0,family_leak,clean_validation,0.8160750372069222,1015,family_ec7448c261485925,343
0,family_leak,clean_validation,0.9305357594988239,1876,family_da99763bd9ab0129,170
0,family_leak,clean_validation,0.39638524963293803,11710,family_bce1d9194265651f,419
0,family_leak,clean_validation,0.3693919992377956,1902,family_ff7d06f50d504d40,430
0,family_leak,clean_validation,0.31571179275260697,2072,family_df37c270d2661cca,144
0,family_leak,clean_validation,0.5744036277905169,3561,family_9b9f0055f4a82932,64
0,family_leak,clean_validation,0.7500444827344577,2503,family_faee5ab013f7ff85,325
0,family_leak,clean_validation,0.8165167419095883,2005,family_b45e27dc8b0341f7,57
0,family_leak,clean_validation,0.8953134501560267,16528,family_f59f5e228f38301b,282
0,family_leak,clean_validation,0.6911947676540764,6659,family_c57c54f6ba0d776c,2
0,family_leak,clean_validation,0.5290400528813078,3273,family_f564283e7832e835,268
0,family_leak,clean_validation,0.7761517847868066,7921,family_5d2bdbbdab0c254a,235
0,family_leak,clean_validation,0.5186116343966913,1579,family_d3608e2028ea88cd,223
0,family_leak,clean_validation,1.143327161484519,1770,family_7027306433055f85,127
0,family_leak,clean_validation,0.7920370968252518,1826,family_2b1f911727bc0f28,292
0,family_leak,clean_validation,0.36860182444933404,10390,family_f93c07f1442fee3f,318
0,family_leak,clean_validation,0.4021265275881324,1562,family_461db8faf995097d,143
0,family_leak,clean_validation,0.47500790869924825,7697,family_82ec8fa32d7834d5,410
0,family_leak,clean_validation,0.6789924667983599,1562,family_749fba182099ed6d,71
0,family_leak,clean_validation,0.23890526627458758,944,family_8024beb4c78afab2,99
0,family_leak,clean_validation,0.9719204281759485,19290,family_f23f6749eb1b82cb,404
0,family_leak,clean_validation,0.5201309020219206,1764,family_edcd18dc1b4c2424,111
0,family_leak,clean_validation,0.6669852483685831,13384,family_c3461b971572611a,124
0,family_leak,clean_validation,0.6449970782126629,2948,family_958e7885cfed5eee,110
0,family_leak,clean_validation,0.7086447822415467,3300,family_857ac66271083d60,417
0,family_leak,clean_validation,0.6905913454334752,2499,family_34a64d8a4071e429,207
0,family_leak,clean_validation,0.4260041921601815,1349,family_6e62e1ee9b4413df,128
0,family_leak,clean_validation,0.27439791791968876,1341,family_714ef4d49b7733fe,320
0,family_leak,clean_validation,0.25516147943963796,1517,family_bdc5646a39fdf7df,4
0,family_leak,clean_validation,0.2836339194650595,1557,family_760ef99c05a28dc4,138
0,family_leak,clean_validation,0.6029170155061719,2572,family_b29c451a4015599c,102
0,family_leak,clean_validation,0.24252930632125122,1291,family_3870744e242d6177,272
0,family_leak,clean_validation,0.7005281969354092,8116,family_27a4c5018af1ecf2,457
0,family_leak,clean_validation,0.3719491490295955,1904,family_6947476df68e3d6b,186
0,family_leak,clean_validation,0.340405303715753,1578,family_825c369d9b6227f5,244
0,family_leak,clean_validation,0.5922464535825275,2842,family_d018701072ce56d1,375
0,family_leak,clean_validation,0.687137692889931,969,family_af46046507aa5c4b,13
0,family_leak,clean_validation,0.4805874299251082,539,family_96b0ad618634da70,314
0,family_leak,clean_validation,1.2064246997112584,3348,family_5b29d45b1b74f69b,324
0,family_leak,clean_validation,0.7763855556114092,5779,family_90cefd12934f9e67,234
0,family_leak,clean_validation,0.5430401737723616,25228,family_98892bedb7f9d59b,54
0,family_leak,clean_validation,0.6840385408033911,4229,family_94351083126b6b1b,51
0,family_leak,clean_validation,0.2722869066136782,1525,family_ce89062820b48da8,122
0,family_leak,clean_validation,0.6164119314932784,6110,family_ea58f8138f27b5e0,374
0,family_leak,clean_validation,0.3046411134488636,1522,family_a95d783f29ff5f7c,255
0,family_leak,clean_validation,0.5959661352606803,1726,family_f0661de6bc71701f,185
0,family_leak,clean_validation,0.5420617441010241,8043,family_5d3d1daaec343597,193
0,family_leak,clean_validation,0.390619981279803,1309,family_e8cb9897ff240a4d,88
0,family_leak,clean_validation,0.6367910613946864,1142,family_fef5119467f26a60,117
0,family_leak,clean_validation,0.42236846527925703,1495,family_b3fc875c4307367f,260
0,family_leak,clean_validation,0.8848158369121182,6710,family_7928fb3bcf30fe40,387
0,family_leak,clean_validation,0.6955036823920782,1991,family_9464bde23ede34ad,92
0,family_leak,clean_validation,0.7536172276337267,8251,family_d523e2dc4868e3d0,432
0,family_leak,clean_validation,0.4091182549794515,1224,family_a867a9ff31d7e843,160
0,family_leak,clean_validation,0.453953971246358,7981,family_91fe9ebe937e9a4f,89
0,family_leak,clean_validation,0.7703143081414221,4230,family_b64927abcac796eb,25
0,family_leak,clean_validation,0.4829404021135232,1689,family_7edc82a2252e2e6e,438
0,family_leak,clean_validation,0.5398284629498534,1574,family_4b852dbf1e794923,357
0,family_leak,clean_validation,0.6981651701428685,1827,family_563fe3303eebd925,400
0,family_leak,clean_validation,0.49248809572532204,3676,family_825a5ea04144cdf5,97
0,family_leak,clean_validation,0.516148456147651,27160,family_66fe0fff60f28bb8,395
0,family_leak,clean_validation,0.6678043791796442,7702,family_fff32f675df6e246,149
0,family_leak,clean_validation,0.6757979285035561,1347,family_bddc3df46e1612bd,328
0,family_leak,clean_validation,0.7846254836032481,1393,family_707a66a54d5d07f1,350
0,family_leak,clean_validation,0.7609909512746622,2603,family_4ff754452abfe1ad,37
0,family_leak,clean_validation,0.523562853382184,1950,family_806c28890e83d1b7,217
0,family_leak,clean_validation,0.585536453844064,9941,family_6e4b2298992c0064,396
0,family_leak,clean_validation,0.6469971695379098,13072,family_0c1eaf227312a9e3,388
0,family_leak,clean_validation,0.6772563213828755,4594,family_131dc61b0ead1e81,421
0,family_leak,clean_validation,0.39176584635940376,2706,family_6d8e82b92757700b,218
0,family_leak,clean_validation,0.4132653772830963,814,family_aa8223246d86399a,429
0,family_leak,clean_validation,0.8243723817263533,8493,family_2610a466be6431bd,140
0,family_leak,clean_validation,0.2004408534432035,991,family_844bdfa71db6282e,463
0,family_leak,clean_validation,0.37623982625981417,1802,family_79c56d72187d17b4,66
0,family_leak,clean_validation,0.7546557695634027,8781,family_c21b420244a2f529,192
0,family_leak,clean_validation,0.5729125513543719,1445,family_ea4d93ae43323fc0,358
0,family_leak,clean_validation,0.779436799997979,9400,family_98d33eafd0a315ec,211
0,family_leak,clean_validation,0.6003275437777094,15162,family_0747deadeb7f7b70,7
0,family_leak,clean_validation,0.8389851589456241,1835,family_c02706043ada877d,353
0,family_leak,clean_validation,0.7227965743212778,1899,family_8527ab32edd1926e,209
0,family_leak,clean_validation,0.5588501841216892,770,family_a6318d458c7ff0f0,68
0,family_leak,clean_validation,0.853352374629315,9835,family_8d09b59dc4c3c92c,133
0,family_leak,clean_validation,0.6807366756331623,10779,family_a835909477e34760,191
0,family_leak,clean_validation,0.5858148803014468,1561,family_ae2839615ac6b954,177
0,family_leak,clean_validation,0.6874366201437987,3330,family_604fb05b51791b98,344
0,family_leak,clean_validation,0.6850202185329485,3931,family_eb03af6100c4cc53,179
0,family_leak,clean_validation,0.3581948174062625,1548,family_1e497d5fdffc2861,61
0,family_leak,clean_validation,0.9877612786927998,1562,family_9426b994e131f361,456
0,family_leak,clean_validation,0.5900695008558826,1974,family_f316d9b341fbcc19,44
0,family_leak,clean_validation,0.4847072151065792,1556,family_7cfa6c1d3b3b22dc,201
0,family_leak,clean_validation,0.757634310200151,9040,family_740827909b2759df,364
0,family_leak,clean_validation,0.7431572432810138,2530,family_96434369b3f61fa2,176
0,family_leak,clean_validation,1.4293393591411798,1582,family_7d73bacb566d84de,232
0,family_leak,clean_validation,0.39735019881444006,2068,family_1146afc43ba8a3c6,174
0,family_leak,clean_validation,0.5661574935642668,529,family_e99579b2e183d1df,39
0,family_leak,clean_validation,0.5794959276563664,6624,family_9f65f14acf3a875e,34
0,family_leak,clean_validation,0.508739898776069,6398,family_83d92120bf78fb00,150
0,family_leak,clean_validation,1.1010542167602817,4395,family_da99c7268499e201,60
0,family_leak,clean_validation,0.6907439614027805,2678,family_2011077d07b209b8,107
0,family_leak,clean_validation,0.7849896159951638,4092,family_4b71b56cfd8299d7,281
0,family_leak,clean_validation,0.4918156834425307,1756,family_84e8622dd9f0f58c,231
0,family_leak,clean_validation,0.5798543132031742,2208,family_3ae653f192390f38,339
0,family_leak,clean_validation,0.8606983815868128,10713,family_583f2140bd02905c,278
0,family_leak,clean_validation,0.45802845297602274,944,family_16b06ae7177592f2,451
0,family_leak,clean_validation,0.6669304966926575,146,family_65381b6f4bb99830,73
0,family_leak,clean_validation,0.6064938276887847,6046,family_39c264b6af7f8b4c,446
0,family_leak,clean_validation,0.4893700521199893,6006,family_acf3abf491a50830,336
0,family_leak,clean_validation,0.6000852109526569,6176,family_ea8d34c1c2cf62d4,337
0,family_leak,clean_validation,0.5494999376526715,274,family_9712f1cb39590627,248
0,family_leak,clean_validation,0.40587547520056944,1209,family_cf1575c3514d386a,200
0,family_leak,clean_validation,0.6348708134673354,5678,family_ebf34b90acdb9333,373
0,family_leak,clean_validation,0.5280681021545129,9764,family_c306f596e2b53370,182
0,family_leak,clean_validation,0.5246032028220557,6624,family_ba9708f285319401,120
0,family_leak,clean_validation,0.8382963405083154,3668,family_bee193805f6f119f,366
0,family_leak,clean_validation,0.9179461458239888,1952,family_ddb5bf4ea432508e,293
0,family_leak,clean_validation,0.6464223639799692,4729,family_b45f7b534a6e0f39,225
0,family_leak,clean_validation,0.48102302467489144,1928,family_40a7f24054f6cf1b,340
0,family_leak,clean_validation,0.7759924721107689,27861,family_5cdfacf570ceb179,378
0,family_leak,clean_validation,0.8306943494148469,4450,family_041ea9c412b040a1,36
0,family_leak,clean_validation,0.48372134522014143,8747,family_a6ef80809cd67f36,220
0,family_leak,clean_validation,0.3460027889975038,3721,family_cda09d6383ad975d,370
0,family_leak,clean_validation,0.7288490319084898,2140,family_214883dfb6ba99a4,465
0,family_leak,clean_validation,0.48349750370318384,6789,family_854445fdf03203cb,112
0,family_leak,clean_validation,0.6431218863362234,3021,family_b4530dd2f9439dd4,462
0,family_leak,clean_validation,0.6897699084770647,9025,family_d2ed6dff028b8bfe,152
0,family_leak,clean_validation,0.6508908136614276,2337,family_7b29d747f514c69c,313
0,family_leak,clean_validation,0.47901851377126686,2910,family_a8dd94fe3475ea7c,148
0,family_leak,clean_validation,0.6929235195540899,3955,family_dc13ea4fc01e4240,147
0,family_leak,clean_validation,0.7460869455577933,8628,family_8cd248050ccc3c0b,228
0,family_leak,clean_validation,0.6354584185447931,6169,family_3a7a2c2be46cda8d,310
0,family_leak,clean_validation,0.8199932806708992,3283,family_294bd1c8183f7513,83
0,family_leak,clean_validation,0.9368493565357451,1209,family_49ecae9a5efbb319,393
0,family_leak,clean_validation,0.28066095863218915,36690,family_1372580fd5d82eeb,331
0,family_leak,clean_validation,0.5801960229873657,276,family_1965f1d691ff77ed,449
0,family_leak,clean_validation,0.8368809813112217,3805,family_ac9524106bb16e6a,322
0,family_leak,clean_validation,0.34002341605589903,2969,family_7c163ae15fc00b82,453
0,family_leak,clean_validation,1.1447698482401303,1548,family_70436089a4c770d4,65
0,family_leak,clean_validation,0.5897139380992918,1062,family_845b8b035d42a3a5,205
0,family_leak,clean_validation,0.3805940838071448,1444,family_7b039bf480df9b15,136
0,family_leak,clean_validation,0.7092253693612293,2560,family_9d7e640ca06153e6,84
0,family_leak,clean_validation,1.1369376729397063,1175,family_54fc1cace3776e46,256
0,family_leak,clean_validation,0.8356533067306738,5758,family_0a67bbb9b9e07256,135
0,family_leak,clean_validation,0.7859299862252157,5752,family_9087822f50091590,169
0,family_leak,clean_validation,0.5335339195721805,734,family_cd9083de535c9789,386
0,family_leak,clean_validation,0.6908337953388248,8757,family_9eaff47c6da3797b,21
0,family_leak,clean_validation,0.2998767498665029,2972,family_2cc60a8f69107434,266
0,family_leak,clean_validation,0.5146192600829458,12762,family_4ebace72e4a1d8c0,290
0,family_leak,clean_validation,0.7436121243279608,3186,family_268f9f3a9379fd20,363
0,family_leak,clean_validation,0.5657886555045843,1600,family_947e8f8d14934de3,14
0,family_leak,clean_validation,0.7014327992350509,924,family_ec197f9194f4a13c,123
0,family_leak,clean_validation,1.0115537144126692,573,family_2166721ea9bb40e6,361
0,family_leak,clean_validation,0.7158236983118643,12097,family_9a9cfd28ebcce477,222
0,family_leak,clean_validation,0.37138121359370907,2742,family_749f025de5f99eeb,85
0,family_leak,clean_validation,0.8915278441768979,6474,family_93a719e9b96d4d31,132
0,family_leak,clean_validation,0.9326099167470219,1470,family_4baef2e304b84828,10
0,family_leak,clean_validation,0.7122929051273323,4681,family_6ea983efd760219c,213
0,family_leak,clean_validation,0.7362461024539292,1805,family_92d2c512717f57fa,280
0,family_leak,clean_validation,0.3753362097812973,1441,family_e181dee2375ee769,273
0,family_leak,clean_validation,0.5333696774301682,5236,family_ebe8375ee890567f,62
0,family_leak,clean_validation,0.5156708169751271,1801,family_43ed51b024989987,303
0,family_leak,clean_validation,0.4927370363524095,2612,family_d43af69a6d60a3af,49
0,family_leak,clean_validation,0.7011764113071007,9479,family_5da0ba5097bc19d0,3
0,family_leak,clean_validation,0.5974186366585673,1866,family_5da5a44d5ce0c35c,43
0,family_leak,clean_validation,0.5584148435069662,13380,family_454ee4f6b5b8ec97,116
0,family_leak,clean_validation,0.643659406413209,6582,family_3a2249f8e96bbaf7,300
0,family_leak,clean_validation,0.6297316110142357,4344,family_281fa10bb1bf325c,196
0,family_leak,clean_validation,0.7136577667677071,11467,family_62910d812650e6c3,382
0,family_leak,clean_validation,1.0464723262636142,4872,family_6f3ca8e10898152f,267
0,family_leak,clean_validation,0.5095811484050373,3532,family_50127f8134d80d88,317
0,family_leak,clean_validation,0.6210106290650192,5029,family_3325f7b7624711c2,367
0,family_leak,clean_validation,1.3752833938146654,422,family_43d964487922f8ef,1
1,clean,treated,0.6246153658859919,3013,family_f62176e3e9e80995,9
1,clean,treated,0.5945579290849269,1817,family_372bca09daa2e59c,16
1,clean,treated,0.5501342730892116,1450,family_7372cedf8e9b0da9,20
1,clean,treated,0.6299472890271769,1925,family_d146c709b6d57006,22
1,clean,treated,0.6679337007401366,24342,family_f676c1a274b9fc25,27
1,clean,treated,0.8807362633163218,7180,family_38aef633ce47c55b,30
1,clean,treated,0.610641778449831,2105,family_606242910f42ab8e,31
1,clean,treated,0.5593622314692192,18751,family_14100b61aef92451,32
1,clean,treated,0.5165523099264613,2160,family_b79ba27218cfec3a,45
1,clean,treated,0.5716868609442843,6011,family_10ea4c959d508d3a,53
1,clean,treated,0.5557584442496912,973,family_54cada16b34da893,67
1,clean,treated,0.9738877576169914,12399,family_d00ed582e8933047,69
1,clean,treated,0.4258009076388995,16084,family_f44b2ae87e6c19c9,75
1,clean,treated,0.6161505275375241,3458,family_43eb9f3c79bfa424,77
1,clean,treated,0.7566574404108164,5222,family_7ba5737bedbb0ebb,90
1,clean,treated,0.14745727677706957,4588,family_9fcfd1f061a07fdd,96
1,clean,treated,0.6419084392886791,3419,family_92111478a4e4dc10,114
1,clean,treated,0.6797380598581542,5531,family_0d96bd7e73513afe,121
1,clean,treated,0.6860965300889116,4219,family_e05b3b80c8af829a,141
1,clean,treated,0.7502016141056121,9616,family_6c4da332ef0988d1,142
1,clean,treated,0.6322676314381998,5337,family_c5efd28cb58a7154,153
1,clean,treated,0.5837415284507032,21679,family_602f06061ae180d5,155
1,clean,treated,0.5962879374812965,7228,family_39e9d2f6901e2c3c,158
1,clean,treated,0.436580557880558,5672,family_a492c7d45a2a101f,161
1,clean,treated,0.37176303324230286,5682,family_d8af1edd7b3a915e,163
1,clean,treated,0.4649512582916324,885,family_5f8029db8371e627,165
1,clean,treated,0.6200012960219964,9860,family_e030933a6e53e46b,168
1,clean,treated,0.6687402435793326,2288,family_bb71b9ef2d24550b,173
1,clean,treated,0.6731984805707026,2561,family_e41e34f36378682d,178
1,clean,treated,0.34876073886226006,3495,family_412cd5d8186672af,180
1,clean,treated,0.7463765238737834,3170,family_3aa7a20bd53365ee,195
1,clean,treated,0.6134058890345109,7958,family_f504f3830437dcae,198
1,clean,treated,0.6025029681723394,2968,family_c6c852f0526b7ae7,202
1,clean,treated,0.5269782957651757,1510,family_3118a97dac7df7b9,210
1,clean,treated,0.5637179254948095,20961,family_2d9ae7dd453e8ed5,227
1,clean,treated,0.6093071494182425,6203,family_5cb0d0cb4b5fec1d,233
1,clean,treated,1.2413060665130615,21,family_a03ceb6bd35e9a91,239
1,clean,treated,0.3184297140948997,998,family_116f02d2c90563fb,242
1,clean,treated,0.8102752764693706,3047,family_b2530645f1ddb95c,250
1,clean,treated,0.7646407531197091,8788,family_66d00c35f9b4c3e5,252
1,clean,treated,0.47657948034920455,20895,family_5e3e997400ef55a6,254
1,clean,treated,0.7390493877501817,4447,family_058b5f5b307b1065,262
1,clean,treated,0.6203632860546612,2444,family_031ad2b389fe0cfe,265
1,clean,treated,0.5954501701976196,13148,family_716b7f5021a82ccf,270
1,clean,treated,0.14834981790395435,4588,family_dfc0de51587939cb,276
1,clean,treated,0.6746298996800739,2426,family_0b1b5d8b94feabb4,277
1,clean,treated,0.6467276826698146,6119,family_763b9e5cc1615062,284
1,clean,treated,0.5307663449970614,2618,family_46272ba2e3baaec4,287
1,clean,treated,0.7203042478261396,3608,family_91ac71586309274f,291
1,clean,treated,0.6110902507115378,5126,family_ef7c669ce887d98d,306
1,clean,treated,0.4058900960005503,8288,family_69280d70016898d4,315
1,clean,treated,0.5016501851091285,7074,family_e26c412d2bf4ef23,334
1,clean,treated,0.7980790672185302,7054,family_5bd41b6f65a3fa08,338
1,clean,treated,0.692747359979054,1329,family_2a9acaaaa206857f,345
1,clean,treated,0.61263640237768,3367,family_8626120333d3a6fd,352
1,clean,treated,0.6017762562413443,2489,family_af71579703adab9b,354
1,clean,treated,0.8610030188813188,2170,family_961ce22dc50c2496,385
1,clean,treated,0.7106305490914254,11177,family_4020f09183bfa8c1,392
1,clean,treated,0.8698510796248342,5436,family_9f027a57e4f4ec31,399
1,clean,treated,0.736292839050293,342,family_13798f417b635e9a,401
1,clean,treated,0.45175401467256443,8373,family_3d13c5c8c00a7596,406
1,clean,treated,0.5955634073655058,3846,family_92206bde258af4e4,411
1,clean,treated,0.7377527705370662,11304,family_9bd228a47681c7b2,412
1,clean,treated,0.8322793263459115,6866,family_a55e4bdb2c90ea5b,424
1,clean,treated,0.5050917188661772,2252,family_adc8419161645915,426
1,clean,treated,0.5902293871557518,14110,family_76bd9632508fc892,441
1,clean,treated,0.5743246050517912,1939,family_f52b6909b0ebd60b,459
1,clean,control,0.31477962312991853,1511,family_ceaf8a343a31cbd9,18
1,clean,control,0.33618208405292865,1479,family_dd63a4fd117ff862,101
1,clean,control,0.7747704253085299,3167,family_52b6f81b853b12ca,33
1,clean,control,0.8736948511637799,6583,family_e166239f4cce0cbc,403
1,clean,control,0.37579739068768886,3098,family_b976189e2858871b,98
1,clean,control,0.5602837307568715,1568,family_ba5cd8130b572f33,146
1,clean,control,0.6078524838744114,33430,family_98b6d659a93238e0,414
1,clean,control,0.4569128143807565,10042,family_41e212eb6a6f1251,199
1,clean,control,0.35820518680157926,5316,family_35a8274c2c9e03b7,436
1,clean,control,0.3034795779924122,10156,family_22ce6dcdaaacc1b3,383
1,clean,control,0.8238894611217413,12560,family_f24faf403f0945b9,118
1,clean,control,0.590399117320655,11087,family_56ee0f65aee3b01a,416
1,clean,control,0.4692208017496502,2992,family_a84fdd88fca1dd99,368
1,clean,control,0.49247997009161787,2938,family_14836bf70ba6bcc9,139
1,clean,control,0.5343554283523191,6475,family_161d3f17d2de86cc,245
1,clean,control,0.6832903629505194,1811,family_09f6c0e15252a8f3,230
1,clean,control,0.7724557334268597,1491,family_8ccf630c818a7c69,390
1,clean,control,0.4898059667771997,10886,family_10c3be0f4e5ac610,119
1,clean,control,0.5689915328912607,1269,family_7dccd114e1c42fda,422
1,clean,control,0.5377763073513473,414,family_098eba68cc7a5705,297
1,clean,control,0.6942310868100049,935,family_e74855c30bc72109,288
1,clean,control,0.8076138653726419,663,family_5cb426dcc2868bf0,80
1,clean,control,0.4381739108904439,8694,family_5599c85abb41e72e,79
1,clean,control,0.6967787537379554,7792,family_20959b526eb3f90b,409
1,clean,control,0.44059330632590993,5959,family_81caaa199e04696e,0
1,clean,control,0.44561257556215833,2097,family_e8fbaa3c44712ef8,275
1,clean,control,0.34175680004325465,1489,family_27dd5edc76fc8784,221
1,clean,control,0.7197949519941126,16166,family_fe02b4f4619b881d,226
1,clean,control,0.7879905752982378,2986,family_f91bbb3ed944db7f,348
1,clean,control,0.8215301237231158,13560,family_2609262775f19fee,130
1,clean,control,0.9917832713958284,1222,family_176e7f37ba5c58aa,402
1,clean,control,0.775679927562694,9137,family_aa758de10b858582,219
1,clean,control,0.6795842207504559,3519,family_0f71bd81fce2ffce,24
1,clean,control,0.43058634822881675,474,family_e7f08820ef277e3f,236
1,clean,control,0.6168977618700489,3702,family_98f3631f76084496,423
1,clean,control,0.7199310288482704,5621,family_359bf4cb84d86e8e,251
1,clean,control,0.5479556147122022,2904,family_208e11010803c426,362
1,clean,control,0.629313944274616,14008,family_012ed35c0fd13d06,55
1,clean,control,0.5554771748622437,17427,family_90c57504d43c4f71,319
1,clean,control,0.36596537215120833,5968,family_9dbf43a9d569c04f,181
1,clean,control,0.6178909408692498,5730,family_8ba71a11594a0b10,326
1,clean,control,0.5633399650162342,1530,family_e38bf4eb3506f212,56
1,clean,control,0.5881945331613501,4290,family_ca6161b56d80cab2,398
1,clean,control,0.6887304805927902,6255,family_b4dfbc9dfe23dd94,105
1,clean,control,0.8967734510216314,11668,family_44153237d3401d70,434
1,clean,control,0.6323543726114416,11424,family_b1bfbd4df51d3281,5
1,clean,control,0.3622435642899337,903,family_489085f0784e16ac,167
1,clean,control,0.6202673471942649,2129,family_960f71ee7da5de06,269
1,clean,control,0.2986967220169903,1607,family_15270847da98bf26,347
1,clean,control,0.5164936395757126,3960,family_58ec76f0444692f7,157
1,clean,control,0.5569221592191512,19897,family_8a0b900fe4ce844d,360
1,clean,control,0.5216213364725144,3999,family_95ae66ec7f1b9697,448
1,clean,control,0.8391793751035418,875,family_12b4e37d97465d0a,418
1,clean,control,0.3105947949337375,3670,family_c29fb15617d16c65,329
1,clean,control,0.47915092634847867,1282,family_531a64b78d3f6b6e,238
1,clean,control,0.779029490505166,24927,family_cfb8414dd0ed5e61,156
1,clean,control,0.4297634789157772,1444,family_361226c27f4b583c,93
1,clean,control,0.8999266124408035,4346,family_3aec88616484d2b6,224
1,clean,control,0.6046379547237721,1327,family_cb615c986d58b9f8,299
1,clean,control,0.7799468140760295,7506,family_a5428498c7c08cf4,28
1,clean,control,0.6158778370311945,8080,family_4088ef571aaf36b5,104
1,clean,control,0.2748005071223663,2842,family_6532a15861b5fee0,46
1,clean,control,0.49198945704847574,384,family_252435156f9ef851,443
1,clean,control,0.461207454271626,5208,family_3fe46c2063150b43,439
1,clean,control,0.5783145650264698,18771,family_8b82200a19c5284b,42
1,clean,control,0.2948152316533321,1632,family_c5129a2465a145bd,145
1,clean,control,0.8399816617090604,8010,family_753059cc96813ec7,264
1,clean,control,0.6412797492852839,12591,family_5babdebfe8e80836,371
1,clean,control,0.44352404001331464,6411,family_7805857c4980d13c,427
1,clean,control,0.5512854317417062,1611,family_b14e195ae596f5ca,184
1,clean,control,0.8572120666503906,266,family_45a9a446b545ce75,215
1,clean,control,0.42540011227562524,10771,family_1a517eb1bb640998,433
1,clean,control,0.860669208891553,2233,family_2da4728a37224b1a,240
1,clean,control,0.48934098943791277,377,family_17644d105f6d79d5,458
1,clean,control,0.6636611373124722,8183,family_ddd2c37740ff58a2,86
1,clean,control,0.5906879719145395,2368,family_f7f3839ac58c1a58,447
1,clean,control,0.5599156459735568,13516,family_66b2e70bd2d3ce49,159
1,clean,control,0.48598131887983254,7541,family_ef81322fe4591b85,442
1,clean,control,0.4277266296941623,11874,family_31f5f0755be116cf,346
1,clean,control,0.33004377592084844,2937,family_c21274f2eb197439,197
1,clean,control,0.6128773360419475,7705,family_42a2837394ab47d1,405
1,clean,control,0.7655705375083194,8804,family_6efd47f4e7625286,8
1,clean,control,0.7123701551372317,6259,family_ca2717eac3411b29,389
1,clean,control,0.7795345834416032,18464,family_b4cc6bf90e9fe8d0,355
1,clean,control,0.5300277547943225,1494,family_5ac6bbfde7e41ea2,452
1,clean,control,0.9705066795817217,1691,family_5b702cf6ad770b44,258
1,clean,control,0.6239155556652219,4310,family_e8523609850692e2,309
1,clean,control,0.7519992092709038,3891,family_c93045766e35cdce,131
1,clean,control,0.6546257951013768,1862,family_41d870642c85787c,286
1,clean,control,0.5357908437693233,8614,family_e92e73cc15be90fc,391
1,clean,control,0.5413766488529839,7992,family_a5be12c3425856ca,341
1,clean,control,0.6075142424769457,9269,family_b4e54fd6b86765a7,100
1,clean,control,1.0248535281985345,2740,family_f6ec39a379c5708b,187
1,clean,control,0.8756751948255833,615,family_ce0fe6a313ad3fa7,72
1,clean,control,0.5080909591019779,9540,family_0d74725de98c4bb2,316
1,clean,control,0.4154656582897431,11933,family_db8a7f65a6428bf1,76
1,clean,control,0.5848742097168317,8118,family_7a299533cf0677c1,384
1,clean,control,0.47333489184029237,1538,family_6fdd03c196b1863d,369
1,clean,control,0.29999284662483233,1516,family_42c8e9672e12c968,397
1,clean,control,0.49169820843855316,703,family_7349598b33c049cb,70
1,clean,control,0.06328335912297658,5856,family_70735ae7b3233e96,212
1,clean,control,0.9617864982725604,7503,family_a0838daefd74be4b,19
1,clean,control,0.9165372951843199,5376,family_28a333d9037bf992,420
1,clean,control,0.5932486321707394,8764,family_0ac37a6cf3e1a691,356
1,clean,control,0.445653468823148,8953,family_c10f45db237bb96c,253
1,clean,control,0.6802124480830615,2342,family_72340b299451623e,103
1,clean,control,0.5137986529170346,14896,family_69f22f7a30e471a2,214
1,clean,control,0.24467268278091972,1543,family_28bee39b5c21fe9d,311
1,clean,control,0.5778371271879776,1150,family_6a57cb9a85811216,283
1,clean,control,0.26654055746566835,1119,family_bbf9bd595ed0e3ae,294
1,clean,control,0.21039430965559885,2176,family_f6645dba4758639d,351
1,clean,control,0.8247715076196958,5556,family_90e4eeca3b9056bc,95
1,clean,control,0.6138569848659293,3659,family_226194ed4cf87102,249
1,clean,control,0.7249494142053861,12128,family_423d353537dce020,108
1,clean,control,0.6501986833307402,5546,family_e94c3b88439b9029,241
1,clean,control,0.21047830338419862,1556,family_9328bcf632c26907,229
1,clean,control,0.8267842455894551,3522,family_2d97c1fe9f1f35cb,295
1,clean,control,0.33663129136938824,8657,family_2daf31b4fc409af5,323
1,clean,control,0.4976665300844916,1611,family_4207ad52459ede8b,154
1,clean,control,1.0202905944728935,3423,family_d17cfeb524a60ef8,327
1,clean,control,0.3521240076203367,924,family_2624676d2c88ea6d,171
1,clean,control,0.34473492706729975,814,family_cd6b8c017c692fc0,425
1,clean,control,0.6673096931869199,3220,family_7308f8408f102e02,365
1,clean,control,0.8384672297266856,6187,family_bbdb130f24f492f3,271
1,clean,control,0.7981731546769282,2895,family_8eb050e85c8cbe00,444
1,clean,control,0.7529365181388059,3789,family_8cf04bc28e56473d,81
1,clean,control,0.2748695512061708,3516,family_f0e97a3ae19f4883,445
1,clean,control,0.8037089192239861,3325,family_3c16cf85716dcecf,137
1,clean,control,0.6012793332338333,860,family_0ae88fc74fe94e45,194
1,clean,control,0.4107864168336888,7721,family_adb9f960ea267631,333
1,clean,control,0.332251606848465,1663,family_845dcb037dda9ca4,23
1,clean,control,0.590329957870369,2835,family_824e732522aeff8c,188
1,clean,control,0.8407678883443757,2358,family_b45145574ef29d16,237
1,clean,control,0.757870535469964,1679,family_3498095076b2c688,126
1,clean,control,0.3868837100939995,14516,family_7b0c7aa83467acba,246
1,clean,control,0.34515959708260624,1874,family_ef2744416d3c3898,59
1,clean,control,0.46479668364100907,9437,family_a120ee09300e50dd,203
1,clean,control,0.5316330168999172,13840,family_662a7ad6856a20ec,183
1,clean,control,0.3364094416076746,2842,family_ec8e45be3f13c228,162
1,clean,control,0.2877591657969687,2412,family_ea1251a92d0d608d,408
1,clean,control,0.38622690318449354,2665,family_ae10005ebef62f9a,431
1,clean,control,0.5829241895725958,2844,family_ba502bbadd80dbad,428
1,clean,control,0.7202153522455347,1413,family_0c4758d0d8c17e4c,464
1,clean,control,0.550320621963621,2194,family_c8c5b3165dc3d00f,381
1,clean,control,1.3740904331207275,146,family_f8a4c4cf96d7d3a4,435
1,clean,control,0.6534307613404343,3326,family_c4c2d9a3593749d3,349
1,clean,control,0.3329743583142227,6740,family_a790cfe693f8277b,91
1,clean,control,0.4664928176506581,829,family_b80c0a0cc51e9cb0,115
1,clean,control,0.49128818795306317,6395,family_cab1c6011a1fdaa6,455
1,clean,control,0.7523729584564532,7047,family_e5d8b71a52363ad9,298
1,clean,control,0.43321392099240275,3802,family_c7dc176fdd0217ba,335
1,clean,control,0.47813846261946547,16236,family_103aaa5d05f6ae8e,48
1,clean,control,0.33534270809090194,1521,family_bce72a81e9f7a75f,359
1,clean,control,0.6236681238179117,14066,family_88158f96b47c8463,190
1,clean,control,0.48198050661352937,4268,family_63a00abd27340f71,175
1,clean,control,0.77274565762527,4927,family_16690ce1f5941cee,305
1,clean,control,0.5377920090489654,5038,family_48b38ab68cade6ec,407
1,clean,control,0.5547905869247393,4223,family_c3cdd4e1b48a655d,247
1,clean,control,0.559093117738844,9569,family_4857774525078786,466
1,clean,control,0.7516851020478843,4772,family_106f59648a0c9c35,460
1,clean,control,0.4638848106066386,354,family_fc3f9109e95affd2,285
1,clean,control,0.4142952222885268,4794,family_94f7ed188c628e96,113
1,clean,control,0.3357437237091591,6520,family_37f9e97be389a23e,29
1,clean,control,0.5406206089313751,3755,family_a59a0356188b4355,243
1,clean,control,0.8759218734322172,858,family_71ce23a7f17005f8,26
1,clean,control,0.5399683997551058,7479,family_f758022272171098,82
1,clean,control,0.7339841777818245,855,family_499863e15eed8232,189
1,clean,control,0.6311484090484116,15654,family_a6b1e6c8dc05d3fc,302
1,clean,control,0.37251347742115376,2887,family_aa6f2c9ac321af63,125
1,clean,control,0.6345655995682161,7731,family_4479ba395f10b6fa,172
1,clean,control,0.8837487350921241,392,family_cfd4d018d597a4a5,78
1,clean,control,0.44065903532296563,1258,family_28595fb1bc0f3fc9,11
1,clean,control,0.39431396437562766,2982,family_c199799f0010c2ba,437
1,clean,control,0.3762456496934909,4254,family_83cee363496e020d,109
1,clean,control,0.4415887698785148,1408,family_474f139056c4a4a8,415
1,clean,control,0.7407588621374341,8931,family_f49521b3b9139607,376
1,clean,control,0.40199998875261833,1612,family_2299048dcdfc88ae,17
1,clean,control,0.6233691491591379,994,family_8ce450e0fd5b760b,206
1,clean,control,0.8179054487934523,13977,family_11716c30ab805b83,279
1,clean,control,0.45622437184494047,3297,family_c9107e559bc10df1,263
1,clean,control,0.23654241712161933,2955,family_1cde6c60b123043d,312
1,clean,control,0.6915761737290494,2505,family_e1fdfc5d8014a775,296
1,clean,control,0.6747362022596151,2041,family_15f4d27f85125588,87
1,clean,control,0.9917966378538796,5874,family_8afe0a881f58daf3,50
1,clean,control,0.5117845049471942,5642,family_efea7bec2494faa6,94
1,clean,control,0.47514589047104766,2259,family_5eb48950a52ed210,40
1,clean,control,1.0798571173068696,3164,family_3c27a50068e49a53,461
1,clean,control,0.48989453077316286,1650,family_9f6868eefbbbed1e,106
1,clean,control,0.6686542552687746,3276,family_6f452079ad53f9e3,52
1,clean,control,0.524248935911681,7753,family_90b698ed239c72f3,342
1,clean,control,0.4562916968639045,7172,family_7a51865c49a891df,394
1,clean,control,0.46846691297342885,1378,family_c2ad44d60ca30de3,377
1,clean,control,0.7153471220539224,5152,family_7080c9dc9123eefa,380
1,clean,control,0.42056366640825255,1226,family_f1ec422e65e5e3a9,216
1,clean,control,0.8994940416974239,13728,family_b3a5b65ace87c66a,259
1,clean,control,0.6409486875518576,6160,family_ddc2b06f90b14767,440
1,clean,control,0.44143867896047745,2778,family_12c80f084ce84e4d,134
1,clean,control,0.5432817705910469,1052,family_11b4c8394b81742f,74
1,clean,control,0.6612972312330812,5219,family_f4ef77025e9d585a,332
1,clean,control,0.46918034014830456,2484,family_dba84aa0b1e1bdf3,307
1,clean,clean_validation,0.8208840763784416,2157,family_9c8265b1eeaa3ea5,304
1,clean,clean_validation,0.7253409204384836,6507,family_6a1661bec1a85809,379
1,clean,clean_validation,0.5709408999733168,3067,family_62ccf7e9625e13cf,166
1,clean,clean_validation,0.6814380227431527,20162,family_cd21aac5ba3653c4,321
1,clean,clean_validation,0.22527352526425495,1455,family_30e6b27558fb2cfa,308
1,clean,clean_validation,0.6743720022246569,2139,family_589dd5dee42e0ba5,47
1,clean,clean_validation,0.562452671621419,11111,family_44b8f32f06eed8e1,261
1,clean,clean_validation,1.0096787035077177,12902,family_6c0a1a049e992ced,301
1,clean,clean_validation,0.4379611139201577,1939,family_5e036e81da0eb73a,413
1,clean,clean_validation,0.6471111127308437,3955,family_656a111a8d37395f,372
1,clean,clean_validation,0.7552312865025468,2376,family_758bfda9a8447363,12
1,clean,clean_validation,0.6143672500140633,18218,family_da1dbdb1ef9b795a,454
1,clean,clean_validation,0.488085156202911,12428,family_0e127a8896fec497,274
1,clean,clean_validation,0.5249842135096298,24324,family_c80507fcf9585b1a,63
1,clean,clean_validation,0.5980897523878219,17091,family_f40ceb541a7c4872,208
1,clean,clean_validation,0.6213616484352914,4938,family_8e6f7d5acf9b6927,450
1,clean,clean_validation,1.1338037756108863,6350,family_a205b4830de0571b,35
1,clean,clean_validation,0.7357968662079126,7631,family_210dd87434e478ea,204
1,clean,clean_validation,0.7062367029621056,1737,family_6e5e431caa44724b,151
1,clean,clean_validation,1.0864864587783813,312,family_4ac111dfdda85e07,38
1,clean,clean_validation,0.4576414096471098,2989,family_2ff844206e33f622,15
1,clean,clean_validation,0.5240494715696561,9620,family_f24572f09d62eaf7,289
1,clean,clean_validation,0.6308829163341579,5697,family_4583de96403df727,330
1,clean,clean_validation,0.848659106580989,6828,family_362a9e5c40bfd73b,129
1,clean,clean_validation,0.45382577416111075,4776,family_c7ff83fca90f3302,58
1,clean,clean_validation,0.3838605082957692,814,family_bb3044002b4e58d3,6
1,clean,clean_validation,0.72285546310434,10581,family_9dbad3b7dfff2d80,257
1,clean,clean_validation,0.8952023487040066,2805,family_d5eeefd1295fe235,164
1,clean,clean_validation,0.05116660150731193,19313,family_8c6ad2ae9108308a,41
1,clean,clean_validation,0.742616111715439,1015,family_ec7448c261485925,343
1,clean,clean_validation,0.9213403188534128,1876,family_da99763bd9ab0129,170
1,clean,clean_validation,0.3746614376466362,11710,family_bce1d9194265651f,419
1,clean,clean_validation,0.37551557976991473,1902,family_ff7d06f50d504d40,430
1,clean,clean_validation,0.31514845570570943,2072,family_df37c270d2661cca,144
1,clean,clean_validation,0.5883712752318657,3561,family_9b9f0055f4a82932,64
1,clean,clean_validation,0.7473143415597739,2503,family_faee5ab013f7ff85,325
1,clean,clean_validation,0.822046747261152,2005,family_b45e27dc8b0341f7,57
1,clean,clean_validation,0.8885861697596825,16528,family_f59f5e228f38301b,282
1,clean,clean_validation,0.6105702563187152,6659,family_c57c54f6ba0d776c,2
1,clean,clean_validation,0.5679189137843563,3273,family_f564283e7832e835,268
1,clean,clean_validation,0.7381238626223775,7921,family_5d2bdbbdab0c254a,235
1,clean,clean_validation,0.4972783822738498,1579,family_d3608e2028ea88cd,223
1,clean,clean_validation,1.086988193503881,1770,family_7027306433055f85,127
1,clean,clean_validation,0.7584669747005287,1826,family_2b1f911727bc0f28,292
1,clean,clean_validation,0.3447428018571782,10390,family_f93c07f1442fee3f,318
1,clean,clean_validation,0.37472704325763273,1562,family_461db8faf995097d,143
1,clean,clean_validation,0.4640881450544538,7697,family_82ec8fa32d7834d5,410
1,clean,clean_validation,0.7196668941675471,1562,family_749fba182099ed6d,71
1,clean,clean_validation,0.21216286060605513,944,family_8024beb4c78afab2,99
1,clean,clean_validation,0.9572340048490379,19290,family_f23f6749eb1b82cb,404
1,clean,clean_validation,0.4899636394346382,1764,family_edcd18dc1b4c2424,111
1,clean,clean_validation,0.6523958023256765,13384,family_c3461b971572611a,124
1,clean,clean_validation,0.5806813499052457,2948,family_958e7885cfed5eee,110
1,clean,clean_validation,0.6619439807624528,3300,family_857ac66271083d60,417
1,clean,clean_validation,0.7058006759975948,2499,family_34a64d8a4071e429,207
1,clean,clean_validation,0.4054657584919233,1349,family_6e62e1ee9b4413df,128
1,clean,clean_validation,0.28148067990938824,1341,family_714ef4d49b7733fe,320
1,clean,clean_validation,0.2699414533989635,1517,family_bdc5646a39fdf7df,4
1,clean,clean_validation,0.2828252616989819,1557,family_760ef99c05a28dc4,138
1,clean,clean_validation,0.5833483646807738,2572,family_b29c451a4015599c,102
1,clean,clean_validation,0.24384626307568746,1291,family_3870744e242d6177,272
1,clean,clean_validation,0.6780476405915513,8116,family_27a4c5018af1ecf2,457
1,clean,clean_validation,0.3551012531173329,1904,family_6947476df68e3d6b,186
1,clean,clean_validation,0.32781777080474245,1578,family_825c369d9b6227f5,244
1,clean,clean_validation,0.5615691969002073,2842,family_d018701072ce56d1,375
1,clean,clean_validation,0.7410449919562837,969,family_af46046507aa5c4b,13
1,clean,clean_validation,0.4877477152228134,539,family_96b0ad618634da70,314
1,clean,clean_validation,1.229041973002068,3348,family_5b29d45b1b74f69b,324
1,clean,clean_validation,0.677959848190802,5779,family_90cefd12934f9e67,234
1,clean,clean_validation,0.5392703579371642,25228,family_98892bedb7f9d59b,54
1,clean,clean_validation,0.6628245164469134,4229,family_94351083126b6b1b,51
1,clean,clean_validation,0.26086241485642603,1525,family_ce89062820b48da8,122
1,clean,clean_validation,0.6387634797299162,6110,family_ea58f8138f27b5e0,374
1,clean,clean_validation,0.3108724452036282,1522,family_a95d783f29ff5f7c,255
1,clean,clean_validation,0.5920868340711328,1726,family_f0661de6bc71701f,185
1,clean,clean_validation,0.527181616239875,8043,family_5d3d1daaec343597,193
1,clean,clean_validation,0.38607485347617393,1309,family_e8cb9897ff240a4d,88
1,clean,clean_validation,0.6575640227038889,1142,family_fef5119467f26a60,117
1,clean,clean_validation,0.41079170849410984,1495,family_b3fc875c4307367f,260
1,clean,clean_validation,0.8408479022731014,6710,family_7928fb3bcf30fe40,387
1,clean,clean_validation,0.5525687789569722,1991,family_9464bde23ede34ad,92
1,clean,clean_validation,0.7152651512627167,8251,family_d523e2dc4868e3d0,432
1,clean,clean_validation,0.3942541678746541,1224,family_a867a9ff31d7e843,160
1,clean,clean_validation,0.4400564959668796,7981,family_91fe9ebe937e9a4f,89
1,clean,clean_validation,0.7286973490219026,4230,family_b64927abcac796eb,25
1,clean,clean_validation,0.4587003036918832,1689,family_7edc82a2252e2e6e,438
1,clean,clean_validation,0.5333200436951699,1574,family_4b852dbf1e794923,357
1,clean,clean_validation,0.6396838782195127,1827,family_563fe3303eebd925,400
1,clean,clean_validation,0.4642682178057446,3676,family_825a5ea04144cdf5,97
1,clean,clean_validation,0.5071154889284423,27160,family_66fe0fff60f28bb8,395
1,clean,clean_validation,0.628507217558227,7702,family_fff32f675df6e246,149
1,clean,clean_validation,0.6242464318395812,1347,family_bddc3df46e1612bd,328
1,clean,clean_validation,0.7130686884634972,1393,family_707a66a54d5d07f1,350
1,clean,clean_validation,0.7515493367343877,2603,family_4ff754452abfe1ad,37
1,clean,clean_validation,0.4780261239027366,1950,family_806c28890e83d1b7,217
1,clean,clean_validation,0.5137146668029544,9941,family_6e4b2298992c0064,396
1,clean,clean_validation,0.6816704466259574,13072,family_0c1eaf227312a9e3,388
1,clean,clean_validation,0.6731124122180677,4594,family_131dc61b0ead1e81,421
1,clean,clean_validation,0.3811741956872404,2706,family_6d8e82b92757700b,218
1,clean,clean_validation,0.36137083172798157,814,family_aa8223246d86399a,429
1,clean,clean_validation,0.8229225887983325,8493,family_2610a466be6431bd,140
1,clean,clean_validation,0.20707847964390735,991,family_844bdfa71db6282e,463
1,clean,clean_validation,0.35056634675649373,1802,family_79c56d72187d17b4,66
1,clean,clean_validation,0.745067335548983,8781,family_c21b420244a2f529,192
1,clean,clean_validation,0.5584028309604289,1445,family_ea4d93ae43323fc0,358
1,clean,clean_validation,0.713918744623661,9400,family_98d33eafd0a315ec,211
1,clean,clean_validation,0.6272401146855082,15162,family_0747deadeb7f7b70,7
1,clean,clean_validation,0.7376794347808536,1835,family_c02706043ada877d,353
1,clean,clean_validation,0.737164476455796,1899,family_8527ab32edd1926e,209
1,clean,clean_validation,0.558597667031474,770,family_a6318d458c7ff0f0,68
1,clean,clean_validation,0.8282309765008481,9835,family_8d09b59dc4c3c92c,133
1,clean,clean_validation,0.6528088598959587,10779,family_a835909477e34760,191
1,clean,clean_validation,0.57160506318732,1561,family_ae2839615ac6b954,177
1,clean,clean_validation,0.6786552625733453,3330,family_604fb05b51791b98,344
1,clean,clean_validation,0.6228575886766652,3931,family_eb03af6100c4cc53,179
1,clean,clean_validation,0.3724646388098251,1548,family_1e497d5fdffc2861,61
1,clean,clean_validation,0.9681683366262043,1562,family_9426b994e131f361,456
1,clean,clean_validation,0.545000066223961,1974,family_f316d9b341fbcc19,44
1,clean,clean_validation,0.48969834384084665,1556,family_7cfa6c1d3b3b22dc,201
1,clean,clean_validation,0.747165454990041,9040,family_740827909b2759df,364
1,clean,clean_validation,0.667218434904875,2530,family_96434369b3f61fa2,176
1,clean,clean_validation,1.116110855348493,1582,family_7d73bacb566d84de,232
1,clean,clean_validation,0.3260106278269964,2068,family_1146afc43ba8a3c6,174
1,clean,clean_validation,0.6027030840037225,529,family_e99579b2e183d1df,39
1,clean,clean_validation,0.5402428564764019,6624,family_9f65f14acf3a875e,34
1,clean,clean_validation,0.525603791616715,6398,family_83d92120bf78fb00,150
1,clean,clean_validation,1.0489795295858546,4395,family_da99c7268499e201,60
1,clean,clean_validation,0.6669543167385616,2678,family_2011077d07b209b8,107
1,clean,clean_validation,0.7582801758864292,4092,family_4b71b56cfd8299d7,281
1,clean,clean_validation,0.46089650210256183,1756,family_84e8622dd9f0f58c,231
1,clean,clean_validation,0.5455383060203083,2208,family_3ae653f192390f38,339
1,clean,clean_validation,0.7956888763263403,10713,family_583f2140bd02905c,278
1,clean,clean_validation,0.42155278897133924,944,family_16b06ae7177592f2,451
1,clean,clean_validation,0.648479700088501,146,family_65381b6f4bb99830,73
1,clean,clean_validation,0.5739005410361676,6046,family_39c264b6af7f8b4c,446
1,clean,clean_validation,0.4676828663914036,6006,family_acf3abf491a50830,336
1,clean,clean_validation,0.5947262431962965,6176,family_ea8d34c1c2cf62d4,337
1,clean,clean_validation,0.6029643253253324,274,family_9712f1cb39590627,248
1,clean,clean_validation,0.40606192708311245,1209,family_cf1575c3514d386a,200
1,clean,clean_validation,0.5605183536945912,5678,family_ebf34b90acdb9333,373
1,clean,clean_validation,0.5206289509588311,9764,family_c306f596e2b53370,182
1,clean,clean_validation,0.514124953750395,6624,family_ba9708f285319401,120
1,clean,clean_validation,0.7756829352779243,3668,family_bee193805f6f119f,366
1,clean,clean_validation,0.8396743294156965,1952,family_ddb5bf4ea432508e,293
1,clean,clean_validation,0.6168940336199084,4729,family_b45f7b534a6e0f39,225
1,clean,clean_validation,0.4635563430171537,1928,family_40a7f24054f6cf1b,340
1,clean,clean_validation,0.7406473008687205,27861,family_5cdfacf570ceb179,378
1,clean,clean_validation,0.7854206481676423,4450,family_041ea9c412b040a1,36
1,clean,clean_validation,0.47454938344292,8747,family_a6ef80809cd67f36,220
1,clean,clean_validation,0.31180946400363546,3721,family_cda09d6383ad975d,370
1,clean,clean_validation,0.7006164784325617,2140,family_214883dfb6ba99a4,465
1,clean,clean_validation,0.4649216291356252,6789,family_854445fdf03203cb,112
1,clean,clean_validation,0.6252375501980256,3021,family_b4530dd2f9439dd4,462
1,clean,clean_validation,0.6594517520821326,9025,family_d2ed6dff028b8bfe,152
1,clean,clean_validation,0.537412777281644,2337,family_7b29d747f514c69c,313
1,clean,clean_validation,0.4850122790770842,2910,family_a8dd94fe3475ea7c,148
1,clean,clean_validation,0.6491372507381078,3955,family_dc13ea4fc01e4240,147
1,clean,clean_validation,0.7036195346359362,8628,family_8cd248050ccc3c0b,228
1,clean,clean_validation,0.7050366140026427,6169,family_3a7a2c2be46cda8d,310
1,clean,clean_validation,0.8086978079086754,3283,family_294bd1c8183f7513,83
1,clean,clean_validation,0.9071510902015112,1209,family_49ecae9a5efbb319,393
1,clean,clean_validation,0.25061420924894556,36690,family_1372580fd5d82eeb,331
1,clean,clean_validation,0.5793384313583374,276,family_1965f1d691ff77ed,449
1,clean,clean_validation,0.8145191700793754,3805,family_ac9524106bb16e6a,322
1,clean,clean_validation,0.3391417578419839,2969,family_7c163ae15fc00b82,453
1,clean,clean_validation,1.0605634887936195,1548,family_70436089a4c770d4,65
1,clean,clean_validation,0.5630835555143051,1062,family_845b8b035d42a3a5,205
1,clean,clean_validation,0.37318450286778054,1444,family_7b039bf480df9b15,136
1,clean,clean_validation,0.6702714172657579,2560,family_9d7e640ca06153e6,84
1,clean,clean_validation,1.0819354325152457,1175,family_54fc1cace3776e46,256
1,clean,clean_validation,0.834736102196275,5758,family_0a67bbb9b9e07256,135
1,clean,clean_validation,0.7443075193213985,5752,family_9087822f50091590,169
1,clean,clean_validation,0.5668519664687747,734,family_cd9083de535c9789,386
1,clean,clean_validation,0.6875341288559075,8757,family_9eaff47c6da3797b,21
1,clean,clean_validation,0.2999336354504684,2972,family_2cc60a8f69107434,266
1,clean,clean_validation,0.5092837197235844,12762,family_4ebace72e4a1d8c0,290
1,clean,clean_validation,0.7301580887206006,3186,family_268f9f3a9379fd20,363
1,clean,clean_validation,0.5357812700420618,1600,family_947e8f8d14934de3,14
1,clean,clean_validation,0.6653467811547317,924,family_ec197f9194f4a13c,123
1,clean,clean_validation,0.8902977757012865,573,family_2166721ea9bb40e6,361
1,clean,clean_validation,0.6881588821156099,12097,family_9a9cfd28ebcce477,222
1,clean,clean_validation,0.3909709319352756,2742,family_749f025de5f99eeb,85
1,clean,clean_validation,0.9209638767158466,6474,family_93a719e9b96d4d31,132
1,clean,clean_validation,0.9464688263782839,1470,family_4baef2e304b84828,10
1,clean,clean_validation,0.6950831850021727,4681,family_6ea983efd760219c,213
1,clean,clean_validation,0.6457020170140465,1805,family_92d2c512717f57fa,280
1,clean,clean_validation,0.34204906647111044,1441,family_e181dee2375ee769,273
1,clean,clean_validation,0.5249134199914357,5236,family_ebe8375ee890567f,62
1,clean,clean_validation,0.5750026764272651,1801,family_43ed51b024989987,303
1,clean,clean_validation,0.48063741060712617,2612,family_d43af69a6d60a3af,49
1,clean,clean_validation,0.6797423311829982,9479,family_5da0ba5097bc19d0,3
1,clean,clean_validation,0.6113411979340536,1866,family_5da5a44d5ce0c35c,43
1,clean,clean_validation,0.5515184504257011,13380,family_454ee4f6b5b8ec97,116
1,clean,clean_validation,0.6521032714202606,6582,family_3a2249f8e96bbaf7,300
1,clean,clean_validation,0.6218717729888897,4344,family_281fa10bb1bf325c,196
1,clean,clean_validation,0.7255430908931667,11467,family_62910d812650e6c3,382
1,clean,clean_validation,0.9849169805450196,4872,family_6f3ca8e10898152f,267
1,clean,clean_validation,0.4792826727859566,3532,family_50127f8134d80d88,317
1,clean,clean_validation,0.603544500925878,5029,family_3325f7b7624711c2,367
1,clean,clean_validation,1.1801855824004983,422,family_43d964487922f8ef,1
1,family_leak,treated,0.5749610210924975,3013,family_f62176e3e9e80995,9
1,family_leak,treated,0.5110620327486596,1817,family_372bca09daa2e59c,16
1,family_leak,treated,0.4917083776819295,1450,family_7372cedf8e9b0da9,20
1,family_leak,treated,0.5584728895843803,1925,family_d146c709b6d57006,22
1,family_leak,treated,0.5703319251358573,24342,family_f676c1a274b9fc25,27
1,family_leak,treated,0.847017792863434,7180,family_38aef633ce47c55b,30
1,family_leak,treated,0.5443312847132921,2105,family_606242910f42ab8e,31
1,family_leak,treated,0.37599259264169965,18751,family_14100b61aef92451,32
1,family_leak,treated,0.4224400000163802,2160,family_b79ba27218cfec3a,45
1,family_leak,treated,0.5491909302673171,6011,family_10ea4c959d508d3a,53
1,family_leak,treated,0.5293135047877803,973,family_54cada16b34da893,67
1,family_leak,treated,0.9491033536146241,12399,family_d00ed582e8933047,69
1,family_leak,treated,0.43652200805580577,16084,family_f44b2ae87e6c19c9,75
1,family_leak,treated,0.53323690559631,3458,family_43eb9f3c79bfa424,77
1,family_leak,treated,0.6693819963534825,5222,family_7ba5737bedbb0ebb,90
1,family_leak,treated,0.09042073131491021,4588,family_9fcfd1f061a07fdd,96
1,family_leak,treated,0.5477776513283766,3419,family_92111478a4e4dc10,114
1,family_leak,treated,0.6188510127447759,5531,family_0d96bd7e73513afe,121
1,family_leak,treated,0.42551897764629765,4219,family_e05b3b80c8af829a,141
1,family_leak,treated,0.70429213872542,9616,family_6c4da332ef0988d1,142
1,family_leak,treated,0.6211081094368357,5337,family_c5efd28cb58a7154,153
1,family_leak,treated,0.5764456129493658,21679,family_602f06061ae180d5,155
1,family_leak,treated,0.5261446120300937,7228,family_39e9d2f6901e2c3c,158
1,family_leak,treated,0.4280029830584573,5672,family_a492c7d45a2a101f,161
1,family_leak,treated,0.3742065917423853,5682,family_d8af1edd7b3a915e,163
1,family_leak,treated,0.46065174883368326,885,family_5f8029db8371e627,165
1,family_leak,treated,0.5554136988720111,9860,family_e030933a6e53e46b,168
1,family_leak,treated,0.5993372048739787,2288,family_bb71b9ef2d24550b,173
1,family_leak,treated,0.6551840113318093,2561,family_e41e34f36378682d,178
1,family_leak,treated,0.3262999150118603,3495,family_412cd5d8186672af,180
1,family_leak,treated,0.6419658792507761,3170,family_3aa7a20bd53365ee,195
1,family_leak,treated,0.5360984213464851,7958,family_f504f3830437dcae,198
1,family_leak,treated,0.5037223091323902,2968,family_c6c852f0526b7ae7,202
1,family_leak,treated,0.5056536291806114,1510,family_3118a97dac7df7b9,210
1,family_leak,treated,0.2875474625533276,20961,family_2d9ae7dd453e8ed5,227
1,family_leak,treated,0.35796797084804505,6203,family_5cb0d0cb4b5fec1d,233
1,family_leak,treated,1.1352404356002808,21,family_a03ceb6bd35e9a91,239
1,family_leak,treated,0.31417397133453573,998,family_116f02d2c90563fb,242
1,family_leak,treated,0.7345002972770606,3047,family_b2530645f1ddb95c,250
1,family_leak,treated,0.6674475657448857,8788,family_66d00c35f9b4c3e5,252
1,family_leak,treated,0.26335419327855025,20895,family_5e3e997400ef55a6,254
1,family_leak,treated,0.6806563665847015,4447,family_058b5f5b307b1065,262
1,family_leak,treated,0.5399029405022409,2444,family_031ad2b389fe0cfe,265
1,family_leak,treated,0.4943198195304739,13148,family_716b7f5021a82ccf,270
1,family_leak,treated,0.09164327043965265,4588,family_dfc0de51587939cb,276
1,family_leak,treated,0.6370044752820306,2426,family_0b1b5d8b94feabb4,277
1,family_leak,treated,0.642216225663204,6119,family_763b9e5cc1615062,284
1,family_leak,treated,0.46090475926880076,2618,family_46272ba2e3baaec4,287
1,family_leak,treated,0.6582792733533683,3608,family_91ac71586309274f,291
1,family_leak,treated,0.4963960193280731,5126,family_ef7c669ce887d98d,306
1,family_leak,treated,0.35159301437782736,8288,family_69280d70016898d4,315
1,family_leak,treated,0.5009606258450237,7074,family_e26c412d2bf4ef23,334
1,family_leak,treated,0.7849962028593188,7054,family_5bd41b6f65a3fa08,338
1,family_leak,treated,0.6216939798955006,1329,family_2a9acaaaa206857f,345
1,family_leak,treated,0.5101442118055005,3367,family_8626120333d3a6fd,352
1,family_leak,treated,0.5102165746205108,2489,family_af71579703adab9b,354
1,family_leak,treated,0.8614020668416529,2170,family_961ce22dc50c2496,385
1,family_leak,treated,0.6836637435045163,11177,family_4020f09183bfa8c1,392
1,family_leak,treated,0.8396674965873547,5436,family_9f027a57e4f4ec31,399
1,family_leak,treated,0.7060374617576599,342,family_13798f417b635e9a,401
1,family_leak,treated,0.43175689967020603,8373,family_3d13c5c8c00a7596,406
1,family_leak,treated,0.5675937981730752,3846,family_92206bde258af4e4,411
1,family_leak,treated,0.7223905667884082,11304,family_9bd228a47681c7b2,412
1,family_leak,treated,0.6312556927679164,6866,family_a55e4bdb2c90ea5b,424
1,family_leak,treated,0.4093427175712204,2252,family_adc8419161645915,426
1,family_leak,treated,0.5141177863452893,14110,family_76bd9632508fc892,441
1,family_leak,treated,0.5044585226460054,1939,family_f52b6909b0ebd60b,459
1,family_leak,control,0.31319325491736694,1511,family_ceaf8a343a31cbd9,18
1,family_leak,control,0.33745018147471145,1479,family_dd63a4fd117ff862,101
1,family_leak,control,0.7765257513067645,3167,family_52b6f81b853b12ca,33
1,family_leak,control,0.8686371409619595,6583,family_e166239f4cce0cbc,403
1,family_leak,control,0.3741534389916199,3098,family_b976189e2858871b,98
1,family_leak,control,0.5389515636488795,1568,family_ba5cd8130b572f33,146
1,family_leak,control,0.5968438550005264,33430,family_98b6d659a93238e0,414
1,family_leak,control,0.4609773324628533,10042,family_41e212eb6a6f1251,199
1,family_leak,control,0.3428619239252254,5316,family_35a8274c2c9e03b7,436
1,family_leak,control,0.30877305529410093,10156,family_22ce6dcdaaacc1b3,383
1,family_leak,control,0.8115920087144634,12560,family_f24faf403f0945b9,118
1,family_leak,control,0.5872649647261202,11087,family_56ee0f65aee3b01a,416
1,family_leak,control,0.4491034439381431,2992,family_a84fdd88fca1dd99,368
1,family_leak,control,0.48755485333700094,2938,family_14836bf70ba6bcc9,139
1,family_leak,control,0.5288401375912332,6475,family_161d3f17d2de86cc,245
1,family_leak,control,0.6626438241449921,1811,family_09f6c0e15252a8f3,230
1,family_leak,control,0.8134909175451293,1491,family_8ccf630c818a7c69,390
1,family_leak,control,0.4854866669510034,10886,family_10c3be0f4e5ac610,119
1,family_leak,control,0.5674523594249788,1269,family_7dccd114e1c42fda,422
1,family_leak,control,0.5800430977690048,414,family_098eba68cc7a5705,297
1,family_leak,control,0.7069503392127746,935,family_e74855c30bc72109,288
1,family_leak,control,0.8183613604729711,663,family_5cb426dcc2868bf0,80
1,family_leak,control,0.44339049821246046,8694,family_5599c85abb41e72e,79
1,family_leak,control,0.6895695011412584,7792,family_20959b526eb3f90b,409
1,family_leak,control,0.4377696534834726,5959,family_81caaa199e04696e,0
1,family_leak,control,0.4312098111689062,2097,family_e8fbaa3c44712ef8,275
1,family_leak,control,0.33696076034739003,1489,family_27dd5edc76fc8784,221
1,family_leak,control,0.698362114458454,16166,family_fe02b4f4619b881d,226
1,family_leak,control,0.8020025463968176,2986,family_f91bbb3ed944db7f,348
1,family_leak,control,0.7929066475601675,13560,family_2609262775f19fee,130
1,family_leak,control,0.9777799088709093,1222,family_176e7f37ba5c58aa,402
1,family_leak,control,0.7446908058138532,9137,family_aa758de10b858582,219
1,family_leak,control,0.6843509542803156,3519,family_0f71bd81fce2ffce,24
1,family_leak,control,0.45392098532447334,474,family_e7f08820ef277e3f,236
1,family_leak,control,0.6182995959271101,3702,family_98f3631f76084496,423
1,family_leak,control,0.715986281108483,5621,family_359bf4cb84d86e8e,251
1,family_leak,control,0.5271713129006141,2904,family_208e11010803c426,362
1,family_leak,control,0.5977288473318775,14008,family_012ed35c0fd13d06,55
1,family_leak,control,0.5365524903070621,17427,family_90c57504d43c4f71,319
1,family_leak,control,0.3652754156593104,5968,family_9dbf43a9d569c04f,181
1,family_leak,control,0.6230594969024625,5730,family_8ba71a11594a0b10,326
1,family_leak,control,0.5540141968166127,1530,family_e38bf4eb3506f212,56
1,family_leak,control,0.5884458336379979,4290,family_ca6161b56d80cab2,398
1,family_leak,control,0.6786591636477043,6255,family_b4dfbc9dfe23dd94,105
1,family_leak,control,0.8827505789411101,11668,family_44153237d3401d70,434
1,family_leak,control,0.6265065332598129,11424,family_b1bfbd4df51d3281,5
1,family_leak,control,0.35966038390383503,903,family_489085f0784e16ac,167
1,family_leak,control,0.5829879124156743,2129,family_960f71ee7da5de06,269
1,family_leak,control,0.2906029885721711,1607,family_15270847da98bf26,347
1,family_leak,control,0.5122012716200617,3960,family_58ec76f0444692f7,157
1,family_leak,control,0.5554077352774457,19897,family_8a0b900fe4ce844d,360
1,family_leak,control,0.5188993279428356,3999,family_95ae66ec7f1b9697,448
1,family_leak,control,0.8559667772565569,875,family_12b4e37d97465d0a,418
1,family_leak,control,0.3002628814215881,3670,family_c29fb15617d16c65,329
1,family_leak,control,0.4657443136255752,1282,family_531a64b78d3f6b6e,238
1,family_leak,control,0.7757091326810548,24927,family_cfb8414dd0ed5e61,156
1,family_leak,control,0.44034686876548623,1444,family_361226c27f4b583c,93
1,family_leak,control,0.8514374199820948,4346,family_3aec88616484d2b6,224
1,family_leak,control,0.5906638133409065,1327,family_cb615c986d58b9f8,299
1,family_leak,control,0.7615089325024356,7506,family_a5428498c7c08cf4,28
1,family_leak,control,0.614509954974793,8080,family_4088ef571aaf36b5,104
1,family_leak,control,0.26797144292191166,2842,family_6532a15861b5fee0,46
1,family_leak,control,0.4930091146379709,384,family_252435156f9ef851,443
1,family_leak,control,0.46713136218934564,5208,family_3fe46c2063150b43,439
1,family_leak,control,0.5738858879390482,18771,family_8b82200a19c5284b,42
1,family_leak,control,0.30141117642907533,1632,family_c5129a2465a145bd,145
1,family_leak,control,0.8429989958374986,8010,family_753059cc96813ec7,264
1,family_leak,control,0.6572096782571015,12591,family_5babdebfe8e80836,371
1,family_leak,control,0.43795167402216284,6411,family_7805857c4980d13c,427
1,family_leak,control,0.5452941250608694,1611,family_b14e195ae596f5ca,184
1,family_leak,control,0.8137117028236389,266,family_45a9a446b545ce75,215
1,family_leak,control,0.432539987556893,10771,family_1a517eb1bb640998,433
1,family_leak,control,0.8519408999138545,2233,family_2da4728a37224b1a,240
1,family_leak,control,0.49021041432805657,377,family_17644d105f6d79d5,458
1,family_leak,control,0.6606770595871381,8183,family_ddd2c37740ff58a2,86
1,family_leak,control,0.5885873781768857,2368,family_f7f3839ac58c1a58,447
1,family_leak,control,0.5432601276830337,13516,family_66b2e70bd2d3ce49,159
1,family_leak,control,0.4875779779697821,7541,family_ef81322fe4591b85,442
1,family_leak,control,0.4159997593870624,11874,family_31f5f0755be116cf,346
1,family_leak,control,0.3210330216057413,2937,family_c21274f2eb197439,197
1,family_leak,control,0.608069351139508,7705,family_42a2837394ab47d1,405
1,family_leak,control,0.7537115177665175,8804,family_6efd47f4e7625286,8
1,family_leak,control,0.7051111537820902,6259,family_ca2717eac3411b29,389
1,family_leak,control,0.7653197144598828,18464,family_b4cc6bf90e9fe8d0,355
1,family_leak,control,0.5316198017782316,1494,family_5ac6bbfde7e41ea2,452
1,family_leak,control,0.9805554632319987,1691,family_5b702cf6ad770b44,258
1,family_leak,control,0.617350987478088,4310,family_e8523609850692e2,309
1,family_leak,control,0.7463490989942901,3891,family_c93045766e35cdce,131
1,family_leak,control,0.6461569529534923,1862,family_41d870642c85787c,286
1,family_leak,control,0.5030950666380394,8614,family_e92e73cc15be90fc,391
1,family_leak,control,0.5395732025939364,7992,family_a5be12c3425856ca,341
1,family_leak,control,0.6158956885723662,9269,family_b4e54fd6b86765a7,100
1,family_leak,control,1.043169652828335,2740,family_f6ec39a379c5708b,187
1,family_leak,control,0.8716485231872496,615,family_ce0fe6a313ad3fa7,72
1,family_leak,control,0.5023774881720293,9540,family_0d74725de98c4bb2,316
1,family_leak,control,0.394066707469847,11933,family_db8a7f65a6428bf1,76
1,family_leak,control,0.5817501744221925,8118,family_7a299533cf0677c1,384
1,family_leak,control,0.4773396064850692,1538,family_6fdd03c196b1863d,369
1,family_leak,control,0.2946241496813958,1516,family_42c8e9672e12c968,397
1,family_leak,control,0.49161571213395294,703,family_7349598b33c049cb,70
1,family_leak,control,0.06081694917234241,5856,family_70735ae7b3233e96,212
1,family_leak,control,0.9378048819445712,7503,family_a0838daefd74be4b,19
1,family_leak,control,0.907355836936317,5376,family_28a333d9037bf992,420
1,family_leak,control,0.6032263451191673,8764,family_0ac37a6cf3e1a691,356
1,family_leak,control,0.4439412453920764,8953,family_c10f45db237bb96c,253
1,family_leak,control,0.686531014136022,2342,family_72340b299451623e,103
1,family_leak,control,0.4504850130472192,14896,family_69f22f7a30e471a2,214
1,family_leak,control,0.24811321544284104,1543,family_28bee39b5c21fe9d,311
1,family_leak,control,0.5840298351515895,1150,family_6a57cb9a85811216,283
1,family_leak,control,0.24251147175176108,1119,family_bbf9bd595ed0e3ae,294
1,family_leak,control,0.21040389690931668,2176,family_f6645dba4758639d,351
1,family_leak,control,0.8119774037788376,5556,family_90e4eeca3b9056bc,95
1,family_leak,control,0.6299368617442762,3659,family_226194ed4cf87102,249
1,family_leak,control,0.7112968866332461,12128,family_423d353537dce020,108
1,family_leak,control,0.6389399920071328,5546,family_e94c3b88439b9029,241
1,family_leak,control,0.20454469279105988,1556,family_9328bcf632c26907,229
1,family_leak,control,0.8268736865390505,3522,family_2d97c1fe9f1f35cb,295
1,family_leak,control,0.31806227979469176,8657,family_2daf31b4fc409af5,323
1,family_leak,control,0.520146876869551,1611,family_4207ad52459ede8b,154
1,family_leak,control,0.9847789870484196,3423,family_d17cfeb524a60ef8,327
1,family_leak,control,0.355962572417734,924,family_2624676d2c88ea6d,171
1,family_leak,control,0.32590600394206787,814,family_cd6b8c017c692fc0,425
1,family_leak,control,0.6709951214723705,3220,family_7308f8408f102e02,365
1,family_leak,control,0.8278772581157342,6187,family_bbdb130f24f492f3,271
1,family_leak,control,0.7944606924715849,2895,family_8eb050e85c8cbe00,444
1,family_leak,control,0.7207655170939786,3789,family_8cf04bc28e56473d,81
1,family_leak,control,0.27180121380484007,3516,family_f0e97a3ae19f4883,445
1,family_leak,control,0.797784473412019,3325,family_3c16cf85716dcecf,137
1,family_leak,control,0.6328513562679291,860,family_0ae88fc74fe94e45,194
1,family_leak,control,0.41396905855261096,7721,family_adb9f960ea267631,333
1,family_leak,control,0.33493000041341753,1663,family_845dcb037dda9ca4,23
1,family_leak,control,0.5895374228294143,2835,family_824e732522aeff8c,188
1,family_leak,control,0.7845310276600139,2358,family_b45145574ef29d16,237
1,family_leak,control,0.7639256835764827,1679,family_3498095076b2c688,126
1,family_leak,control,0.3939429252424099,14516,family_7b0c7aa83467acba,246
1,family_leak,control,0.35829604241356905,1874,family_ef2744416d3c3898,59
1,family_leak,control,0.4652771090026173,9437,family_a120ee09300e50dd,203
1,family_leak,control,0.5322277419958156,13840,family_662a7ad6856a20ec,183
1,family_leak,control,0.33351008565722845,2842,family_ec8e45be3f13c228,162
1,family_leak,control,0.30825404574473697,2412,family_ea1251a92d0d608d,408
1,family_leak,control,0.386973478176804,2665,family_ae10005ebef62f9a,431
1,family_leak,control,0.5819801223345111,2844,family_ba502bbadd80dbad,428
1,family_leak,control,0.7171337955063822,1413,family_0c4758d0d8c17e4c,464
1,family_leak,control,0.5539471648613105,2194,family_c8c5b3165dc3d00f,381
1,family_leak,control,1.3817670345306396,146,family_f8a4c4cf96d7d3a4,435
1,family_leak,control,0.6490490104839591,3326,family_c4c2d9a3593749d3,349
1,family_leak,control,0.3302870861589024,6740,family_a790cfe693f8277b,91
1,family_leak,control,0.4690281832534528,829,family_b80c0a0cc51e9cb0,115
1,family_leak,control,0.485973689540277,6395,family_cab1c6011a1fdaa6,455
1,family_leak,control,0.6957530385638968,7047,family_e5d8b71a52363ad9,298
1,family_leak,control,0.4309672579553364,3802,family_c7dc176fdd0217ba,335
1,family_leak,control,0.4666615147845708,16236,family_103aaa5d05f6ae8e,48
1,family_leak,control,0.34335271015831864,1521,family_bce72a81e9f7a75f,359
1,family_leak,control,0.6119587345417712,14066,family_88158f96b47c8463,190
1,family_leak,control,0.46172846582802857,4268,family_63a00abd27340f71,175
1,family_leak,control,0.7590791248926798,4927,family_16690ce1f5941cee,305
1,family_leak,control,0.5262445571191635,5038,family_48b38ab68cade6ec,407
1,family_leak,control,0.5545088175614524,4223,family_c3cdd4e1b48a655d,247
1,family_leak,control,0.556914222310212,9569,family_4857774525078786,466
1,family_leak,control,0.7235868201596539,4772,family_106f59648a0c9c35,460
1,family_leak,control,0.46086688339710236,354,family_fc3f9109e95affd2,285
1,family_leak,control,0.41157760661643994,4794,family_94f7ed188c628e96,113
1,family_leak,control,0.33750384462757343,6520,family_37f9e97be389a23e,29
1,family_leak,control,0.5312880094375179,3755,family_a59a0356188b4355,243
1,family_leak,control,0.8331772780223882,858,family_71ce23a7f17005f8,26
1,family_leak,control,0.5592576433015485,7479,family_f758022272171098,82
1,family_leak,control,0.7164800919287386,855,family_499863e15eed8232,189
1,family_leak,control,0.622821639076692,15654,family_a6b1e6c8dc05d3fc,302
1,family_leak,control,0.36682786707094395,2887,family_aa6f2c9ac321af63,125
1,family_leak,control,0.6323562278011733,7731,family_4479ba395f10b6fa,172
1,family_leak,control,0.8608827008580675,392,family_cfd4d018d597a4a5,78
1,family_leak,control,0.43270367239446444,1258,family_28595fb1bc0f3fc9,11
1,family_leak,control,0.4065726509656305,2982,family_c199799f0010c2ba,437
1,family_leak,control,0.3764182311033048,4254,family_83cee363496e020d,109
1,family_leak,control,0.45032919672402466,1408,family_474f139056c4a4a8,415
1,family_leak,control,0.7263804640645557,8931,family_f49521b3b9139607,376
1,family_leak,control,0.39970590268485895,1612,family_2299048dcdfc88ae,17
1,family_leak,control,0.5826992105909996,994,family_8ce450e0fd5b760b,206
1,family_leak,control,0.8233794991043988,13977,family_11716c30ab805b83,279
1,family_leak,control,0.4437488824499713,3297,family_c9107e559bc10df1,263
1,family_leak,control,0.23518313208308114,2955,family_1cde6c60b123043d,312
1,family_leak,control,0.6482147331485253,2505,family_e1fdfc5d8014a775,296
1,family_leak,control,0.679228080101658,2041,family_15f4d27f85125588,87
1,family_leak,control,0.9679360367791524,5874,family_8afe0a881f58daf3,50
1,family_leak,control,0.5074726397720308,5642,family_efea7bec2494faa6,94
1,family_leak,control,0.47433149114073037,2259,family_5eb48950a52ed210,40
1,family_leak,control,1.0266801023905257,3164,family_3c27a50068e49a53,461
1,family_leak,control,0.4814545606844353,1650,family_9f6868eefbbbed1e,106
1,family_leak,control,0.6671657278060331,3276,family_6f452079ad53f9e3,52
1,family_leak,control,0.5202074700611631,7753,family_90b698ed239c72f3,342
1,family_leak,control,0.4546236263445749,7172,family_7a51865c49a891df,394
1,family_leak,control,0.4719230784387132,1378,family_c2ad44d60ca30de3,377
1,family_leak,control,0.7052052194217903,5152,family_7080c9dc9123eefa,380
1,family_leak,control,0.40815683829842736,1226,family_f1ec422e65e5e3a9,216
1,family_leak,control,0.88954449952135,13728,family_b3a5b65ace87c66a,259
1,family_leak,control,0.6275963807938161,6160,family_ddc2b06f90b14767,440
1,family_leak,control,0.4467061252539067,2778,family_12c80f084ce84e4d,134
1,family_leak,control,0.5162729035652183,1052,family_11b4c8394b81742f,74
1,family_leak,control,0.674226946165151,5219,family_f4ef77025e9d585a,332
1,family_leak,control,0.46345473621970407,2484,family_dba84aa0b1e1bdf3,307
1,family_leak,clean_validation,0.7811096948664333,2157,family_9c8265b1eeaa3ea5,304
1,family_leak,clean_validation,0.7166355729872536,6507,family_6a1661bec1a85809,379
1,family_leak,clean_validation,0.5768449624625642,3067,family_62ccf7e9625e13cf,166
1,family_leak,clean_validation,0.6708493324623211,20162,family_cd21aac5ba3653c4,321
1,family_leak,clean_validation,0.2314703060691709,1455,family_30e6b27558fb2cfa,308
1,family_leak,clean_validation,0.678049610395641,2139,family_589dd5dee42e0ba5,47
1,family_leak,clean_validation,0.554177707693341,11111,family_44b8f32f06eed8e1,261
1,family_leak,clean_validation,0.9924022821636463,12902,family_6c0a1a049e992ced,301
1,family_leak,clean_validation,0.43105410395239113,1939,family_5e036e81da0eb73a,413
1,family_leak,clean_validation,0.6521423651355256,3955,family_656a111a8d37395f,372
1,family_leak,clean_validation,0.7322961999862282,2376,family_758bfda9a8447363,12
1,family_leak,clean_validation,0.6129736728857451,18218,family_da1dbdb1ef9b795a,454
1,family_leak,clean_validation,0.48931385246280845,12428,family_0e127a8896fec497,274
1,family_leak,clean_validation,0.5195304321747257,24324,family_c80507fcf9585b1a,63
1,family_leak,clean_validation,0.637088027617573,17091,family_f40ceb541a7c4872,208
1,family_leak,clean_validation,0.6118541266716362,4938,family_8e6f7d5acf9b6927,450
1,family_leak,clean_validation,1.144940724091267,6350,family_a205b4830de0571b,35
1,family_leak,clean_validation,0.7382285538077151,7631,family_210dd87434e478ea,204
1,family_leak,clean_validation,0.7114929126197055,1737,family_6e5e431caa44724b,151
1,family_leak,clean_validation,1.0518978834152222,312,family_4ac111dfdda85e07,38
1,family_leak,clean_validation,0.45125701405324836,2989,family_2ff844206e33f622,15
1,family_leak,clean_validation,0.522246356801035,9620,family_f24572f09d62eaf7,289
1,family_leak,clean_validation,0.6318678298665281,5697,family_4583de96403df727,330
1,family_leak,clean_validation,0.8227124437296957,6828,family_362a9e5c40bfd73b,129
1,family_leak,clean_validation,0.44843936609837476,4776,family_c7ff83fca90f3302,58
1,family_leak,clean_validation,0.3724271513027407,814,family_bb3044002b4e58d3,6
1,family_leak,clean_validation,0.709756250840461,10581,family_9dbad3b7dfff2d80,257
1,family_leak,clean_validation,0.8833524215880137,2805,family_d5eeefd1295fe235,164
1,family_leak,clean_validation,0.055198011930175706,19313,family_8c6ad2ae9108308a,41
1,family_leak,clean_validation,0.751562958339165,1015,family_ec7448c261485925,343
1,family_leak,clean_validation,0.8849180043696849,1876,family_da99763bd9ab0129,170
1,family_leak,clean_validation,0.3695258373994282,11710,family_bce1d9194265651f,419
1,family_leak,clean_validation,0.3629930214456955,1902,family_ff7d06f50d504d40,430
1,family_leak,clean_validation,0.30768340593743276,2072,family_df37c270d2661cca,144
1,family_leak,clean_validation,0.5694685152192291,3561,family_9b9f0055f4a82932,64
1,family_leak,clean_validation,0.7416899296887818,2503,family_faee5ab013f7ff85,325
1,family_leak,clean_validation,0.8254172071257136,2005,family_b45e27dc8b0341f7,57
1,family_leak,clean_validation,0.875527693155255,16528,family_f59f5e228f38301b,282
1,family_leak,clean_validation,0.6161194417744825,6659,family_c57c54f6ba0d776c,2
1,family_leak,clean_validation,0.5778787215022622,3273,family_f564283e7832e835,268
1,family_leak,clean_validation,0.7156390603587056,7921,family_5d2bdbbdab0c254a,235
1,family_leak,clean_validation,0.501248307946062,1579,family_d3608e2028ea88cd,223
1,family_leak,clean_validation,1.072784152542804,1770,family_7027306433055f85,127
1,family_leak,clean_validation,0.7514027878723688,1826,family_2b1f911727bc0f28,292
1,family_leak,clean_validation,0.3508406412641628,10390,family_f93c07f1442fee3f,318
1,family_leak,clean_validation,0.37489657628704126,1562,family_461db8faf995097d,143
1,family_leak,clean_validation,0.4629140775304685,7697,family_82ec8fa32d7834d5,410
1,family_leak,clean_validation,0.7155418915342583,1562,family_749fba182099ed6d,71
1,family_leak,clean_validation,0.2163412146491267,944,family_8024beb4c78afab2,99
1,family_leak,clean_validation,0.9333751587468518,19290,family_f23f6749eb1b82cb,404
1,family_leak,clean_validation,0.4946240569188211,1764,family_edcd18dc1b4c2424,111
1,family_leak,clean_validation,0.646016335000161,13384,family_c3461b971572611a,124
1,family_leak,clean_validation,0.5814883942883892,2948,family_958e7885cfed5eee,110
1,family_leak,clean_validation,0.6487083387916739,3300,family_857ac66271083d60,417
1,family_leak,clean_validation,0.6941399613157565,2499,family_34a64d8a4071e429,207
1,family_leak,clean_validation,0.40354045620222634,1349,family_6e62e1ee9b4413df,128
1,family_leak,clean_validation,0.28412167231241864,1341,family_714ef4d49b7733fe,320
1,family_leak,clean_validation,0.25864079401103307,1517,family_bdc5646a39fdf7df,4
1,family_leak,clean_validation,0.2733631452728558,1557,family_760ef99c05a28dc4,138
1,family_leak,clean_validation,0.5827396589318293,2572,family_b29c451a4015599c,102
1,family_leak,clean_validation,0.24221040480456363,1291,family_3870744e242d6177,272
1,family_leak,clean_validation,0.6774845961325271,8116,family_27a4c5018af1ecf2,457
1,family_leak,clean_validation,0.35513548415248136,1904,family_6947476df68e3d6b,186
1,family_leak,clean_validation,0.32645828704643615,1578,family_825c369d9b6227f5,244
1,family_leak,clean_validation,0.5389714628604833,2842,family_d018701072ce56d1,375
1,family_leak,clean_validation,0.7234486458348293,969,family_af46046507aa5c4b,13
1,family_leak,clean_validation,0.508539090627642,539,family_96b0ad618634da70,314
1,family_leak,clean_validation,1.199652261560251,3348,family_5b29d45b1b74f69b,324
1,family_leak,clean_validation,0.669623670311489,5779,family_90cefd12934f9e67,234
1,family_leak,clean_validation,0.5243491860916086,25228,family_98892bedb7f9d59b,54
1,family_leak,clean_validation,0.6445640043660974,4229,family_94351083126b6b1b,51
1,family_leak,clean_validation,0.2569349531853785,1525,family_ce89062820b48da8,122
1,family_leak,clean_validation,0.6315224030013951,6110,family_ea58f8138f27b5e0,374
1,family_leak,clean_validation,0.30576393184461353,1522,family_a95d783f29ff5f7c,255
1,family_leak,clean_validation,0.5848236656548113,1726,family_f0661de6bc71701f,185
1,family_leak,clean_validation,0.526554440834711,8043,family_5d3d1daaec343597,193
1,family_leak,clean_validation,0.3994978741437447,1309,family_e8cb9897ff240a4d,88
1,family_leak,clean_validation,0.6584161189099327,1142,family_fef5119467f26a60,117
1,family_leak,clean_validation,0.41935531223896755,1495,family_b3fc875c4307367f,260
1,family_leak,clean_validation,0.8278090534284822,6710,family_7928fb3bcf30fe40,387
1,family_leak,clean_validation,0.5320636453729128,1991,family_9464bde23ede34ad,92
1,family_leak,clean_validation,0.6975636479602035,8251,family_d523e2dc4868e3d0,432
1,family_leak,clean_validation,0.39406301577885944,1224,family_a867a9ff31d7e843,160
1,family_leak,clean_validation,0.44074213251241867,7981,family_91fe9ebe937e9a4f,89
1,family_leak,clean_validation,0.7154778985478354,4230,family_b64927abcac796eb,25
1,family_leak,clean_validation,0.4425342287482278,1689,family_7edc82a2252e2e6e,438
1,family_leak,clean_validation,0.5341207350792394,1574,family_4b852dbf1e794923,357
1,family_leak,clean_validation,0.6298564990883521,1827,family_563fe3303eebd925,400
1,family_leak,clean_validation,0.48126157010794984,3676,family_825a5ea04144cdf5,97
1,family_leak,clean_validation,0.5050511691889373,27160,family_66fe0fff60f28bb8,395
1,family_leak,clean_validation,0.5930776326757257,7702,family_fff32f675df6e246,149
1,family_leak,clean_validation,0.6190993724350763,1347,family_bddc3df46e1612bd,328
1,family_leak,clean_validation,0.7238841872804044,1393,family_707a66a54d5d07f1,350
1,family_leak,clean_validation,0.7299073077008397,2603,family_4ff754452abfe1ad,37
1,family_leak,clean_validation,0.45604777941337,1950,family_806c28890e83d1b7,217
1,family_leak,clean_validation,0.5264409792553958,9941,family_6e4b2298992c0064,396
1,family_leak,clean_validation,0.6543348132720448,13072,family_0c1eaf227312a9e3,388
1,family_leak,clean_validation,0.6603906859210329,4594,family_131dc61b0ead1e81,421
1,family_leak,clean_validation,0.37753413709022343,2706,family_6d8e82b92757700b,218
1,family_leak,clean_validation,0.3553110659122467,814,family_aa8223246d86399a,429
1,family_leak,clean_validation,0.8527894225219359,8493,family_2610a466be6431bd,140
1,family_leak,clean_validation,0.20191108446669748,991,family_844bdfa71db6282e,463
1,family_leak,clean_validation,0.34831588307641587,1802,family_79c56d72187d17b4,66
1,family_leak,clean_validation,0.7491169256645948,8781,family_c21b420244a2f529,192
1,family_leak,clean_validation,0.5424379527362573,1445,family_ea4d93ae43323fc0,358
1,family_leak,clean_validation,0.6813537918697012,9400,family_98d33eafd0a315ec,211
1,family_leak,clean_validation,0.595157486416941,15162,family_0747deadeb7f7b70,7
1,family_leak,clean_validation,0.7683820691193157,1835,family_c02706043ada877d,353
1,family_leak,clean_validation,0.7243449811937935,1899,family_8527ab32edd1926e,209
1,family_leak,clean_validation,0.5839747123129956,770,family_a6318d458c7ff0f0,68
1,family_leak,clean_validation,0.82122563005524,9835,family_8d09b59dc4c3c92c,133
1,family_leak,clean_validation,0.6378175957446882,10779,family_a835909477e34760,191
1,family_leak,clean_validation,0.603576693910578,1561,family_ae2839615ac6b954,177
1,family_leak,clean_validation,0.6747209586896696,3330,family_604fb05b51791b98,344
1,family_leak,clean_validation,0.598195725832541,3931,family_eb03af6100c4cc53,179
1,family_leak,clean_validation,0.36726440246715103,1548,family_1e497d5fdffc2861,61
1,family_leak,clean_validation,0.9700201364775474,1562,family_9426b994e131f361,456
1,family_leak,clean_validation,0.5149317601773031,1974,family_f316d9b341fbcc19,44
1,family_leak,clean_validation,0.47610361785998995,1556,family_7cfa6c1d3b3b22dc,201
1,family_leak,clean_validation,0.7338542566230867,9040,family_740827909b2759df,364
1,family_leak,clean_validation,0.6399050385820064,2530,family_96434369b3f61fa2,176
1,family_leak,clean_validation,1.152233076457278,1582,family_7d73bacb566d84de,232
1,family_leak,clean_validation,0.32634193453815274,2068,family_1146afc43ba8a3c6,174
1,family_leak,clean_validation,0.5867643364210435,529,family_e99579b2e183d1df,39
1,family_leak,clean_validation,0.5284211180096375,6624,family_9f65f14acf3a875e,34
1,family_leak,clean_validation,0.5440037217725996,6398,family_83d92120bf78fb00,150
1,family_leak,clean_validation,1.0369215341965086,4395,family_da99c7268499e201,60
1,family_leak,clean_validation,0.6772751412211825,2678,family_2011077d07b209b8,107
1,family_leak,clean_validation,0.7608020787772778,4092,family_4b71b56cfd8299d7,281
1,family_leak,clean_validation,0.455048763755378,1756,family_84e8622dd9f0f58c,231
1,family_leak,clean_validation,0.5377835384097652,2208,family_3ae653f192390f38,339
1,family_leak,clean_validation,0.7839213897787333,10713,family_583f2140bd02905c,278
1,family_leak,clean_validation,0.4311665189531395,944,family_16b06ae7177592f2,451
1,family_leak,clean_validation,0.6537410020828247,146,family_65381b6f4bb99830,73
1,family_leak,clean_validation,0.5580863210634802,6046,family_39c264b6af7f8b4c,446
1,family_leak,clean_validation,0.4752332814635732,6006,family_acf3abf491a50830,336
1,family_leak,clean_validation,0.5793324555391012,6176,family_ea8d34c1c2cf62d4,337
1,family_leak,clean_validation,0.5960226583219793,274,family_9712f1cb39590627,248
1,family_leak,clean_validation,0.39297131073681946,1209,family_cf1575c3514d386a,200
1,family_leak,clean_validation,0.5569291094651984,5678,family_ebf34b90acdb9333,373
1,family_leak,clean_validation,0.5025669001271763,9764,family_c306f596e2b53370,182
1,family_leak,clean_validation,0.47691646319980496,6624,family_ba9708f285319401,120
1,family_leak,clean_validation,0.7851979600320466,3668,family_bee193805f6f119f,366
1,family_leak,clean_validation,0.8240825193094425,1952,family_ddb5bf4ea432508e,293
1,family_leak,clean_validation,0.6132109723804011,4729,family_b45f7b534a6e0f39,225
1,family_leak,clean_validation,0.4585724268031318,1928,family_40a7f24054f6cf1b,340
1,family_leak,clean_validation,0.7321071587830545,27861,family_5cdfacf570ceb179,378
1,family_leak,clean_validation,0.7904778645949417,4450,family_041ea9c412b040a1,36
1,family_leak,clean_validation,0.475307927344804,8747,family_a6ef80809cd67f36,220
1,family_leak,clean_validation,0.3062614812321703,3721,family_cda09d6383ad975d,370
1,family_leak,clean_validation,0.7096271550683217,2140,family_214883dfb6ba99a4,465
1,family_leak,clean_validation,0.45575137868784793,6789,family_854445fdf03203cb,112
1,family_leak,clean_validation,0.6338637452751388,3021,family_b4530dd2f9439dd4,462
1,family_leak,clean_validation,0.6581879532370211,9025,family_d2ed6dff028b8bfe,152
1,family_leak,clean_validation,0.560296255500591,2337,family_7b29d747f514c69c,313
1,family_leak,clean_validation,0.5005441576959341,2910,family_a8dd94fe3475ea7c,148
1,family_leak,clean_validation,0.6299862331897962,3955,family_dc13ea4fc01e4240,147
1,family_leak,clean_validation,0.6956598941283365,8628,family_8cd248050ccc3c0b,228
1,family_leak,clean_validation,0.7572883198067635,6169,family_3a7a2c2be46cda8d,310
1,family_leak,clean_validation,0.7903463307256348,3283,family_294bd1c8183f7513,83
1,family_leak,clean_validation,0.8680880766845716,1209,family_49ecae9a5efbb319,393
1,family_leak,clean_validation,0.25240087246141046,36690,family_1372580fd5d82eeb,331
1,family_leak,clean_validation,0.5554391145706177,276,family_1965f1d691ff77ed,449
1,family_leak,clean_validation,0.8153368591479027,3805,family_ac9524106bb16e6a,322
1,family_leak,clean_validation,0.34550899380624156,2969,family_7c163ae15fc00b82,453
1,family_leak,clean_validation,1.0052553279763352,1548,family_70436089a4c770d4,65
1,family_leak,clean_validation,0.5596790989464511,1062,family_845b8b035d42a3a5,205
1,family_leak,clean_validation,0.3855057878012142,1444,family_7b039bf480df9b15,136
1,family_leak,clean_validation,0.6706223307875916,2560,family_9d7e640ca06153e6,84
1,family_leak,clean_validation,1.1095045399158558,1175,family_54fc1cace3776e46,256
1,family_leak,clean_validation,0.8284702866948616,5758,family_0a67bbb9b9e07256,135
1,family_leak,clean_validation,0.7448592198719899,5752,family_9087822f50091590,169
1,family_leak,clean_validation,0.5586380034441519,734,family_cd9083de535c9789,386
1,family_leak,clean_validation,0.6800085294664594,8757,family_9eaff47c6da3797b,21
1,family_leak,clean_validation,0.30145431093340125,2972,family_2cc60a8f69107434,266
1,family_leak,clean_validation,0.49708998074839433,12762,family_4ebace72e4a1d8c0,290
1,family_leak,clean_validation,0.7317786820452691,3186,family_268f9f3a9379fd20,363
1,family_leak,clean_validation,0.5398677952215075,1600,family_947e8f8d14934de3,14
1,family_leak,clean_validation,0.6934803413364278,924,family_ec197f9194f4a13c,123
1,family_leak,clean_validation,0.8879677745892324,573,family_2166721ea9bb40e6,361
1,family_leak,clean_validation,0.6775547825197272,12097,family_9a9cfd28ebcce477,222
1,family_leak,clean_validation,0.39278521763200225,2742,family_749f025de5f99eeb,85
1,family_leak,clean_validation,0.907872724070901,6474,family_93a719e9b96d4d31,132
1,family_leak,clean_validation,0.9370403949906226,1470,family_4baef2e304b84828,10
1,family_leak,clean_validation,0.697520306772005,4681,family_6ea983efd760219c,213
1,family_leak,clean_validation,0.6420257552178613,1805,family_92d2c512717f57fa,280
1,family_leak,clean_validation,0.34319310528300523,1441,family_e181dee2375ee769,273
1,family_leak,clean_validation,0.5248654451736336,5236,family_ebe8375ee890567f,62
1,family_leak,clean_validation,0.5609632209398427,1801,family_43ed51b024989987,303
1,family_leak,clean_validation,0.46095636299886894,2612,family_d43af69a6d60a3af,49
1,family_leak,clean_validation,0.6698367894135996,9479,family_5da0ba5097bc19d0,3
1,family_leak,clean_validation,0.6207455518672449,1866,family_5da5a44d5ce0c35c,43
1,family_leak,clean_validation,0.5480913816612932,13380,family_454ee4f6b5b8ec97,116
1,family_leak,clean_validation,0.6497664073704587,6582,family_3a2249f8e96bbaf7,300
1,family_leak,clean_validation,0.6239235679829976,4344,family_281fa10bb1bf325c,196
1,family_leak,clean_validation,0.7021567205808068,11467,family_62910d812650e6c3,382
1,family_leak,clean_validation,0.9735105204684981,4872,family_6f3ca8e10898152f,267
1,family_leak,clean_validation,0.4821946649629694,3532,family_50127f8134d80d88,317
1,family_leak,clean_validation,0.6104776646655226,5029,family_3325f7b7624711c2,367
1,family_leak,clean_validation,1.1142873131268398,422,family_43d964487922f8ef,1
2,clean,treated,0.6655154693494633,3013,family_f62176e3e9e80995,9
2,clean,treated,0.6142331472647735,1817,family_372bca09daa2e59c,16
2,clean,treated,0.5687273588057222,1450,family_7372cedf8e9b0da9,20
2,clean,treated,0.628790497222504,1925,family_d146c709b6d57006,22
2,clean,treated,0.676330832798022,24342,family_f676c1a274b9fc25,27
2,clean,treated,0.9177987361186726,7180,family_38aef633ce47c55b,30
2,clean,treated,0.6317515872719736,2105,family_606242910f42ab8e,31
2,clean,treated,0.556719161346368,18751,family_14100b61aef92451,32
2,clean,treated,0.5122521379479655,2160,family_b79ba27218cfec3a,45
2,clean,treated,0.5994263312678193,6011,family_10ea4c959d508d3a,53
2,clean,treated,0.6200417257531451,973,family_54cada16b34da893,67
2,clean,treated,1.0985772120192105,12399,family_d00ed582e8933047,69
2,clean,treated,0.6349186516429204,16084,family_f44b2ae87e6c19c9,75
2,clean,treated,0.6619985628810626,3458,family_43eb9f3c79bfa424,77
2,clean,treated,0.7752753410792269,5222,family_7ba5737bedbb0ebb,90
2,clean,treated,0.13265945818908545,4588,family_9fcfd1f061a07fdd,96
2,clean,treated,0.7328042119837324,3419,family_92111478a4e4dc10,114
2,clean,treated,0.6925529483385833,5531,family_0d96bd7e73513afe,121
2,clean,treated,0.6782569807692992,4219,family_e05b3b80c8af829a,141
2,clean,treated,0.7501540396443124,9616,family_6c4da332ef0988d1,142
2,clean,treated,0.6554540484970555,5337,family_c5efd28cb58a7154,153
2,clean,treated,0.58114223991424,21679,family_602f06061ae180d5,155
2,clean,treated,0.5815864570591419,7228,family_39e9d2f6901e2c3c,158
2,clean,treated,0.4406261219208264,5672,family_a492c7d45a2a101f,161
2,clean,treated,0.3947927456523532,5682,family_d8af1edd7b3a915e,163
2,clean,treated,0.4798494897319772,885,family_5f8029db8371e627,165
2,clean,treated,0.6069229538131196,9860,family_e030933a6e53e46b,168
2,clean,treated,0.6892629964472531,2288,family_bb71b9ef2d24550b,173
2,clean,treated,0.6967156397463148,2561,family_e41e34f36378682d,178
2,clean,treated,0.31607038234607004,3495,family_412cd5d8186672af,180
2,clean,treated,0.7495226124859758,3170,family_3aa7a20bd53365ee,195
2,clean,treated,0.6265594140275635,7958,family_f504f3830437dcae,198
2,clean,treated,0.6113959980621492,2968,family_c6c852f0526b7ae7,202
2,clean,treated,0.5029285354724783,1510,family_3118a97dac7df7b9,210
2,clean,treated,0.5751481219137291,20961,family_2d9ae7dd453e8ed5,227
2,clean,treated,0.7037758653478701,6203,family_5cb0d0cb4b5fec1d,233
2,clean,treated,1.2580101490020752,21,family_a03ceb6bd35e9a91,239
2,clean,treated,0.3286985913235582,998,family_116f02d2c90563fb,242
2,clean,treated,0.8347194181491713,3047,family_b2530645f1ddb95c,250
2,clean,treated,0.7567116066128436,8788,family_66d00c35f9b4c3e5,252
2,clean,treated,0.4724290505839638,20895,family_5e3e997400ef55a6,254
2,clean,treated,0.794386135344294,4447,family_058b5f5b307b1065,262
2,clean,treated,0.6467578510118194,2444,family_031ad2b389fe0cfe,265
2,clean,treated,0.6416741727848781,13148,family_716b7f5021a82ccf,270
2,clean,treated,0.1327373689168832,4588,family_dfc0de51587939cb,276
2,clean,treated,0.6786750022871673,2426,family_0b1b5d8b94feabb4,277
2,clean,treated,0.6575860387068361,6119,family_763b9e5cc1615062,284
2,clean,treated,0.5225116102589825,2618,family_46272ba2e3baaec4,287
2,clean,treated,0.740200693337061,3608,family_91ac71586309274f,291
2,clean,treated,0.6263899613801176,5126,family_ef7c669ce887d98d,306
2,clean,treated,0.4698467926197761,8288,family_69280d70016898d4,315
2,clean,treated,0.5139864632343215,7074,family_e26c412d2bf4ef23,334
2,clean,treated,0.8030637000078245,7054,family_5bd41b6f65a3fa08,338
2,clean,treated,0.7042662635434382,1329,family_2a9acaaaa206857f,345
2,clean,treated,0.6228388259699057,3367,family_8626120333d3a6fd,352
2,clean,treated,0.6266875461959226,2489,family_af71579703adab9b,354
2,clean,treated,0.9589628879925073,2170,family_961ce22dc50c2496,385
2,clean,treated,0.6999102779692014,11177,family_4020f09183bfa8c1,392
2,clean,treated,0.9745826231284208,5436,family_9f027a57e4f4ec31,399
2,clean,treated,0.7584445476531982,342,family_13798f417b635e9a,401
2,clean,treated,0.4518084433981983,8373,family_3d13c5c8c00a7596,406
2,clean,treated,0.6264736024402295,3846,family_92206bde258af4e4,411
2,clean,treated,0.7354440126154158,11304,family_9bd228a47681c7b2,412
2,clean,treated,0.9136173237422239,6866,family_a55e4bdb2c90ea5b,424
2,clean,treated,0.49853433374824996,2252,family_adc8419161645915,426
2,clean,treated,0.5887723277892566,14110,family_76bd9632508fc892,441
2,clean,treated,0.5902984092197447,1939,family_f52b6909b0ebd60b,459
2,clean,control,0.31938590080749113,1511,family_ceaf8a343a31cbd9,18
2,clean,control,0.313236368012799,1479,family_dd63a4fd117ff862,101
2,clean,control,0.7500119006215943,3167,family_52b6f81b853b12ca,33
2,clean,control,1.012308413951969,6583,family_e166239f4cce0cbc,403
2,clean,control,0.38476786582103617,3098,family_b976189e2858871b,98
2,clean,control,0.574147517089637,1568,family_ba5cd8130b572f33,146
2,clean,control,0.6433569333152502,33430,family_98b6d659a93238e0,414
2,clean,control,0.48703867474523016,10042,family_41e212eb6a6f1251,199
2,clean,control,0.35500867365445293,5316,family_35a8274c2c9e03b7,436
2,clean,control,0.3117168472376265,10156,family_22ce6dcdaaacc1b3,383
2,clean,control,0.9539932384612454,12560,family_f24faf403f0945b9,118
2,clean,control,0.5778734720117764,11087,family_56ee0f65aee3b01a,416
2,clean,control,0.46841522597055385,2992,family_a84fdd88fca1dd99,368
2,clean,control,0.48549811961985184,2938,family_14836bf70ba6bcc9,139
2,clean,control,0.5781052970978284,6475,family_161d3f17d2de86cc,245
2,clean,control,0.8627225128015321,1811,family_09f6c0e15252a8f3,230
2,clean,control,0.7731837344241574,1491,family_8ccf630c818a7c69,390
2,clean,control,0.5041474411286305,10886,family_10c3be0f4e5ac610,119
2,clean,control,0.5791897854530689,1269,family_7dccd114e1c42fda,422
2,clean,control,0.6005532505431613,414,family_098eba68cc7a5705,297
2,clean,control,0.730778831020396,935,family_e74855c30bc72109,288
2,clean,control,0.9003383682683942,663,family_5cb426dcc2868bf0,80
2,clean,control,0.4244588537924532,8694,family_5599c85abb41e72e,79
2,clean,control,0.8780199322903058,7792,family_20959b526eb3f90b,409
2,clean,control,0.4364574111274153,5959,family_81caaa199e04696e,0
2,clean,control,0.466958012618391,2097,family_e8fbaa3c44712ef8,275
2,clean,control,0.3818993500469514,1489,family_27dd5edc76fc8784,221
2,clean,control,0.7744838466288709,16166,family_fe02b4f4619b881d,226
2,clean,control,0.7892863907154503,2986,family_f91bbb3ed944db7f,348
2,clean,control,0.878084911885163,13560,family_2609262775f19fee,130
2,clean,control,1.10622649433765,1222,family_176e7f37ba5c58aa,402
2,clean,control,0.9840424964187102,9137,family_aa758de10b858582,219
2,clean,control,0.844747185114264,3519,family_0f71bd81fce2ffce,24
2,clean,control,0.4197346504604766,474,family_e7f08820ef277e3f,236
2,clean,control,0.6023797662531215,3702,family_98f3631f76084496,423
2,clean,control,0.7378366344807687,5621,family_359bf4cb84d86e8e,251
2,clean,control,0.5096467541063784,2904,family_208e11010803c426,362
2,clean,control,1.033803897051897,14008,family_012ed35c0fd13d06,55
2,clean,control,0.5783896676564563,17427,family_90c57504d43c4f71,319
2,clean,control,0.38053657533975455,5968,family_9dbf43a9d569c04f,181
2,clean,control,0.6358277395965749,5730,family_8ba71a11594a0b10,326
2,clean,control,0.5860599276287104,1530,family_e38bf4eb3506f212,56
2,clean,control,0.629463810353846,4290,family_ca6161b56d80cab2,398
2,clean,control,0.7052009385933788,6255,family_b4dfbc9dfe23dd94,105
2,clean,control,0.9186363601351504,11668,family_44153237d3401d70,434
2,clean,control,0.6651217661933655,11424,family_b1bfbd4df51d3281,5
2,clean,control,0.3665723717819945,903,family_489085f0784e16ac,167
2,clean,control,0.70628705893732,2129,family_960f71ee7da5de06,269
2,clean,control,0.30611344285462316,1607,family_15270847da98bf26,347
2,clean,control,0.5242981268676242,3960,family_58ec76f0444692f7,157
2,clean,control,0.5638925937208608,19897,family_8a0b900fe4ce844d,360
2,clean,control,0.534403572718362,3999,family_95ae66ec7f1b9697,448
2,clean,control,0.8084565649032592,875,family_12b4e37d97465d0a,418
2,clean,control,0.32009097251645224,3670,family_c29fb15617d16c65,329
2,clean,control,0.4939358464548257,1282,family_531a64b78d3f6b6e,238
2,clean,control,0.8320323483806303,24927,family_cfb8414dd0ed5e61,156
2,clean,control,0.44592418973630815,1444,family_361226c27f4b583c,93
2,clean,control,1.0715424058983747,4346,family_3aec88616484d2b6,224
2,clean,control,0.5837291199727982,1327,family_cb615c986d58b9f8,299
2,clean,control,0.9456654655005879,7506,family_a5428498c7c08cf4,28
2,clean,control,0.6214877554833299,8080,family_4088ef571aaf36b5,104
2,clean,control,0.27874474705607855,2842,family_6532a15861b5fee0,46
2,clean,control,0.4827390566157798,384,family_252435156f9ef851,443
2,clean,control,0.4759417930746683,5208,family_3fe46c2063150b43,439
2,clean,control,0.5823915664172694,18771,family_8b82200a19c5284b,42
2,clean,control,0.2736242884112632,1632,family_c5129a2465a145bd,145
2,clean,control,0.8647478027587824,8010,family_753059cc96813ec7,264
2,clean,control,0.6518795362993757,12591,family_5babdebfe8e80836,371
2,clean,control,0.44769410239778096,6411,family_7805857c4980d13c,427
2,clean,control,0.5757784473459444,1611,family_b14e195ae596f5ca,184
2,clean,control,0.877627968788147,266,family_45a9a446b545ce75,215
2,clean,control,0.39703794652406754,10771,family_1a517eb1bb640998,433
2,clean,control,0.8411949706408565,2233,family_2da4728a37224b1a,240
2,clean,control,0.6141742009382981,377,family_17644d105f6d79d5,458
2,clean,control,0.6587432803624593,8183,family_ddd2c37740ff58a2,86
2,clean,control,0.5598382940138312,2368,family_f7f3839ac58c1a58,447
2,clean,control,0.8081786515586438,13516,family_66b2e70bd2d3ce49,159
2,clean,control,0.5387716089627136,7541,family_ef81322fe4591b85,442
2,clean,control,0.47486503634345195,11874,family_31f5f0755be116cf,346
2,clean,control,0.3225878298302918,2937,family_c21274f2eb197439,197
2,clean,control,0.6187699480307404,7705,family_42a2837394ab47d1,405
2,clean,control,0.85539316122286,8804,family_6efd47f4e7625286,8
2,clean,control,0.6921049304179137,6259,family_ca2717eac3411b29,389
2,clean,control,0.8036388464020227,18464,family_b4cc6bf90e9fe8d0,355
2,clean,control,0.5253299330691577,1494,family_5ac6bbfde7e41ea2,452
2,clean,control,0.973620170358368,1691,family_5b702cf6ad770b44,258
2,clean,control,0.6192834561081331,4310,family_e8523609850692e2,309
2,clean,control,0.7429373397584502,3891,family_c93045766e35cdce,131
2,clean,control,0.7344339280584317,1862,family_41d870642c85787c,286
2,clean,control,0.5082104861189657,8614,family_e92e73cc15be90fc,391
2,clean,control,0.5672046567562286,7992,family_a5be12c3425856ca,341
2,clean,control,0.6343685835230144,9269,family_b4e54fd6b86765a7,100
2,clean,control,1.0390177861399894,2740,family_f6ec39a379c5708b,187
2,clean,control,0.9116141862016384,615,family_ce0fe6a313ad3fa7,72
2,clean,control,0.5106844324360853,9540,family_0d74725de98c4bb2,316
2,clean,control,0.4109780141564134,11933,family_db8a7f65a6428bf1,76
2,clean,control,0.5964453374261661,8118,family_7a299533cf0677c1,384
2,clean,control,0.5038034111183859,1538,family_6fdd03c196b1863d,369
2,clean,control,0.29287910308089293,1516,family_42c8e9672e12c968,397
2,clean,control,0.4583857354110539,703,family_7349598b33c049cb,70
2,clean,control,0.07365346956448476,5856,family_70735ae7b3233e96,212
2,clean,control,0.9632393624263653,7503,family_a0838daefd74be4b,19
2,clean,control,1.0089269847099094,5376,family_28a333d9037bf992,420
2,clean,control,0.5816450547010373,8764,family_0ac37a6cf3e1a691,356
2,clean,control,0.4460487249249601,8953,family_c10f45db237bb96c,253
2,clean,control,0.6956385615338229,2342,family_72340b299451623e,103
2,clean,control,0.8924304318967426,14896,family_69f22f7a30e471a2,214
2,clean,control,0.24461054593343975,1543,family_28bee39b5c21fe9d,311
2,clean,control,0.6392744192351466,1150,family_6a57cb9a85811216,283
2,clean,control,0.2896542321421186,1119,family_bbf9bd595ed0e3ae,294
2,clean,control,0.23973400258075664,2176,family_f6645dba4758639d,351
2,clean,control,0.8992301094459063,5556,family_90e4eeca3b9056bc,95
2,clean,control,0.6741080998755374,3659,family_226194ed4cf87102,249
2,clean,control,0.8290498932936575,12128,family_423d353537dce020,108
2,clean,control,1.003881870066694,5546,family_e94c3b88439b9029,241
2,clean,control,0.21278326192291352,1556,family_9328bcf632c26907,229
2,clean,control,0.9312129794772818,3522,family_2d97c1fe9f1f35cb,295
2,clean,control,0.3441727664125865,8657,family_2daf31b4fc409af5,323
2,clean,control,0.7641334359058307,1611,family_4207ad52459ede8b,154
2,clean,control,1.2127955131213148,3423,family_d17cfeb524a60ef8,327
2,clean,control,0.35522479980022875,924,family_2624676d2c88ea6d,171
2,clean,control,0.31553749926845914,814,family_cd6b8c017c692fc0,425
2,clean,control,0.6640259362710929,3220,family_7308f8408f102e02,365
2,clean,control,0.9649553676693547,6187,family_bbdb130f24f492f3,271
2,clean,control,0.8067760324025195,2895,family_8eb050e85c8cbe00,444
2,clean,control,0.725787207535371,3789,family_8cf04bc28e56473d,81
2,clean,control,0.27965128656998023,3516,family_f0e97a3ae19f4883,445
2,clean,control,0.7886594412201329,3325,family_3c16cf85716dcecf,137
2,clean,control,0.7582209318876266,860,family_0ae88fc74fe94e45,194
2,clean,control,0.42500653342252076,7721,family_adb9f960ea267631,333
2,clean,control,0.33161827090341356,1663,family_845dcb037dda9ca4,23
2,clean,control,0.6048904855415304,2835,family_824e732522aeff8c,188
2,clean,control,1.001867067040378,2358,family_b45145574ef29d16,237
2,clean,control,0.799838470305056,1679,family_3498095076b2c688,126
2,clean,control,0.4173590354303185,14516,family_7b0c7aa83467acba,246
2,clean,control,0.38970551801211295,1874,family_ef2744416d3c3898,59
2,clean,control,0.47550624531937613,9437,family_a120ee09300e50dd,203
2,clean,control,0.5594701274045113,13840,family_662a7ad6856a20ec,183
2,clean,control,0.32003112222257424,2842,family_ec8e45be3f13c228,162
2,clean,control,0.3133189247714149,2412,family_ea1251a92d0d608d,408
2,clean,control,0.42804718763474897,2665,family_ae10005ebef62f9a,431
2,clean,control,0.5881965357794541,2844,family_ba502bbadd80dbad,428
2,clean,control,0.7503668381994022,1413,family_0c4758d0d8c17e4c,464
2,clean,control,0.5404689134851628,2194,family_c8c5b3165dc3d00f,381
2,clean,control,1.3967742919921875,146,family_f8a4c4cf96d7d3a4,435
2,clean,control,0.6636225600702821,3326,family_c4c2d9a3593749d3,349
2,clean,control,0.32161743796101666,6740,family_a790cfe693f8277b,91
2,clean,control,0.46047492197684414,829,family_b80c0a0cc51e9cb0,115
2,clean,control,0.5887961301978815,6395,family_cab1c6011a1fdaa6,455
2,clean,control,0.6709104605358476,7047,family_e5d8b71a52363ad9,298
2,clean,control,0.4333947122034307,3802,family_c7dc176fdd0217ba,335
2,clean,control,0.5636981306081337,16236,family_103aaa5d05f6ae8e,48
2,clean,control,0.3513246615570991,1521,family_bce72a81e9f7a75f,359
2,clean,control,0.6227754714960871,14066,family_88158f96b47c8463,190
2,clean,control,0.5014459370254017,4268,family_63a00abd27340f71,175
2,clean,control,0.8101914330503387,4927,family_16690ce1f5941cee,305
2,clean,control,0.5480960890763144,5038,family_48b38ab68cade6ec,407
2,clean,control,0.5690122427546298,4223,family_c3cdd4e1b48a655d,247
2,clean,control,0.5532778079375937,9569,family_4857774525078786,466
2,clean,control,0.7458957379117096,4772,family_106f59648a0c9c35,460
2,clean,control,0.4502951353788376,354,family_fc3f9109e95affd2,285
2,clean,control,0.42649318062120245,4794,family_94f7ed188c628e96,113
2,clean,control,0.3338754091846065,6520,family_37f9e97be389a23e,29
2,clean,control,0.5934355012507001,3755,family_a59a0356188b4355,243
2,clean,control,0.844307242087273,858,family_71ce23a7f17005f8,26
2,clean,control,0.7718792398324352,7479,family_f758022272171098,82
2,clean,control,0.7146161094046476,855,family_499863e15eed8232,189
2,clean,control,0.6567163694913137,15654,family_a6b1e6c8dc05d3fc,302
2,clean,control,0.36004598851141156,2887,family_aa6f2c9ac321af63,125
2,clean,control,0.6339828093677022,7731,family_4479ba395f10b6fa,172
2,clean,control,0.9213084636294112,392,family_cfd4d018d597a4a5,78
2,clean,control,0.46054363215197064,1258,family_28595fb1bc0f3fc9,11
2,clean,control,0.38374172020166375,2982,family_c199799f0010c2ba,437
2,clean,control,0.38392569613697725,4254,family_83cee363496e020d,109
2,clean,control,0.4431186375758526,1408,family_474f139056c4a4a8,415
2,clean,control,0.7649558725715845,8931,family_f49521b3b9139607,376
2,clean,control,0.4054089767428545,1612,family_2299048dcdfc88ae,17
2,clean,control,0.6680168923237914,994,family_8ce450e0fd5b760b,206
2,clean,control,1.0715542240418137,13977,family_11716c30ab805b83,279
2,clean,control,0.46793750590145644,3297,family_c9107e559bc10df1,263
2,clean,control,0.22861854630678438,2955,family_1cde6c60b123043d,312
2,clean,control,0.7052280395568726,2505,family_e1fdfc5d8014a775,296
2,clean,control,0.6842823114715214,2041,family_15f4d27f85125588,87
2,clean,control,1.179721916588464,5874,family_8afe0a881f58daf3,50
2,clean,control,0.5308376076119202,5642,family_efea7bec2494faa6,94
2,clean,control,0.488174383344245,2259,family_5eb48950a52ed210,40
2,clean,control,1.235384365626141,3164,family_3c27a50068e49a53,461
2,clean,control,0.5080255165244594,1650,family_9f6868eefbbbed1e,106
2,clean,control,0.663497498256674,3276,family_6f452079ad53f9e3,52
2,clean,control,0.5191862304049524,7753,family_90b698ed239c72f3,342
2,clean,control,0.4642711020819116,7172,family_7a51865c49a891df,394
2,clean,control,0.4919494407789455,1378,family_c2ad44d60ca30de3,377
2,clean,control,0.7206299397863031,5152,family_7080c9dc9123eefa,380
2,clean,control,0.44994231382746486,1226,family_f1ec422e65e5e3a9,216
2,clean,control,0.9004176884134124,13728,family_b3a5b65ace87c66a,259
2,clean,control,0.6865175157398372,6160,family_ddc2b06f90b14767,440
2,clean,control,0.4512055410894239,2778,family_12c80f084ce84e4d,134
2,clean,control,0.5358655125242676,1052,family_11b4c8394b81742f,74
2,clean,control,0.846837315163774,5219,family_f4ef77025e9d585a,332
2,clean,control,0.8445955164334624,2484,family_dba84aa0b1e1bdf3,307
2,clean,clean_validation,1.0170873640365052,2157,family_9c8265b1eeaa3ea5,304
2,clean,clean_validation,0.7644753106567045,6507,family_6a1661bec1a85809,379
2,clean,clean_validation,0.6261003571105462,3067,family_62ccf7e9625e13cf,166
2,clean,clean_validation,0.710238195694861,20162,family_cd21aac5ba3653c4,321
2,clean,clean_validation,0.23525139762159067,1455,family_30e6b27558fb2cfa,308
2,clean,clean_validation,0.7146966674997741,2139,family_589dd5dee42e0ba5,47
2,clean,clean_validation,0.5540621406118336,11111,family_44b8f32f06eed8e1,261
2,clean,clean_validation,1.239130976684813,12902,family_6c0a1a049e992ced,301
2,clean,clean_validation,0.4410078139142808,1939,family_5e036e81da0eb73a,413
2,clean,clean_validation,0.6960523649353143,3955,family_656a111a8d37395f,372
2,clean,clean_validation,0.7588546706445088,2376,family_758bfda9a8447363,12
2,clean,clean_validation,0.6198051343674533,18218,family_da1dbdb1ef9b795a,454
2,clean,clean_validation,0.4873853825083069,12428,family_0e127a8896fec497,274
2,clean,clean_validation,0.5087095637844201,24324,family_c80507fcf9585b1a,63
2,clean,clean_validation,0.6178971428637074,17091,family_f40ceb541a7c4872,208
2,clean,clean_validation,0.7147752278944218,4938,family_8e6f7d5acf9b6927,450
2,clean,clean_validation,1.112732436037439,6350,family_a205b4830de0571b,35
2,clean,clean_validation,0.8242615364807303,7631,family_210dd87434e478ea,204
2,clean,clean_validation,0.6616283323343416,1737,family_6e5e431caa44724b,151
2,clean,clean_validation,1.1208182573318481,312,family_4ac111dfdda85e07,38
2,clean,clean_validation,0.4334292090848442,2989,family_2ff844206e33f622,15
2,clean,clean_validation,0.5315842215769504,9620,family_f24572f09d62eaf7,289
2,clean,clean_validation,0.6328693671102625,5697,family_4583de96403df727,330
2,clean,clean_validation,0.9088757315974663,6828,family_362a9e5c40bfd73b,129
2,clean,clean_validation,0.45194550016442536,4776,family_c7ff83fca90f3302,58
2,clean,clean_validation,0.39924287345690573,814,family_bb3044002b4e58d3,6
2,clean,clean_validation,0.7399269053327847,10581,family_9dbad3b7dfff2d80,257
2,clean,clean_validation,0.9627431993815988,2805,family_d5eeefd1295fe235,164
2,clean,clean_validation,0.051962803717289265,19313,family_8c6ad2ae9108308a,41
2,clean,clean_validation,0.7906636879361909,1015,family_ec7448c261485925,343
2,clean,clean_validation,1.1583078637687383,1876,family_da99763bd9ab0129,170
2,clean,clean_validation,0.4163537433140304,11710,family_bce1d9194265651f,419
2,clean,clean_validation,0.4118660067753586,1902,family_ff7d06f50d504d40,430
2,clean,clean_validation,0.2975322703784152,2072,family_df37c270d2661cca,144
2,clean,clean_validation,0.5980434297209742,3561,family_9b9f0055f4a82932,64
2,clean,clean_validation,0.7686322561702964,2503,family_faee5ab013f7ff85,325
2,clean,clean_validation,0.776926950445199,2005,family_b45e27dc8b0341f7,57
2,clean,clean_validation,0.8833176222957115,16528,family_f59f5e228f38301b,282
2,clean,clean_validation,0.6230285547395102,6659,family_c57c54f6ba0d776c,2
2,clean,clean_validation,0.5374981546270858,3273,family_f564283e7832e835,268
2,clean,clean_validation,0.8095188866719921,7921,family_5d2bdbbdab0c254a,235
2,clean,clean_validation,0.492522966057685,1579,family_d3608e2028ea88cd,223
2,clean,clean_validation,1.154414734867333,1770,family_7027306433055f85,127
2,clean,clean_validation,0.787468864387646,1826,family_2b1f911727bc0f28,292
2,clean,clean_validation,0.34645494865728643,10390,family_f93c07f1442fee3f,318
2,clean,clean_validation,0.38953122958331043,1562,family_461db8faf995097d,143
2,clean,clean_validation,0.44924881676814765,7697,family_82ec8fa32d7834d5,410
2,clean,clean_validation,0.6966563567385631,1562,family_749fba182099ed6d,71
2,clean,clean_validation,0.21506339068508754,944,family_8024beb4c78afab2,99
2,clean,clean_validation,1.1414890100574049,19290,family_f23f6749eb1b82cb,404
2,clean,clean_validation,0.51448028945193,1764,family_edcd18dc1b4c2424,111
2,clean,clean_validation,0.6504839468932194,13384,family_c3461b971572611a,124
2,clean,clean_validation,0.5849960467587333,2948,family_958e7885cfed5eee,110
2,clean,clean_validation,0.6736611751715342,3300,family_857ac66271083d60,417
2,clean,clean_validation,0.7342998785417335,2499,family_34a64d8a4071e429,207
2,clean,clean_validation,0.40523560854397145,1349,family_6e62e1ee9b4413df,128
2,clean,clean_validation,0.276241723034117,1341,family_714ef4d49b7733fe,320
2,clean,clean_validation,0.2690743614987629,1517,family_bdc5646a39fdf7df,4
2,clean,clean_validation,0.27372866369396276,1557,family_760ef99c05a28dc4,138
2,clean,clean_validation,0.6078468528033044,2572,family_b29c451a4015599c,102
2,clean,clean_validation,0.24104518557038074,1291,family_3870744e242d6177,272
2,clean,clean_validation,0.6783090140532836,8116,family_27a4c5018af1ecf2,457
2,clean,clean_validation,0.3663204806003751,1904,family_6947476df68e3d6b,186
2,clean,clean_validation,0.32612712120375253,1578,family_825c369d9b6227f5,244
2,clean,clean_validation,0.6148219743637364,2842,family_d018701072ce56d1,375
2,clean,clean_validation,0.768270099679752,969,family_af46046507aa5c4b,13
2,clean,clean_validation,0.48115013785839966,539,family_96b0ad618634da70,314
2,clean,clean_validation,1.2884658166655787,3348,family_5b29d45b1b74f69b,324
2,clean,clean_validation,0.712811972292923,5779,family_90cefd12934f9e67,234
2,clean,clean_validation,0.5277526877231014,25228,family_98892bedb7f9d59b,54
2,clean,clean_validation,0.6764723681958186,4229,family_94351083126b6b1b,51
2,clean,clean_validation,0.2725311954490474,1525,family_ce89062820b48da8,122
2,clean,clean_validation,0.662140693075333,6110,family_ea58f8138f27b5e0,374
2,clean,clean_validation,0.3050647741391687,1522,family_a95d783f29ff5f7c,255
2,clean,clean_validation,0.5826513584042756,1726,family_f0661de6bc71701f,185
2,clean,clean_validation,0.525774600092902,8043,family_5d3d1daaec343597,193
2,clean,clean_validation,0.38904683336308205,1309,family_e8cb9897ff240a4d,88
2,clean,clean_validation,0.6428536723666349,1142,family_fef5119467f26a60,117
2,clean,clean_validation,0.43575715608022686,1495,family_b3fc875c4307367f,260
2,clean,clean_validation,0.9412113178060592,6710,family_7928fb3bcf30fe40,387
2,clean,clean_validation,1.1428008231010227,1991,family_9464bde23ede34ad,92
2,clean,clean_validation,0.8203149846995502,8251,family_d523e2dc4868e3d0,432
2,clean,clean_validation,0.40562132000923157,1224,family_a867a9ff31d7e843,160
2,clean,clean_validation,0.458329916582895,7981,family_91fe9ebe937e9a4f,89
2,clean,clean_validation,0.7238831544810153,4230,family_b64927abcac796eb,25
2,clean,clean_validation,0.5044900399824089,1689,family_7edc82a2252e2e6e,438
2,clean,clean_validation,0.5397176632546409,1574,family_4b852dbf1e794923,357
2,clean,clean_validation,0.6580282703539552,1827,family_563fe3303eebd925,400
2,clean,clean_validation,0.48115414506689896,3676,family_825a5ea04144cdf5,97
2,clean,clean_validation,0.5007846807893668,27160,family_66fe0fff60f28bb8,395
2,clean,clean_validation,0.8022786841643875,7702,family_fff32f675df6e246,149
2,clean,clean_validation,0.6681259759461871,1347,family_bddc3df46e1612bd,328
2,clean,clean_validation,0.8220511247421971,1393,family_707a66a54d5d07f1,350
2,clean,clean_validation,0.946699812807947,2603,family_4ff754452abfe1ad,37
2,clean,clean_validation,0.49218628573112,1950,family_806c28890e83d1b7,217
2,clean,clean_validation,0.5612241881058713,9941,family_6e4b2298992c0064,396
2,clean,clean_validation,0.7166010450476021,13072,family_0c1eaf227312a9e3,388
2,clean,clean_validation,0.6740747265287415,4594,family_131dc61b0ead1e81,421
2,clean,clean_validation,0.3892561258956052,2706,family_6d8e82b92757700b,218
2,clean,clean_validation,0.37733373045921326,814,family_aa8223246d86399a,429
2,clean,clean_validation,0.8240849583179555,8493,family_2610a466be6431bd,140
2,clean,clean_validation,0.21657464333728152,991,family_844bdfa71db6282e,463
2,clean,clean_validation,0.32079820184411273,1802,family_79c56d72187d17b4,66
2,clean,clean_validation,0.7622081873941199,8781,family_c21b420244a2f529,192
2,clean,clean_validation,0.5732655031045828,1445,family_ea4d93ae43323fc0,358
2,clean,clean_validation,0.9033816110326889,9400,family_98d33eafd0a315ec,211
2,clean,clean_validation,0.7022108359994776,15162,family_0747deadeb7f7b70,7
2,clean,clean_validation,0.9097787143911263,1835,family_c02706043ada877d,353
2,clean,clean_validation,0.7538433645259963,1899,family_8527ab32edd1926e,209
2,clean,clean_validation,0.5834907920329602,770,family_a6318d458c7ff0f0,68
2,clean,clean_validation,0.9248189867057955,9835,family_8d09b59dc4c3c92c,133
2,clean,clean_validation,0.6910567380566026,10779,family_a835909477e34760,191
2,clean,clean_validation,0.5623391036571866,1561,family_ae2839615ac6b954,177
2,clean,clean_validation,0.7267619798670302,3330,family_604fb05b51791b98,344
2,clean,clean_validation,0.7708638767740011,3931,family_eb03af6100c4cc53,179
2,clean,clean_validation,0.3602815522241962,1548,family_1e497d5fdffc2861,61
2,clean,clean_validation,1.155407074929505,1562,family_9426b994e131f361,456
2,clean,clean_validation,0.561333278195957,1974,family_f316d9b341fbcc19,44
2,clean,clean_validation,0.48127005255007804,1556,family_7cfa6c1d3b3b22dc,201
2,clean,clean_validation,0.9342015548287768,9040,family_740827909b2759df,364
2,clean,clean_validation,0.7183562790687847,2530,family_96434369b3f61fa2,176
2,clean,clean_validation,1.3257606650423612,1582,family_7d73bacb566d84de,232
2,clean,clean_validation,0.32605189845196514,2068,family_1146afc43ba8a3c6,174
2,clean,clean_validation,0.6057544936529855,529,family_e99579b2e183d1df,39
2,clean,clean_validation,0.5452733603238628,6624,family_9f65f14acf3a875e,34
2,clean,clean_validation,0.5491081160580825,6398,family_83d92120bf78fb00,150
2,clean,clean_validation,1.3464273365691253,4395,family_da99c7268499e201,60
2,clean,clean_validation,0.713316549486505,2678,family_2011077d07b209b8,107
2,clean,clean_validation,0.7481603273577471,4092,family_4b71b56cfd8299d7,281
2,clean,clean_validation,0.469866461084481,1756,family_84e8622dd9f0f58c,231
2,clean,clean_validation,0.5544578802596399,2208,family_3ae653f192390f38,339
2,clean,clean_validation,0.8931186446664625,10713,family_583f2140bd02905c,278
2,clean,clean_validation,0.44677494936701606,944,family_16b06ae7177592f2,451
2,clean,clean_validation,0.874482274055481,146,family_65381b6f4bb99830,73
2,clean,clean_validation,0.6571183037154532,6046,family_39c264b6af7f8b4c,446
2,clean,clean_validation,0.4701943061290643,6006,family_acf3abf491a50830,336
2,clean,clean_validation,0.5918601653948812,6176,family_ea8d34c1c2cf62d4,337
2,clean,clean_validation,0.5757824030235736,274,family_9712f1cb39590627,248
2,clean,clean_validation,0.4055848412271173,1209,family_cf1575c3514d386a,200
2,clean,clean_validation,0.5766979115304917,5678,family_ebf34b90acdb9333,373
2,clean,clean_validation,0.6101375970652191,9764,family_c306f596e2b53370,182
2,clean,clean_validation,0.5144379961164893,6624,family_ba9708f285319401,120
2,clean,clean_validation,0.867312089242488,3668,family_bee193805f6f119f,366
2,clean,clean_validation,0.8953705411404371,1952,family_ddb5bf4ea432508e,293
2,clean,clean_validation,0.6069560603463743,4729,family_b45f7b534a6e0f39,225
2,clean,clean_validation,0.48226212175307925,1928,family_40a7f24054f6cf1b,340
2,clean,clean_validation,0.7295788880427584,27861,family_5cdfacf570ceb179,378
2,clean,clean_validation,0.8234856794925218,4450,family_041ea9c412b040a1,36
2,clean,clean_validation,0.48379116408195555,8747,family_a6ef80809cd67f36,220
2,clean,clean_validation,0.3376394723274477,3721,family_cda09d6383ad975d,370
2,clean,clean_validation,0.7095330702088704,2140,family_214883dfb6ba99a4,465
2,clean,clean_validation,0.4843998581329068,6789,family_854445fdf03203cb,112
2,clean,clean_validation,0.6408139853258868,3021,family_b4530dd2f9439dd4,462
2,clean,clean_validation,0.709891132674389,9025,family_d2ed6dff028b8bfe,152
2,clean,clean_validation,0.5382574411044531,2337,family_7b29d747f514c69c,313
2,clean,clean_validation,0.5411893700406314,2910,family_a8dd94fe3475ea7c,148
2,clean,clean_validation,0.6354224723600106,3955,family_dc13ea4fc01e4240,147
2,clean,clean_validation,0.7136826484974026,8628,family_8cd248050ccc3c0b,228
2,clean,clean_validation,0.7135191218337821,6169,family_3a7a2c2be46cda8d,310
2,clean,clean_validation,0.8195916126677077,3283,family_294bd1c8183f7513,83
2,clean,clean_validation,0.9309117996170069,1209,family_49ecae9a5efbb319,393
2,clean,clean_validation,0.2494608343191776,36690,family_1372580fd5d82eeb,331
2,clean,clean_validation,0.6692063212394714,276,family_1965f1d691ff77ed,449
2,clean,clean_validation,0.8194594844098787,3805,family_ac9524106bb16e6a,322
2,clean,clean_validation,0.3272591883203083,2969,family_7c163ae15fc00b82,453
2,clean,clean_validation,1.1602909691266003,1548,family_70436089a4c770d4,65
2,clean,clean_validation,0.569058013669515,1062,family_845b8b035d42a3a5,205
2,clean,clean_validation,0.3622912071913563,1444,family_7b039bf480df9b15,136
2,clean,clean_validation,0.7127642470644787,2560,family_9d7e640ca06153e6,84
2,clean,clean_validation,1.4977249969320094,1175,family_54fc1cace3776e46,256
2,clean,clean_validation,0.8403882005844898,5758,family_0a67bbb9b9e07256,135
2,clean,clean_validation,0.8431165512231527,5752,family_9087822f50091590,169
2,clean,clean_validation,0.5101373930555598,734,family_cd9083de535c9789,386
2,clean,clean_validation,0.6908317993149251,8757,family_9eaff47c6da3797b,21
2,clean,clean_validation,0.3034297069421848,2972,family_2cc60a8f69107434,266
2,clean,clean_validation,0.5225799998166026,12762,family_4ebace72e4a1d8c0,290
2,clean,clean_validation,0.7808110499561619,3186,family_268f9f3a9379fd20,363
2,clean,clean_validation,0.5400829196721315,1600,family_947e8f8d14934de3,14
2,clean,clean_validation,0.6964792082836102,924,family_ec197f9194f4a13c,123
2,clean,clean_validation,0.9374936013945734,573,family_2166721ea9bb40e6,361
2,clean,clean_validation,0.7445357256884849,12097,family_9a9cfd28ebcce477,222
2,clean,clean_validation,0.3617814040744852,2742,family_749f025de5f99eeb,85
2,clean,clean_validation,0.9066933138911135,6474,family_93a719e9b96d4d31,132
2,clean,clean_validation,0.9536809041792033,1470,family_4baef2e304b84828,10
2,clean,clean_validation,0.7149356268545267,4681,family_6ea983efd760219c,213
2,clean,clean_validation,0.6996208568193906,1805,family_92d2c512717f57fa,280
2,clean,clean_validation,0.37079385526886754,1441,family_e181dee2375ee769,273
2,clean,clean_validation,0.5211708467251659,5236,family_ebe8375ee890567f,62
2,clean,clean_validation,0.5592026532457511,1801,family_43ed51b024989987,303
2,clean,clean_validation,0.508593151422865,2612,family_d43af69a6d60a3af,49
2,clean,clean_validation,0.7063859619474547,9479,family_5da0ba5097bc19d0,3
2,clean,clean_validation,0.6037853542567577,1866,family_5da5a44d5ce0c35c,43
2,clean,clean_validation,0.5485159199534511,13380,family_454ee4f6b5b8ec97,116
2,clean,clean_validation,0.6616092835813625,6582,family_3a2249f8e96bbaf7,300
2,clean,clean_validation,0.7224203699832683,4344,family_281fa10bb1bf325c,196
2,clean,clean_validation,0.7711560797481349,11467,family_62910d812650e6c3,382
2,clean,clean_validation,1.0580786557253359,4872,family_6f3ca8e10898152f,267
2,clean,clean_validation,0.4794045552645102,3532,family_50127f8134d80d88,317
2,clean,clean_validation,0.5962039983564116,5029,family_3325f7b7624711c2,367
2,clean,clean_validation,1.4955681149993463,422,family_43d964487922f8ef,1
2,family_leak,treated,0.5845283878589445,3013,family_f62176e3e9e80995,9
2,family_leak,treated,0.5250679435937301,1817,family_372bca09daa2e59c,16
2,family_leak,treated,0.5081329853781339,1450,family_7372cedf8e9b0da9,20
2,family_leak,treated,0.5711491009786531,1925,family_d146c709b6d57006,22
2,family_leak,treated,0.5572584443582171,24342,family_f676c1a274b9fc25,27
2,family_leak,treated,0.9098665319528421,7180,family_38aef633ce47c55b,30
2,family_leak,treated,0.5447627989101863,2105,family_606242910f42ab8e,31
2,family_leak,treated,0.3636019690981751,18751,family_14100b61aef92451,32
2,family_leak,treated,0.42127754415074986,2160,family_b79ba27218cfec3a,45
2,family_leak,treated,0.562382809876047,6011,family_10ea4c959d508d3a,53
2,family_leak,treated,0.5709164378760653,973,family_54cada16b34da893,67
2,family_leak,treated,1.0745026081624998,12399,family_d00ed582e8933047,69
2,family_leak,treated,0.5463805638774358,16084,family_f44b2ae87e6c19c9,75
2,family_leak,treated,0.5517724758114272,3458,family_43eb9f3c79bfa424,77
2,family_leak,treated,0.6849608962755466,5222,family_7ba5737bedbb0ebb,90
2,family_leak,treated,0.08077850828065805,4588,family_9fcfd1f061a07fdd,96
2,family_leak,treated,0.5962472130555652,3419,family_92111478a4e4dc10,114
2,family_leak,treated,0.6261404808230133,5531,family_0d96bd7e73513afe,121
2,family_leak,treated,0.40424028180961674,4219,family_e05b3b80c8af829a,141
2,family_leak,treated,0.6964058688285446,9616,family_6c4da332ef0988d1,142
2,family_leak,treated,0.6215883256099366,5337,family_c5efd28cb58a7154,153
2,family_leak,treated,0.5697115950286045,21679,family_602f06061ae180d5,155
2,family_leak,treated,0.5135464109583461,7228,family_39e9d2f6901e2c3c,158
2,family_leak,treated,0.41738025677010776,5672,family_a492c7d45a2a101f,161
2,family_leak,treated,0.3993322510391589,5682,family_d8af1edd7b3a915e,163
2,family_leak,treated,0.5157064006490223,885,family_5f8029db8371e627,165
2,family_leak,treated,0.5410336939092824,9860,family_e030933a6e53e46b,168
2,family_leak,treated,0.5993609027220652,2288,family_bb71b9ef2d24550b,173
2,family_leak,treated,0.6780006448443352,2561,family_e41e34f36378682d,178
2,family_leak,treated,0.31638884880341517,3495,family_412cd5d8186672af,180
2,family_leak,treated,0.6314070372551398,3170,family_3aa7a20bd53365ee,195
2,family_leak,treated,0.5338029837070563,7958,family_f504f3830437dcae,198
2,family_leak,treated,0.5023761543061213,2968,family_c6c852f0526b7ae7,202
2,family_leak,treated,0.4968582024242704,1510,family_3118a97dac7df7b9,210
2,family_leak,treated,0.28416559977187583,20961,family_2d9ae7dd453e8ed5,227
2,family_leak,treated,0.3926957661579371,6203,family_5cb0d0cb4b5fec1d,233
2,family_leak,treated,1.3236058950424194,21,family_a03ceb6bd35e9a91,239
2,family_leak,treated,0.31535430389917446,998,family_116f02d2c90563fb,242
2,family_leak,treated,0.7463005503788126,3047,family_b2530645f1ddb95c,250
2,family_leak,treated,0.6507396832562925,8788,family_66d00c35f9b4c3e5,252
2,family_leak,treated,0.2471400946934961,20895,family_5e3e997400ef55a6,254
2,family_leak,treated,0.7134346224389398,4447,family_058b5f5b307b1065,262
2,family_leak,treated,0.5501807715176755,2444,family_031ad2b389fe0cfe,265
2,family_leak,treated,0.5169465103327484,13148,family_716b7f5021a82ccf,270
2,family_leak,treated,0.08269405301981837,4588,family_dfc0de51587939cb,276
2,family_leak,treated,0.6265855235986639,2426,family_0b1b5d8b94feabb4,277
2,family_leak,treated,0.6242572530984761,6119,family_763b9e5cc1615062,284
2,family_leak,treated,0.4459905052134971,2618,family_46272ba2e3baaec4,287
2,family_leak,treated,0.6602216112838352,3608,family_91ac71586309274f,291
2,family_leak,treated,0.49998392395521113,5126,family_ef7c669ce887d98d,306
2,family_leak,treated,0.3526700888886242,8288,family_69280d70016898d4,315
2,family_leak,treated,0.5155298978696949,7074,family_e26c412d2bf4ef23,334
2,family_leak,treated,0.8076651269564183,7054,family_5bd41b6f65a3fa08,338
2,family_leak,treated,0.6171972817097328,1329,family_2a9acaaaa206857f,345
2,family_leak,treated,0.5274532456620354,3367,family_8626120333d3a6fd,352
2,family_leak,treated,0.5093310033044167,2489,family_af71579703adab9b,354
2,family_leak,treated,0.9342074016272197,2170,family_961ce22dc50c2496,385
2,family_leak,treated,0.6898841916944192,11177,family_4020f09183bfa8c1,392
2,family_leak,treated,0.9107673451622414,5436,family_9f027a57e4f4ec31,399
2,family_leak,treated,0.7274996638298035,342,family_13798f417b635e9a,401
2,family_leak,treated,0.42072271834091235,8373,family_3d13c5c8c00a7596,406
2,family_leak,treated,0.6171616730873497,3846,family_92206bde258af4e4,411
2,family_leak,treated,0.7145424571840036,11304,family_9bd228a47681c7b2,412
2,family_leak,treated,0.6919822931949439,6866,family_a55e4bdb2c90ea5b,424
2,family_leak,treated,0.4069575657720676,2252,family_adc8419161645915,426
2,family_leak,treated,0.501526849511496,14110,family_76bd9632508fc892,441
2,family_leak,treated,0.5194149557741233,1939,family_f52b6909b0ebd60b,459
2,family_leak,control,0.32964982483893496,1511,family_ceaf8a343a31cbd9,18
2,family_leak,control,0.31229893850103435,1479,family_dd63a4fd117ff862,101
2,family_leak,control,0.7703555869235577,3167,family_52b6f81b853b12ca,33
2,family_leak,control,0.9787289799029353,6583,family_e166239f4cce0cbc,403
2,family_leak,control,0.3864625426282261,3098,family_b976189e2858871b,98
2,family_leak,control,0.5824985198904665,1568,family_ba5cd8130b572f33,146
2,family_leak,control,0.6402070588509978,33430,family_98b6d659a93238e0,414
2,family_leak,control,0.46530273745756084,10042,family_41e212eb6a6f1251,199
2,family_leak,control,0.33541369372859675,5316,family_35a8274c2c9e03b7,436
2,family_leak,control,0.3072139819076724,10156,family_22ce6dcdaaacc1b3,383
2,family_leak,control,0.916681824605556,12560,family_f24faf403f0945b9,118
2,family_leak,control,0.5750617983537551,11087,family_56ee0f65aee3b01a,416
2,family_leak,control,0.4406739815193064,2992,family_a84fdd88fca1dd99,368
2,family_leak,control,0.49479812576382887,2938,family_14836bf70ba6bcc9,139
2,family_leak,control,0.5722879111352575,6475,family_161d3f17d2de86cc,245
2,family_leak,control,0.9013782149517096,1811,family_09f6c0e15252a8f3,230
2,family_leak,control,0.8140548567576827,1491,family_8ccf630c818a7c69,390
2,family_leak,control,0.5117055044500745,10886,family_10c3be0f4e5ac610,119
2,family_leak,control,0.5769957212879491,1269,family_7dccd114e1c42fda,422
2,family_leak,control,0.5990542222336295,414,family_098eba68cc7a5705,297
2,family_leak,control,0.704340338643222,935,family_e74855c30bc72109,288
2,family_leak,control,0.9239861208209444,663,family_5cb426dcc2868bf0,80
2,family_leak,control,0.41869240260848184,8694,family_5599c85abb41e72e,79
2,family_leak,control,0.9014772787552472,7792,family_20959b526eb3f90b,409
2,family_leak,control,0.4301562628443558,5959,family_81caaa199e04696e,0
2,family_leak,control,0.444187850570133,2097,family_e8fbaa3c44712ef8,275
2,family_leak,control,0.37198126761404116,1489,family_27dd5edc76fc8784,221
2,family_leak,control,0.7638236692558491,16166,family_fe02b4f4619b881d,226
2,family_leak,control,0.7889996186168259,2986,family_f91bbb3ed944db7f,348
2,family_leak,control,0.8722778190993278,13560,family_2609262775f19fee,130
2,family_leak,control,1.0854095801003827,1222,family_176e7f37ba5c58aa,402
2,family_leak,control,0.8551325942333097,9137,family_aa758de10b858582,219
2,family_leak,control,0.8326257800100608,3519,family_0f71bd81fce2ffce,24
2,family_leak,control,0.41406372007186903,474,family_e7f08820ef277e3f,236
2,family_leak,control,0.6250263751680177,3702,family_98f3631f76084496,423
2,family_leak,control,0.7192296589890571,5621,family_359bf4cb84d86e8e,251
2,family_leak,control,0.5283842045844587,2904,family_208e11010803c426,362
2,family_leak,control,1.0091736536496438,14008,family_012ed35c0fd13d06,55
2,family_leak,control,0.5623326848797129,17427,family_90c57504d43c4f71,319
2,family_leak,control,0.3758075351679533,5968,family_9dbf43a9d569c04f,181
2,family_leak,control,0.6281068854827115,5730,family_8ba71a11594a0b10,326
2,family_leak,control,0.585075717891743,1530,family_e38bf4eb3506f212,56
2,family_leak,control,0.6111560198463204,4290,family_ca6161b56d80cab2,398
2,family_leak,control,0.7208287386585482,6255,family_b4dfbc9dfe23dd94,105
2,family_leak,control,0.9114389472172038,11668,family_44153237d3401d70,434
2,family_leak,control,0.6183068299671265,11424,family_b1bfbd4df51d3281,5
2,family_leak,control,0.3895575462253651,903,family_489085f0784e16ac,167
2,family_leak,control,0.7173904315470081,2129,family_960f71ee7da5de06,269
2,family_leak,control,0.28766267807422846,1607,family_15270847da98bf26,347
2,family_leak,control,0.5245741087077844,3960,family_58ec76f0444692f7,157
2,family_leak,control,0.5612497479854388,19897,family_8a0b900fe4ce844d,360
2,family_leak,control,0.5236640779651324,3999,family_95ae66ec7f1b9697,448
2,family_leak,control,0.8322671003341675,875,family_12b4e37d97465d0a,418
2,family_leak,control,0.3136332712966025,3670,family_c29fb15617d16c65,329
2,family_leak,control,0.4708448139930292,1282,family_531a64b78d3f6b6e,238
2,family_leak,control,0.8298676704874527,24927,family_cfb8414dd0ed5e61,156
2,family_leak,control,0.4525594652070563,1444,family_361226c27f4b583c,93
2,family_leak,control,1.05432604760055,4346,family_3aec88616484d2b6,224
2,family_leak,control,0.5870442472639709,1327,family_cb615c986d58b9f8,299
2,family_leak,control,0.870201918146879,7506,family_a5428498c7c08cf4,28
2,family_leak,control,0.6135248245062804,8080,family_4088ef571aaf36b5,104
2,family_leak,control,0.2494490684903398,2842,family_6532a15861b5fee0,46
2,family_leak,control,0.4772314792498946,384,family_252435156f9ef851,443
2,family_leak,control,0.4613307865820081,5208,family_3fe46c2063150b43,439
2,family_leak,control,0.5863084092670355,18771,family_8b82200a19c5284b,42
2,family_leak,control,0.26985992431896283,1632,family_c5129a2465a145bd,145
2,family_leak,control,0.8622457063971982,8010,family_753059cc96813ec7,264
2,family_leak,control,0.6788980266476216,12591,family_5babdebfe8e80836,371
2,family_leak,control,0.44522975531853115,6411,family_7805857c4980d13c,427
2,family_leak,control,0.5489150671615577,1611,family_b14e195ae596f5ca,184
2,family_leak,control,0.8425596952438354,266,family_45a9a446b545ce75,215
2,family_leak,control,0.3961345979017132,10771,family_1a517eb1bb640998,433
2,family_leak,control,0.8703008487894031,2233,family_2da4728a37224b1a,240
2,family_leak,control,0.5873258784215709,377,family_17644d105f6d79d5,458
2,family_leak,control,0.6440231223044034,8183,family_ddd2c37740ff58a2,86
2,family_leak,control,0.5640440766976492,2368,family_f7f3839ac58c1a58,447
2,family_leak,control,0.7888678193409862,13516,family_66b2e70bd2d3ce49,159
2,family_leak,control,0.522189886929059,7541,family_ef81322fe4591b85,442
2,family_leak,control,0.43989524947275754,11874,family_31f5f0755be116cf,346
2,family_leak,control,0.3309657351983661,2937,family_c21274f2eb197439,197
2,family_leak,control,0.6132768556601347,7705,family_42a2837394ab47d1,405
2,family_leak,control,0.8308128967292198,8804,family_6efd47f4e7625286,8
2,family_leak,control,0.6809848643354875,6259,family_ca2717eac3411b29,389
2,family_leak,control,0.8015893850543341,18464,family_b4cc6bf90e9fe8d0,355
2,family_leak,control,0.5509773237678102,1494,family_5ac6bbfde7e41ea2,452
2,family_leak,control,0.9773554363806244,1691,family_5b702cf6ad770b44,258
2,family_leak,control,0.6171440757897503,4310,family_e8523609850692e2,309
2,family_leak,control,0.7316079065414297,3891,family_c93045766e35cdce,131
2,family_leak,control,0.7263212958480822,1862,family_41d870642c85787c,286
2,family_leak,control,0.5038310033603309,8614,family_e92e73cc15be90fc,391
2,family_leak,control,0.5609668356863348,7992,family_a5be12c3425856ca,341
2,family_leak,control,0.6260087721066666,9269,family_b4e54fd6b86765a7,100
2,family_leak,control,1.030331927994742,2740,family_f6ec39a379c5708b,187
2,family_leak,control,0.9180161396662394,615,family_ce0fe6a313ad3fa7,72
2,family_leak,control,0.49165989954329137,9540,family_0d74725de98c4bb2,316
2,family_leak,control,0.4148681274850381,11933,family_db8a7f65a6428bf1,76
2,family_leak,control,0.5810830952807523,8118,family_7a299533cf0677c1,384
2,family_leak,control,0.5215178177787672,1538,family_6fdd03c196b1863d,369
2,family_leak,control,0.3007784210204449,1516,family_42c8e9672e12c968,397
2,family_leak,control,0.43986330754726405,703,family_7349598b33c049cb,70
2,family_leak,control,0.08678390940681832,5856,family_70735ae7b3233e96,212
2,family_leak,control,0.965762306726187,7503,family_a0838daefd74be4b,19
2,family_leak,control,1.0281799594272993,5376,family_28a333d9037bf992,420
2,family_leak,control,0.611919492918408,8764,family_0ac37a6cf3e1a691,356
2,family_leak,control,0.44920758644216063,8953,family_c10f45db237bb96c,253
2,family_leak,control,0.7000383158762368,2342,family_72340b299451623e,103
2,family_leak,control,0.920995370133767,14896,family_69f22f7a30e471a2,214
2,family_leak,control,0.2582260238529411,1543,family_28bee39b5c21fe9d,311
2,family_leak,control,0.6491377493091252,1150,family_6a57cb9a85811216,283
2,family_leak,control,0.28624173325017904,1119,family_bbf9bd595ed0e3ae,294
2,family_leak,control,0.2182283350334996,2176,family_f6645dba4758639d,351
2,family_leak,control,0.8897737900158584,5556,family_90e4eeca3b9056bc,95
2,family_leak,control,0.6304008230937573,3659,family_226194ed4cf87102,249
2,family_leak,control,0.7964783319294216,12128,family_423d353537dce020,108
2,family_leak,control,0.935260519541174,5546,family_e94c3b88439b9029,241
2,family_leak,control,0.22680236226795264,1556,family_9328bcf632c26907,229
2,family_leak,control,0.9079916803827345,3522,family_2d97c1fe9f1f35cb,295
2,family_leak,control,0.3575469425217693,8657,family_2daf31b4fc409af5,323
2,family_leak,control,0.8402721175564364,1611,family_4207ad52459ede8b,154
2,family_leak,control,1.1425448788420833,3423,family_d17cfeb524a60ef8,327
2,family_leak,control,0.32909553314184214,924,family_2624676d2c88ea6d,171
2,family_leak,control,0.3013785233588418,814,family_cd6b8c017c692fc0,425
2,family_leak,control,0.651681513056992,3220,family_7308f8408f102e02,365
2,family_leak,control,0.9124490598763675,6187,family_bbdb130f24f492f3,271
2,family_leak,control,0.7888450425935327,2895,family_8eb050e85c8cbe00,444
2,family_leak,control,0.7357718670201446,3789,family_8cf04bc28e56473d,81
2,family_leak,control,0.2727761061732849,3516,family_f0e97a3ae19f4883,445
2,family_leak,control,0.8454059896612526,3325,family_3c16cf85716dcecf,137
2,family_leak,control,0.7149000763893127,860,family_0ae88fc74fe94e45,194
2,family_leak,control,0.39977296645692895,7721,family_adb9f960ea267631,333
2,family_leak,control,0.3342491193700826,1663,family_845dcb037dda9ca4,23
2,family_leak,control,0.5979444029049478,2835,family_824e732522aeff8c,188
2,family_leak,control,1.079875825773972,2358,family_b45145574ef29d16,237
2,family_leak,control,0.7866128220169085,1679,family_3498095076b2c688,126
2,family_leak,control,0.42714625435013126,14516,family_7b0c7aa83467acba,246
2,family_leak,control,0.3534363555297526,1874,family_ef2744416d3c3898,59
2,family_leak,control,0.46146406667697626,9437,family_a120ee09300e50dd,203
2,family_leak,control,0.5498378001950207,13840,family_662a7ad6856a20ec,183
2,family_leak,control,0.3260933910558796,2842,family_ec8e45be3f13c228,162
2,family_leak,control,0.297133497065968,2412,family_ea1251a92d0d608d,408
2,family_leak,control,0.41649353541084344,2665,family_ae10005ebef62f9a,431
2,family_leak,control,0.5737425166217587,2844,family_ba502bbadd80dbad,428
2,family_leak,control,0.7506482603064009,1413,family_0c4758d0d8c17e4c,464
2,family_leak,control,0.5413837420092785,2194,family_c8c5b3165dc3d00f,381
2,family_leak,control,1.2603832483291626,146,family_f8a4c4cf96d7d3a4,435
2,family_leak,control,0.6573150155957177,3326,family_c4c2d9a3593749d3,349
2,family_leak,control,0.30040340344877553,6740,family_a790cfe693f8277b,91
2,family_leak,control,0.45460554633842304,829,family_b80c0a0cc51e9cb0,115
2,family_leak,control,0.5892577592333003,6395,family_cab1c6011a1fdaa6,455
2,family_leak,control,0.6563786474105837,7047,family_e5d8b71a52363ad9,298
2,family_leak,control,0.4180426891855915,3802,family_c7dc176fdd0217ba,335
2,family_leak,control,0.5364006539229895,16236,family_103aaa5d05f6ae8e,48
2,family_leak,control,0.3443141710711184,1521,family_bce72a81e9f7a75f,359
2,family_leak,control,0.6320207472352983,14066,family_88158f96b47c8463,190
2,family_leak,control,0.4905790770190725,4268,family_63a00abd27340f71,175
2,family_leak,control,0.8082920489989649,4927,family_16690ce1f5941cee,305
2,family_leak,control,0.5544778207030832,5038,family_48b38ab68cade6ec,407
2,family_leak,control,0.5693890320910342,4223,family_c3cdd4e1b48a655d,247
2,family_leak,control,0.5482016630009033,9569,family_4857774525078786,466
2,family_leak,control,0.7273033517729007,4772,family_106f59648a0c9c35,460
2,family_leak,control,0.4764078954855601,354,family_fc3f9109e95affd2,285
2,family_leak,control,0.4194591490735996,4794,family_94f7ed188c628e96,113
2,family_leak,control,0.3356137431975157,6520,family_37f9e97be389a23e,29
2,family_leak,control,0.5719039060939327,3755,family_a59a0356188b4355,243
2,family_leak,control,0.8697527978386912,858,family_71ce23a7f17005f8,26
2,family_leak,control,0.7064654092639505,7479,family_f758022272171098,82
2,family_leak,control,0.7310762398424204,855,family_499863e15eed8232,189
2,family_leak,control,0.6734965078916314,15654,family_a6b1e6c8dc05d3fc,302
2,family_leak,control,0.36451187622476955,2887,family_aa6f2c9ac321af63,125
2,family_leak,control,0.6150926346690052,7731,family_4479ba395f10b6fa,172
2,family_leak,control,0.9549423228113019,392,family_cfd4d018d597a4a5,78
2,family_leak,control,0.45524453467708703,1258,family_28595fb1bc0f3fc9,11
2,family_leak,control,0.39739128798346324,2982,family_c199799f0010c2ba,437
2,family_leak,control,0.39048030147207247,4254,family_83cee363496e020d,109
2,family_leak,control,0.4435380987442014,1408,family_474f139056c4a4a8,415
2,family_leak,control,0.754559713806955,8931,family_f49521b3b9139607,376
2,family_leak,control,0.3686213010076258,1612,family_2299048dcdfc88ae,17
2,family_leak,control,0.5917832223882138,994,family_8ce450e0fd5b760b,206
2,family_leak,control,1.0446462397787921,13977,family_11716c30ab805b83,279
2,family_leak,control,0.5145670071149328,3297,family_c9107e559bc10df1,263
2,family_leak,control,0.22809806014277204,2955,family_1cde6c60b123043d,312
2,family_leak,control,0.6585996641132408,2505,family_e1fdfc5d8014a775,296
2,family_leak,control,0.6558351712680108,2041,family_15f4d27f85125588,87
2,family_leak,control,1.1065137692665947,5874,family_8afe0a881f58daf3,50
2,family_leak,control,0.5264330043601719,5642,family_efea7bec2494faa6,94
2,family_leak,control,0.47947515776168986,2259,family_5eb48950a52ed210,40
2,family_leak,control,1.2724707220809348,3164,family_3c27a50068e49a53,461
2,family_leak,control,0.51012758139408,1650,family_9f6868eefbbbed1e,106
2,family_leak,control,0.6776693519727942,3276,family_6f452079ad53f9e3,52
2,family_leak,control,0.5192330458287837,7753,family_90b698ed239c72f3,342
2,family_leak,control,0.45170275710743363,7172,family_7a51865c49a891df,394
2,family_leak,control,0.49652928537831076,1378,family_c2ad44d60ca30de3,377
2,family_leak,control,0.7002657355150635,5152,family_7080c9dc9123eefa,380
2,family_leak,control,0.41574265925763676,1226,family_f1ec422e65e5e3a9,216
2,family_leak,control,0.9001462015025925,13728,family_b3a5b65ace87c66a,259
2,family_leak,control,0.6914578965151464,6160,family_ddc2b06f90b14767,440
2,family_leak,control,0.4351162520177593,2778,family_12c80f084ce84e4d,134
2,family_leak,control,0.5178425589668434,1052,family_11b4c8394b81742f,74
2,family_leak,control,0.7796847974575669,5219,family_f4ef77025e9d585a,332
2,family_leak,control,0.7083137566868618,2484,family_dba84aa0b1e1bdf3,307
2,family_leak,clean_validation,0.9098804195721945,2157,family_9c8265b1eeaa3ea5,304
2,family_leak,clean_validation,0.7666105024730699,6507,family_6a1661bec1a85809,379
2,family_leak,clean_validation,0.6308035540160971,3067,family_62ccf7e9625e13cf,166
2,family_leak,clean_validation,0.7037671236599405,20162,family_cd21aac5ba3653c4,321
2,family_leak,clean_validation,0.22849856471687657,1455,family_30e6b27558fb2cfa,308
2,family_leak,clean_validation,0.7484385800060684,2139,family_589dd5dee42e0ba5,47
2,family_leak,clean_validation,0.5501181485548639,11111,family_44b8f32f06eed8e1,261
2,family_leak,clean_validation,1.1738702297774308,12902,family_6c0a1a049e992ced,301
2,family_leak,clean_validation,0.4359552351975945,1939,family_5e036e81da0eb73a,413
2,family_leak,clean_validation,0.6842242709755445,3955,family_656a111a8d37395f,372
2,family_leak,clean_validation,0.7404700617998938,2376,family_758bfda9a8447363,12
2,family_leak,clean_validation,0.6339163239589309,18218,family_da1dbdb1ef9b795a,454
2,family_leak,clean_validation,0.4823702036384835,12428,family_0e127a8896fec497,274
2,family_leak,clean_validation,0.522270579081561,24324,family_c80507fcf9585b1a,63
2,family_leak,clean_validation,0.6192853256243107,17091,family_f40ceb541a7c4872,208
2,family_leak,clean_validation,0.7336015710467605,4938,family_8e6f7d5acf9b6927,450
2,family_leak,clean_validation,1.1208423045676523,6350,family_a205b4830de0571b,35
2,family_leak,clean_validation,0.8168808749987123,7631,family_210dd87434e478ea,204
2,family_leak,clean_validation,0.7118627421802396,1737,family_6e5e431caa44724b,151
2,family_leak,clean_validation,1.1087239980697632,312,family_4ac111dfdda85e07,38
2,family_leak,clean_validation,0.4423394939420055,2989,family_2ff844206e33f622,15
2,family_leak,clean_validation,0.5172060842294703,9620,family_f24572f09d62eaf7,289
2,family_leak,clean_validation,0.6240486744121018,5697,family_4583de96403df727,330
2,family_leak,clean_validation,0.9191510650712842,6828,family_362a9e5c40bfd73b,129
2,family_leak,clean_validation,0.445635356189967,4776,family_c7ff83fca90f3302,58
2,family_leak,clean_validation,0.3820677441739333,814,family_bb3044002b4e58d3,6
2,family_leak,clean_validation,0.728717436283255,10581,family_9dbad3b7dfff2d80,257
2,family_leak,clean_validation,1.0147338867612488,2805,family_d5eeefd1295fe235,164
2,family_leak,clean_validation,0.051565693296333544,19313,family_8c6ad2ae9108308a,41
2,family_leak,clean_validation,0.7923954618975447,1015,family_ec7448c261485925,343
2,family_leak,clean_validation,1.1611856771176303,1876,family_da99763bd9ab0129,170
2,family_leak,clean_validation,0.4135728367366514,11710,family_bce1d9194265651f,419
2,family_leak,clean_validation,0.3717734014887664,1902,family_ff7d06f50d504d40,430
2,family_leak,clean_validation,0.27769153169625976,2072,family_df37c270d2661cca,144
2,family_leak,clean_validation,0.593387351214166,3561,family_9b9f0055f4a82932,64
2,family_leak,clean_validation,0.7536439146464032,2503,family_faee5ab013f7ff85,325
2,family_leak,clean_validation,0.7770260481763065,2005,family_b45e27dc8b0341f7,57
2,family_leak,clean_validation,0.882370445422922,16528,family_f59f5e228f38301b,282
2,family_leak,clean_validation,0.6221846068544526,6659,family_c57c54f6ba0d776c,2
2,family_leak,clean_validation,0.5489368510198929,3273,family_f564283e7832e835,268
2,family_leak,clean_validation,0.826326111142284,7921,family_5d2bdbbdab0c254a,235
2,family_leak,clean_validation,0.48830950796188927,1579,family_d3608e2028ea88cd,223
2,family_leak,clean_validation,1.2108270920265867,1770,family_7027306433055f85,127
2,family_leak,clean_validation,0.7550208121701373,1826,family_2b1f911727bc0f28,292
2,family_leak,clean_validation,0.3492382310796977,10390,family_f93c07f1442fee3f,318
2,family_leak,clean_validation,0.3852917021009284,1562,family_461db8faf995097d,143
2,family_leak,clean_validation,0.43801457360067414,7697,family_82ec8fa32d7834d5,410
2,family_leak,clean_validation,0.727026717229323,1562,family_749fba182099ed6d,71
2,family_leak,clean_validation,0.21159812868020292,944,family_8024beb4c78afab2,99
2,family_leak,clean_validation,1.091635306175661,19290,family_f23f6749eb1b82cb,404
2,family_leak,clean_validation,0.5090174919116794,1764,family_edcd18dc1b4c2424,111
2,family_leak,clean_validation,0.6440440119337123,13384,family_c3461b971572611a,124
2,family_leak,clean_validation,0.5919723169855379,2948,family_958e7885cfed5eee,110
2,family_leak,clean_validation,0.649209250618111,3300,family_857ac66271083d60,417
2,family_leak,clean_validation,0.7078748747986667,2499,family_34a64d8a4071e429,207
2,family_leak,clean_validation,0.4069411797687864,1349,family_6e62e1ee9b4413df,128
2,family_leak,clean_validation,0.2628086060285568,1341,family_714ef4d49b7733fe,320
2,family_leak,clean_validation,0.2769211115083493,1517,family_bdc5646a39fdf7df,4
2,family_leak,clean_validation,0.25887556813355816,1557,family_760ef99c05a28dc4,138
2,family_leak,clean_validation,0.6271559454929402,2572,family_b29c451a4015599c,102
2,family_leak,clean_validation,0.24613253960398904,1291,family_3870744e242d6177,272
2,family_leak,clean_validation,0.6777117060301867,8116,family_27a4c5018af1ecf2,457
2,family_leak,clean_validation,0.3466308300046861,1904,family_6947476df68e3d6b,186
2,family_leak,clean_validation,0.32375773498540594,1578,family_825c369d9b6227f5,244
2,family_leak,clean_validation,0.5686761077695293,2842,family_d018701072ce56d1,375
2,family_leak,clean_validation,0.7429238841383573,969,family_af46046507aa5c4b,13
2,family_leak,clean_validation,0.48674398876298114,539,family_96b0ad618634da70,314
2,family_leak,clean_validation,1.2370297477948908,3348,family_5b29d45b1b74f69b,324
2,family_leak,clean_validation,0.7217611528367067,5779,family_90cefd12934f9e67,234
2,family_leak,clean_validation,0.5035050061289342,25228,family_98892bedb7f9d59b,54
2,family_leak,clean_validation,0.6763551353449854,4229,family_94351083126b6b1b,51
2,family_leak,clean_validation,0.2616994607839428,1525,family_ce89062820b48da8,122
2,family_leak,clean_validation,0.6574876503643935,6110,family_ea58f8138f27b5e0,374
2,family_leak,clean_validation,0.3189266563323418,1522,family_a95d783f29ff5f7c,255
2,family_leak,clean_validation,0.5807766225081054,1726,family_f0661de6bc71701f,185
2,family_leak,clean_validation,0.5302608922859425,8043,family_5d3d1daaec343597,193
2,family_leak,clean_validation,0.3790803241584026,1309,family_e8cb9897ff240a4d,88
2,family_leak,clean_validation,0.6203337500684106,1142,family_fef5119467f26a60,117
2,family_leak,clean_validation,0.43667798554618226,1495,family_b3fc875c4307367f,260
2,family_leak,clean_validation,0.9086748240779302,6710,family_7928fb3bcf30fe40,387
2,family_leak,clean_validation,0.9009067494925513,1991,family_9464bde23ede34ad,92
2,family_leak,clean_validation,0.8107219643266891,8251,family_d523e2dc4868e3d0,432
2,family_leak,clean_validation,0.38374221324920654,1224,family_a867a9ff31d7e843,160
2,family_leak,clean_validation,0.4345479324607529,7981,family_91fe9ebe937e9a4f,89
2,family_leak,clean_validation,0.733312482663362,4230,family_b64927abcac796eb,25
2,family_leak,clean_validation,0.49422856660691006,1689,family_7edc82a2252e2e6e,438
2,family_leak,clean_validation,0.5284696372256649,1574,family_4b852dbf1e794923,357
2,family_leak,clean_validation,0.6498037880081653,1827,family_563fe3303eebd925,400
2,family_leak,clean_validation,0.4703983320521193,3676,family_825a5ea04144cdf5,97
2,family_leak,clean_validation,0.4942013895366785,27160,family_66fe0fff60f28bb8,395
2,family_leak,clean_validation,0.7208248794976534,7702,family_fff32f675df6e246,149
2,family_leak,clean_validation,0.6765609265435777,1347,family_bddc3df46e1612bd,328
2,family_leak,clean_validation,0.7979511530041609,1393,family_707a66a54d5d07f1,350
2,family_leak,clean_validation,0.9085865026247579,2603,family_4ff754452abfe1ad,37
2,family_leak,clean_validation,0.5097148089072643,1950,family_806c28890e83d1b7,217
2,family_leak,clean_validation,0.539132822616373,9941,family_6e4b2298992c0064,396
2,family_leak,clean_validation,0.7129070485190852,13072,family_0c1eaf227312a9e3,388
2,family_leak,clean_validation,0.6513607024199349,4594,family_131dc61b0ead1e81,421
2,family_leak,clean_validation,0.39729464130100284,2706,family_6d8e82b92757700b,218
2,family_leak,clean_validation,0.39648744463920593,814,family_aa8223246d86399a,429
2,family_leak,clean_validation,0.8445465263932413,8493,family_2610a466be6431bd,140
2,family_leak,clean_validation,0.21880061040311963,991,family_844bdfa71db6282e,463
2,family_leak,clean_validation,0.3107312648959218,1802,family_79c56d72187d17b4,66
2,family_leak,clean_validation,0.7682950584712787,8781,family_c21b420244a2f529,192
2,family_leak,clean_validation,0.5771684426749867,1445,family_ea4d93ae43323fc0,358
2,family_leak,clean_validation,0.879078652395847,9400,family_98d33eafd0a315ec,211
2,family_leak,clean_validation,0.6813561044433881,15162,family_0747deadeb7f7b70,7
2,family_leak,clean_validation,0.9016686150748333,1835,family_c02706043ada877d,353
2,family_leak,clean_validation,0.7376071883541085,1899,family_8527ab32edd1926e,209
2,family_leak,clean_validation,0.5477059089518213,770,family_a6318d458c7ff0f0,68
2,family_leak,clean_validation,0.932268783533458,9835,family_8d09b59dc4c3c92c,133
2,family_leak,clean_validation,0.6797826766182556,10779,family_a835909477e34760,191
2,family_leak,clean_validation,0.5866581406217596,1561,family_ae2839615ac6b954,177
2,family_leak,clean_validation,0.7123891087086709,3330,family_604fb05b51791b98,344
2,family_leak,clean_validation,0.7140199042130778,3931,family_eb03af6100c4cc53,179
2,family_leak,clean_validation,0.35871239225993784,1548,family_1e497d5fdffc2861,61
2,family_leak,clean_validation,1.0527323814879306,1562,family_9426b994e131f361,456
2,family_leak,clean_validation,0.5189468251746959,1974,family_f316d9b341fbcc19,44
2,family_leak,clean_validation,0.46323589455805586,1556,family_7cfa6c1d3b3b22dc,201
2,family_leak,clean_validation,0.9282379795690026,9040,family_740827909b2759df,364
2,family_leak,clean_validation,0.7022634542742265,2530,family_96434369b3f61fa2,176
2,family_leak,clean_validation,1.3211753012709009,1582,family_7d73bacb566d84de,232
2,family_leak,clean_validation,0.34363343883702097,2068,family_1146afc43ba8a3c6,174
2,family_leak,clean_validation,0.5840803259712537,529,family_e99579b2e183d1df,39
2,family_leak,clean_validation,0.5400714650030297,6624,family_9f65f14acf3a875e,34
2,family_leak,clean_validation,0.5488038268982526,6398,family_83d92120bf78fb00,150
2,family_leak,clean_validation,1.2756700953797133,4395,family_da99c7268499e201,60
2,family_leak,clean_validation,0.6918501402790462,2678,family_2011077d07b209b8,107
2,family_leak,clean_validation,0.7593164428092634,4092,family_4b71b56cfd8299d7,281
2,family_leak,clean_validation,0.46934932141070485,1756,family_84e8622dd9f0f58c,231
2,family_leak,clean_validation,0.5513760682897292,2208,family_3ae653f192390f38,339
2,family_leak,clean_validation,0.8688836077353895,10713,family_583f2140bd02905c,278
2,family_leak,clean_validation,0.4539184190522311,944,family_16b06ae7177592f2,451
2,family_leak,clean_validation,0.7729085683822632,146,family_65381b6f4bb99830,73
2,family_leak,clean_validation,0.639303500264676,6046,family_39c264b6af7f8b4c,446
2,family_leak,clean_validation,0.47425713986307233,6006,family_acf3abf491a50830,336
2,family_leak,clean_validation,0.5831912839640453,6176,family_ea8d34c1c2cf62d4,337
2,family_leak,clean_validation,0.5303180918206264,274,family_9712f1cb39590627,248
2,family_leak,clean_validation,0.412545821383731,1209,family_cf1575c3514d386a,200
2,family_leak,clean_validation,0.5852373503345384,5678,family_ebf34b90acdb9333,373
2,family_leak,clean_validation,0.5577122759545547,9764,family_c306f596e2b53370,182
2,family_leak,clean_validation,0.5054855932738038,6624,family_ba9708f285319401,120
2,family_leak,clean_validation,0.8811923474268409,3668,family_bee193805f6f119f,366
2,family_leak,clean_validation,0.876751361201044,1952,family_ddb5bf4ea432508e,293
2,family_leak,clean_validation,0.6037829434753196,4729,family_b45f7b534a6e0f39,225
2,family_leak,clean_validation,0.4723198452492967,1928,family_40a7f24054f6cf1b,340
2,family_leak,clean_validation,0.7288397052561808,27861,family_5cdfacf570ceb179,378
2,family_leak,clean_validation,0.8222887520709734,4450,family_041ea9c412b040a1,36
2,family_leak,clean_validation,0.48122455869809116,8747,family_a6ef80809cd67f36,220
2,family_leak,clean_validation,0.3335050217280687,3721,family_cda09d6383ad975d,370
2,family_leak,clean_validation,0.7291679702629553,2140,family_214883dfb6ba99a4,465
2,family_leak,clean_validation,0.46674868728516117,6789,family_854445fdf03203cb,112
2,family_leak,clean_validation,0.6398191523646646,3021,family_b4530dd2f9439dd4,462
2,family_leak,clean_validation,0.6954602537690108,9025,family_d2ed6dff028b8bfe,152
2,family_leak,clean_validation,0.5890390374337091,2337,family_7b29d747f514c69c,313
2,family_leak,clean_validation,0.4844308623333567,2910,family_a8dd94fe3475ea7c,148
2,family_leak,clean_validation,0.6510846221190789,3955,family_dc13ea4fc01e4240,147
2,family_leak,clean_validation,0.6858454567963568,8628,family_8cd248050ccc3c0b,228
2,family_leak,clean_validation,0.6059571865757042,6169,family_3a7a2c2be46cda8d,310
2,family_leak,clean_validation,0.8143632617114414,3283,family_294bd1c8183f7513,83
2,family_leak,clean_validation,0.9907676749134774,1209,family_49ecae9a5efbb319,393
2,family_leak,clean_validation,0.2394818740495059,36690,family_1372580fd5d82eeb,331
2,family_leak,clean_validation,0.651181161403656,276,family_1965f1d691ff77ed,449
2,family_leak,clean_validation,0.8057394150208863,3805,family_ac9524106bb16e6a,322
2,family_leak,clean_validation,0.35717834572914114,2969,family_7c163ae15fc00b82,453
2,family_leak,clean_validation,1.1141163942040706,1548,family_70436089a4c770d4,65
2,family_leak,clean_validation,0.5836258252237252,1062,family_845b8b035d42a3a5,205
2,family_leak,clean_validation,0.3763250226459345,1444,family_7b039bf480df9b15,136
2,family_leak,clean_validation,0.7095986587926746,2560,family_9d7e640ca06153e6,84
2,family_leak,clean_validation,1.2741515858629917,1175,family_54fc1cace3776e46,256
2,family_leak,clean_validation,0.851948549791772,5758,family_0a67bbb9b9e07256,135
2,family_leak,clean_validation,0.8974820593882337,5752,family_9087822f50091590,169
2,family_leak,clean_validation,0.5115724000927538,734,family_cd9083de535c9789,386
2,family_leak,clean_validation,0.6784748649629839,8757,family_9eaff47c6da3797b,21
2,family_leak,clean_validation,0.3108453719524484,2972,family_2cc60a8f69107434,266
2,family_leak,clean_validation,0.5019511256803074,12762,family_4ebace72e4a1d8c0,290
2,family_leak,clean_validation,0.769412576703253,3186,family_268f9f3a9379fd20,363
2,family_leak,clean_validation,0.5485345859453082,1600,family_947e8f8d14934de3,14
2,family_leak,clean_validation,0.6514992932607602,924,family_ec197f9194f4a13c,123
2,family_leak,clean_validation,0.912324687261232,573,family_2166721ea9bb40e6,361
2,family_leak,clean_validation,0.7241084937336051,12097,family_9a9cfd28ebcce477,222
2,family_leak,clean_validation,0.37767161214812495,2742,family_749f025de5f99eeb,85
2,family_leak,clean_validation,0.8965382809656655,6474,family_93a719e9b96d4d31,132
2,family_leak,clean_validation,0.9441998019915859,1470,family_4baef2e304b84828,10
2,family_leak,clean_validation,0.7145096209728674,4681,family_6ea983efd760219c,213
2,family_leak,clean_validation,0.7044600262040907,1805,family_92d2c512717f57fa,280
2,family_leak,clean_validation,0.36751121294986533,1441,family_e181dee2375ee769,273
2,family_leak,clean_validation,0.5287371418852219,5236,family_ebe8375ee890567f,62
2,family_leak,clean_validation,0.5444678194254123,1801,family_43ed51b024989987,303
2,family_leak,clean_validation,0.48354646318219885,2612,family_d43af69a6d60a3af,49
2,family_leak,clean_validation,0.6778647232337369,9479,family_5da0ba5097bc19d0,3
2,family_leak,clean_validation,0.6246850218420243,1866,family_5da5a44d5ce0c35c,43
2,family_leak,clean_validation,0.5427430663029531,13380,family_454ee4f6b5b8ec97,116
2,family_leak,clean_validation,0.6366549902993182,6582,family_3a2249f8e96bbaf7,300
2,family_leak,clean_validation,0.7017773683860377,4344,family_281fa10bb1bf325c,196
2,family_leak,clean_validation,0.729057105581191,11467,family_62910d812650e6c3,382
2,family_leak,clean_validation,1.0317996588148703,4872,family_6f3ca8e10898152f,267
2,family_leak,clean_validation,0.4555141949606374,3532,family_50127f8134d80d88,317
2,family_leak,clean_validation,0.6341680568085676,5029,family_3325f7b7624711c2,367
2,family_leak,clean_validation,1.3692792077765081,422,family_43d964487922f8ef,1
